CAS,chemical_name,hc20_mean,hc20_median,hc20_std,hc20_min,hc20_max,hc20_ci_lower,hc20_ci_upper
100-00-5,1-Chloro-4-nitrobenzene,0.15197116224287316,0.1905875315638964,0.23088736961241074,-0.4697679684625211,0.5929054596015388,-0.3166867415556173,0.5294763102660809
100-01-6,4-Nitroaniline,0.5961752558188728,0.5749435542851279,0.18650002213349806,0.18253360933672902,1.0339690506905574,0.32015760906498725,0.9197091545648827
100-02-7,4-Nitrophenol,0.18450702610089886,0.19485404441862508,0.0693895729911173,-0.04411117959818432,0.3191446772429948,0.03871052106463529,0.31118440590558766
100-09-4,"Benzoic acid, 4-methoxy-",0.808200329790931,0.7572940096726216,0.4605140176692407,-0.17631615157070998,1.842466325545463,-0.014865905007201445,1.6903654443813887
100-10-7,4-Dimethylaminobenzaldehyde,0.2681706105860599,0.28857817554468945,0.39804424605558947,-0.5888890737791409,1.2139206298270853,-0.48038094090699135,0.9733644046472856
100-14-1,4-Nitrobenzyl chloride,-0.14568053488221241,-0.1838589036304273,0.35556101296380754,-0.9791875159978335,0.8726674700053146,-0.7542476754091174,0.5698892048916994
100-17-4,p-Nitroanisole,0.2220278716025359,0.21161299040690756,0.3540279740036425,-0.5745591292581876,1.1372591603514974,-0.47330512632945854,0.8763319317768465
100-25-4,"1,4-Dinitrobenzene",-1.1949256240681323,-1.2009240841991695,0.35694095722244445,-2.0159343179527007,-0.4822822557170217,-1.8711940946767238,-0.5350844945513571
100-37-8,"N,N-Diethylethanolamine",1.2882373232853,1.2249935723220595,0.4674818333909335,-0.14558629700789577,2.2700128255118286,0.30577641978646375,2.2172003651237837
100-41-4,Ethylbenzene,0.32830031882211036,0.3458255337886349,0.22355270512754688,-0.160773090620467,0.7910739372211475,-0.13193931783301974,0.7116706994087809
100-42-5,Styrene,0.46193658150912875,0.5005257814534103,0.21867789069834404,-0.13836767823660914,0.8346367028391031,0.008364305679076709,0.7869569620977053
100-44-7,Benzyl chloride,-0.15902144714638575,-0.19924916629592698,0.26803001046498937,-0.7022848232602248,0.47970788481034343,-0.6639201198820615,0.38582884491601427
100-46-9,Benzylamine,0.7004459500205037,0.7679519260933635,0.428599702140993,-0.4931176106189909,1.5795557431290166,-0.17968435181062417,1.4250797828806656
100-47-0,Benzonitrile,0.5243456341456094,0.5178578882399036,0.21044285855198402,0.005098944931426949,1.0805111230562798,0.1341328668506545,0.9708991795999596
100-51-6,Benzyl alcohol,0.3915771593845201,0.36096770672772865,0.41027342871997224,-1.001673173366788,1.595576968346243,-0.3509828957135895,1.2267939265258028
100-52-7,Benzaldehyde,0.07156196157392329,0.08292385519285553,0.1774930327478653,-0.4413411804193381,0.4314301449856271,-0.3283483455369061,0.3471036323182254
100-56-1,Phenylmercuric chloride,-2.094628428785879,-2.084363756617251,0.29940241802481893,-3.0773607999542802,-1.3083545217644377,-2.785242862312557,-1.6396180288349613
100-61-8,N-Methylaniline,0.05869876735584173,0.019212044053797346,0.2646133510982177,-0.5798559772706958,0.7077644698575026,-0.37081428423559215,0.5165708469446546
100-63-0,Phenylhydrazine,0.11064712020756237,0.10909877670095322,0.3851451353340956,-1.0565665722272957,1.0822229202068918,-0.7760130859759802,0.7802587905297196
100-64-1,Cyclohexanone oxime,0.7542252151767974,0.7517475280835454,0.46121695013030867,-0.5675753450553401,2.0949140925624095,-0.3287087662291182,1.557859265728864
100-66-3,Anisole,0.5479581300597686,0.5022558085406842,0.3786831236635819,-0.3735849886839629,1.3505459181181865,-0.20103048285098488,1.2615242645509792
100-68-5,"Benzene, (methylthio)-",0.08085821798664684,0.10865744473091403,0.39922080413070854,-0.8645789857934354,1.1696873274862674,-0.6608994881917989,0.8093418544516672
100-70-9,2-Pyridinecarbonitrile,0.9792455963376241,1.0227550976727362,0.4742251729948495,-0.4101338657428764,1.8550986945246732,-0.05512583624577365,1.7068824433037775
100-71-0,2-Ethylpyridine,0.8288517030439762,0.8351446057096177,0.4683393942388867,-0.16482843963700755,2.074740368080712,0.014426114784805284,1.8099944268346484
100-79-8,Solketal,1.7081816654784219,1.6961422391173855,0.44189145977067784,0.622021005756905,2.7325415152730863,0.8080046961101837,2.5156117263909654
100-83-4,"Benzaldehyde, 3-hydroxy-",0.4775020215378729,0.477336413112379,0.5470985775274095,-1.0108300014140827,1.5898657183441602,-0.9310281383372838,1.358743140785389
100-97-0,Methenamine,2.6102423079252572,2.660034613159996,0.3364885441726325,1.7974617842061964,3.2402684710598466,1.8700906653939824,3.1132718175406704
10004-44-1,Hymexazol,0.07548413775262636,0.03171241767628482,0.44831094816305683,-0.8679697600979037,1.0593757596701234,-0.7544607054563498,0.8800386275337417
10007-85-9,Dicamba-potassium,0.6700788531415408,0.6535335107113331,0.2956141392659709,-0.10499842129790671,1.326228364014634,0.06727736846035533,1.1662011069960585
1002-62-6,Sodium decanoate,0.43623446976829927,0.4893768027053961,0.39673482783028335,-0.6239591147895672,1.404643751556879,-0.4375792905472523,1.0509876452584215
10022-31-8,Barium nitrate,0.31584356195705576,0.36605435548048304,0.4570194791313481,-0.7854232081832341,1.2039800425073772,-0.5986991298970795,1.0693168321988038
10025-65-7,Platinium dichloride,-1.049324893431064,-1.0168437382204765,0.5124639477362557,-2.322123627226493,-0.0319299275937422,-2.0827324829051945,-0.09091403515395492
10025-73-7,Chromium chloride (CrCl3),0.16358165124872098,0.174182207845204,0.12438674496594886,-0.18530831119339977,0.43262637680552773,-0.11476943816883378,0.36121536424589223
10025-82-8,Indium trichloride,0.167505423830827,0.15634139275776224,0.35465674601856445,-0.5601478839529617,1.0615053953955877,-0.4970958801485046,0.8765932755009254
10025-91-9,Antimony trichloride,0.0007724349734164148,-0.017909273195520194,0.2145916701708337,-0.46381805183419617,0.47017706826382377,-0.42533647913300665,0.42458695131530877
10026-11-6,Zirconium(IV) chloride,0.6067839629829627,0.5727808969867256,0.6480466617653022,-0.9927631720402975,2.2413881844516816,-0.4978519275836201,1.959724946089109
10028-15-6,Ozone,-1.458625909378847,-1.4049685946200934,0.3759372745374088,-2.576666096658422,-0.7875714151668575,-2.43193682255134,-0.8777262777302725
10028-22-5,Ferric sulfate,0.6306484075134997,0.6988837451096374,0.29305317484221033,-0.09486400467780222,1.1887450583368875,0.0011873455095785315,1.0318720958256433
10031-82-0,p-Ethoxybenzaldehyde,0.2959585179597433,0.316195319656829,0.36363013312510073,-0.5963292522840139,1.1167072593017375,-0.3096536475505345,0.982626121593228
10039-54-0,Hydroxylamine sulfate (2:1),-0.003199461714737553,0.0031365131294634253,0.31662479611201355,-0.8009310383142433,0.7745525291651297,-0.752224563765133,0.5621728466701053
10042-84-9,Nitrilotriacetic acid sodium salt,0.9158970672560726,0.9236367013058271,0.278599085721653,0.18505856031436832,1.5020532418435437,0.3472366455374612,1.3519962100503073
10043-01-3,Aluminum sulfate,-0.16404919554960945,-0.16795226682364112,0.18629098239315964,-0.753315861764475,0.20615569615049872,-0.4455673642152055,0.1794833139267283
10043-35-3,Boric acid,1.3298274124971403,1.3357072043094802,0.12318578275327187,1.004076357735366,1.6247959142269992,1.0938277615085812,1.5387246153559675
10043-52-4,Calcium chloride,2.0466324740610573,2.0316129191740666,0.16964434181163485,1.6476929918577738,2.4773390313724906,1.7710953418592876,2.3923290720628185
10045-89-3,Ferrous ammonium sulfate,0.26758623643794044,0.30134746352557584,0.3437409135335585,-0.6612169548311485,1.213995493009666,-0.41045432489283984,0.7867157306269101
10045-94-0,Mercuric nitrate,-1.9945856361542227,-2.0016638476382322,0.3319568365478581,-2.7307250232719777,-1.2704534461790151,-2.6089006466243783,-1.3383977659118236
10049-04-4,Chlorine dioxide,1.1518603750193248,1.1992161208588406,0.35234381433626993,0.3199735097208506,1.8323150826290515,0.445246020994669,1.7646120943257797
10051-44-2,"Hexanoic acid, sodium salt",1.1151332606620248,1.1477385116069452,0.5597980012819405,-0.32813908198462505,2.5183476295091802,0.05165996020774126,2.240852710297095
100646-51-3,Quizalofop-P-ethyl,-1.3118087063719506,-1.3325392444007471,0.3010669105936735,-2.2939513853123037,-0.6242352652489741,-1.8892476608251034,-0.7423590895496062
1007-28-9,Deisopropylatrazine,-0.13307067692071348,-0.1290901682636742,0.38718625600125955,-0.9210568753126431,1.2526331388857874,-0.81613675106838,0.6188767730889282
100784-20-1,Halosulfuron-methyl,0.337875417868696,0.33665566869353264,0.45069505957233486,-1.0037881389886234,1.59957242189956,-0.5312986334907825,1.11155147283716
1008-80-6,"2,3-Dimethyldecahydronaphthalene",-0.909316631985777,-0.9378517488716732,0.413733021419749,-2.1914572677186244,0.09698828010793928,-1.6824161601200047,-0.15961973365923712
100986-85-4,Levofloxacin,-0.0898452538396071,-0.07917136450196087,0.36740565062282854,-1.168836574326222,0.9831178351660658,-0.7982336204728415,0.6137817728184489
10099-58-8,Lanthanum chloride,-0.7058875126456574,-0.6412095552672241,0.5018688477979932,-1.855216198951056,0.6900563116592385,-1.60434602684298,0.112655810843115
10099-74-8,Lead nitrate,-0.2346414875558342,-0.238956139641333,0.112105491703985,-0.5271792046606223,0.01928060105179021,-0.46326644934569433,-0.009587378407145294
101-05-3,Anilazine,-1.4902810811341578,-1.5120975951312348,0.27906437260912575,-2.1350063019471452,-0.8243644595259509,-2.004357930825782,-0.903790221108509
101-20-2,Triclocarban,-1.5510419102164668,-1.542562332005804,0.16095887212917412,-2.056452650899495,-1.2343293980225052,-1.882454073486872,-1.2960000902276758
101-21-3,Chlorpropham,-0.19121782445454716,-0.15861444267851027,0.22653423455182173,-0.7634976016894771,0.3549240036600738,-0.6710264138405382,0.15799772460681966
101-27-9,Barban,-0.7753601869298298,-0.7296268708150633,0.2582739413351768,-1.4557307898955785,-0.2669299729731159,-1.2484350811257277,-0.3070061037470984
101-42-8,Fenuron,0.8629164235823076,0.9018195931443838,0.4130455605384913,-0.635841493608064,2.0073960148374494,0.14723088496379555,1.5340804124582632
101-54-2,"N-Phenyl-1,4-benzenediamine",-0.6272183515603876,-0.5566456475986958,0.4500528507804522,-1.6263827578849608,0.5958406958871963,-1.4828164870549536,0.11092953606769052
101-55-3,p-Bromodiphenyl ether,-0.8193468884899925,-0.8052170380068284,0.1714481767692114,-1.230989689329651,-0.4216780028925141,-1.154191868006266,-0.48076651782586377
101-79-1,4-Chloro-4'-aminodiphenyl ether,-0.5716382460569691,-0.5540800916162112,0.5519519587514004,-1.97024978279254,0.4671469165456482,-1.7480583206956744,0.3541536029939291
101-81-5,Diphenylmethane,-0.5222227755346258,-0.5251612815274147,0.3448264357105869,-1.6895424808490436,0.44753045118060986,-1.170716636604812,0.10056500908018556
101-83-7,Dicyclohexylamine,0.11864498427074785,0.12477115842545185,0.4243490009239294,-0.8995325445388609,1.2644035727352274,-0.6082517270102401,0.9692092587528117
101-84-8,Diphenyl oxide,-0.6764505804842438,-0.6950424809704362,0.21521266841946837,-1.1230819838401913,-0.23642745008272992,-1.0326158255932245,-0.3166292470554444
10102-18-8,Sodium selenite,-0.21743718170070736,-0.22598711981448452,0.10043824304070201,-0.4389060438768034,0.013667003453532976,-0.3764901853712639,-0.02697593247381303
10102-44-0,Nitrogen dioxide,0.24472500477287518,0.24369695174872355,0.4275505792195581,-0.5567352479541773,1.2248063255365964,-0.47336641644259325,0.9798989102336062
10102-45-1,Thallium nitrate,-1.0001518200859771,-0.9718633508957586,0.2834614432762049,-1.8595289879038694,-0.4279841479068841,-1.6557426680864638,-0.5986536245415331
101043-37-2,Microcystin LR,-1.7075671323900006,-1.5806117766229284,0.6241278568125397,-3.3848107872637727,-0.26398919060852194,-2.8756465701600336,-0.6539021440947355
10108-64-2,Cadmium chloride,-0.9206092359399348,-0.9242601804163649,0.05789193090448086,-1.0760439881398318,-0.7658547668456916,-1.0218330989009232,-0.8023421609703344
10112-91-1,Mercury chloride (Hg2Cl2),-1.6456386012441888,-1.6552621837015158,0.3802143782823142,-2.6523202251295475,-0.6873919979901961,-2.254293302283948,-0.9088842451837189
101200-48-0,Tribenuron-methyl,0.35437708822376435,0.34479555438049725,0.38722734023927485,-0.5834719891175317,1.537860534958256,-0.449962432646664,1.2172152452630791
101205-02-1,Cycloxydim,-0.3521991982489599,-0.37733362583570007,0.5410116244059666,-1.9360247258849799,1.0690362999640557,-1.3183602195102635,0.6832862672108317
10124-36-4,Cadmium sulfate (1:1),-0.9998950307161628,-0.9992783791632016,0.15377323060020864,-1.3977841961356996,-0.6271957565235744,-1.3125161576416091,-0.714372548083331
10124-37-5,Calcium nitrate,1.1261507854431114,1.1723911688610544,0.31482580174904595,0.16272161111420502,1.9139074140195085,0.5221201823995301,1.6854179459360572
10124-43-3,Cobalt sulfate,0.31396219916601015,0.3059089785678128,0.19126686219705197,-0.16891205375156615,0.8300794776939603,-0.053293266842560694,0.6727185911103696
10124-65-9,Potassium dodecanoate,-0.17317124375793697,-0.19351519695405814,0.3959965163983728,-1.042263934491579,0.9656741527711054,-0.9011019567607776,0.647886465488766
1013-23-6,Dibenzothiopene 5-oxide,0.020861202753297173,0.07695845519758238,0.4771856529472355,-1.1251859331837968,1.4814747163802815,-0.9671540952466403,0.8999889143896723
1014-69-3,Desmetryn,-0.12011741106228532,-0.13964240419307228,0.2339922224314047,-0.7049505219653879,0.566559444174195,-0.5390146392069789,0.39713218320266463
1014-70-6,Simetryn,-0.5420372797572667,-0.5505035706412214,0.13088720374662688,-0.863820819437069,-0.21490458088048825,-0.7814629181320647,-0.292719182635398
10141-05-6,Cobalt(II) nitrate,0.2201020533230439,0.2328116869711822,0.3086031422889968,-0.7093038384600016,0.9345693120603662,-0.39450946989122065,0.7326514501238205
10187-52-7,Monosodium dichlorophene,-0.5768367779684561,-0.5737150074989515,0.4168188955692739,-1.576265825200404,0.34935249783430966,-1.4180254707002233,0.1647338886760983
10196-04-0,Ammonium sulfite,0.4926202386333991,0.53110424795721,0.47462105010552463,-0.7112228730339056,1.5350974160667659,-0.6204728696977352,1.131241513863818
102-08-9,Thiocarbanilide,0.12485884384204125,0.1545877796018683,0.4074007621739582,-0.7866179098986975,1.0277257722346098,-0.562608781774297,0.8494539640247482
102-27-2,N-Ethyl-3-methylaniline,0.3293560167226549,0.3352743027939509,0.3615796323735586,-0.5646162906873307,1.2578279783536064,-0.4018027822813141,0.9956917931376008
102-69-2,Tripropylamine,0.33709805028965945,0.3688134086108297,0.40479522741799584,-0.996054274315105,1.3330572895654296,-0.358890341905477,1.0901590900281235
102-71-6,Triethanolamine,1.727090985025336,1.7178841156752969,0.3213674534500385,0.9850423826478892,2.500588549328954,1.170549782250737,2.3887237657066773
102-81-8,2-(Dibutylamino)ethanol,0.5174549909593663,0.5631462615904168,0.3781195651260709,-0.6622627675605064,1.2763536462960254,-0.4366897034430228,1.0570365849223526
102-82-9,Tributylamine,0.1333439924978204,0.10028184511300488,0.4866691156944043,-0.7650554154894408,1.7445153696806335,-0.635739221524506,1.2426470338440705
102-97-6,"Benzenemethanamine, N-(1-methylethyl)-",0.13643784494414357,0.1066781028957355,0.42713774828827017,-1.114644805918961,1.5700286820328662,-0.7371742551751117,0.8862364536358353
10202-92-3,"2,4-Dinitro-m-toluidine",-0.020907807221992643,-0.019098654412846063,0.3310356201008125,-0.7292542957459961,0.6425244054582493,-0.6683409292961939,0.5568443225072575
10222-01-2,"2,2-Dibromo-3-nitrilopropionamide",-0.5407125194266218,-0.5148226805768303,0.2807590709603642,-1.2783587260167883,-0.0026201479511578215,-1.0916575553496106,-0.0650343843218007
1024-57-3,Heptachlor epoxide,-2.6446902321885615,-2.65372188870247,0.30097476363745235,-3.3282277203667636,-1.9424421809992625,-3.2750736517664776,-2.0773314624449966
10265-92-6,Methamidophos,-1.2710513023249779,-1.3192397645383205,0.21668342440720909,-1.6998908077683668,-0.6755831407721834,-1.6484235529911027,-0.7692688548943687
10281-53-5,(S)-trans-Pinane,-0.06710607562926664,-0.0935855604280405,0.5226387314839664,-1.3114773856444633,0.9649058907600849,-0.9667406933450824,0.8983624956825932
102851-06-9,tau-Fluvalinate,-3.904598763122113,-3.919824489175369,0.24807857131254285,-4.473046293508666,-3.288888050496101,-4.401108628312086,-3.4607501691296965
10293-06-8,(1R-endo)-(+)-3-Bromocamphor,-0.00031507727788523623,0.060280064618238746,0.421647409472407,-1.25600869239644,0.8986055344113706,-0.9631024252339829,0.789115190308639
10297-05-9,"Butane, 1-chloro-4-iodo-",-0.12685750608314178,-0.10041230958449474,0.5324688302674634,-1.723538264458312,1.381551561360383,-1.167041164159196,0.8694936002508933
103-05-9,2-Methyl-4-phenylbutan-2-ol,0.32522939792248445,0.3503186731820027,0.44925723802439865,-0.7120778672301604,1.5378405591810738,-0.4935029843123418,1.0825388597816359
103-11-7,2-Ethylhexyl acrylate,-0.16527025737210876,-0.12894027744050168,0.3164052954293971,-1.0134922375090565,0.6273844415374801,-0.7717539773134791,0.47158648481266
103-23-1,Di(2-ethylhexyl) adipate,-0.5223845274653385,-0.5122076307950072,0.42791683799739094,-1.7686066118905828,0.4175915912973122,-1.5431432925434876,0.15770527443844246
103-33-3,Azobenzene,-0.9213586953951478,-0.9169149031690561,0.28263221880441647,-1.6635730982169865,-0.2363569309867886,-1.3839852453908879,-0.3513894160865414
103-54-8,3-Phenylprop-2-en-1-yl acetate,0.011739695637511876,0.07902486381479218,0.6030501960474387,-1.4414704846253767,1.3139007938893923,-1.0965469974408901,1.0748184948725468
103-65-1,Propylbenzene,-0.339868391411107,-0.32278653178013117,0.3570029458393859,-1.1588263917834085,0.3858392397772682,-1.045106786012947,0.31638994745766824
103-69-5,N-Ethylaniline,-0.12036855323137251,-0.10518083940729915,0.23743595792017022,-0.9873184177935922,0.39294639225358513,-0.6002603843925836,0.297881589401054
103-72-0,Phenyl isothiocyanate,-0.705822040031373,-0.6775490150495929,0.38586803708628237,-2.0235213134397187,0.295306514382624,-1.4321828301060289,0.006592902103840693
103-74-2,2-(Pyridin-2-yl)ethanol,0.4168027470077938,0.4245058131479291,0.45222603556810503,-1.0677761783634125,2.1754193359959917,-0.39867692851480263,1.1845114083092563
103-76-4,1-Piperazineethanol,1.3912681536573017,1.3730927509804878,0.4682720901392944,0.3449394534020777,2.6006302585938457,0.5296840551225521,2.380519559707585
103-82-2,Phenylacetic acid,0.28283706572766387,0.2557741112029664,0.27479277900762744,-0.5400626359307882,0.9187736191136743,-0.18600849508150571,0.7693544883606556
103-83-3,"N,N-Dimethylbenzylamine",0.3474798785051384,0.282912000841845,0.38246134173699003,-0.5691622489620503,1.2491055977336871,-0.2589677814109185,1.0892860683420218
103-84-4,Acetanilide,0.8139819743189417,0.8563336922386019,0.39298394376918233,-0.27219592527927944,1.791286862692097,-0.04425955519067659,1.5022840313144217
103-85-5,1-Phenyl-2-thiourea,0.38638136059302275,0.41390780294089036,0.39160677931358034,-0.49697025810192413,1.2853726587996968,-0.2646502014262052,1.166915137890825
103-90-2,Acetaminophen,0.9930727835791088,1.0154223650293654,0.3821170614447915,0.125893044647981,1.7936434817290934,0.19266265916791242,1.6944985077515695
103055-07-8,Lufenuron,-1.626980421935756,-1.6472744775398915,0.4300937477521279,-2.6225275619246915,-0.6742877059846105,-2.4884452045135768,-0.7439229919108237
1031-07-8,Endosulfan sulfate,-2.5997197279696387,-2.60232958679601,0.2006273304105034,-3.027603497499832,-2.166455876274602,-3.0085148062671574,-2.226905899855923
10311-84-9,Dialifor,-2.0595417514372856,-1.9795657803731195,0.4864417494882031,-3.495997371741925,-1.1782174903830493,-3.0735050815008678,-1.235718266378033
10325-94-7,Cadmium dinitrate,-0.9218199482674743,-0.9021407229647169,0.12078931908872563,-1.2236225338623137,-0.6679782363014966,-1.1750273181540376,-0.7152393926819645
103361-09-7,Flumioxazin,-0.6154997036451006,-0.6208844369163316,0.27545534929605614,-1.3104242068333265,0.08120182497559161,-1.1476159158026047,-0.03130225250056293
10361-37-2,Barium chloride,0.9372579189550463,0.9351552797457532,0.2615908126142921,0.10169261383125919,1.427298032117837,0.4523971260257996,1.342093216613321
1037-50-9,Sodium sulfadimethoxine,0.025645526523001463,0.07335366882672797,0.54833197560644,-1.3892520846054623,1.4096565320193581,-1.0597128255694472,0.9283820587453601
10377-48-7,Lithium sulfate,0.6998921390915371,0.671367409712702,0.38703514903238817,-0.30219586961429645,1.750168882375816,0.011030738638558161,1.4958686412175535
10380-28-6,Copper-8-hydroxyquinoline (1:2),-1.5255794126824804,-1.5002697266704932,0.3578872577795578,-2.4463628287438133,-0.6659076404245896,-2.3035244986364196,-0.8600475690707716
104-13-2,4-Butylaniline,-0.06368457122138656,-0.036125960293449666,0.4625246042703401,-0.9517839732796839,1.0393458650194376,-0.895273252012428,0.8672134791297067
104-20-1,4-(4-Methoxyphenyl)-2-butanone,0.17961720925690983,0.1831600004946784,0.5508503007912149,-1.2890667234390674,1.177896376057959,-0.9499974938924383,1.0453900395901865
104-40-5,4-Nonylphenol,-1.3201756757723069,-1.3117109330446033,0.07019761148418448,-1.4782003421636227,-1.1732450901427907,-1.444509452172265,-1.187822136867423
104-42-7,4-Dodecylaniline,-2.009084126915127,-2.040259781025838,0.359897351362226,-2.955431179145377,-1.2597795187134881,-2.6463934172464256,-1.3542962823649527
104-43-8,4-Dodecylphenol,-1.3860387940202232,-1.406191052690834,0.29135923216778226,-2.1862281025723105,-0.7926267710670482,-1.9481133111035058,-0.8604579732091814
104-51-8,Butylbenzene,-0.23683289384398612,-0.2582659324377511,0.3462492060806819,-1.022565264729678,0.7861590202537831,-0.8453916320401145,0.4265603090416395
104-54-1,3-Phenyl-2-propen-1-ol,0.5061177599323498,0.49097897412419156,0.5378703214607748,-0.8066417890984421,1.7100510473282569,-0.6097277010639999,1.5444629404721677
104-55-2,3-Phenylprop-2-enal,-0.22377710986498234,-0.23927914469287037,0.36306466650629177,-0.8765605109450083,1.184032269926064,-0.807587915551738,0.4283832788579304
104-75-6,2-Ethylhexylamine,-0.06934121134719297,-0.07607339459549448,0.260341143682444,-0.6663847318370562,0.5024009167524552,-0.542708083647661,0.44042844423907523
104-76-7,2-Ethyl-1-hexanol,0.2112380298009163,0.201859204272418,0.3318472434303733,-0.6169956644920586,1.0616252266906012,-0.33534352941106566,0.8193367455121048
104-88-1,4-Chlorobenzaldehyde,-0.234170511928924,-0.24838580902934726,0.2894299778801455,-1.0388029287931428,0.6016588746513903,-0.8249267480299469,0.3146801564600475
104-90-5,5-Ethyl-2-methylpyridine,0.5773400879472538,0.5541930750133958,0.47439978355837553,-0.5723926777419204,1.6556862783226485,-0.40668074327486486,1.4586259941066249
104-94-9,4-Methoxyaniline,0.15778170278419337,0.2001867934370598,0.31605360465683735,-0.5103325568466844,1.1492892504964922,-0.47323242271436655,0.7100263712370773
104040-78-0,Flazasulfuron,-0.12886830204952804,-0.07477600898207398,0.41593252222615545,-1.4496649831312642,0.6686449040529384,-1.1330822027785294,0.5408903112409298
104206-82-8,Mesotrione,0.46315779186563544,0.4358166622484988,0.2655282820675574,-0.17375809407026385,1.1098932948607378,-0.011080054259727936,0.9877753267413051
10453-86-8,Resmethrin,-3.0275681761600026,-3.0179355949360325,0.16710633153806678,-3.4253556229861184,-2.6476140456493544,-3.3103653216732742,-2.74031753844373
104653-34-1,Difethialone,-2.512627826413294,-2.5185793660845457,0.4384978377506447,-3.562168147794749,-1.2416043894785027,-3.3595887528831194,-1.5467159850106047
10476-85-4,Strontium chloride,1.1797308538650777,1.2053433410351961,0.22588688026447906,0.6204650007238468,1.6021729919819685,0.6972462824195276,1.569763246492999
105-14-6,5-Diethylamino-2-pentanone,0.5517392458227692,0.6110292613433626,0.452061686126302,-1.1216141843361058,1.385719538309276,-0.5247988067598942,1.2231525579251388
105-37-3,Ethyl propionate,1.0831839960895946,1.0535523492449208,0.14141982729570526,0.7736595011003483,1.4071496689511231,0.8309016005120172,1.3631565304197693
105-39-5,Ethyl chloroacetate,-0.026241963283163968,0.045991614302533006,0.580409474229004,-2.242274854422454,1.5090665269333494,-1.3332374491194297,0.8697671415233634
105-53-3,Diethyl propanedioate,0.0036454262639738296,-0.005294538985841698,0.2910859326860915,-0.5351642199105575,0.6921151517035474,-0.483157338314099,0.6140378038086626
105-54-4,Ethyl butyrate,0.7463534811001243,0.8033289986106509,0.3754522572050924,-0.5409030973859982,1.5619003220248122,-0.12178659117792384,1.4073207250200217
105-55-5,"N,N'-Diethylthiourea",0.6936426472224738,0.7521230888520891,0.5512472503620491,-0.6421549385910927,2.0661734727753087,-0.19026996157332265,1.7119818532068583
105-60-2,Caprolactam,1.4945855687202945,1.4343803535078197,0.5177929920505666,-0.035693479777341254,2.8828811447955243,0.4383913774819102,2.4779416209406797
105-67-9,"2,4-Dimethylphenol",-0.028352085620826264,-0.03297446169727374,0.10835135184734045,-0.24938550030314902,0.18639131777106838,-0.21830654503320263,0.15499051808401915
105-75-9,Dibutyl (2E)-but-2-enedioate,-0.6757098550380531,-0.6143256667266389,0.2451667630688857,-1.4370257550943193,-0.27679582753343523,-1.2551895007774796,-0.3041102828937981
105-99-7,Dibutyl hexanedioate,-0.5992481565197919,-0.5902483689030622,0.4397200071632085,-1.6887601083286727,0.5903222135211246,-1.504340948377353,0.12544184836578587
10548-10-4,Terbufos sulfoxide,-2.2060702041144666,-2.1527044330626093,0.43853980310703383,-3.4518195781516288,-1.389845544320454,-3.2654821007402464,-1.5437744715605695
105512-06-9,Clodinafop-propargyl,-1.1445286537197012,-1.188578924523704,0.3612916408954102,-2.303968457978689,-0.326635475256517,-2.0082112762430353,-0.433284637603521
10599-90-3,Chloramine,-1.8406640946255948,-1.8484697352717854,0.1985727617757756,-2.24615732878165,-1.4110373679763117,-2.1779446347076155,-1.5007916227333091
106-20-7,"2,2'-Diethylhexylamine",-0.2118104554813738,-0.17021073215818613,0.5656907722022109,-1.4591550216612599,1.2501534053756453,-1.3393167751965143,0.9855536554348273
106-24-1,Geraniol,-0.3137418068895182,-0.24994304123677474,0.37985161863681904,-1.3818719711727687,0.3177818429710611,-1.2926951960782782,0.2316310386589132
106-37-6,"1,4-Dibromobenzene",-0.9654355004098713,-0.9380792695437222,0.32611051030192334,-1.8512252564242764,-0.12409304309651141,-1.5750089822428295,-0.3612752594864946
106-40-1,4-Bromoaniline,0.3244322666019233,0.3231319703263713,0.38482503861441747,-0.527038149983067,1.2989784719417021,-0.40527355510474006,1.0965046947937334
106-41-2,4-Bromophenol,-0.06508109829881656,-0.16714492434113437,0.48602074360243147,-1.2491735855515347,1.5210013021302988,-0.7936783479156797,0.9675045543033778
106-42-3,para-Xylene,0.1547540203834511,0.16568484714405918,0.2906934595186646,-0.4993589227933298,0.8198824847829026,-0.4193520415512626,0.6703010782775832
106-43-4,4-Chlorotoluene,0.0855743774537909,0.05367993769304196,0.29183372737698177,-0.5650737392347253,0.7497989173140283,-0.4462855423186558,0.6519151548756107
106-44-5,p-Cresol,0.2626041323629041,0.3056061107089461,0.16550229162783114,-0.22559827734863216,0.6447219116192447,-0.16398064148755587,0.49163032487176983
106-46-7,"1,4-Dichlorobenzene",-0.05766359298428867,-0.05190961585356039,0.11595092285153223,-0.35011849355044106,0.19611314102797892,-0.27172668773915637,0.1469650901137696
106-47-8,4-Chloroaniline,-0.017649543363769556,-0.01101153932841032,0.2477281278930368,-0.7008231172477137,0.5263435467109268,-0.524137206870917,0.4011985775295179
106-48-9,4-Chlorophenol,0.10464174578539326,0.10519340723888057,0.12026188097053686,-0.17926216121472882,0.373636877395456,-0.1456971148705452,0.34582067574837083
106-49-0,4-Methylaniline,-0.005361726301504563,0.04641107048791579,0.29945552467335423,-0.8354950373850653,0.7040943134211098,-0.7410370796367058,0.4384612892352723
106-50-3,"1,4-Benzenediamine",0.24833663133471812,0.2335092092244616,0.3406601401885581,-0.5635438353985956,1.1648187112766422,-0.36405433875044324,0.8911237656891532
106-51-4,"1,4-Benzoquinone",-1.1116272412297845,-1.1361481306539662,0.3533440917625292,-2.104727712802306,0.04574376511124647,-1.8271257790503317,-0.298426529019966
106-63-8,Isobutyl acrylate,-0.1916013106683828,-0.18379371753451113,0.33478566149913896,-0.9954685196222095,0.5475098699770946,-0.8602603742453133,0.4417609427995939
106-68-3,3-Octanone,0.6073067329809928,0.61763742647583,0.2655619582063004,-0.01765140226237604,1.2970208185512238,0.08638528468189513,1.145350544430131
106-69-4,"1,2,6-Hexanetriol",1.599383690543545,1.5928408966863907,0.3961351203900295,0.6880088915800007,2.6151782869257776,0.7904063951376473,2.385140623057758
106-89-8,Epichlorohydrin,0.2979341874565937,0.28750038848208315,0.1139284670751483,0.06878294367850284,0.538744936589461,0.08608228612858523,0.4991399398086073
106-92-3,Allyl glycidyl ether,0.33424953329491786,0.37130644838761184,0.3801600336635599,-0.6014886076663237,1.2855130000545258,-0.3492636214690461,1.0095609352543669
106-93-4,"1,2-Dibromoethane",-0.10343394407979613,-0.09827001590775764,0.20014331466944527,-0.7287328812260244,0.3501234031856904,-0.5163386115193135,0.22705756737896934
106-94-5,1-Bromopropane,0.4998939109636703,0.5315143173028058,0.45905865888489195,-0.7123963913146432,1.5622537147306312,-0.495898457766162,1.3355396278977045
106040-48-6,Tribenuron [ISO],-0.42238772560080123,-0.4517123964095758,0.4559966909103508,-1.599184001087191,0.5707888528248845,-1.202833863229994,0.3611751742592954
10605-21-7,Carbendazim,-0.9037686955653643,-0.9092821522956058,0.14332114029529885,-1.2152159128982662,-0.6208725029703845,-1.1700496630208421,-0.6501324733265798
1066-30-4,Chromium(III) acetate,0.8408738835166158,0.8557693811899667,0.35886855553337704,0.0450196365216438,1.8024624791053026,0.20217770171710778,1.4826575909816064
1066-33-7,Ammonium hydrogen carbonate,0.5545126382931649,0.5071794029567104,0.3842258874073129,-0.28064577797506357,1.4674742613871288,-0.17296406136776146,1.3483352718051878
1066-51-9,Aminomethylphosphonic acid,0.5943636467435853,0.6284434444162947,0.4135623888424798,-0.4544524378974303,1.5606096048175249,-0.18126243541409767,1.3655559685587797
1067-14-7,Triethyllead chloride,-0.5460403825546882,-0.5368522519522153,0.35819303995063545,-1.4120184441921853,0.1649468648092977,-1.2425373830580058,0.10793423593329417
1067-33-0,Dibutyltin diacetate,-0.9366818429312727,-0.9075129651610382,0.3561720484270691,-2.2150371782102516,0.050326214206622,-1.685323889659746,-0.3565948126808072
107-02-8,Acrolein,-1.4788371647846545,-1.4733122370952656,0.1767310311013722,-1.8969075773634319,-1.0842633796852963,-1.8207698702534143,-1.1818432203986409
107-03-9,1-Propanethiol,-0.610471215214019,-0.5920246738446062,0.5491135488049631,-2.054774599616374,1.2658792359837214,-1.5750625372967897,0.560207630494688
107-05-1,Allyl chloride,0.6094153783274394,0.6699695209610927,0.2759956052321155,-0.15171055876595455,1.0714888393138038,-0.06495390372124046,1.0093840910694973
107-06-2,"1,2-Dichloroethane",1.126739870399279,1.1198194444477128,0.14968516238645949,0.6976187212192897,1.5394438110842104,0.8191914923129006,1.4340487056362177
107-07-3,2-Chloroethanol,0.7033509242087509,0.6856480551249269,0.1544096460511929,0.3128562551753253,1.1623234529676234,0.4414096452735121,1.0290358287252577
107-10-8,Propylamine,1.3663124175109598,1.3748309607638372,0.35794305340035454,0.5161120813789679,2.537088668335074,0.6956566363075641,2.083283390139109
107-11-9,Allylamine,0.42841754815305966,0.40479080747790863,0.1904887810629593,0.02801235015018856,0.9127465351444722,0.11436954548168103,0.7772160515592766
107-12-0,Propionitrile,1.5006832967918171,1.545957679945663,0.4691215941275785,0.14875377967069223,2.565085023973135,0.44265061116514565,2.3035092947456377
107-13-1,Acrylonitrile,0.2398010206915679,0.2424741298314434,0.18756012919747114,-0.14680956723894925,0.8537224676882671,-0.10234368253632044,0.566904376671392
107-14-2,Chloroacetonitrile,-0.11563943276527933,-0.16823453804797284,0.42234490936836205,-1.0246934751312375,0.9704761426490833,-0.7561880510967073,0.7274982749248572
107-15-3,Ethylenediamine,1.1909642250270982,1.1796475060962133,0.3365326076865403,0.2636517530084673,1.91773299679817,0.4759058025967927,1.7056430322565435
107-18-6,Allyl alcohol,-0.6376664311264773,-0.6207605483433092,0.1939169590303434,-1.2969016398730733,-0.2451975623526765,-1.0654884872120824,-0.29004775464802995
107-19-7,Propargyl alcohol,-0.5212167952485207,-0.5394364078884493,0.37901092512518597,-1.6147441854926299,0.1727333421853322,-1.3129460711796876,0.09545987457102335
107-20-0,Chloroacetaldehyde,-0.34770325148330405,-0.34053524191804685,0.3609246039180781,-1.2289611855565021,0.6134854346434839,-1.048199208724845,0.408422457986733
107-21-1,Ethylene glycol,2.8250283132566114,2.784233571118124,0.1995547451574108,2.303209319774638,3.3163710825183053,2.4464659298430687,3.2385043579910477
107-22-2,Glyoxal,1.1850339936899383,1.1642703272511903,0.4250927057977091,0.09257379132263649,2.285996375240313,0.4762000856836584,2.021501076123922
107-27-7,Chloroethylmercury,-1.2223022994436228,-1.1744794434092651,0.3830153877353232,-2.2467699466814826,-0.4474492492872507,-2.0197599746319406,-0.6353944155175494
107-29-9,Acetaldehyde oxime,0.6905001281446591,0.6873826317429608,0.4497874634933888,-0.47184611570393253,1.8003893387368197,-0.17713793528531555,1.5390071343568492
107-41-5,"2-Methyl-2,4-pentanediol",2.489222571497117,2.5228884998398566,0.23524890107309734,1.9447039258451733,3.0062847699655015,2.0510114682173803,2.8913348647842345
107-45-9,"2,4,4-Trimethyl-2-pentanamine",0.281466732606563,0.30990920725688326,0.3983045160700447,-0.5165721996276488,1.2847986110246103,-0.44798652147235446,0.9405315822811625
107-47-1,tert-Butyl sulfide,0.14669886215962405,0.1763871399106664,0.3402036413285137,-0.6942259549841965,0.9606551319275202,-0.6304517048179132,0.7392412164590745
107-49-3,Tetraethyl pyrophosphate,-1.123109508620338,-1.127432575128526,0.2749325687189663,-1.6998019070321326,-0.5517950571090768,-1.6246136487845901,-0.6628793113644232
107-59-5,"Acetic acid, chloro-, 1,1-dimethylethyl ester",-0.1168855677026752,-0.12559345157587853,0.6024452813824486,-1.6168056701485043,1.3185226149599147,-1.185877584388054,1.0509589064581892
107-64-2,Dimethyldioctadecylammonium chloride,-0.6849702915580198,-0.6972396461955437,0.3664949499385259,-1.613800242740134,0.1499488354547228,-1.3919159996904689,0.004948701079995142
107-82-4,"Butane, 1-bromo-3-methyl-",0.5638602909174479,0.6317185773435745,0.5491297327007091,-1.3336767019305769,1.7034617257479905,-0.6730219895244485,1.419527762190164
107-85-7,"1-Butanamine, 3-methyl-",0.8149754220136817,0.8176993562065764,0.6230595005842691,-0.7431568887992382,2.0197101428646653,-0.2857458529898392,1.8679324872686829
107-87-9,2-Pentanone,1.427493439712476,1.4018968352465841,0.40834108984970485,0.38428283352303494,2.468829594476348,0.7117933928533664,2.261943074352858
107-92-6,Butanoic acid,1.082155457583659,1.0945972169822014,0.35388857791973627,0.1867254807211608,1.8148732264938554,0.40382300781416053,1.7017009170368995
107-95-9,beta-Alanine,1.0414367487476532,1.0265859881139356,0.5745016865321743,-0.4410227191364418,2.51889479296894,-0.19052059920271364,2.0258313418682867
1071-83-6,Glyphosate,0.5293733589689306,0.5469217810251272,0.15415704410068018,0.13121087122065786,0.8868522804333957,0.23513100734962933,0.7613453540653963
1072-97-5,2-Amino-5-bromopyridine,0.5669503073402323,0.5883711896779884,0.3775162511148566,-0.49333510688132726,1.443335343671731,-0.22089963743811564,1.2562074764928826
107534-96-3,Tebuconazole,-0.39475659538310154,-0.4268756277832533,0.21712446438789174,-0.8730735353496696,0.25471254141055566,-0.8063177402839167,-0.00932311534965487
108-05-4,Vinyl acetate,0.6399275095630899,0.6366048732137346,0.13496526629546932,0.31308850143122513,0.9607083544366714,0.36774796890019273,0.8463284572443966
108-10-1,4-Methyl-2-pentanone,1.6403887392816967,1.687159490463737,0.254810423277654,0.9379620469071549,2.1459860484186466,1.0989858091773053,2.071799704708731
108-11-2,4-Methyl-2-pentanol,0.8491599105141368,0.897320864129233,0.37722135514819194,-0.1538679094231409,1.6972229667188075,0.07737146085078267,1.5751617665726765
108-18-9,Diisopropylamine,1.375523904529481,1.393436434295507,0.24314267869785425,0.7031811834629554,2.060142961164401,0.8568745400747667,1.755511760639953
108-20-3,Isopropyl ether,1.347856859244267,1.3754959642415086,0.37312300878530413,0.3851581732321237,2.236053907735064,0.6087176896358262,2.06754588507973
108-21-4,Isopropyl acetate,0.9916137741115432,1.0766506216051819,0.39964183051761876,-0.252795777878622,1.703281923459183,0.018182553409247,1.652163992747793
108-24-7,Acetic anhydride,0.9399852480811884,0.903465541487202,0.4237765015342194,-0.03215376579431734,1.9452804680436615,0.11070285346740952,1.8003725501471595
108-31-6,"2,5-Furandione",0.9970115949523563,0.9907901217048537,0.31551106053900335,0.2581988888027934,1.6797833753478866,0.37645237893486977,1.6647707302502046
108-38-3,m-Xylene,0.03821554195570891,0.035194617921524174,0.29447568225071813,-0.6258054217352168,0.7837257542175944,-0.4746137552532932,0.5976398651604743
108-39-4,m-Cresol,0.1435526112091838,0.15472566080763575,0.2077745352306232,-0.38104059168228477,0.5539004808364885,-0.3013407435851643,0.46232013365085745
108-40-7,"Benzenethiol, 3-methyl-",-0.9836409210758472,-1.0387585160080972,0.4918575266707868,-2.149485412994871,0.30017210251970616,-1.7666614436801633,0.1528923310130699
108-41-8,m-Chlorotoluene,0.17441694017138382,0.2209547205499625,0.3685525910205058,-0.7842974388906782,1.0493025721432951,-0.6229468534833154,0.7878445656930109
108-42-9,3-Chloroaniline,0.23851440275558772,0.2269338408006319,0.2537576166180234,-0.3524405841083149,1.0249836968400234,-0.26553438069801355,0.727234200327274
108-43-0,3-Chlorophenol,-0.15313375925686254,-0.11870491965111965,0.23395884105483378,-0.7147979134745173,0.4052387686430465,-0.5710354608601274,0.24614327931712887
108-44-1,3-Methylaniline,-0.14916883810997913,-0.21155114117410811,0.45823513550565703,-1.097788141623375,1.1236092148268206,-0.9813771375971051,0.7421792230087959
108-46-3,Resorcinol,0.6760905635883886,0.7131026952481361,0.1591053024433414,0.35337434862405376,0.9999140447020478,0.3748852762428789,0.9137879842693094
108-60-1,bis(2-Chloro-1-methylethyl) ether,0.32676903931306833,0.3045754184317918,0.5802757855010242,-0.9269377262677123,1.6396857610502364,-0.8118440234888632,1.487256353952502
108-62-3,Metaldehyde acetaldehyde tetramer,0.34025837797641456,0.34935987068527286,0.4727203897056031,-0.8487869771098071,1.266697657143865,-0.7422613691997714,1.1348830958107952
108-67-8,"1,3,5-Trimethylbenzene",-0.03619772985434511,-0.04242243609162361,0.18770242300289874,-0.5399746415426642,0.3733138317834492,-0.3879600315581582,0.30905734649182126
108-68-9,"3,5-Dimethylphenol",0.3599454950988549,0.36834785317181196,0.19265994403527645,-0.13283776332984942,0.7740996991817509,-0.017775476164516586,0.7447663895987452
108-69-0,"3,5-Dimethylaniline",0.1555295924959826,0.16965503882530075,0.37820632385734143,-0.6908477278699671,1.1059014577599744,-0.5565845024088095,0.8699660827983295
108-70-3,"1,3,5-Trichlorobenzene",-0.5799975427389125,-0.565719209219629,0.3593582702140165,-1.5285736139279869,0.23042444824196034,-1.3387245679037165,0.02487980595461429
108-80-5,Cyanuric acid,-0.37712359281221763,-0.37485059012589217,0.44515452112205134,-1.4448851014282438,0.8049424870126423,-1.1417012983469061,0.5552453649552493
108-83-8,Diisobutyl ketone,0.05799402368337714,0.06740008970871417,0.49828951202946636,-1.3257619774254568,1.3618785095892665,-0.9797237876617478,0.9829551025879041
108-84-9,"1,3-Dimethylbutyl acetate",0.19011667870857957,0.2029678083915631,0.648657499778696,-1.4484340161575011,1.7436553206851368,-1.1474940145551977,1.4017567841557625
108-85-0,Bromocyclohexane,-0.17007759952764542,-0.14431784330318292,0.29810925125314247,-0.9803494543209205,0.6120323283613965,-0.8158764436440896,0.2997857910402109
108-86-1,Bromobenzene,-0.18817254042979695,-0.17348497593387138,0.3645720125682274,-1.4265960819485581,0.5447315562991661,-0.9430620518240039,0.4237298868825414
108-87-2,Methylcyclohexane,0.5302462834626838,0.49022870658636175,0.268003195357104,-0.04093539140451307,1.247069837935264,0.1400482480133783,1.1156381142060439
108-88-3,Toluene,0.7920754615788096,0.7925230157672427,0.0726934559945385,0.6089505133053147,0.9568423796413116,0.6356392030761522,0.938469858618751
108-89-4,4-Methylpyridine,0.9154027478656559,0.8637959336678616,0.4657665051531682,-0.4358923599543426,2.2052075990817777,-0.05990933005364015,1.8729046060176544
108-90-7,Chlorobenzene,0.26481070665017303,0.25199931068181347,0.16291395657740854,-0.05915312405391774,0.6726832062037786,-0.0035650428802188145,0.5700068388120867
108-91-8,Cyclohexylamine,0.8807883712731238,0.8999232665606984,0.30104425761322634,0.011185971747745698,1.731812658086198,0.235725234954198,1.4606119893755474
108-93-0,Cyclohexanol,1.105813599593289,1.0840245935605726,0.3101995916221768,0.46083627178624204,1.9304214286451193,0.5748944380028574,1.667785584157526
108-94-1,Cyclohexanone,1.1939312520855512,1.215390002605624,0.24871066683643608,0.6604826453853392,1.755162502650733,0.676134850198136,1.6121951308264952
108-95-2,Phenol,0.5611686264856705,0.5627779070595047,0.062351328194972404,0.41016346894372285,0.6918224779864192,0.4339267471867162,0.67425223134231
108-99-6,3-Methylpyridine,0.7764172092046305,0.7820166803188322,0.3990991369653326,-0.18306032812797227,2.0204503767081397,-0.013871950379203305,1.6001907631558565
1080-32-6,Diethyl benzylphosphonate,0.2621103253202975,0.26865555150517817,0.4698701124904174,-1.0932001282990935,1.357135520619066,-0.8173957927656071,1.143992464563097
108168-76-9,Tetrahydroazadirachtin-A,-0.4792911898573944,-0.4833009720810181,0.4043974593911708,-1.4703281065582048,0.5539853995774586,-1.2439230628940185,0.21550523315029163
1085-98-9,Dichlofluanid,-1.1777515986765699,-1.1419144872140183,0.2735603241261595,-1.916379833563899,-0.6217242334978244,-1.7586590661509591,-0.7278291050098594
109-01-3,1-Methylpiperazine,1.3824060567347527,1.3498463369956997,0.41424166257601575,0.2434718572648425,2.329313308643271,0.610224237729944,2.143632907620988
109-06-8,2-Methylpyridine,1.1354394442205389,1.1514560611247702,0.483540501993565,-0.19185591026031712,2.170895840303332,0.13648378175002734,1.9867831562251697
109-07-9,2-Methylpiperazine,1.4070704229216282,1.4025530064137208,0.36465698596135293,0.4408392477730186,2.6104552254796434,0.7023863829833972,2.1047325552466054
109-21-7,Butyl butyrate,0.057728509288430666,0.005322185441278818,0.443499747249832,-0.8109685900927613,1.207759393596535,-0.7160373326257945,1.0176918777767092
109-46-6,"N,N'-Dibutylthiourea",0.20932764728208142,0.2613184838644089,0.5014533188563655,-0.9339742687517543,1.370896506338278,-0.8369073323066584,1.1627643586802987
109-52-4,Pentanoic acid,0.803937292786204,0.8290770001426845,0.29869521442781083,-0.13480347896650666,1.3734889663356868,0.14342461212837562,1.2917871463066954
109-57-9,Allylthiourea,1.2019164216675238,1.1588332100112892,0.3133122411634425,0.586101392557461,2.215176353132567,0.623687102163551,1.8156708396858408
109-60-4,Propyl acetate,0.6999957675356889,0.6814135046126794,0.3012634982519309,0.04921435770841047,1.3000276140936047,0.11069029609813855,1.212117689680896
109-64-8,"1,3-Dibromopropane",-0.4776901575874104,-0.5765498943346641,0.4322443577603353,-1.5501154493422105,0.5431917402559162,-1.18827443067921,0.39958454470265753
109-65-9,1-Bromobutane,0.3142415013409772,0.2749468597027635,0.44318464017052445,-0.8383928470797795,1.275985319584853,-0.5322508508777898,1.0052496316947614
109-68-2,2-Pentene,0.8406921150386591,0.824328073972362,0.47407049485572766,-0.42409138589908935,2.1197601913672734,0.08541916871426775,1.7683200000100852
109-69-3,1-Chlorobutane,1.2558069684033792,1.2865806612990838,0.3628804451200779,0.23354443773331068,2.0073495401180566,0.545000651775385,1.8961551640085823
109-73-9,Butylamine,1.1416740978398525,1.1164524653944425,0.23227355338367997,0.6554135305964331,1.7460361848886252,0.7518229195052012,1.5909030505744821
109-74-0,Butanenitrile,1.221312140299498,1.2093220536896485,0.6048062020057602,-0.4659794897763263,2.4948890575662537,-0.013714358457338607,2.2197734728459295
109-75-1,Allyl cyanide,1.057550468694637,1.047125207463968,0.44089799404308755,-0.02718424569851391,2.159511940154888,0.2923451601917106,1.8206535902752188
109-76-2,"1,3-Diaminopropane",1.3275339102433887,1.399844590134761,0.481133325082674,-0.09640364075715727,2.504516844084272,0.4784216989981334,2.3689234210261594
109-77-3,Propanedinitrile,-0.4133238238033367,-0.39543595444972673,0.25295325016725334,-1.0105920783853588,0.2667671826292569,-0.835219214557949,0.1341787596965125
109-79-5,1-Butanethiol,1.4674557157074932,1.5031640003502083,0.44112140264001226,0.3115642624382411,2.5292795589125903,0.3489327516635918,2.3188227902789933
109-85-3,2-Methoxyethylamine,1.0341814620718386,1.0577533016406264,0.37629084482154784,-0.05790908382489272,1.849344255793781,0.22515567406738485,1.703383439023681
109-87-5,Dimethoxymethane,1.8882334230757811,1.9058149816207117,0.44582277255866465,0.6460823871415423,3.0500592072684487,1.010264532249611,2.7041705098587028
109-89-7,Diethylamine,1.1156949858971128,1.1439846923272825,0.29163669747008764,0.3476671703133297,1.89907748175935,0.5274706255153203,1.591727434156992
109-97-7,Pyrrole,1.0259380908110352,1.0202616255061012,0.44241212116506884,-0.02144225280115882,2.2494243993193916,0.21362782544059888,1.8614822816935375
109-99-9,Tetrahydrofuran,1.6708339339365919,1.6958750712913733,0.3406122296176885,0.796618960725501,2.55031288443305,0.9867520440116776,2.270389868310259
1096-84-0,"1,1-Methylenedi-2-naphthol",-0.9898343515283977,-0.9913865424298466,0.31874300651304177,-1.712352858678739,-0.1730933748786425,-1.5379197353065377,-0.2839205158475686
110-00-9,Furan,0.7789878055336277,0.8268855516245652,0.404269443451968,-0.05050364489006404,1.6754684491226135,-0.017148958941675906,1.4781069372415578
110-02-1,Thiophene,0.9297092765746463,0.9798683789487345,0.5298636176995273,-0.11933545196160363,2.451294231863441,0.014855163708010136,2.0767938001599076
110-06-5,t-Butyl disulfide,-0.636385960883862,-0.6732283243524595,0.4760862654780993,-1.7161795775996715,0.41632052854808926,-1.5246480431326097,0.2939163236960206
110-12-3,5-Methyl-2-hexanone,0.8604938376775432,0.8314155696755507,0.2799868051952049,0.11995000631712806,1.6132484254511865,0.3760954425431599,1.4240291940024288
110-15-6,Butanedioic acid,1.0292186090195248,1.0643838510802426,0.4557271063277587,0.004493399546017904,1.980297388358441,0.11278914316803879,1.936137559288579
110-16-7,Maleic acid,0.31682674186664955,0.3372957471990454,0.3789393632802607,-0.6676393633840503,1.3228802898489556,-0.47684229669092765,0.9865203680155182
110-17-8,Fumaric acid,1.1462372226890725,1.2205897563509382,0.4651052167332883,-0.17357066371212465,2.104157450769594,0.09310059793389736,1.9429144952472366
110-19-0,Isobutyl acetate,0.6503907791428013,0.6662960582938635,0.4022719921466918,-0.8945364988505732,1.5523866436180338,-0.30111659695722,1.4542197204541043
110-40-7,Diethyl decanedioate,-0.4337227935059835,-0.44871710437180545,0.3539664046996622,-1.472851402649039,0.3959367568696069,-1.123478867835508,0.2459833534229914
110-43-0,2-Heptanone,0.5243982005345836,0.5718197460340009,0.48911864909590863,-0.5312020953480656,1.7578752390680028,-0.38943552283186866,1.473510986319937
110-49-6,2-Methoxyethyl acetate,0.5446108901316316,0.6012698967220189,0.3129799188507996,-0.15173764047574595,1.159560538243587,-0.059384341319607264,1.0557989966345196
110-54-3,n-Hexane,0.6005920161444576,0.5553892416294413,0.4059752318785542,-0.28180025534972897,1.6767851376147473,-0.160659311054703,1.3885773231200393
110-56-5,"1,4-Dichlorobutane",0.2762060161501379,0.3173349595755105,0.3679396126140974,-1.0512497981247688,1.2562185241331136,-0.400972973303435,0.9115633832062107
110-58-7,Pentan-1-amine,0.7697055965899948,0.8165502538732544,0.2858510895576581,0.04704460949469538,1.519432399701111,0.2514292416304281,1.2859598720955965
110-60-1,Putrescine,1.1050429196818699,1.054731682238748,0.5412279146261698,-0.01015515403473138,2.535148148943554,0.16715910876921358,2.2112820194332663
110-62-3,Pentanal,0.5331825150803505,0.5580703525803548,0.3502747590192379,-0.18515100698058762,1.2900924399277756,-0.09570869766669592,1.1814993229994142
110-65-6,"2-Butyne-1,4-diol",0.6315567167577383,0.6529512089234324,0.35225422884368635,-0.19042268757581393,1.339511778270634,-0.08972438661447857,1.199768152938128
110-73-6,2-(Ethylamino)ethanol,1.3483724265348795,1.323339163730847,0.4101889724677152,0.3646302096836036,2.7023332312080766,0.6854227623174074,2.2036183320046794
110-75-8,2-Chloroethyl vinyl ether,0.9234919411377664,0.9031731720400992,0.37537730625696747,0.17915411273535325,1.7905014837485813,0.23444965348419267,1.573452309387366
110-77-0,"Ethanol, 2-(ethylthio)-",0.4671019617090999,0.5033170044236153,0.5624417579572443,-1.2798290233880063,1.8465760958842394,-0.5849843824266827,1.3909254092909789
110-80-5,2-Ethoxyethanol,1.4317243440484164,1.447053022969932,0.48219043343119067,0.296422577549653,2.7626526476005653,0.5504409998080793,2.431874482179502
110-81-6,Diethyl disulphide,0.007976808159889636,0.009611311297558545,0.5517464257482704,-1.3878400627693175,1.297168058623745,-1.0974846899417978,0.9359915232143134
110-82-7,Cyclohexane,0.691116549341966,0.7037453801383428,0.21342063545084008,0.030643290674646658,1.077263424348255,0.15797488400275253,1.026500984527215
110-83-8,Cyclohexene,0.489361856402464,0.5133506096697957,0.3578048137192378,-0.77663302189529,1.33128606801832,-0.35626005711289704,1.0679363426565236
110-86-1,Pyridine,1.2721678486134216,1.276798437829608,0.13803337624326625,0.9503853011435455,1.521296239823293,0.9920929922412172,1.50119193290776
110-88-3,"1,3,5-Trioxane",2.2318935211334723,2.1673560637946134,0.4146591030841689,1.3931742487231689,3.1219374882095243,1.4469458282242091,2.965575333741
110-91-8,Morpholine,1.3584590298628099,1.3490334932744923,0.22029077918475487,0.7126095787302859,1.8423336891855484,0.9354110323867265,1.7649003319967895
110-93-0,6-Methyl-5-hepten-2-one,0.5267738740221194,0.5636193063145821,0.41183842979711166,-0.5222115374006917,1.6448498146677035,-0.25243189580957776,1.2054137437922832
110-94-1,Pentanedioic acid,0.7092205740216907,0.7578654958950231,0.4291018800630811,-0.6069463251375588,1.708307858715825,-0.09623784987939335,1.4761621707032506
110-95-2,"N,N,N',N'-Tetramethyl-1,3-propanediamine",0.6201877727862035,0.5543385572732522,0.5571969254425956,-0.5534952181366172,1.9868167564095491,-0.49820732032378745,1.6948060316445137
110-96-3,Diisobutylamine,0.5682614622969926,0.5832305297220977,0.4116084212796634,-0.4129568063573772,1.3957272498678532,-0.2735213294509855,1.3333146660331445
110-97-4,Diisopropanolamine,1.0680254726765985,1.1060163394072826,0.38613746366658386,0.13295927653601292,2.1294624215104707,0.3049251950073359,1.7142508258914222
110-99-6,Diglycolic acid,0.605920678407356,0.6110299271804882,0.3765985407931832,-0.35994467146162906,1.4308666235003007,-0.023409467281390598,1.2370284057902425
110488-70-5,Dimethomorph,0.06752409450263543,0.06179448155797068,0.21451986811596424,-0.5798479095805502,0.6510503885814675,-0.27712867644812356,0.45200690397318827
11071-15-1,Antimony potassium tartrate anhydrous,-0.9110787070233198,-0.9533129421611921,0.5185945633213679,-2.2176584033129974,0.4255904813098974,-1.814712307172609,0.14984995352760092
111-13-7,2-Octanone,0.4274017438482769,0.4130157780639548,0.26490653535526176,-0.16388251249419727,1.2695527012117453,-0.042887726539772866,1.141518398002839
111-15-9,2-Ethoxyethyl acetate,0.7428741053378976,0.7520725286649468,0.1419766287948881,0.39760585117617603,1.0915905071048828,0.46839636230277226,0.9852570693303685
111-18-2,"N,N,N',N`-Tetramethylhexanediamine",-0.012216023999721017,-0.05363614222837956,0.38786837279742375,-0.6994789262020829,1.0088006301289287,-0.6530951159300153,0.7157574803277315
111-25-1,1-Bromohexane,-0.32865726140699847,-0.3081364731136127,0.4050329450989011,-1.537847614516385,0.5136036310274675,-1.0914960218567562,0.4336783275621742
111-26-2,Hexylamine,0.4620434624310263,0.41171660353139417,0.366134808165827,-0.35467602113485847,1.4025226254956473,-0.20069657845671185,1.1230595202612383
111-27-3,1-Hexanol,0.8627990466446677,0.8581013262474345,0.1976890630006738,0.4569387977828631,1.3642420971120253,0.5030662719041656,1.20951763437055
111-30-8,Glutaraldehyde,0.2709847218446881,0.27766562475310386,0.267496429832202,-0.42824478012860023,0.855850740650754,-0.24485539871587533,0.7656185380359293
111-31-9,1-Hexanethiol,-1.0958882162270824,-1.0618435091068394,0.2843811149613293,-1.8079448943370593,-0.44047572099295484,-1.649586065264546,-0.6145547035805083
111-40-0,Diethylenetriamine,1.3755373280148748,1.3781723564568713,0.2978646517676092,0.5784468140800045,1.9474281494083536,0.6846254263245085,1.877729534609878
111-42-2,Diethanolamine,1.1751615563903919,1.1547816837816707,0.27016663433418425,0.45355536241990835,1.8101615703713962,0.6555945469735414,1.6744204299683587
111-44-4,Bis(2-chloroethyl) ether,0.8638906371330632,0.880118072343803,0.4233709728935854,-0.12426523634050837,1.8144017276935784,0.048675608439004495,1.6906489558744509
111-46-6,Diethylene glycol,1.0929178399993165,1.1217932647849396,0.5120746020057658,-0.8012873863520248,2.4042320829635244,0.0876284977562714,1.902601287060053
111-47-7,Propyl sulfide,0.17229653753143212,0.13048633733890866,0.44339260225261634,-0.9988765175294991,1.4543382281319346,-0.6691714440969526,0.9715327391964913
111-55-7,"1,2-Ethanediol diacetate",0.6572636927164333,0.6278633394414741,0.32723817947867906,-0.14773638892330593,1.4992272434980431,0.06708312119083322,1.2834666296970796
111-66-0,1-Octene,-0.19335238969485735,-0.1362599419315585,0.32437612308209157,-0.8925094403001493,0.49256178523634236,-0.8075527536781697,0.33687985452184366
111-68-2,Heptylamine,0.3456544772394785,0.34201339081019166,0.3538999433138334,-0.6624621682194244,1.0920117432817946,-0.43346369503721516,1.0152335268580706
111-69-3,Hexanedinitrile,1.1096122177732095,1.2387132407918715,0.5543303713742773,-0.20125505219575504,2.033471349273934,-0.10680268678252669,1.87057188053168
111-70-6,1-Heptanol,0.6840767501587294,0.6595479591997474,0.15789409895603623,0.26343813310993974,1.023636677667272,0.3771674197505044,0.9926383648186574
111-71-7,Heptanal,0.3452575832078789,0.3289937601349769,0.6169171426811021,-0.9854308149847634,2.3730946581832177,-0.6717561738512103,1.5039695824597514
111-76-2,2-Butoxyethanol,1.4244254514188348,1.4894117847626926,0.22382190231535196,0.8845631793133708,1.7854900139745462,0.93321552261849,1.7388174779218066
111-77-3,Diethylene glycol monomethyl ether,1.5652707374024724,1.538018146496634,0.4517416036735185,0.6840391844639426,2.5583608120765624,0.7727030867023476,2.364163309243382
111-78-4,"1,5-Cyclooctadiene",-0.04646855433905328,-0.0078066944323389904,0.4312339585311346,-1.1021880529100927,1.1901456237935695,-0.9462561566169703,0.7356323136979697
111-83-1,1-Bromooctane,-0.7117452379329532,-0.7183645583348146,0.43459724971749725,-1.662580442417714,0.32559430624135305,-1.5810448759061362,0.1276666302097194
111-86-4,1-Octanamine,-0.2675346669584987,-0.26420820919094146,0.3895938221193765,-1.4500336353171945,0.6695308649430919,-1.0890004030735476,0.3634211477785053
111-87-5,1-Octanol,0.264020728022518,0.2501844163248629,0.10384422305089083,0.06179988491631518,0.5472306995720573,0.08404723505228034,0.44267233416797347
111-90-0,2-(2-Ethoxyethoxy)ethanol,2.2948511466290626,2.2358966434465657,0.3335281372920741,1.6983010800581022,2.9456657968174023,1.7594562740160276,2.85938611710238
111-91-1,Bis(2-chloroethoxy)methane,0.7126136478402416,0.6576142903141514,0.4248449688958047,-0.2841238313700334,1.6666931649181502,-0.1464154288716823,1.468347380670757
111-92-2,N-Butyl-1-butanamine,0.33806377873008064,0.35287753088280727,0.3899621309818294,-0.992833996296818,1.0640763924995151,-0.5376111940059634,0.8818139747423346
1111-78-0,Ammonium carbamate,0.46213008057094673,0.387823576279559,0.44935332773392284,-0.4200939203828723,1.407945607822235,-0.28980420707568916,1.3739030547753257
1112-38-5,"O,O-Dimethylthiophosphate",0.3313864941829843,0.31625985290386516,0.3853142339050709,-0.5892749581466717,1.4762539420213425,-0.4154524287100624,1.1636026677009672
1113-02-6,Omethoate,-0.21385047943992647,-0.20613503693154506,0.2590553565402461,-0.9260284263777275,0.3759159630320109,-0.6671990269497318,0.3110889853375366
111353-84-5,Ethametsulfuron,-0.2684127559617677,-0.3900231525095378,0.6290633074196823,-1.5299123397661667,1.1902361545261602,-1.2474764167259913,0.9225384541435036
1114-71-2,Pebulate,-0.09277119409572004,-0.09384670153648142,0.1723640632589648,-0.5291900809253967,0.22777797120212487,-0.4760101384759975,0.17666625853972798
11141-17-6,Azadirachtin,-1.0768757204984523,-1.0737010266084859,0.2525763233341707,-1.5985519233415215,-0.4844997840780394,-1.5604218050596965,-0.6050815067540398
111470-99-6,Amlodipine besylate,-1.5081637364354072,-1.4672566937595124,0.5873851020318184,-3.01378766925422,0.5341475747647935,-2.823507346629263,-0.5156947071459275
1119-46-6,5-Chlorovaleric acid,0.5404861270769107,0.5483952643156418,0.6013629652324296,-0.7719306493956938,1.7946174832697224,-0.6037257368480469,1.7292845525585063
1119-94-4,Dodecyltrimethylammonium bromide,-0.00026683597868257746,-0.045585757420246634,0.5203469661374004,-1.0163177902857674,1.1573752094536764,-0.890753058902348,1.087675433844971
1119-97-7,Tetradonium bromide,-0.3758828567112495,-0.3751443703138874,0.4699714510536704,-1.6525119437388467,0.5423336400355419,-1.3019880477034271,0.4033624447995916
111988-49-9,Thiacloprid,-0.3924795512090541,-0.41353336370387045,0.25423511805119464,-0.9609790322979502,0.14717354260540472,-0.8229099548986304,0.06379870937837989
111991-09-4,Nicosulfuron,-0.6824746492266354,-0.5916912276350235,0.5501840407627392,-2.464530732832326,0.7005022819736495,-2.218903041297194,0.19146077074043544
112-00-5,Dodecyltrimethylammonium chloride,-0.8043533037070959,-0.7769123789121368,0.4388090445501002,-2.1164295409432747,0.11927755561625372,-1.7796364921838685,0.017204405661533098
112-02-7,Hexadecyl trimethyl ammonium chloride,-1.1706349125927147,-1.131646333786196,0.32196973242265736,-2.1822891668405933,-0.4056398930611446,-1.7967817319805945,-0.6904471490575439
112-03-8,"N,N,N-Trimethyloctadecan-1-aminium chloride",-1.7172002661977135,-1.7247512759036197,0.5356907936789806,-2.9433336318935357,-0.5482239831110751,-2.8257110584455973,-0.6828807939519828
112-05-0,Nonanoic acid,0.6337326162411155,0.6368220842675889,0.3730089067950829,-0.37613237604701716,1.445305349149866,-0.2292622694325147,1.2727744718055238
112-12-9,2-Undecanone,-0.6167546511015981,-0.5668678535070286,0.32644819796876723,-1.428837519415349,0.2128212429385311,-1.3127823400921101,0.0866669145485108
112-13-0,Decanoyl chloride,-0.02813299915730392,-0.023217974632872035,0.5011086583042879,-1.439941717163431,1.1224553333835194,-1.0264238156697794,0.9133678969188942
112-18-5,"N,N-Dimethyldodecan-1-amine",-0.8724727649014266,-0.8560349817019476,0.5423353314624788,-2.181271124380578,0.33220844029242386,-2.0007507363175314,0.055255414447637465
112-20-9,Nonylamine,-0.5597883237471181,-0.5070238368557649,0.31744144583933426,-1.4337873962588388,0.1136374361155512,-1.2946844467308003,-0.1305590625780747
112-24-3,Triethylenetetramine,0.39188403012261425,0.4397641309875969,0.4390128852516956,-0.7485876572257583,1.1218553377757592,-0.46763055329685044,1.102936916152355
112-27-6,Triethylene glycol,1.8794140228036584,1.886490419941366,0.39178010508946043,0.975831741047539,3.1058427152125665,1.1254106993653676,2.6310274199111716
112-29-8,1-Bromodecane,-0.5672415008886884,-0.569430532396627,0.3529634794853545,-1.4962561626474546,0.32364282042062426,-1.2270835421861812,0.057535525806659896
112-30-1,1-Decanol,-0.41181997320961516,-0.3678107871648657,0.2544914787800596,-1.1131276313621234,0.06755476551704855,-1.0173559782629522,-0.006484371974764921
112-34-5,2-(2-Butoxyethoxy)ethanol,1.3884268256911654,1.3986826338733107,0.23382415658134031,0.800538702295666,1.791197579860738,0.9359506366663808,1.755197838468577
112-36-7,Diethylene glycol diethyl ether,1.2350447752332143,1.26052801793591,0.4502770634834551,0.04721343847700862,2.229094236009175,0.26655979694525855,1.9685312494805014
112-38-9,10-Undecenoic acid,-0.2200101175553364,-0.2574879842746137,0.5133049464204009,-1.619141684182539,0.9317873198605279,-1.1505019529879434,0.6382832657030597
112-42-5,1-Undecanol,-0.6305890566909893,-0.6327193985106992,0.32431894359318914,-1.30341917121076,0.14224311476006385,-1.2379753178596693,-0.07768339922366743
112-52-7,1-Chlorododecane,-1.436856774025356,-1.451963927240517,0.4407160129751899,-2.639467265253516,-0.2876483132523709,-2.396096843468872,-0.60326665585039
112-53-8,1-Dodecanol,-0.7013408559268818,-0.6962182152869425,0.3109086064846976,-1.4699001163598553,0.06572145850663792,-1.2968211035098896,-0.15589245344246708
112-56-1,2-(2-Butoxyethoxy)ethyl thiocyanate,-0.10465987381279986,-0.08915730156727222,0.24337723782556564,-0.6784671560739457,0.4032700096178233,-0.600379583164453,0.3208649087068059
112-70-9,1-Tridecanol,-0.2970274678259936,-0.30806500866343167,0.4422331897481642,-1.4109201739571213,0.6864608553022313,-1.1792321029280597,0.5252537871150175
112-73-2,Diethylene glycol dibutyl ether,0.2560059676206391,0.23425192345061424,0.35537150092209147,-0.5790128656716234,1.062477758375125,-0.49831968540313265,0.9266174402881445
112-80-1,Oleic acid,0.0822060581574293,0.11408436639659161,0.2914035035524743,-0.6873063801735294,0.7713001844040741,-0.472638439366126,0.5829390762718865
1120-01-0,Sodium hexyldecyl sulfate,-1.223594976191515,-1.2203990836884586,0.3392989325545266,-2.0134951688378773,-0.37119957256332714,-1.930888315204639,-0.6831132859692952
1121-37-5,Dicyclopropylketone,0.7687782303066301,0.7476951903628801,0.5945890430577121,-0.9523155367729639,2.1839900351823633,-0.33979409291397117,1.810397061410199
1121-60-4,2-Pyridinecarboxaldehyde,0.45433416739053634,0.4537763946312293,0.5134386914605211,-0.8109060064374202,1.516985736936627,-0.7227805491423525,1.4013970711245267
112143-82-5,Triazamate,-0.9263181963553312,-0.9183683227164117,0.3392204847729683,-1.9838110275533793,-0.17407480033259756,-1.5057884460807123,-0.40104506831757475
1122-54-9,4-Acetylpyridine,0.6235841503096682,0.6278589142137367,0.3909068332549188,-0.4066552845896627,1.4622844700021604,-0.09470525438610612,1.3525541173579851
1122-62-9,2-Acetylpyridine,0.7813602535208319,0.8538050498148197,0.6070139678197822,-1.1713039104489975,1.8359018758125143,-0.4017124937491226,1.7261920052294921
1122-82-3,"Cyclohexane, isothiocyanato-",-0.18188250181858387,-0.23124531731705097,0.5229453888779259,-1.3928245660004697,0.9188636561884611,-1.1614231194146998,0.8160144035015747
112225-87-3,"1,2-Dibenzoyl-1-tert-butylhydrazine",-0.8153911272230837,-0.815036708247755,0.44731125663125243,-2.010048413238391,0.16488605451479846,-1.6958289631052754,-0.07611430905727598
112226-61-6,Halofenozide,-0.4435239796324062,-0.4273988226962261,0.4371017161254402,-1.6603812124192465,0.9777356267133436,-1.2417978091186421,0.2240210386972779
112281-77-3,Tetraconazole,-0.6477299793055847,-0.6379760430226598,0.29772664710214286,-1.3573687431469454,0.0042724714581358625,-1.2411638195189982,-0.10796688366616397
112410-23-8,Tebufenozide,-0.9534733437901077,-0.9509582321520925,0.30824135290591187,-1.6818907606973093,-0.017245806010803763,-1.5049105015681803,-0.3041627337400679
1126-46-1,Methyl p-chlorobenzoate,-0.059518776768452214,-0.09426727718352104,0.3515656533568213,-0.6840666379206564,0.7158175662028502,-0.5865122287310783,0.6896067951756985
1126-79-0,Butyl phenyl ether,-0.3097846312730104,-0.3082393911365702,0.3566264755024799,-0.9902782264720338,0.5085005964614417,-0.9388458764701482,0.41775173462788806
1129-35-7,Methyl 4-cyanobenzoate,0.22613388402569418,0.23106643718767816,0.43229528396455763,-0.9505029168499555,1.0231320323450477,-0.6809652750368279,0.907356698959068
1129-41-5,Metolcarb,-0.2398298518369916,-0.2592235795657333,0.2515229942262616,-0.8244252310711101,0.3510670564354,-0.6308912805873053,0.21306703745789585
113-00-8,Guanidine,1.042359755855951,1.0462651412639978,0.7808138802985214,-0.5380675680006675,2.655578749810648,-0.32790556480760724,2.4715554688087256
113-48-4,MGK-264,-0.6971641512789959,-0.6632855432922831,0.40441677169032125,-2.0636534514670566,0.22511316615554292,-1.435890719713379,0.02731469293005038
113136-77-9,Cyclanilide,0.07929717744558452,0.07296794887310384,0.29880927937265317,-0.5556981236877323,0.94587051116367,-0.47455014950483737,0.6520469716525822
113158-40-0,Fenoxaprop-P,-1.2103602023517717,-1.2046941310317627,0.3632424315996342,-1.888087572954371,0.39404011384284054,-1.8568239074739912,-0.49525002446904787
1134-23-2,Cycloate,-0.5286899630567017,-0.5159415076966065,0.2785703264040074,-1.0243053372953672,0.06521611014792345,-1.0105992719056398,-0.010771158650921792
1135-99-5,"Stannane, dichlorodiphenyl-",-0.9610408417465791,-0.9765496969683096,0.531280329534948,-2.7606811642844575,0.46560044805071893,-1.915262988371923,0.043896307583781186
1137-12-8,(+)-Longicyclene,-0.8719102121442578,-0.9347961536949175,0.4724548436533075,-1.8910744061242184,0.39854336031224585,-1.668294538554458,0.10224372871722838
1138-52-9,"3,5-Di-tert-butylphenol",-0.4742159210552124,-0.4239625380800828,0.4595840171271569,-1.669126374251038,0.8148183547443828,-1.3914329562315417,0.22978217213843052
114-07-8,Erythromycin,-0.4084536742105739,-0.38719614557795895,0.2744840242668405,-1.2073684321755571,0.49139276059521825,-0.9822198189353428,0.11338951383893173
114-26-1,Propoxur,-1.031301909907589,-1.0218864489031554,0.1557516177974662,-1.4324175021917414,-0.637531403410274,-1.3362804738145564,-0.7452309807642495
114247-06-2,(+)-(S)-Fluoxetine hydrochloride,-1.284805607756222,-1.3392697818873476,0.4134584199800079,-2.375610002460512,-0.23302732035221652,-2.0742344497611205,-0.42587417772299657
114247-09-5,(-)-(R)-Fluoxetine hydrochloride,-1.0854754516713225,-1.0997784399623614,0.34911262900378826,-1.8114707846646185,-0.17719381563817824,-1.6909223536851503,-0.38382759219366436
114369-43-6,Fenbuconazole,-0.7265669127628754,-0.7292697809101785,0.29906925181787103,-1.5723927769949924,0.022069352808709232,-1.3266484808789072,-0.13785929063632124
115-09-3,Methylmercuric(II) chloride,-2.2473765994545905,-2.254786580342973,0.1313235369089251,-2.5715479741751706,-1.9538728093305555,-2.506084454697135,-2.0380073755459236
115-19-5,2-Methyl-3-butyn-2-ol,1.5308884987200049,1.510662866794923,0.4718787588020671,0.22148021422292427,2.599340031128887,0.5901611996171534,2.3104943315069466
115-20-8,"2,2,2-Trichloroethanol",1.1907155567329042,1.1878466252668722,0.13351969170898137,0.947238135031769,1.5777986318827733,0.9575869182246525,1.4942234423634564
115-29-7,Endosulfan,-2.9900550604459584,-2.990467151490635,0.06223403723419257,-3.115424375968616,-2.8420289495494306,-3.099779344996701,-2.869666915978388
115-31-1,Thanite,-0.8323522188842287,-0.8357568492752412,0.20736633793147888,-1.2338766193305257,-0.3170812863702236,-1.1485425728068923,-0.3981902120111456
115-32-2,Dicofol,-1.1130073940511498,-1.1299369076113757,0.1517202301513572,-1.3734145582905388,-0.6364414377539159,-1.3415404384360647,-0.8075826613886774
115-77-5,Pentaerythritol,1.6416550635107483,1.6535627267565156,0.4587578473000708,0.4205833040405585,2.6845767883954386,0.7480638524747125,2.4247090352047
115-86-6,Triphenyl phosphate,-1.0181808346484902,-1.0165209618423947,0.18247594191490538,-1.6880614935864806,-0.6701607954893252,-1.3576465402457198,-0.7061542862341376
115-90-2,Fensulfothion,-1.1439229665594524,-1.1326849436543558,0.2242727650004407,-1.9872693386448517,-0.72820889981274,-1.5698001195596063,-0.7783173064676876
115-96-8,Tris(2-chloroethyl) phosphate,0.4617259012843611,0.4738066373167367,0.28686445435717384,-0.3928075823039516,1.04592517568746,-0.13371893322451586,0.9511565248208305
115104-28-4,MK-571,-0.7057006455014658,-0.7376293264550996,0.5820909378080497,-2.670613899672528,0.8303928657317199,-1.7218989017907933,0.42403307602709644
115550-35-1,Marbofloxacin,-0.14726108683053243,-0.10637736910330856,0.44654088724631424,-1.306956732108447,0.7364859124661468,-1.073752905224185,0.5791288845605069
116-06-3,Aldicarb,-0.9895903376860715,-1.0172260201760022,0.1797611265345565,-1.312456708199006,-0.5487797581497788,-1.2737922221529046,-0.6804425225600582
116-16-5,Hexachloroacetone,0.07926111751904169,0.038434295540575175,0.6063580912403553,-1.2503313717112,1.5669446056746583,-1.0138169001382489,1.2664924958938073
116-29-0,Tetradifon,-1.0334909889247899,-1.0354133343876695,0.23025097335609146,-1.6486559158781817,-0.5306630151084967,-1.4299170146032856,-0.5844421134907084
116-54-1,"Acetic acid, 2,2-dichloro-, methyl ester",0.2912509216877,0.19810116531917382,0.6625605013733192,-1.200494241378239,1.9606613330810658,-0.7833778499183651,1.7123201387090587
116255-48-2,Bromuconazole,-0.730206728432902,-0.712668721413289,0.25045959693980796,-1.325188660752504,-0.08644766161562549,-1.1646394306436731,-0.30093600912659413
116714-46-6,Novaluron,-1.8134067741856177,-1.8099107859489938,0.4395478495967179,-2.8915723956090678,-0.27552820416673984,-2.6806299679282692,-1.021145959202229
117-10-2,Danthron,-0.5381044691350378,-0.45613334713834425,0.40025105666722355,-1.7177789871700373,0.22492682915547701,-1.358224117785486,0.13269724769076974
117-12-4,"1,5-Dihydroxyanthraquinone",-0.4255004690043344,-0.3993722436312615,0.40975713859671886,-1.3835422403193958,0.6247081280763829,-1.1867459340866453,0.3351195196084644
117-18-0,"2,3,5,6-Tetrachloronitrobenzene",-0.9851474973036943,-0.9510002573311507,0.29133446525725776,-1.6687688171159638,-0.3980777468227956,-1.5166831234595317,-0.4859001102238949
117-79-3,2-Aminoanthraquinone,-0.6786671631867175,-0.6811083585233805,0.5015505994562152,-2.1604901115266073,0.5356925905719462,-1.69403170514237,0.1986065046385309
117-80-6,Dichlone,-1.7274454140739197,-1.7228949723902172,0.12252086756366672,-2.0698568717889154,-1.455159432261973,-1.9494864626714548,-1.4970697125019539
117-81-7,Di(2-ethylhexyl) phthalate,-0.22533247534583745,-0.2106962958297855,0.341494114685714,-1.0997370143335068,0.7178880815634392,-0.859614853925865,0.5492487956203836
117337-19-6,Fluthiacet-methyl,-1.4893048626234313,-1.4543265492471558,0.3031249425899956,-2.315954797751618,-0.9092605943314129,-2.151163091693215,-0.9825854250644844
117428-22-5,Picoxystrobin,-1.430483272631445,-1.404603570023761,0.5711814151137796,-2.870023060402112,0.1458827887471636,-2.5839850041931864,-0.5208757219760267
117704-25-3,Doramectin,-3.8435400454304793,-3.8596352065541257,0.6215735080397918,-5.035290684361098,-1.5152385802576032,-4.943502022431472,-2.747766622779649
117718-60-2,Thiazopyr,-0.5573131857745462,-0.5918501890746672,0.3101594930472491,-1.3885832883730658,0.1031221105622721,-1.1167236461878285,0.006239923469236668
117932-73-7,"2,2'-Butane-1,4-diyl bis(4-hydroxybutyl) dibenzene-1,2-dicarboxylate",-0.1471469771237498,-0.09633014420385785,0.5155203645543938,-1.5838093623441416,1.0910042889870393,-1.2863698909791406,0.8656599091918362
118-41-2,"Benzoic acid, 3,4,5-trimethoxy-",0.7755157402601748,0.7437567050027467,0.4416885889347389,-0.18154149508227035,1.6461834016983152,-0.06310153561806316,1.57888975489246
118-44-5,"1-Naphthalenamine, N-ethyl-",-0.4022147706518349,-0.35196338419310425,0.4301241292232665,-1.4909095646419432,0.8646678858428242,-1.18237747754549,0.41392094087023307
118-52-5,"1,3-Dichloro-5,5-dimethylhydantoin",-0.44780354789516297,-0.4240913073732965,0.3067476000966192,-1.325514664369915,0.3349393001937241,-1.1724695321912528,0.12097862708393163
118-55-8,Phenyl salicylate,-0.7498990515646494,-0.712727987187285,0.37036891116018833,-1.6846021279125234,-0.001232272286097022,-1.5717385944162827,-0.13236117032412015
118-61-6,Ethyl salicylate,-0.2310018186977117,-0.1910938946054052,0.39054392847352926,-1.1635500732392448,0.6205921337864818,-0.9733922389996105,0.499066496777452
118-74-1,Hexachlorobenzene,-0.9186084583414765,-0.8925533343215439,0.36752579801602037,-2.3325674710120885,-0.060264935776735154,-1.6454317992374825,-0.3565953327361151
118-75-2,Chloranil,-0.4267772757216294,-0.42235434564930197,0.473656303016468,-1.9419853234618207,0.7154662931151355,-1.4622673791328629,0.4116996516959978
118-79-6,"2,4,6-Tribromophenol",-0.7417700516117252,-0.7186885148858972,0.29887196942682537,-1.6587458406792883,-0.1014731340201092,-1.4801755395872773,-0.21629398189372212
118-91-2,2-Chlorobenzoic acid,0.243767657997029,0.30187597491107443,0.5181123401897246,-1.4331659178268656,1.358822554432952,-0.8907922798256764,1.0638928200310867
118-93-4,2-Hydroxyacetophenone,0.45191890648003297,0.465752365854561,0.3862834360733683,-0.8016722253198996,1.3418927003532677,-0.41854855190741447,1.1533418079988484
118-95-6,"Isopropyl-4,6-dinitrophenol",-0.9583502419891794,-0.946564649428689,0.3378237359269711,-1.7820070493875737,-0.0011374543975969478,-1.5960018945673133,-0.2848701423794368
118-96-7,"2,4,6-Trinitrotoluene",-0.18367363227631867,-0.19699155453089945,0.12655824019780595,-0.4911767230536878,0.08834654002865355,-0.4201544420725442,0.060373661295518126
118134-30-8,Spiroxamine,-1.6672594267940908,-1.6441274889322848,0.38504278041544954,-2.674862085275084,-0.8685147758558602,-2.4642438269624822,-0.9725690811073449
119-12-0,Pyridaphenthion,-1.4860397004603971,-1.5202167372424147,0.32722478294051777,-2.155480081442153,-0.6778777889687696,-2.024874368609877,-0.8072790280526125
119-27-7,"2,4-Dinitroanisole",0.4217894027824409,0.38763390522840546,0.3520100137535819,-0.4894368982298072,1.4636444095099663,-0.26030969715635877,1.1305174827266977
119-32-4,4-Methyl-3-nitroaniline,0.17683925868938044,0.17069021781993604,0.28838534494661483,-0.7915537886172228,0.9863551121694754,-0.3194738754832487,0.7511896062307638
119-33-5,4-Methyl-2-nitrophenol,0.26961073072921543,0.29129650075173896,0.4245015642525875,-0.5325765493819467,1.2949329799570675,-0.47641237302787,1.1180230006065188
119-34-6,4-Amino-2-nitrophenol,0.1982101224246531,0.18605669902322153,0.34992641255625834,-0.5544133203215275,0.9861580063603261,-0.3952374588151628,0.9519081499668878
119-38-0,Isolane,0.13145817156527453,0.2234177989051303,0.40838119733473466,-1.1112207779527703,1.079431471211132,-0.70194031419655,0.7166737647833968
119-61-9,Benzophenone,-0.15745105663898498,-0.17802301045011998,0.3196322704401938,-0.9345006763570228,0.5263941477277548,-0.7258154477359622,0.37554153488525827
119-64-2,Tetralin,0.05569318039697341,0.04048695914211113,0.43270171219006176,-1.2892478174346171,1.1444082412992311,-0.7288167163237788,0.8828561647753191
119-65-3,Isoquinoline,0.2902016689536179,0.31127073521484355,0.3470124084217826,-0.554703909558029,1.388932201131541,-0.43003659487008883,0.9048381939335122
119-67-5,"Benzoic acid, 2-formyl-",0.3614837085382947,0.3645676129981135,0.40206981303212613,-0.9294523938095226,1.2800524700160905,-0.5599172590566709,1.1376833346607842
119-90-4,"3,3'-Dimethoxybenzidine",-0.28396095900472124,-0.29505389147871985,0.4895200457032691,-1.498829487085476,1.0296452534796419,-1.176495470291206,0.7927953890670996
119-93-7,"3,3'-Dimethylbenzidine",-0.5493716899979588,-0.540909615484477,0.3826500302683824,-1.444021609777665,0.25628888310772496,-1.2352335140342823,0.15439285987706014
1191-50-0,Sodium myristyl sulfate,-0.8055924580628588,-0.7891472594064812,0.30446223531311295,-1.6383608822518472,0.07580312215572486,-1.3168432588532846,-0.2602269660915979
119168-77-3,Tebufenpyrad,-1.8101476727457908,-1.8282158058994793,0.24308996745620723,-2.3413807177363934,-1.2288853701397204,-2.268318033095016,-1.3124908916402689
1192-52-5,"4,5-Dichloro-3H-1,2-dithiol-3-one",-0.7602668617900418,-0.7512692101864067,0.48848374493043334,-2.031045823144955,0.46519725765364794,-1.7323476272334368,0.102775409920828
1192-89-8,"Mercury, bromophenyl-",-0.5670312282181754,-0.5246772253955942,0.26550182473819844,-1.2175606060935167,-0.02100052023604165,-1.0922805814591123,-0.11286773421590775
1194-65-6,Dichlobenil,-0.10525892675180921,-0.11219722513209138,0.11703664155681771,-0.3495879814492013,0.1353293406196791,-0.32773336289924115,0.08667656462851592
119446-68-3,Difenoconazole,-1.6202716029718627,-1.6367381701533323,0.31885640712076097,-2.541864106690291,-0.8467349853301599,-2.3235221142600526,-1.061201039802926
1198-55-6,Tetrachlorocatechol,-0.7437898856802518,-0.7430371255027559,0.30650331054373786,-1.480627488121927,-0.04297512059900751,-1.3653127076831888,-0.19263943683226117
120-07-0,N-Phenyldiethanolamine,0.8928205820542334,0.8893970337311133,0.4036584454852267,-0.021886571450543277,1.7679070849780325,0.11319049234883377,1.5819994336735612
120-12-7,Anthracene,-1.4629220236747882,-1.4412640130265597,0.24679157297538823,-2.165478952777766,-1.003402704377796,-1.9391654044080557,-1.0192311937393612
120-18-3,Naphthalene-2-sulfonic acid,0.6050674758796483,0.6041940248656692,0.30933956282819725,-0.18032272065045016,1.341376905019017,0.016761161880907816,1.199585458516202
120-21-8,4-(Diethylamino)benzaldehyde,0.003975041457024122,0.07609857944916966,0.43761057925109936,-1.1425694064605194,0.9744988498607803,-0.9406339996294403,0.6757759774118275
120-32-1,Clorophene,-0.9487045198250967,-0.9175542623779948,0.3643768484390868,-1.8654516548868405,-0.18585593859136917,-1.6579698245700853,-0.279345705708802
120-36-5,Dichlorprop,0.3264861122257403,0.3710765331576504,0.2964366044004862,-0.5854389062230548,0.8604960940116623,-0.32659234328712333,0.8278141199750461
120-47-8,Ethylparaben,0.17348725406046925,0.17857219844911776,0.3858450423041205,-0.7270651058962271,1.0024670729013256,-0.4762041696554152,0.90983967074592
120-51-4,Benzyl benzoate,-0.39107357178441804,-0.3978045454738893,0.26264038633263453,-0.9442915303807128,0.8001204059994645,-0.8490836211974159,0.09008818336607587
120-62-7,Piperonyl sulfoxide,-1.1435090119226017,-1.1801178696500314,0.34956673083442547,-2.0936839651440518,-0.07333028702039276,-1.784169941974969,-0.47225597504455763
120-72-9,Indole,-0.11503787624578715,-0.12393068982016583,0.4485418973547855,-1.156995404371934,1.3820653994393957,-0.9219440309219528,0.8032084101733535
120-80-9,Catechol,0.16414796848819865,0.19894554026223576,0.360032083471918,-0.6922306659040929,1.1643876336743813,-0.5249776201648821,0.7510940912833601
120-82-1,"1,2,4-Trichlorobenzene",-0.4599131963910669,-0.44718311958296253,0.1999099492268431,-1.1303428601809997,-0.007958725294721521,-0.9157496505121333,-0.10508249886566207
120-83-2,"2,4-Dichlorophenol",-0.21705468738937406,-0.21718702870091414,0.12673589485829811,-0.5591692122252452,0.08257613981015353,-0.44705212746719925,0.02040439349288764
120-92-3,Cyclopentanone,1.549994582001284,1.519903332343767,0.3340327323706307,0.40281349117309534,2.1771184927898366,0.9256763669839634,2.1631129651030934
120-93-4,Ethylene urea,1.8755651633406407,1.931093302112287,0.3632349966825817,0.8827754426237685,2.7038330910785686,1.0956820844198636,2.4498156599624705
120-94-5,N-Methylpyrrolidine,1.3207766265356329,1.2895662259712317,0.36472331677072206,0.39387447617921767,2.042313840712706,0.5909149962770186,1.9820981080581757
12002-03-8,Copper acetoarsenite,-1.316536917354669,-1.4405628726705548,0.576289255454839,-2.6858155177724945,0.1780739858337266,-2.2991415816841494,-0.17598372033247936
120068-36-2,Fipronil Sulfone,-2.502395866855996,-2.4949449415602984,0.29432673599336584,-3.2154767571763068,-1.8619374452603146,-3.1533388369324835,-1.9486852433533755
120068-37-3,Fipronil,-2.406897517713984,-2.4085336186802793,0.12191311057408265,-2.6573810096905683,-1.9970856823426615,-2.597348480961503,-2.1619635238367203
120116-88-3,Cyazofamid,-1.3250679520127915,-1.3513912678513553,0.3769179521587194,-2.1551350573104617,-0.24663817769857788,-2.0066893669453143,-0.6125011257588687
1204-21-3,"alpha-Bromo-2',5'-dimethoxyacetophenone",-1.522016861520599,-1.495863689859958,0.31947743258714084,-2.1208340848843115,-0.9504825497615791,-2.055545101530327,-1.0187217798249844
12071-83-9,Propineb,-0.5408595989895381,-0.5032142475090066,0.49393793733835123,-1.937788881641286,0.5425029668008181,-1.5259816192320188,0.37200836130230236
120928-09-8,Fenazaquin,-1.428223984925595,-1.4058382800205238,0.40261843568610023,-2.3896346069420877,-0.25692663624167017,-2.1083274351405006,-0.6686889674989619
121-05-1,"1,2-Ethanediamine, N,N-bis(1-methylethyl)-",0.536598919169777,0.5153511095508585,0.5343928888091488,-0.6758653501133449,1.9818783818211947,-0.5245057243705554,1.684279422411033
121-14-2,"2,4-Dinitrotoluene",-0.16382611541975853,-0.18287538035902118,0.13041527037606204,-0.43140588664896595,0.09944620879784942,-0.4034662587391718,0.08954976216833728
121-19-7,4-Hydroxy-3-nitrophenylarsonic acid,0.18192121254400476,0.22985178169879278,0.5049065893476422,-0.8234297079368513,1.3318126134381114,-0.7342261753233931,1.0085144678162044
121-32-4,3-Ethoxy-4-hydroxybenzaldehyde,0.3746379123293056,0.36187698626602993,0.35480140359180506,-0.7689246004596778,1.2907814347292552,-0.448848583577608,1.0502558859613182
121-33-5,4-Hydroxy-3-methoxybenzaldehyde,-0.35927347556705186,-0.40308983027194134,0.3027966751186501,-0.9298664229404457,0.2773852860222287,-0.8668737133721638,0.24672376331229864
121-34-6,Vanillic acid,0.7771779996144467,0.8546487764575017,0.5062514758864892,-0.5812368296281143,1.9874085372941273,-0.18335788356745175,1.653366951168727
121-44-8,Triethylamine,1.1243651565303796,1.1488283712470344,0.39284007984547686,0.1252304841404349,2.084689336928764,0.256960045184827,1.7807506239547783
121-46-0,"2,5-Norbornadiene",0.41363393643279667,0.4270081249707247,0.4572597114993298,-0.7006197788851083,1.4421253893809745,-0.5535430275435891,1.1239629790989891
121-54-0,Benzethonium chloride,-0.5582534589619206,-0.5477464023437153,0.1591500627777061,-0.9703118166001627,-0.235188477894621,-0.8837296994521749,-0.2854974593153857
121-57-3,4-Aminobenzenesulfonic acid,0.4636888904891586,0.4780907324213541,0.41346706601957933,-0.551504151595304,1.5356202272084953,-0.2591396353608642,1.231249235268882
121-69-7,"N,N-Dimethylaniline",0.3080450424524933,0.3105060548153533,0.30601846610123973,-0.2993170428181792,0.9665067394861363,-0.23928382344604787,0.8705320886077421
121-73-3,1-Chloro-3-nitrobenzene,-0.2779708761195087,-0.3001676075171884,0.20748546110970728,-0.6427070591968596,0.22790460908773216,-0.601736021172962,0.16369052207030083
121-75-5,Malathion,-1.4676453808033563,-1.4692977049443021,0.0652864241454214,-1.6693724930828209,-1.3314094629794917,-1.615553341160033,-1.3466630944232139
121-82-4,Cyclonite,-0.8851605852846722,-0.8579895611677937,0.23035423564903942,-1.4714033016872303,-0.4543443684297134,-1.4199649335214466,-0.5011568392258303
121-87-9,2-Chloro-4-nitroaniline,0.023274896495668322,0.043393164329916106,0.28827791726533963,-0.804070159227182,0.6244339170204127,-0.6294349521278993,0.48547018370293715
121-88-0,2-Amino-5-nitrophenol,-0.5479284149974514,-0.5550784551391634,0.4465893855996434,-1.6786970338979976,0.34535937773222647,-1.3353867751083268,0.2884755054309706
12111-24-9,"Calciate(3-), [N-[2-[bis[(carboxy-.kappa.O)methyl]amino-.kappa.N]ethyl]-N-[2-[[(carboxy-.kappa.O)methyl](carboxymethyl)amino-.kappa.N]ethyl]glycinato(5-)-.kappa.N]-, sodium (1:3)",2.3575243134822883,2.4161038116681537,0.7755383377979571,0.8578197832675825,4.6229178724619,1.0326716787561478,3.9931028094091707
12122-67-7,Zineb,-0.0673838162295886,-0.07299023312086605,0.21456728594842558,-0.6709254544291714,0.3619097464407755,-0.583729777926637,0.34164159683168066
12124-97-9,Ammonium bromide,-1.2394931308909767,-1.2447015203854124,0.2762831326915259,-1.7707643469530794,-0.4516805803766142,-1.6446667758156737,-0.6968214937370009
12125-01-8,Ammonium fluoride,1.0015524608817845,0.9479435090320034,0.28901954200724844,0.48841527627010667,1.7319665194448963,0.5622745626070248,1.638843768146353
12125-02-9,Ammonium chloride,0.8711568660205639,0.8709353301788949,0.054317959631392056,0.7168423898456665,0.9768627568699733,0.7595447978156856,0.9635469091565598
12136-45-7,Potassium oxide,1.763557600892983,1.8152090116068855,0.4636460056586051,0.4266993310653803,3.122481976755125,0.8413920197505845,2.628265483479986
1214-39-7,N-Benzyladenine,0.12193024033643189,0.13818815230307943,0.406521582957515,-0.9224555189224359,1.088550698739059,-0.5438335033261551,0.9254645728728533
121451-02-3,Noviflumuron,-2.92310973345478,-2.843418290510063,0.5713965514069969,-4.004864735623716,-1.5963304056021033,-3.9024979286246575,-1.679150860139042
121552-61-2,Cyprodinil,-0.40377332983343317,-0.4692465775340795,0.3151944738816301,-1.0967559260173205,0.37248664543332355,-0.9629410223280686,0.20727343987677962
122-03-2,4-Isopropylbenzaldehyde,-0.2233187403160986,-0.26129205392631194,0.4263523964823682,-1.2856200552412025,0.8063830179400551,-0.9571179582063631,0.6544565591341603
122-11-2,Sulfadimethoxine,0.33128616726519533,0.3449308384417985,0.4642912166509873,-0.8247107489744095,1.3796639150522199,-0.5789256574801976,1.2398786984774166
122-14-5,Fenitrothion,-1.7858985328669936,-1.7758536255827175,0.098149419472268,-2.075113235994029,-1.6050530095023023,-1.9772874657374089,-1.6274093765071476
122-34-9,Simazine,0.18556824349832637,0.19230344624255596,0.17117693370114861,-0.2435659578607455,0.6134406528152659,-0.1342441359415097,0.5007774888484486
122-39-4,Diphenylamine,-0.5473570700099334,-0.5686248261725335,0.3109010087247981,-1.1455780211369013,0.096102664445747,-1.1096241114055077,-0.0010836841429238998
122-42-9,Propham,0.5227030608169517,0.5089072064867519,0.19932541201976328,0.029595559165125573,0.9324467247349761,0.11398042299449551,0.8884358885503635
122-60-1,Phenyl glycidyl ether,0.20864320742114528,0.18118571860262744,0.3668271295063356,-0.6153009123199771,1.0170966560798165,-0.42725118553856756,0.9177973826120882
122-66-7,"1,2-Diphenylhydrazine",-0.6998173659773963,-0.7088384946498296,0.3406478614581807,-1.602515155078447,-0.008326267353279668,-1.4295561831325005,-0.08808836571972194
122-79-2,Phenyl acetate,0.49544169749972833,0.530364731968427,0.4343493432901679,-0.5038163386846185,1.540688619320265,-0.3522897789258068,1.3644854884135502
122-88-3,4-Chlorophenoxyacetic acid,0.3794221112699628,0.3613982286045999,0.3780973315311759,-0.569527510516664,1.4172342256214487,-0.3495397710341911,1.0616150555825645
122-99-6,2-Phenoxyethanol,0.7822209479846459,0.7958596392847823,0.34785045491328176,-0.06749136701168187,1.5898489767017996,0.010694066321318675,1.4095827959156149
122008-85-9,Cyhalofop-butyl,-0.8090824997584924,-0.8657163675883788,0.3401487630658192,-1.4733840368330344,-0.08548645578451668,-1.3532692457528197,-0.17723190203291428
1222-05-5,"Cyclopenta[g]-2-benzopyran, 1,3,4,6,7,8-hexahydro-4,6,6,7,8,8-hexamethyl-",-0.9132876594502451,-0.8965296466411959,0.20028007751034435,-1.5140890374235676,-0.49381161935893586,-1.310550030559664,-0.5179591799302125
1224510-29-5,beta-Cypermethrin,-2.74329983752373,-2.7401747506027343,0.21739151427679482,-3.230080989301941,-2.2725156617836015,-3.143998247051732,-2.3226298473676743
122453-73-0,Chlorfenapyr,-2.317145193625616,-2.3120902127994247,0.24993219889940121,-2.820650393459287,-1.7100413182584198,-2.7870952155183235,-1.7713603031375174
122454-29-9,Tralopyril,-2.674926962589484,-2.7133111311435583,0.40758260306228367,-3.5156759460649987,-1.68173952395808,-3.3188781132789833,-1.809950315257989
122548-33-8,Imazosulfuron,-0.4277059218083814,-0.403793396624612,0.366720040249507,-1.3568923433400828,0.2487573737387297,-1.2275213544912993,0.18436984887204694
1226-42-2,Anisil,-0.3396330175069609,-0.3488838487400375,0.5430638984160073,-1.7561408658512299,0.9570488237899701,-1.3828085435312232,0.6606540775753106
122836-35-5,Sulfentrazone,-0.22095483384827452,-0.2047855212913726,0.2822452273830005,-0.9704331708449414,0.47515445802573025,-0.8113531877392838,0.22379622416492168
122931-48-0,Rimsulfuron,0.25006563634086393,0.34053086152065704,0.48978482157906167,-1.2144125494202562,1.1829277091693562,-0.6845247137168338,1.166475528286709
123-01-3,Dodecylbenzene,0.2742348935314501,0.2192431578379203,0.42018371366892016,-0.6820537464135651,1.4225595118254857,-0.4485309165831623,1.0433625132121653
123-03-5,Cetylpyridinium chloride,-1.3485719346888336,-1.3336639837558757,0.2971923222225491,-1.9900765089321062,-0.587596082116362,-1.9395191719025264,-0.8318905382332877
123-05-7,2-Ethylhexanal,0.23955052258041282,0.26043040563604547,0.23427617959456404,-0.270267110371768,0.7531119822522162,-0.2298097215962937,0.6300698240956915
123-07-9,4-Ethylphenol,0.12330919650343349,0.14274852375165187,0.3056520501600458,-0.7835308501755779,0.6778392266784307,-0.4722957808033552,0.6274911019055424
123-08-0,p-Hydroxybenzaldehyde,0.25278057456907965,0.284729874139679,0.5795482690280823,-1.1433620835760194,1.359976439534248,-0.8516485663702928,1.2034886643445286
123-11-5,4-Methoxybenzaldehyde,0.5555671008095016,0.5861562392256348,0.5064175010341196,-0.8501375113490724,1.5211939569815296,-0.477953540350612,1.4084566734112185
123-15-9,2-Methylpentanal,0.32496327382635565,0.35411596610726837,0.42544967304886816,-0.7113420530099744,1.3671772695581323,-0.5528162350465318,1.1833247418135602
123-19-3,4-Heptanone,0.5032464793690241,0.49633018217928226,0.5454427259236344,-1.106031929734894,1.718201481112013,-0.7646707479057795,1.497431800147321
123-25-1,Diethyl butanedioate,0.5336070172690272,0.5425613690084096,0.4785927140172428,-0.8126564461914392,1.737241301330134,-0.41637350409784357,1.3714933708583914
123-30-8,4-Aminophenol,-0.5354419950520218,-0.5304588678574718,0.33811252483729926,-1.2689866648918384,0.35457443862580174,-1.1508863136396328,0.05676173384878304
123-31-9,Hydroquinone,-1.235264367869395,-1.2029495091704803,0.2811118955243399,-2.0949435503884173,-0.7216856887905538,-1.9616295506448296,-0.7521692334745338
123-33-1,Maleic hydrazide,0.8122977252668747,0.8224042484288356,0.32326077825451044,-0.03669499483355992,1.4960365290991124,0.177109177562912,1.3229831689141012
123-38-6,Propanal,0.8193859099451752,0.8499569683550734,0.23952832213173678,0.19049604067877574,1.2685994527139548,0.368302651732435,1.218387830472932
123-42-2,Diacetone alcohol,1.6576283565539278,1.7095872437099433,0.34428247519360405,0.6725831917015879,2.3124739457315973,0.972717033466168,2.2669375284656827
123-43-3,"Acetic acid, sulfo-",0.9176818390658138,0.885789463834257,0.49792656542416197,-0.3839517658542238,2.1243123090107026,-0.14413049193366984,1.8867824310196146
123-54-6,"2,4-Pentanedione",1.2188038972149755,1.2179966480998148,0.07758185509455084,1.0499623001377028,1.4138083217300017,1.0564740714938337,1.376720413732001
123-66-0,Ethyl hexanoate,0.06010781607541657,0.05625339688840391,0.4484580274915415,-1.3890577594252762,1.2413085073502304,-0.706784587980565,0.8858926224607883
123-72-8,Butyraldehyde,0.6140010737950284,0.6438289145700431,0.34732810336685493,-0.32687216026780797,1.4122991487702816,-0.06211549846828094,1.2528636524582577
123-82-0,2-Aminoheptane,0.41299289023868757,0.41539895052472975,0.5436327560894605,-0.8435601678130206,1.5612234004832566,-0.7023507261310085,1.4191489648031965
123-86-4,Butyl acetate,0.7319843220122623,0.6892187227812961,0.3020821539794082,-0.1123296060456967,1.335679489025439,0.15061163963298463,1.3035764728293397
123-88-6,Methoxyethyl mercury chloride,-1.1352393615102792,-1.1281215922962025,0.18981536610502536,-1.7308749035371258,-0.6875260183460952,-1.5436005746985997,-0.7836473439005867
123-91-1,"1,4-Dioxane",1.9923769018843478,1.9976236595357266,0.3458625933785775,0.9186220022725619,2.719728667915372,1.262008277021566,2.5488433476294725
123-92-2,3-Methylbutyl acetate,0.37895081972561007,0.3674049148408126,0.401350614962679,-0.5194823785632466,1.4371171636855355,-0.4287563387801306,1.194081695531746
123-96-6,2-Octanol,0.5516882048447085,0.5093949158208135,0.44590159640905414,-0.48214139504469994,1.733756218299917,-0.30575397569020263,1.4041886349868524
123312-89-0,Pymetrozine,0.49237159365667166,0.5036418118417143,0.4474792068298928,-0.4501761023799722,1.869711843245046,-0.24842511261814756,1.334184994534052
124-02-7,Diallylamine,0.2908075140015001,0.2841317444450254,0.33454161869274857,-0.387599428444638,1.0740921993160961,-0.3358471542027449,0.8492913643939376
124-03-8,Ethylhexadecyldimethylammonium bromide,-1.2941774848022336,-1.2754178442373973,0.5961318505260728,-2.910869105132204,-0.15258941439113086,-2.4086413782573928,-0.27085210609562727
124-04-9,Hexanedioic acid,0.8254821790659583,0.821628931804395,0.3147972340222461,0.008429948555553452,1.652306873035969,0.15726067935122387,1.4167129726755334
124-11-8,1-Nonene,-0.24515277017342543,-0.22613260621167247,0.33218703226845064,-1.0775461040457468,0.5580588369502052,-0.9572877414374775,0.42834006515104345
124-18-5,Decane,0.5293757575280207,0.5431559929432903,0.3884776810043353,-0.530493811168876,1.3805301155479033,-0.3941249728683949,1.2570073481128343
124-20-9,Spermidine,0.5805503456030355,0.5409852833837003,0.5222077073481561,-0.664212523361351,1.9221117441998126,-0.33773534927902016,1.6464907463984304
124-22-1,1-Dodecanamine,-1.5137730374292004,-1.483960704417418,0.37901707722241695,-2.63585502722791,-0.745858592853646,-2.2584135793815645,-0.8464694408796296
124-30-1,1-Octadecanamine,-0.8773077696628746,-0.8816106018004555,0.5597619680680126,-2.2657562509730025,0.3750716674955623,-2.0917910281075276,0.09887845189984901
124-40-3,Dimethylamine,1.192206188378248,1.1984334151194056,0.2812843798421106,0.26007865538283587,1.8113049903238043,0.6216597735232976,1.6753485206901426
124-48-1,Chlorodibromomethane,0.06578272779372486,0.09359584472224722,0.43763795734513633,-1.0980792314475045,1.2892090419188906,-0.7904388677643296,0.7991410280703765
124-58-3,Methylarsonic acid,0.44906235414613305,0.5025906092953436,0.5567393494019216,-1.100165116042315,1.4781341340356842,-0.5885325700999199,1.4207815014677956
124-63-0,Methanesulfonyl chloride,0.20174892893109383,0.17969814091899755,0.3669415718930046,-0.8109315719323961,0.8664263973256301,-0.5151245069930129,0.7893190129716914
124-65-2,"Cacodylic acid, sodium salt",0.4456763420877972,0.4575381397768393,0.22867889069064676,-0.020249715308871145,1.0927623749659379,0.05084243829938908,0.8917349736121714
1241-94-7,2-Ethylhexyl diphenyl phosphate,-1.7058394863543296,-1.739294480574908,0.503147736034608,-2.9088336642666124,-0.21015562082860229,-2.790314584410358,-0.8340626560794869
12427-38-2,Maneb,-1.0190686404429043,-1.0129239620735426,0.15758605597283112,-1.3775723616546023,-0.6727025012336576,-1.3511470534654482,-0.719227807473492
124495-18-7,Quinoxyfen,-1.3265248235532576,-1.341549823991198,0.32315061399414696,-2.174695665140094,-0.5229890483652964,-1.8925912816089505,-0.786247938499522
125116-23-6,Metconazole,-0.7891229665116468,-0.8141818345624409,0.4361662603779505,-1.5267514524657095,0.36986016568080426,-1.498307187372223,0.08471644020258637
125225-28-7,Ipconazole,-0.8346948544387461,-0.8011215203619488,0.36265534701786617,-1.7135214114278186,-0.017865346524831703,-1.5608641104442322,-0.12671974761903254
125401-75-4,Bispyribac,-0.8472499259965843,-0.8213154762063741,0.661380173704405,-2.4072036137485915,0.6948754584706217,-1.998187931899486,0.24456587210929823
125401-92-5,Bispyribac-sodium,-0.44229237524994786,-0.4714031918187681,0.5945320570736099,-1.7643184590777437,1.5767618913338206,-1.4633611202637402,0.556255312391096
126-11-4,"2-(Hydroxymethyl)-2-nitro-1,3-propanediol",0.9263897720231263,0.9690958323787977,0.3173698267712047,-0.2034035853734455,1.6044921991789893,0.24551953308176228,1.464945180346269
126-22-7,Butonate,-0.9361583291444507,-0.8343535708314349,0.4028539015072906,-2.3638161711590606,-0.11230081225493355,-1.717832967376051,-0.3217115795119203
126-33-0,Sulfolane,1.0329139256576918,1.0478937010787321,0.35153036604941573,0.1550180596926827,1.8172363616063734,0.28286445519332626,1.6623989975292415
126-72-7,"Tris(2,3-dibromopropyl) phosphate",-1.3188225604947599,-1.314210780840571,0.4524961977124692,-2.3097149233869363,-0.3525247031548335,-2.131757565267659,-0.5761017172856494
126-73-8,Tributyl phosphate,-0.2578876829963457,-0.25036787644671554,0.190920072091158,-0.7531874769135011,0.16309214304328973,-0.6460881931811363,0.05898293094222448
126-75-0,Demeton-S,-1.4446381714207919,-1.5510098884031696,0.6250666164869667,-2.7778567272532384,0.40171698350451884,-2.506236143144773,-0.23051987338849225
126-81-8,"5,5-Dimethyl-1,3-cyclohexanedione",1.363038922953667,1.4002365429040124,0.4108781410853422,0.3521331741790042,2.17906328818967,0.4800914145999824,2.0533321222667027
1262-21-1,"Distannoxane, hexaphenyl-",-2.5518378584904458,-2.567030889582863,0.4389470482528112,-3.4928611870806217,-1.015772791330686,-3.287011987139891,-1.7685287948888322
1263-89-4,Paromomycin sulfate,0.7871889349273934,0.714546522914298,0.4362851865112484,-0.27738771517740857,1.8965054238931547,-0.13778919722897,1.7390013049178161
126801-58-9,Ethoxysulfuron,-0.7674978798976417,-0.755076897847164,0.5736371243116142,-2.398717503580683,0.6126962056470339,-1.9234482713963499,0.2605657534126537
126833-17-8,Fenhexamid,-0.33391987829694664,-0.38335596199354005,0.3213719251236942,-1.303289153737847,0.40723921512524,-0.8386225144288879,0.3357876328158544
127-00-4,1-Chloro-2-propanol,0.948807729722212,0.9493196212617883,0.41185781548083267,-0.16294422806132014,1.898557449140003,0.025026667726260592,1.7094581324952156
127-06-0,Acetoxime,1.1684885419013953,1.1889134145372913,0.5145287316449839,-0.13544468938856227,2.1570863930294486,0.12665104474263897,2.0893654767181653
127-08-2,Potassium acetate,1.3601512426927167,1.3647266822241149,0.3391068102161265,0.634798787424673,2.1285727899843265,0.7054025713998189,1.9521667685443984
127-09-3,Sodium acetate,1.8417863279544229,1.811663735988902,0.3993689711718334,0.9932358261831811,2.905849328855408,1.124816891305834,2.6439004397563513
127-18-4,Tetrachloroethylene,0.05584943287638433,0.06244595489133391,0.13702964182818655,-0.2634392446144433,0.4110190899370197,-0.17685155127829777,0.32152682311501696
127-19-5,"N,N-Dimethylacetamide",1.3615823226595658,1.3716615690173244,0.3777287157416166,-0.04075591798436103,2.1361404457324964,0.661380045639579,2.0062873978051208
127-20-8,Dalapon-sodium,0.7742152222219052,0.836725963743343,0.2675169559645017,0.17071417593702012,1.3000054251123814,0.3020502498511703,1.2272764982272062
127-27-5,alpha-Pimaricacid,-1.2957833233699796,-1.2096946279172442,0.5690794022934266,-2.9468205117635007,-0.15433769024112018,-2.6021690939335613,-0.3541400333559755
127-52-6,Chloramine B,0.16283520167030133,0.17595521243996823,0.4846542167230395,-0.8164727922942846,1.5185438638206021,-0.6108972813663075,1.0939647136509558
127-65-1,Chloramine-T,-0.27924122005129665,-0.31626007685796154,0.21280314793465857,-0.638769853388152,0.14511733267042035,-0.6000356432990487,0.10531179715469566
127-66-2,2-Phenyl-3-butyn-2-ol,0.6281859427613087,0.6772343815527835,0.45102625898884546,-0.7020390863274888,1.6590291946939075,-0.27514103314143196,1.492315065694813
127-68-4,Sodium 3-nitrobenzenesulfonate,1.1673871704441625,1.1152573371421306,0.45841278160642096,0.22845595327549573,2.582862611342913,0.2936300573715381,2.1844379387454564
127-69-5,Sulfisoxazole,-0.148560386641614,-0.12504901582900146,0.5411833283875098,-1.4727985484870816,0.8684234244529465,-1.165896211056291,0.8228420977327523
127-79-7,Sulfamerazine,0.43777169545788475,0.44702574740807693,0.4755717658914698,-0.5303952649648466,1.5960474610157174,-0.4651575437151776,1.3076864630687384
127967-03-7,"(S)-7-(3-Amino-1-pyrrolidinyl)-1-cyclopropyl-6-fluoro-1,4-dihydro-4-oxo-1,8-naphthyridine-3-carboxylic acid",-0.5343897466397366,-0.5105075813697015,0.5620435336537998,-2.2472336848666425,0.6634659776291402,-1.6417555774397574,0.5687655204201462
128-03-0,Potassium dimethyldithiocarbamate,-1.337526810754791,-1.3159942444428991,0.21721487782974236,-1.8530173879330476,-0.9155007463339946,-1.806696519365758,-1.0149128091652297
128-04-1,Sodium dimethyldithiocarbamate,-0.3431079558410112,-0.3629577404675616,0.28590345547297474,-1.310718292211299,0.3625636255295364,-0.779673603872616,0.17809521860575014
128-37-0,Butylated hydroxytoluene,-0.3485053746046591,-0.3186416484811073,0.28536396370083755,-0.9127074968784049,0.40674302559605363,-0.8758133441958381,0.10299474934638167
128-44-9,Sodium saccharin,1.5656146460199316,1.5613940481787831,0.495480619863,-0.272167306799007,2.8278373803434156,0.6123751983882976,2.4889911639621185
128-46-1,Dihydrostreptomycin,-1.0224928778071292,-1.0738870664628606,0.6786767876292188,-2.697017240346823,0.8589187199166972,-2.3639343503802253,0.36395935060131995
128-95-0,"1,4-Diaminoanthraquinone",-1.469615208334383,-1.5019587722495205,0.44512409551317467,-2.6616478982882583,-0.4366485852913948,-2.4867262131746246,-0.6802538743449832
128606-48-4,Methyl 3-[(diethoxyphosphorothioyl)oxy]but-2-enoate,-1.0736897625718798,-1.0339675865223443,0.4766405221535481,-2.156584536387388,0.05739878042845107,-2.0137761016899427,-0.1320997927986565
128639-02-1,Carfentrazone-ethyl,-1.0206892395108549,-1.0291107463844154,0.22448052330884344,-1.4056335406402602,-0.4755335944307591,-1.3843022766514674,-0.5560876045392088
129-00-0,Pyrene,-1.5104863663658523,-1.5009978147008773,0.3201037679163351,-2.355345838000623,-0.7108303976546105,-2.0455870001300127,-0.9300778582750019
129-44-2,"9,10-Anthracenedione, 1,5-diamino-",-0.7087249246048358,-0.6609153874384592,0.47217417606987194,-2.081538852444717,0.13067953386202355,-1.7069919839614318,0.06562905503141579
129-67-9,Disodium endothal,0.3306200210348389,0.3246620909936362,0.32844786507163404,-0.717895204870188,1.197645127437877,-0.42100575593165085,0.9464843144134749
129453-61-8,Fulvestrant,-1.8721318152836472,-1.9014838149198874,0.6371221632376018,-3.7196070631086844,-0.5873235974253456,-3.1640852263237513,-0.8131026374155229
129558-76-5,Tolfenpyrad,-2.9546946763187525,-2.9567107628573375,0.2737321819507076,-3.519787001724122,-2.2344264431794647,-3.394005604170154,-2.330492367858699
129630-19-9,Pyraflufen-ethyl,-1.5475586188736807,-1.5287485632480062,0.3110016352426965,-2.2672414471888094,-0.9505866543533376,-2.1070179971590806,-0.9916129489031976
129909-90-6,Amicarbazone,-0.18189504705961063,-0.1612530502125537,0.3249739447781965,-1.1194981828851964,0.4622641433554157,-0.8832055850053682,0.42099522839769643
130-15-4,"1,4-Naphthoquinone",-0.7171072717625239,-0.6968171310879758,0.8125235545368371,-2.297674082827637,0.843559584670274,-2.219226707345076,0.748233995208898
130-61-0,Thioridazine hydrochloride,-1.0541705516341893,-1.0657269033813077,0.485836171196491,-2.1508971086777926,0.14884300638447726,-2.023831958234193,0.03947697535646562
1303-28-2,Arsenic(V) pentoxide,-0.07612294242889366,-0.15372321533133124,0.3607024089753078,-0.6939431771967228,0.9837885328577551,-0.6177147070737776,0.6816958938316764
1303-33-9,Arsenic(III) sulfide,0.6592100639961533,0.6471718692868234,0.324805940472211,-0.15346200008331334,1.4954827778173392,-0.007086528290355373,1.3295266217621158
1303-96-4,Borax,0.5530848347647249,0.5368796653605443,0.3918300633459278,-0.4371834920409667,1.4121803033785238,-0.18585083599544241,1.3522792470059242
1305-62-0,Calcium hydroxide,1.1307216260556958,1.1495674828755824,0.24718839622418806,0.3560607418195176,1.6036237589255593,0.5581229645267222,1.5455349257463058
1306-19-0,Cadmium oxide,0.15679751904108843,0.14670018734963797,0.3826259144096291,-0.7067081919449855,0.9390211266113704,-0.6042168749146511,0.8359414344181868
1306-38-3,Ceric oxide,0.2586887136150669,0.21635915949325113,0.3825811443742284,-0.5788536270446941,1.4302949045807167,-0.40866996058297234,1.0770715838775267
13067-93-1,Cyanofenphos,-1.1205632994176273,-1.15378264113918,0.4172626455387169,-2.10518100779755,-0.04327166686011545,-1.8706898987282814,-0.29889642012780343
13071-11-9,Dexpropranolol hydrochloride,-1.6075537009590743,-1.5881309549840807,0.32448923800437957,-2.430703386826994,-0.9139149900775625,-2.1712675933476384,-1.0042167633672117
13071-79-9,Terbufos,-2.5058548330543657,-2.4923338210372075,0.11554923580442342,-2.7589029004091503,-2.253845319711512,-2.7334629465732707,-2.290325869213192
1309-64-4,Antimony trioxide,0.396743241882019,0.34505585007629097,0.35471447001522505,-0.200658391382898,1.7966738410944394,-0.18216608726486994,1.1326515415720095
131-09-9,2-Chloroanthraquinone,-0.46946447555549253,-0.4820864207630933,0.5104354475315562,-1.7523336421327123,0.5960452337083031,-1.4882268479496494,0.46445849911417053
131-11-3,Dimethyl phthalate,0.798465416142009,0.8262613020801569,0.1631266331087734,0.3836739931273087,1.1038958813325417,0.4429318862679049,1.079049691910524
131-16-8,Dipropyl phthalate,-0.34531110945210464,-0.43046709078692913,0.533685308311023,-1.6250996782225795,0.9171153524874474,-1.4369874476488702,0.829743112193869
131-17-9,Diallyl phthalate,-0.9846285942016576,-1.0225232512706421,0.2784937139083156,-1.660033321182086,-0.3357190837426164,-1.519716229866151,-0.4550715934958161
131-52-2,Sodium pentachlorophenate,-1.3509429541100206,-1.3511385122124921,0.07121794876598908,-1.5016206299296275,-1.203775991781308,-1.4825736760056358,-1.222184195845738
131-56-6,"2,4-Dihydroxybenzophenone",-0.09422534297401736,-0.07639230688123942,0.4466415086757953,-1.3565831777171238,1.0617446537794382,-0.9680876424205829,0.9333491726124833
131-57-7,2-Hydroxy-4-methoxybenzophenone,-0.9491112969207847,-0.8770816267680739,0.4930565428649657,-2.4173358405907246,0.07880203422701944,-2.04964608163579,-0.10089951779316547
131-70-4,Monobutyl phthalate,0.3852120589769604,0.37709539217358035,0.37703585757715075,-0.44939324737763386,1.164172467270994,-0.3220514648759343,1.04313846910766
131-74-8,Ammonium picrate,0.27289737162815036,0.292258715506102,0.4212935989181921,-0.8925244967438009,1.1668122992354313,-0.7236607708184919,1.0348778842062505
131-79-3,C.I. Solvent Yellow 6,-1.3883056679221368,-1.3186647813927799,0.3741250474157385,-2.661407944570254,-0.2974991714572684,-2.1844111763402396,-0.7654099312995439
131-91-9,"2-Naphthalenol, 1-nitroso-",-0.9900428891032372,-0.9918775961526827,0.36568929458942284,-1.9787547741915485,-0.11441908018804159,-1.7977160382986554,-0.3437041408415683
1310-58-3,Potassium hydroxide,0.8519995588226995,0.9044443179902018,0.37700232471457895,-0.3130003310515096,1.5449781702133967,-0.024482422439910178,1.3526698969439717
1310-73-2,Sodium hydroxide,0.5928239160788888,0.612178198358786,0.1635466972602867,0.0807982450251631,0.9164578788833516,0.2561746733955192,0.8767070146460589
13108-52-6,"2,3,5,6-Tetrachloro-4-(methylsulfonyl)pyridine",-1.2914164728750033,-1.2667275670361815,0.49062566736735946,-2.4092560551557614,0.1673059519444738,-2.3425239381692236,-0.4276715894517404
1313-27-5,Molybdenum trioxide,1.0814323241938109,1.078142351968251,0.2926320872722754,0.4577410966437564,2.068673301545962,0.5147321490199527,1.7362407037527123
1313-82-2,Disodium sulfide,-0.07352092315427564,-0.03400794403007813,0.17833018843506487,-0.42800575035026767,0.25012536865128093,-0.40922672984307723,0.2118329087204643
1313-84-4,Sodium sulfide nonahydrate,-1.0070543677188253,-0.9863995749702774,0.5031150253125091,-2.481757285258727,0.4620129606229874,-2.021314428078912,-0.012809159734035222
131341-86-1,Fludioxonil,-0.7523072583559274,-0.7811235207047875,0.3266925231334304,-1.7291644668658623,0.24019132696138099,-1.3221596322495601,0.08156332419025689
13138-45-9,Nickel bis(nitrate),0.06109602395907436,0.05989778404911284,0.1586216769161279,-0.3072947528792817,0.41518193626259914,-0.2649693068104881,0.35902352362373813
1314-13-2,Zinc oxide,-0.49154048035380293,-0.5220372068529839,0.2285064085779653,-0.933622391816024,0.35887612392429696,-0.8702148662546946,0.02672307974561134
1314-62-1,Vanadium pentoxide,-0.24545734830720164,-0.24675483548734398,0.23138694042043076,-0.9436623296548591,0.27295601828613536,-0.7555178291912381,0.17166536473496918
1314-87-0,Lead(II) sulfide,1.5023808107874186,1.4854362179989253,0.38714880238696014,0.7214128302799303,2.35895034126972,0.8217916530639215,2.264252230242989
1314-98-3,Zinc sulfide,1.4017812339724531,1.4829196137944833,0.44361472348346864,-0.11128271286285485,2.304162321763906,0.5416520892489173,2.175012215115916
13150-00-0,Sodium lauryltrioxyethylene sulfate,-0.20296213727658047,-0.2095273825152156,0.37165888016010223,-1.202785406979135,0.4890395568971505,-1.1101141408632242,0.3598170122508425
1315501-18-8,zeta-Cypermethrin,-2.353523959360747,-2.3068751718635148,0.4454767104344807,-3.588068365835246,-1.3696136999779154,-3.2287503438614116,-1.5649045866887434
1317-36-8,Lead monoxide,1.3391139326402735,1.3408673229095134,0.3715437448448268,0.29131127624777814,2.2183098446569556,0.6354783049360594,2.0545127697041594
1317-38-0,Cupric oxide,0.34142472098588533,0.34641847847640383,0.4044263848078323,-0.7639875749323098,1.4844050645696683,-0.3745573414804344,1.2342459381207025
1317-39-1,Cuprous oxide,-1.2122096719332718,-1.2074458242584116,0.2723214900734827,-1.767858246152163,-0.5290409671740928,-1.7483442208850937,-0.7355822187536651
13171-00-1,"1-(6-tert-Butyl-1,1-dimethyl-2,3-dihydro-1H-inden-4-yl)ethanone",-0.6671164440262802,-0.6653477735222924,0.3000909283627843,-1.413280423416218,-0.06376784739515018,-1.1783668224015258,-0.09594183285300364
13171-21-6,Phosphamidon,-0.6546942111523998,-0.6549903711918474,0.1202000348920743,-0.9521682030772745,-0.31964302159332747,-0.8553074033543494,-0.40461338660895235
131807-57-3,Famoxadone,-2.2234637637349843,-2.209462903221495,0.3213104316134406,-2.862931696436813,-1.5441146414302827,-2.8074420513696063,-1.621134752707373
13181-17-4,Bromofenoxim,-1.620193269873714,-1.609449404516523,0.26855043774628606,-2.497204219040942,-0.888308960209317,-2.0705981297077933,-1.0071428999361618
131860-33-8,Azoxystrobin,-1.238988891094855,-1.2329739627788854,0.31362326689614095,-2.0255675870298644,-0.4957737711554425,-1.8422219571158753,-0.6695836875484288
131929-60-7,Spinosyn A,-0.9267931795418931,-0.964411068703211,0.6269754142428436,-2.8900787625011435,0.569165847102543,-2.008332235065603,0.33751918361841254
13194-48-4,Ethoprop,-1.0704873210155261,-1.061384188430003,0.24368326416485253,-1.5569514656719272,-0.4797661987655571,-1.501033610853522,-0.62393148757245
131983-72-7,Triticonazole,-0.45582571628632496,-0.5151051240148115,0.37720388668190225,-1.4464581943464614,1.0906326189149402,-1.0756102052271146,0.2464489435228156
132-27-4,Sodium 2-phenylphenate,-0.09267284175386635,-0.07745728789046594,0.370131818604276,-1.1309298074271454,1.0161180634552114,-0.7618656833389202,0.5954331722122601
132-64-9,Dibenzofuran,-0.3884673217146869,-0.39994363457556537,0.26239229230237715,-1.0910919699392825,0.17427595276011393,-0.9524021283507381,0.07434862105141728
132-65-0,Dibenzothiophene,-0.8871931806292481,-0.8691539059611293,0.4147298767501085,-2.0096687857905366,0.06308829927271241,-1.6221812669865345,-0.13993690317098229
132-66-1,Naptalam,0.44047306466449904,0.44189323744791564,0.4633634795675708,-0.8538884426665716,1.5480384493120785,-0.49814179948607973,1.264168088216479
13209-15-9,"alpha,alpha,alpha',alpha'-Tetrabromo-o-xylene",-1.395621439613519,-1.4210433017257729,0.4274320930265167,-2.4209864326475974,-0.291025680678997,-2.101748358023669,-0.5890139952029437
13231-90-8,Dichlorodiethylplumbane,-0.03493725071407054,-0.017878364453949303,0.5399427685504368,-1.5012353245222805,1.1787112775958166,-1.2646390003702044,0.8681795717342569
1327-53-3,Arsenic oxide (As2O3),-0.21526274098527984,-0.21199393248913548,0.11649721355971751,-0.4487116494940906,0.09570743074840736,-0.430306855311317,0.004529536019326357
13287-49-5,"Thiocyanic acid, (4-nitrophenyl)methyl ester",-0.6692257873661223,-0.7087378866859995,0.5422679292031367,-1.8362728370576442,0.6333605467986735,-1.7936282937005406,0.36371971331118896
133-06-2,Captan,-1.060581451549985,-1.0650729840069062,0.1116898415142648,-1.3287062009870891,-0.7337702214430667,-1.268151972805386,-0.813186509263233
133-07-3,Folpet,-1.066835464672238,-1.0635544571513686,0.15060301002609927,-1.4378141277446825,-0.696640586089829,-1.3557708909344048,-0.7722676770063305
133-11-9,Phenyl 4-aminosalicylate,-0.4134499021388841,-0.3987743877259581,0.4271875506940159,-1.2715950993845755,0.7025604397011602,-1.1815915498581149,0.3862676682490166
133-32-4,Indole-3-butyric acid,0.21288978020293975,0.21909020618054117,0.37877679710872547,-0.5969700430773749,1.0681071721073638,-0.5228953058074373,0.990553826515567
133-67-5,Trichlormethiazide,0.17883715275496936,0.23475999555810795,0.710323468378981,-1.627999629250152,1.6554292440315668,-1.2666204264593393,1.3482923952634962
13311-84-7,Flutamide,-0.6317068335418052,-0.6295351880287161,0.2837904784026947,-1.2750877773120044,-0.007415008728151758,-1.1931025603555214,-0.12548939489927685
1332-65-6,Copper oxychloride,0.3279094449783361,0.3121174780866988,0.18846312986115418,-0.03406315062526787,0.7022734901519435,0.010166238141099349,0.6705262424142543
1333-22-8,Copper hydroxide sulfate (Cu4(OH)​6(SO4)​),-1.6719903543633754,-1.6843909192347128,0.5127438307703527,-3.2431252819111807,-0.03410879384087477,-2.6101019039750804,-0.713662286437268
1333-73-9,Sodium borate,0.7316736446771493,0.7834707544399346,0.43210664345235894,-0.41255410647246504,1.813091227408383,-0.1354732014362158,1.4927734036049511
1333-82-0,Chromium trioxide,0.16280128609632835,0.16172885954247881,0.17642061885120064,-0.24414007054920484,0.5222537692283661,-0.1622190816085846,0.49191069784634156
13356-08-6,Fenbutatin oxide,-3.9637490021748487,-3.9710810292891563,0.27848675529592676,-4.852418553818981,-3.425490143799021,-4.487115230525127,-3.4693829075608242
1336-21-6,Ammonium hydroxide,0.2278555483763653,0.39749941960280266,0.4166738386391588,-0.9198433559767304,0.7870399885518778,-0.7637122731404853,0.7325548059108006
13360-45-7,Chlorbromuron,-0.4098036879037734,-0.3620227158528947,0.22927636023129122,-1.052356584063754,0.022959251219526997,-0.9944750233756208,-0.057974978370880406
13366-73-9,Photodieldrin,-2.1667774075623276,-2.128796288429018,0.24898811803150286,-2.745179872581899,-1.6478566472847682,-2.6883186037811786,-1.7385241943963108
133855-98-8,Epoxiconazole,-1.225137361463321,-1.197985984786202,0.6213228449622568,-2.7298579725408008,0.09472758675483417,-2.4562548952412855,-0.1565286725559287
13389-42-9,(2E)-2-Octene,-0.028292070997816197,0.04108006230389052,0.28206533489762536,-0.8331836180069113,0.519349996827735,-0.681459202644502,0.42534209997421296
13390-47-1,"Benzenesulfonic acid, 2,2'-thiobis[5-[(4-ethoxyphenyl)azo]-, disodium salt",-0.6648602592166851,-0.6605065995305739,0.472316669687667,-1.8418615387905275,0.488087985629829,-1.5319902530763447,0.14625508469727674
134-20-3,Methyl 2-aminobenzoate,0.026997711041904387,0.008033158353748975,0.35147632775911636,-0.7815010568256814,0.7370032801560016,-0.5583777940365876,0.6866646323837284
134-30-5,8-Hydroxyquinoline citrate,-0.602752388238463,-0.5924040969741184,0.3659942653238217,-1.5087138870397907,0.5110287690885581,-1.388372612581409,0.12096355600909237
134-31-6,8-Hydroxyquinoline sulfate,-0.6538970665657515,-0.6953695257568022,0.48404860817598655,-1.938524139806045,0.4778360638475247,-1.5146224614382846,0.28526601304171756
134-32-7,1-Naphthylamine,-0.1322009140488065,-0.1057245627886825,0.4693933757747034,-1.491581778034646,0.8356674280196033,-1.194712215704115,0.6456271251163113
134-62-3,DEET,0.6661356575295456,0.6956851253321297,0.34479638092829856,-0.1619591015642245,1.3747579600652617,0.030289688043506128,1.2252130286875096
13408-56-5,Ponasterone A,-1.3824550094671701,-1.4214064849385806,0.5567885738555819,-2.8052580588859835,-0.15491157428508823,-2.3993226821777798,-0.26388058666241304
134098-61-6,Fenpyroximate,-2.6955928110591487,-2.67032662624273,0.2332900379359364,-3.3387122800392977,-2.203998060949141,-3.266627185862464,-2.2849224220460003
13410-01-0,Sodium selenate,0.22430660690463328,0.3004423592260951,0.20160154712215086,-0.32459778458176647,0.5100336982289486,-0.2652806595234241,0.48145321073561
1344-00-9,Sodium aluminosilicate,1.8315453887420308,1.8076198364246734,0.2775725363836475,1.1057276333014856,2.4838696131291145,1.3952248428365295,2.4416933580264937
1344-57-6,Uranium oxide (UO2),-0.8614331280488062,-0.8423378323655837,0.49161711001386876,-2.4475591506363363,0.15020374111724966,-1.8821521849016116,-0.05354592501277916
134523-00-5,Atorvastatin,-1.6111081219422931,-1.57613548903793,0.7245261921144833,-3.4888966451276855,0.5767642403353128,-3.178832593527232,-0.10089983381670649
13457-18-6,Pyrazophos,-1.0588560957982396,-1.0112906617773438,0.3393875139895588,-1.818797981195558,-0.31570757583023296,-1.6423959060598379,-0.38969881644950866
134605-64-4,Butafenacil,-0.8377372365553234,-0.8447712334833736,0.3375827877084146,-1.6027440895345642,-0.043947108507037556,-1.3976885052665968,-0.16212645797089947
13463-41-7,Zinc pyrithione,-1.5228425770508016,-1.5237652872334806,0.180819348764655,-1.9949456270388672,-1.067555741307251,-1.8571581694848378,-1.159050345945356
13463-67-7,Titanium dioxide,0.5514838117368503,0.5104835663125369,0.37873907854242295,-0.2947256914214534,1.4252812161813213,-0.173818728878933,1.3521608002232461
13464-37-4,Trisodium arsenite,-0.748807709920264,-0.8081868321829818,0.2994511060616655,-1.3743973792996678,-0.033176988019240176,-1.24242619767575,-0.10328392202502484
13464-38-5,Trisodium arsenate,-0.18625358461145577,-0.15330630422381333,0.32543364769166383,-1.087509545187485,0.6011005214380272,-0.8292879592344484,0.4375778646618601
13472-45-2,Sodium tungstate,0.6709527325999929,0.7669577517834955,0.45335713258076155,-0.473065612051383,1.6032548468958596,-0.15900739016823853,1.4433412264687622
13473-90-0,Aluminum nitrate,-0.41636704656404866,-0.38365491216651937,0.3129337114419958,-1.192286989918631,0.3469220534348082,-1.0402067739922363,0.2520954722382886
135-01-3,o-Diethylbenzene,0.05239590194103142,0.019029309681668674,0.4245452449810014,-1.0226702881620175,1.000848399339248,-0.8222001109363335,0.8430276790493133
135-19-3,2-Naphthalenol,-0.313366540213368,-0.2969619015150245,0.24857518224831712,-0.891003559838135,0.18647366949083405,-0.8505527159459368,0.13557262859894323
135-67-1,Phenoxazine,-0.3738527351067031,-0.3236581289033525,0.48607460870379054,-1.4727769402570623,0.6823550299629559,-1.2929472892907432,0.4503251065584901
135-88-6,N-Phenyl-2-naphthylamine,-0.7582702120568672,-0.817030914962749,0.6178777553472142,-2.134251064894436,1.4750869449075164,-1.82058520523223,0.8468685330274317
13510-49-1,Beryllium sulfate,0.210272193361051,0.24627923935623375,0.28430427721279466,-0.8032761322719716,0.785246333242093,-0.5049848993199069,0.6409754956676025
135158-54-2,Acibenzolar-S-methyl,-0.3386353429590011,-0.336657392894622,0.2783836960164211,-1.1283210495379317,0.7902712549480114,-0.821804166692492,0.14752703249235077
13516-27-3,"Guanidine, N,N'''-(iminodi-8,1-octanediyl)bis-",-0.06135293118006145,-0.07150819020770346,0.41269615581503244,-1.4609716604016691,0.7946872079120182,-0.8811730655735649,0.6556155368426065
13532-18-8,Methyl 3-(methylthio)propionate,0.19096439483427546,0.1787251711465861,0.5171022717005533,-1.0927506644771903,1.3767697271755994,-0.8142567037724747,1.2741713415457965
135410-20-7,Acetamiprid,-0.5564174120180987,-0.5589923252188241,0.2051723342981585,-1.0499348411652767,0.004292417099361122,-1.0331163453244927,-0.17536092825588528
13548-38-4,Chromium(III) nitrate,-0.024411412011743593,-0.024958853607486182,0.2692833287031516,-0.7244732604647875,0.6016896860423527,-0.5397975475786697,0.4560473006585912
135590-91-9,Mefenpyr-diethyl,-0.47443487831031317,-0.47460904457457354,0.4154077441596151,-1.5865522833099581,0.641530263737127,-1.291640738388628,0.47387059874247023
13593-03-8,Quinalphos,-2.0344439494868793,-2.0488086772777514,0.19940108611483562,-2.490525182018056,-1.5302864908423162,-2.4111439312575293,-1.623979767247327
13597-99-4,Beryllium nitrate (Be(NO3)2),-0.052294206654593466,-0.04682611284295532,0.4461308566073843,-1.6385351397020298,0.9251977279296525,-1.0017922876393943,0.7093020111445575
136-25-4,Erbon,-0.14611713690419578,-0.16023395444567956,0.34857289308347983,-1.036457076216215,0.6975397681928454,-0.732126464986689,0.6027276475074557
136-40-3,Phenazopyridine hydrochloride,-0.5092679717344979,-0.411046507299805,0.6154514333222071,-2.4598679295776553,0.6159910064583292,-1.7376892989948718,0.5157418131643098
136-45-8,"Dipropyl 2,5-pyridinedicarboxylate",-0.6000898792571845,-0.6386431638753404,0.4365702988115856,-1.6817277406097688,0.22517538780523008,-1.415942430573904,0.1928980325528342
136-85-6,5-Methyl-1H-benzotriazole,0.5176514056737586,0.49668165070644876,0.32060007345815184,-0.33950656561687786,1.1714595023366825,-0.07126447952764207,1.1337548688728658
13608-87-2,"2',3',4'-Trichloroacetophenone",-0.5259146090595008,-0.4884711600953101,0.4277254027404307,-1.6334289256289245,0.5053088301444681,-1.4896719375012257,0.34607323727539513
13673-92-2,"3,5-Dichlorocatechol",-0.1634342527986291,-0.17747167113050696,0.4631354127334719,-2.180415399099037,1.2606194223991876,-0.9194898434798368,0.8218191243449765
13674-87-8,TDCPP,-1.0652672685497457,-1.0643957733202392,0.34550112674634814,-1.830779930603272,-0.0894659376946767,-1.6702738272511173,-0.43752978187601793
13684-56-5,Desmedipham,-0.5802936638033908,-0.6180801877887381,0.3837871453598869,-1.4390821168144747,0.3894181946907849,-1.3633015723453483,0.1314593245439466
13684-63-4,Phenmedipham,-0.4636294174105802,-0.48902584420318157,0.32615882851867567,-1.0942422188886125,0.5888067824591862,-1.0260545094325948,0.3664075332758274
136849-15-5,Cyclosulfamuron,-1.3432918750150356,-1.4080628076745416,0.548807152557446,-3.147844022252105,0.3992877801510256,-2.1695443499756015,-0.1790374889094188
137-19-9,"4,6-Dichloro-1,3-benzenediol",-0.034185453631795,0.030138381162500137,0.44774245551316605,-1.4561399211218584,0.8874267764511068,-1.0324996725934548,0.7349412711217348
137-20-2,Sodium N-methyl-N-oleoyltaurate,-0.26107921731727457,-0.2794006005981172,0.48193588580814506,-1.256624832550113,0.81743966098026,-1.168806285389553,0.6597655898353492
137-26-8,Thiram,-1.5001554685980723,-1.521955933549017,0.13988828123850383,-1.7590913987574595,-1.0236137901442997,-1.7093410453179265,-1.1490053979640675
137-29-1,Copper dimethyldithiocarbamate,-1.2975306494130614,-1.2787184132161147,0.35970674252715557,-2.3413321737772566,-0.3491211519386924,-2.1042596377788048,-0.6258227729746397
137-30-4,Ziram,-1.64049967968829,-1.6328845793473246,0.17824825318151397,-2.0932848810387776,-1.213393642363703,-2.0117910770814955,-1.288978819685719
137-40-6,Sodium propionate,1.7095202804218423,1.7201512938190224,0.4292927629056738,0.5900261263706628,2.6805004783317057,0.9281222592782937,2.43642893237477
137-41-7,Potassium N-methyldithiocarbamate,0.4014144925508027,0.41700609243300935,0.266866789030443,-0.31789042017392816,1.0293346681845568,-0.11451147256676464,0.9493315176430134
137-42-8,Metam-sodium,-0.2740281254078631,-0.31724782151591563,0.441852688112053,-1.4976813491877063,0.7246128900960594,-1.0529736705438086,0.6324721849288009
137-58-6,Lidocaine,0.5806398429805038,0.5933059618721827,0.3976150267513269,-0.3687161195989341,1.6245137091894613,-0.16163521351431248,1.3105828093364567
137-88-2,Amprolium hydrochloride,0.8838946800982792,0.9339027698729312,0.37998509223188576,-0.31962254147262426,1.6877375311066205,0.04736091495248994,1.4459769860774074
13701-59-2,Barium metaborate,0.34735630929872324,0.38549915042187977,0.4453098983384641,-0.9792129847095599,1.1712841650086316,-0.5591305053718337,1.0695765805842756
13710-19-5,Tolfenamic acid,-0.23193606368511838,-0.28657735844898535,0.410639773186243,-1.2131940406925503,0.7525235678421391,-0.9366811675058593,0.7144330022848427
13718-26-8,Sodium vanadate,0.20930772397348402,0.23964112067694182,0.1438864408133582,-0.09997660218136459,0.48007453641833925,-0.054889955046213246,0.4507631148879538
13721-39-6,Sodium orthovanadate,-0.11465330355025058,-0.09499275280783795,0.4421588940616619,-1.0525546021866174,0.9028314429439991,-0.9789540361364097,0.7413038349045407
13746-66-2,Potassium ferricyanide,0.3198102859213611,0.3017047372721714,0.32484364785302994,-0.39373486104431366,1.0769330498292868,-0.2511302995537104,0.9497619258509457
13755-29-8,Sodium tetrafluoroborate,1.408052505533327,1.335428683142044,0.536763649058225,0.22017094408459412,2.952433349464668,0.37839307547094914,2.4728001306624896
138-22-7,Butyl lactate,0.6893643615515385,0.7036298760761062,0.37292565987958337,-0.6372229442330969,1.3822413502483233,-0.09240359052621208,1.329243222477138
138-86-3,Limonene,0.27904824052774396,0.31596511086400325,0.3476184778109689,-0.7901963535628188,1.0428760881360757,-0.5583810010701316,0.8534406632523207
138-93-2,Disodium cyanodithioimidocarbonate,0.09908330241290145,0.10448034631594319,0.34349014995005017,-0.6204689441741019,0.9008738289639365,-0.48091878319031345,0.8151125469175758
138261-41-3,Imidacloprid,-0.7578748673180687,-0.7532446919172748,0.15357969683496792,-1.117764348471816,-0.3584431075490319,-1.0537617647935624,-0.4538353393062388
13863-41-7,Bromine chloride,-0.7830269952834742,-0.8085287707896065,0.10689517175952624,-0.9813976920686125,-0.4430934944286561,-0.9383717721540212,-0.5003029252905675
139-07-1,Benzyldimethyldodecylammonium chloride,-1.315095445185713,-1.2849797693735185,0.30866945288512065,-1.9961219147289995,-0.6634721206363661,-1.8584732489626452,-0.779565997927906
139-08-2,Tetradecyldimethylbenzylammonium chloride,-1.792899932008577,-1.7600050209597669,0.49560648110287964,-2.9679869573962927,-0.707717350465048,-2.71047243015905,-0.8871244442866136
139-13-9,Nitrilotriacetic acid,1.177545204077794,1.174132465232058,0.23014553127560436,0.6146724021485127,1.723828654903685,0.7422528615981822,1.5872669237419397
139-40-2,Propazine,-0.2689915013042731,-0.22701594966498023,0.3750252641224361,-1.3695935987368286,0.580507137301638,-1.200436238161504,0.32881802508597047
139-89-9,"Glycine, N-[2-[bis(carboxymethyl)amino]ethyl]-N-(2-hydroxyethyl)-, trisodium salt",0.4052712170131012,0.4019426918541529,0.503405625462726,-0.5876289379191756,1.5669835391064788,-0.5303356992181605,1.2673255171311812
13909-73-4,"2',3',4'-Trimethoxyacetophenone",0.5891487459988091,0.6538058461161804,0.516252867932332,-0.8323333508595491,1.4732958446855937,-0.5790105179453231,1.4337115812506602
13952-84-6,2-Butanamine,0.9111399002440314,0.9645528290847725,0.49287137891192084,-0.47224256646437496,1.9954964044007901,-0.08583809019821444,1.9478843505417056
139968-49-3,Metaflumizone,-1.276903119632741,-1.2694829484680055,0.45494181253940774,-2.5019589053701647,-0.3236144254310737,-2.1696092310766137,-0.4152803278174386
13997-73-4,4-Chloro-2-allylphenol,-0.9829744118973365,-0.9941829555933335,0.3754116613059803,-1.7692372178258093,-0.0008858646277260947,-1.6901933255533543,-0.20285069099985
140-01-2,Diethylenetriaminepentaacetic acid pentasodium salt,-0.576163589165365,-0.5836224182749192,0.6640218642756034,-2.241320069074994,1.488567663567117,-1.8100251504719047,0.9826414989300893
140-11-4,Benzyl acetate,-0.2968078632460685,-0.3155224085687177,0.3976812819265586,-1.1904491915423279,0.7647099286606123,-1.0664121160386377,0.5145669638481667
140-29-4,Benzyl cyanide,0.10415580005139936,0.1266107931210788,0.4730300701875598,-1.2201577258939635,1.1256359973870615,-0.8845632653248331,0.9723850034450795
140-31-8,1-(2-Aminoethyl)piperazine,1.3258154534223836,1.3286968381208757,0.3897718141782272,0.18057844186396615,2.3355046511513997,0.5237864920017958,2.0155125009398587
140-38-5,4-Chlorophenylurea,0.5555618647559242,0.5697908085860467,0.3837335143900848,-0.4957140410867566,1.5085936101843618,-0.1798290117907139,1.332563459984335
140-41-0,Monuron TCA,-0.6099103845934255,-0.6094944092477694,0.3650913384028913,-1.5012831856639748,0.3782040840477248,-1.234523305906449,-0.011662769902221936
140-49-8,4'-(Chloroacetyl)acetanilide,-0.5116856290377203,-0.41592486292846814,0.5242960926693927,-1.9800181319807655,0.7509888431374043,-1.7629657761000201,0.30301938604134493
140-56-7,Fenaminosulf,0.10572501314688833,0.125751434546434,0.2829789219375359,-0.6422376307385115,0.7381962676537017,-0.4438414103401737,0.6248347870487796
140-57-8,Aramite,-1.252040400082449,-1.2377917338320925,0.24966237602260619,-1.9435153162532537,-0.627999458437304,-1.7328386825487732,-0.7377983209308507
140-66-9,"4-(1,1,3,3-Tetramethylbutyl)phenol",-1.165607027144575,-1.1693204481199584,0.131950906094343,-1.4427057609351441,-0.8875328635776804,-1.4153919618079431,-0.9320101291899155
140-72-7,Cetylpyridinium bromide,-0.20036549890653835,-0.22630371368509872,0.482707860735925,-1.4980123462576902,0.8748427238860544,-1.0568055160725898,0.7723221624839969
140-88-5,Ethyl acrylate,-0.11348830639702479,-0.08506312860345337,0.3704968576897547,-1.1192332953568682,0.6373435434904228,-1.0142197797989019,0.4681189102690719
140-89-6,Potassium ethyl xanthate,0.4112621266440806,0.38083863693630177,0.34846536417475515,-0.4025961783071143,1.1001332225265639,-0.24448650772727845,1.0603236554667934
140-90-9,Sodium O-ethyl carbonodithioate,0.11980813990823007,0.16074821253369534,0.3828379954421527,-0.97332943168016,1.0198659835392385,-0.6539115552685142,0.7680063860063868
140-93-2,Proxan-sodium,0.3691410660435311,0.4070410519192096,0.3815167717518038,-0.6274693750868624,1.2473659841510196,-0.4485266194704445,0.9880165994743507
1401-55-4,Tannic acid,-2.00072657311134,-2.006981405671105,0.2992971015054644,-2.6091593321005386,-1.355026868560358,-2.5655257914017975,-1.4769764194482098
1401-69-0,Tylosin,-1.3205528645136126,-1.3022940589320768,0.7487499501708175,-2.993376313720449,1.0590753402888295,-2.730848557276846,-0.04874904690900479
14062-34-1,3-Aminobenzoyl hydrazine,0.1341615725726461,0.14196076035974176,0.37366889160403355,-0.688700784632283,1.114501254715931,-0.6209879475794825,0.9876959562413898
14064-10-9,Diethyl chloromalonate,-0.6214615227540251,-0.6391671505897671,0.41633573508892485,-1.7429804715628685,0.22433833947237536,-1.531291039177433,0.030698673364066696
14088-71-2,Proclonol,-0.6721736127537271,-0.6481750051729228,0.39838525531507507,-1.8561747125431844,0.15643524560534014,-1.358873562136573,0.043244135121031785
14089-43-1,Potassium asulam,0.7114902825851301,0.7076526850413604,0.472588519870897,-0.5406080063135242,1.7385832159018422,-0.2356201876064071,1.5729890953837604
141-03-7,Dibutyl butanedioate,-0.6695345497444296,-0.6841932278145499,0.3994116116869195,-1.5571775259675893,0.2874869723752431,-1.3925200184851305,0.061339514505413126
141-05-9,Diethyl maleate,0.07699982045222298,0.09467560538396524,0.38585315011816484,-0.7780205871039111,1.0172964553606412,-0.6571704096350535,0.8892584654010747
141-28-6,Diethyl hexanedioate,-0.015990410149695312,0.01038590827590491,0.3315995296998669,-0.9788885626049735,0.7163641598309008,-0.7503625835376214,0.607616271076323
141-32-2,Butyl acrylate,0.5643636160858722,0.5213265664458673,0.5835146961828124,-0.9220935847593681,1.6944086654933797,-0.4725114574481541,1.5859903504170332
141-33-3,"Carbonodithioic acid, O-butyl ester, sodium salt (1:1)",0.6510839968509419,0.6512873825975498,0.38475481440836223,-0.14959419408161947,1.4284816880488869,-0.032101400101119795,1.3891400142384824
141-43-5,Ethanolamine,1.065482695239008,1.0605025272460076,0.11261649793479972,0.7846607474417677,1.3153688562297738,0.850514389437211,1.2695357510687864
141-53-7,Sodium formate,1.8668731730257009,1.8636175154536527,0.2783874649754586,1.1399852362866767,2.4194229870866524,1.343301093153189,2.3216441123486495
141-66-2,Dicrotophos,-0.47497370941149347,-0.46876126753396996,0.18254904172692155,-0.9017949827968258,-0.07479876747022408,-0.8695595289483297,-0.15171267720500423
141-78-6,Ethyl acetate,1.6538196042685962,1.6788280589566773,0.16515618834520007,1.2389911899751571,1.928732237785508,1.3032414807006896,1.896499584373836
141-79-7,4-Methylpent-3-en-2-one,1.0514578793979026,1.0458254927922748,0.3999975136817978,-0.24420448903532008,2.078422422754421,0.17264538650244748,1.845255486338449
141-82-2,Propanedioic acid,0.9363076370749771,0.8936655592817841,0.4274035252814682,0.1268015336235968,1.8235377414079537,0.2096369115401769,1.7704117425029564
141-90-2,Thiouracil,0.22815346743232276,0.1764869249930315,0.4705438954122412,-1.0072618898398482,1.3011937844331547,-0.6114812188930283,1.113417057575114
141-91-3,"2,6-Dimethyl morpholine",1.031154013648951,1.084603066707222,0.5169649820172552,-0.3230444869419132,2.513971510765126,-0.0246199458548941,1.9699720396004319
141-93-5,"1,3-Diethylbenzene",-0.16269329184734949,-0.17092062511466122,0.40656434762769733,-1.1817383406753736,0.8775665915316814,-0.8125428271765402,0.6372973621264812
141-97-9,Ethyl acetoacetate,0.8797639565415998,0.9131844044956826,0.362783962686033,0.11386038956824573,1.6366133851279312,0.1933752152040223,1.526498462744869
141-98-0,"Carbamothioic acid, ethyl-, O-(1-methylethyl) ester",0.5004038205181434,0.495539647469058,0.48632434614762493,-0.8935881912522591,1.5405232778202982,-0.6595341650191188,1.3819798970075885
141112-29-0,Isoxaflutole,-0.6406885828336173,-0.6520475680662863,0.3524919744776565,-1.5134776451694616,0.14171076316026332,-1.2714386992939692,0.04541299558977454
14124-68-6,Selenate,0.46984939446715274,0.5075623810036458,0.4061810279033644,-0.8441070691026099,1.2832036482246785,-0.41448366300669526,1.2051529561840495
14150-71-1,Vinylene bisthiocyanate,-0.22901515316052012,-0.23401171419618894,0.41665512351106093,-1.3678179264438504,0.8254422625974969,-1.0118498869578036,0.5676568870458485
141517-21-7,Trifloxystrobin,-2.088576851073201,-2.0633651042504395,0.30163438083389854,-3.1818973201936376,-1.2337678343118943,-2.7892841925252325,-1.5136445256146518
142-28-9,"1,3-Dichloropropane",0.8735609903141099,0.9183564076122226,0.2318011669471295,0.25905658855650604,1.3648420783473099,0.39381936062509354,1.2999182001294087
142-59-6,Nabam-sodium,-1.1123271807198691,-1.092209714756834,0.17645958230843772,-1.5734670595285367,-0.6961771990769876,-1.5027336828130147,-0.8316873685590762
142-62-1,Hexanoic acid,0.746601148781716,0.7903404993803251,0.36940023395512794,-0.2232129905472721,1.5488479599686213,0.09697579090081199,1.4111390346563701
142-71-2,Cupric acetate,-1.0372558717478262,-1.023092872228672,0.23497446322157386,-1.6677240967922249,-0.567942353751802,-1.4885880021435272,-0.6072365522620118
142-82-5,Heptane,1.1258089100205653,1.1445849224004734,0.29402124545213476,0.39050715805834596,1.7920665608812818,0.5887305091713214,1.6854153410339432
142-87-0,Sodium decyl sulfate,0.12461875845954441,0.12820874601226678,0.459262149335104,-1.206711275626607,1.2148617082328268,-0.7652536150343991,0.9272887002484898
142-92-7,Hexyl acetate,-0.2895156889037307,-0.27444265245570776,0.39828600209702114,-1.4209729370846989,0.5000940502430253,-1.0985390221780311,0.4223985731160992
142-96-1,Butyl ether,0.9377385913241588,0.9353132970630993,0.27297213446603835,-0.04208214390083237,1.6255061587591821,0.44131796507821947,1.4213911831737525
1420-04-8,Clonitralid,-1.332625910277257,-1.3254594140360658,0.07852344894432346,-1.5953679990200949,-1.1885031544069724,-1.529891799058087,-1.2000873278691315
1420-06-0,Trifenmorph,-1.395834872878449,-1.3516839657410182,0.28063828242489486,-2.2103809662694434,-0.7568963599273918,-1.9311693369773493,-0.9667903495526543
1421-14-3,Propanidid,-0.18611610087757607,-0.21260389054943168,0.4516940882909944,-1.187338971556496,0.8665497218398079,-0.9772212123696888,0.6346399200837524
142459-58-3,Flufenacet,-0.7114557523489533,-0.7338076687476476,0.2408295048631348,-1.2563115406216925,-0.12780788606109475,-1.080983933155549,-0.289043541728424
14255-88-0,Fenazaflor,-1.4664344575119328,-1.5402631242486042,0.42815535780202146,-2.2598716110538004,-0.6584509002087879,-2.1099463146314474,-0.7162991403610173
14277-97-5,L-Domoic acid,-0.2679974590206991,-0.2436719170310122,0.5157749495178262,-1.5251003324094614,0.7320069352153975,-1.3019575050965095,0.6412208058904779
143-08-8,1-Nonanol,-0.2555065701342086,-0.24072115973990443,0.3148007323797624,-1.017116376774978,0.6922681160559315,-0.8949572292073701,0.5676665484566094
143-10-2,1-Decanethiol,-0.35621664259367974,-0.41578042284089367,0.5195312548729962,-1.8480984553561373,1.3329982422395554,-1.2410209847523737,0.7271315236546464
143-16-8,Dihexylamine,-0.7738439641591945,-0.7787371350923499,0.26591149258752805,-1.263599239312501,-0.12446733467792133,-1.230998301823118,-0.25947833475042426
143-18-0,Potassium oleate,0.049088991971938355,0.021694082039579267,0.40794094983247736,-0.9758214440353453,0.990235766502429,-0.8011731598513461,0.6937949925376271
143-27-1,Hexadecylamine,-1.8173231717378937,-1.8310183915482923,0.3732873812908764,-2.686603433240738,-0.8808663416819112,-2.5595584151890334,-1.0647757233020083
143-33-9,Sodium cyanide,-1.2343663645285081,-1.2242119767998358,0.12754922938836305,-1.5513470786139965,-0.9852859267442559,-1.501617206329044,-1.0213098888150915
143-50-0,Kepone,-1.5577570519989599,-1.5391748483610872,0.1472254495223542,-1.862984250058341,-1.1518679705068982,-1.8345945817912845,-1.3067762446534024
14309-41-2,"Benzoic acid, 4-amino-, octyl ester",-0.7121272912241259,-0.6744813023771787,0.5673123187103635,-1.9022237851745916,0.5176575113218166,-1.8176001213135,0.33852814735936804
14315-14-1,5-Methylbenzo[b]thiophene,0.09521574081019941,0.09679466176262924,0.40186104607241463,-1.3717594982884513,1.0724191673622105,-0.8603735215792838,0.7378521673441119
14321-27-8,N-Ethylbenzylamine,0.4092644250391717,0.4308465464220131,0.3826564175786915,-0.6937316804312352,1.2855439053571274,-0.36513745575573153,1.0595157188728164
14324-55-1,Zinc diethyldithiocarbamate,-1.2339190374656923,-1.2642543228694094,0.3496419597977549,-2.072368426927589,-0.15446121667599064,-1.8434775825645735,-0.5228405060476112
14338-32-0,2-Chloro-1-methylpyridinium iodide,0.5370319192696534,0.5493678736060514,0.417027976693553,-0.6087094617411459,1.734641521943821,-0.37329195430920536,1.3059768244143954
143390-89-0,Kresoxim-methyl,-1.4990884247674456,-1.498765518183499,0.2041893419769203,-2.2107841764536196,-0.8769904275420654,-1.8295255658373137,-1.100370037835095
143545-90-8,Cylindrospermopsin,-0.7417527753900215,-0.7337037177136438,0.5145384834781743,-1.9246896287324307,0.27331601764080304,-1.712946365606917,0.21853078502830217
144-21-8,Disodium methanearsonate,1.3190287041492874,1.3772978978774386,0.3700267694940503,0.46763972607097126,2.1196040370414684,0.5966882164048509,1.982039191238855
144-41-2,Morphothion,-0.6616907468968479,-0.7373488115259257,0.41148554025909373,-1.4198529413603216,0.15598869321308423,-1.3309628998629395,0.07232543259606651
144-49-0,Fluoroacetic acid,0.2943227700387037,0.2764948603546644,0.35316216070978357,-0.5244264346853,1.0738159920602066,-0.30798162325204825,0.9808825997708426
144-55-8,Sodium bicarbonate,1.7680804481662225,1.801076632695874,0.3093386119182396,0.6879751679792605,2.4349123961928427,1.0190630851290134,2.261692593631123
144-62-7,Oxalic acid,1.116234728380135,1.0788260578944437,0.49933270652387,0.02160073679371563,2.314248656887867,0.2965475016948462,2.036621894092366
144-74-1,Sulfathiazole sodium,0.4196772821754527,0.46247105581661485,0.335660876322748,-0.36085583919847763,1.0798335899360965,-0.2213178426273708,1.0261304274415903
144-82-1,Sulfamethizole,-0.16151026074904778,-0.237064730645208,0.5742818577163059,-1.4479055840262176,1.5519014693319984,-1.2077368280379197,0.8696272723500714
144-83-2,Sulfapyridine,-0.06901997251822091,-0.005834658814472154,0.6047828560685042,-1.9913368486327458,1.4045203506048007,-1.387464608258563,1.0731221988714577
14402-89-2,Sodium nitroprusside,0.6036882717318679,0.6332070391053539,0.41400892932992195,-0.4219597005838815,1.6016677878558165,-0.26031517118593894,1.3518059416736048
144171-61-9,(+-)-Indoxacarb,-1.6590681308083348,-1.6532108358054762,0.3751370602121793,-2.7061609007544836,-0.6862362895748516,-2.3772153395305544,-0.9218949225132426
1443-80-7,4'-Cyanoacetophenone,0.4700544981919926,0.4693844126424467,0.5062797294830712,-1.0812958630995133,1.4793859531433862,-0.5909777279953016,1.337832796762456
14433-76-2,"N,N-Dimethyldecanamide",-0.0326390407228569,0.009373667698103957,0.3749020400522992,-1.4685798808680053,0.652573075004979,-0.8383840296760942,0.5768442680764729
14437-17-3,Chlorfenprop-methyl,-2.3533017691912246,-2.3211896793358533,0.3141100592060065,-3.0586348939402592,-1.33272117300784,-2.987375240989214,-1.7837031110420511
1445-75-6,Diisopropyl methylphosphonate,1.2987016376772593,1.2721741470771903,0.22711144442943354,0.8716069123302205,1.8733367552632911,0.9230464695842895,1.7931219252033492
144550-36-7,Iodosulfuron-methyl-sodium,-0.438969075911592,-0.47377040212904065,0.6436043756625273,-1.9024011288390223,1.24383733553214,-1.596355158657103,0.7282635756661339
14484-64-1,Ferbam,-1.9396039447410869,-1.9177815818036088,0.2865529343307571,-2.5895728282811397,-1.3908434950700606,-2.4608052472834365,-1.4565566680867827
145-73-3,Endothal,0.709428080403874,0.6500058515077008,0.27214285694183515,0.19113655092434736,1.4722167841223166,0.292154840102635,1.3042048663895998
14507-19-8,Lanthanum hydroxide (La(OH)3),0.46571882664610387,0.43525623148052994,0.3931209777745044,-0.7069412541202174,1.4952344495566878,-0.2388416914096685,1.3653668908266503
14548-45-9,4-Bromophenyl 3-pyridyl ketone,-0.1150280947862433,-0.09033829714151297,0.43998550822474775,-1.3409846783453572,0.8321738696464982,-0.9053495348955111,0.7631299814583192
14548-46-0,4-Benzoylpyridine,0.21122754434973495,0.2622409335098107,0.4180412929260279,-1.0268573698583472,1.4987102884213934,-0.6386824134799166,0.8846889709352651
1455-18-1,3-Methylbenzo[b]thiophene,-0.030355394946314028,0.00537762239463568,0.49916268497536426,-1.1456407392777104,1.0954127214314433,-1.1124114972277703,0.8515191543094175
1455-21-6,1-Nonanethiol,-0.9507175818647323,-0.948049579732787,0.46166675237314103,-2.14280575186097,0.31957240939326836,-1.950490889398145,-0.21868422001810423
145701-21-9,Diclosulam,-0.8918395360012228,-0.8578668158552981,0.43799598123523764,-1.8946074240696371,0.04663549268274293,-1.7672816096704345,-0.06076969788895266
145701-23-1,Florasulam,-0.1991998055798253,-0.16940771431986443,0.5699414098252827,-1.9758128505897623,0.929511891399467,-1.3841374139170077,0.7352852859802772
1461-25-2,Tetrabutyltin,-1.699647259757125,-1.7080989838926721,0.43477250088198455,-2.806496898424445,-0.8410087885380234,-2.5759139770670654,-0.8784218263900586
1464-42-2,Selenomethionine,-1.0904048580416588,-1.093541404516744,0.3771413838252152,-1.9332506535511953,-0.29744410228200296,-1.7858185691607074,-0.40857754843438293
14644-61-2,Zirconium(IV) sulfate,0.153143687626666,0.1914898284145487,0.45567029020496513,-1.0208053634173992,1.176407539653555,-0.6487878603688959,0.9512301530583116
1468-37-7,Dimexano,-0.9684759152333899,-1.0145247584281902,0.4783135031069342,-2.0707785253783966,0.2488950430140567,-1.8189931044774725,0.16325015769153062
14698-29-4,Oxolinic acid,-0.2657673103636975,-0.2510855966638969,0.4601498697181325,-1.469650116657164,0.7750801512665483,-1.2678157228469418,0.5306883985887773
147-24-0,Diphenhydramine hydrochloride,-2.155993393463897,-2.215101316118311,0.501115517218181,-3.202416904383896,-0.13093262060252236,-2.9494189500017787,-1.0749501620946613
1471-17-6,"3-(Prop-2-en-1-yloxy)-2,2-bis[(prop-2-en-1-yloxy)methyl]propan-1-ol",0.0653302570670927,0.10855439337555886,0.43370803463889557,-0.9341908379343546,1.0424090568700048,-0.8454246972890046,0.7037384247610572
147150-35-4,Cloransulam-methyl,-0.9357597935183913,-0.964294577417632,0.6504326828759006,-2.473422778956244,1.0067654707821883,-2.1283590645601937,0.4418277435672397
1478-61-1,Bisphenol AF,-1.0328041561076662,-1.0489734665071877,0.34215459226461287,-1.848921098652855,-0.2599151215380649,-1.680468403656039,-0.4140698286970146
14798-03-9,Ammonium,0.43705266049000646,0.4832320692484223,0.3346607596177678,-0.600779405632166,1.1493393272366095,-0.21237369236365236,0.996038442710159
148-01-6,Zoalene,0.5536191670067088,0.5651125548059368,0.3832085912557995,-0.2983809927211672,1.4764278794292494,-0.1766127685011532,1.3262034579569209
148-18-5,Sodium diethyldithiocarbamate,-0.19063062078113358,-0.1808720968894791,0.33069902636854887,-1.1558623717801033,0.614647640102787,-0.8380776395426092,0.4333977063981447
148-24-3,8-Hydroxyquinoline,-0.05122964211594314,-0.025194040481909753,0.34677889754066016,-0.9057645807036526,0.6083873073211488,-0.7061639627869121,0.5483171017292733
148-53-8,2-Hydroxy-3-methoxybenzaldehyde,-0.08598164793590443,-0.010015070961531765,0.42748158126266994,-1.2975181180732493,0.6904185576599753,-1.112029156761754,0.6451591309608369
148-79-8,Thiabendazole,-0.23092299222266527,-0.20135483379666355,0.31971917845707415,-1.0148268310690225,0.34686423475891714,-0.848107467307408,0.26137875855055526
14816-18-3,Phoxim,-1.6132069725670237,-1.5738685545618278,0.24264404162774147,-2.2141443076272056,-1.1447195620709671,-2.173097614906439,-1.26961712666812
1482-15-1,"3,4-Dimethyl-1-pentyn-3-ol",0.7972289669869573,0.7688623415024144,0.4545026638164259,-0.24938229615699944,1.7822732579693614,0.010476263946951735,1.6640319824026528
1484-13-5,N-Vinylcarbazole,-1.745388896089313,-1.8150738554437456,0.5774379886384379,-3.17709286134568,0.5081490836563923,-2.676065837165926,-0.3460040354963855
1484-26-0,3-Benzyloxyaniline,-0.19785284232176908,-0.21077236568055857,0.43768748484405573,-1.2708533417797587,0.8749302619946151,-1.0194597637809002,0.7049115313649736
14866-68-3,Chlorate,1.0989490156752704,1.0996317481054203,0.619301635976852,-0.39924501193638084,2.7139857176579265,-0.16031205299456602,2.2482565564728834
148788-55-0,Didecyl dimethyl ammonium carbonate,-2.317151476582395,-2.322895884002915,0.24441421470960026,-2.842875360410485,-1.7733059041875392,-2.8039387929324118,-1.8320442048555254
149-30-4,2-Mercaptobenzothiazole,-0.5948117369933011,-0.5585244378606028,0.2662050080166864,-1.4965039275480516,-0.09732368923913655,-1.3375493057871979,-0.204226722629053
149-31-5,"2-Methyl-1,3-pentanediol",1.8768573930246992,1.9196122212548978,0.29170297926614874,1.1348530789982427,2.3887877387943273,1.3562385596146727,2.319707601844921
149-57-5,2-Ethylhexanoic acid,0.5633079986565154,0.5519922727164255,0.5123085452853504,-0.9277779130275432,2.015467379565723,-0.23110039281924802,1.3986733928955852
149-91-7,Gallic acid,0.2604336891835588,0.2308793837026265,0.312426181541353,-0.48075214886447154,1.0537239515305659,-0.3390111411624249,0.9540065909856299
14938-35-3,4-Pentylphenol,-0.62658808135483,-0.6366407468296351,0.28095909933961005,-1.5010035567220057,0.17596021418510377,-1.1052196940598122,-0.11520629925017234
14986-84-6,Hexasodium tetraphosphate,0.12936601616055543,0.145112791414889,0.41345197701115466,-1.435973084890563,1.1191453794765838,-0.5601678635093656,0.9183733836774408
149877-41-8,Bifenazate,-0.9098894381594902,-0.9207540497664932,0.23776922328727454,-1.488204138149536,-0.33484362986808297,-1.375881398683235,-0.45251677674010127
149961-52-4,Dimoxystrobin,-1.6121693035844231,-1.6198298510861684,0.5145024989389329,-3.1123675336135883,0.21543164799389702,-2.669962209501927,-0.6767459757841159
149979-41-9,Tepraloxydim,-0.515541890217074,-0.47374212563546736,0.3176372862470194,-1.2434056795741826,0.2826293681341362,-1.14113595926562,0.03377913550832212
150-13-0,4-Aminobenzoic acid,0.7839027939559877,0.7114128619424396,0.5427077895819631,-0.6420975275271849,2.1141436172317745,-0.21092957706191479,1.7348966740098426
150-19-6,3-Methoxyphenol,0.4804933927825802,0.5003512558896688,0.3885669243012183,-0.32438539626729895,1.2191743091134233,-0.24656175243831221,1.1340408764615582
150-50-5,Merphos,-0.6048988375325051,-0.572000059056538,0.446334570858828,-1.8578326645074608,0.6932123738209691,-1.553066692236415,0.14266307943595916
150-68-5,Monuron,-0.1824075654087762,-0.18609707985491825,0.15590809467227645,-0.5748152548476708,0.2302787178166402,-0.5066086034826089,0.16042379198831905
150-75-4,N-Methyl-p-aminophenol,-0.5460840276522755,-0.5553485263989042,0.4165321251127536,-1.416477734289376,0.37508649356059287,-1.3067923027902717,0.21234183214977534
150-76-5,4-Methoxyphenol,0.5577083598136833,0.5660017868392818,0.2803572075185664,-0.11950610491505752,1.1312607839984625,-0.06500275908964062,1.0482304181100233
150-78-7,Hydroquinone dimethyl ether,0.6300898282913362,0.6211506456224725,0.4111059685098884,-0.598158129920998,1.849131234571383,-0.19985077903560772,1.312646102334724
150114-71-9,Aminopyralid,0.19527264771299754,0.22643886639915203,0.5670587196120944,-1.0494216331948756,1.4078933473355948,-0.8831880259811749,1.149567833499646
15045-43-9,"2,2,5,5-Tetramethyltetrahydrofuran",0.5949283193457596,0.5486543402323454,0.3841818011063818,-0.08018220139820703,1.5564019705880114,-0.002872560633253989,1.4191660667519035
150824-47-8,(E)-Nitenpyram,-0.18962163591804995,-0.20406856598701545,0.505992552932604,-1.501173380862623,1.0518053817611153,-1.2544365408345137,0.6838755426318066
151-01-9,O-Ethyl hydrogen carbonodithioate,0.6343618398726766,0.7100445602768777,0.5332210870764932,-0.6857566701609051,1.6639007914976256,-0.44841231059941067,1.4865434557278117
151-21-3,Sodium dodecyl sulfate,0.10704447824884834,0.1145484470623474,0.05838526159789491,-0.06313592989448541,0.24982083232563604,-0.014967358552148586,0.2246127895872063
151-41-7,Lauryl sulfate,-0.3167768763098493,-0.29367512420895214,0.5173217804651037,-1.8876763216575254,1.1898418401966646,-1.3390848944246119,0.6370156237852558
151-50-8,Potassium cyanide,-1.421681875055869,-1.4188820295287536,0.14677346087278392,-1.770774912327326,-1.1260627634283977,-1.722965861151396,-1.163830552241226
151-56-4,Ethyleneimine,-0.11993429876558274,-0.11441397437575779,0.36809059284484963,-0.8752505109166939,0.7592151993958703,-0.8161685589150907,0.6242964411274654
151096-09-2,Moxifloxacin,-0.24073909722046502,-0.21557623960583078,0.4219965149832968,-1.4044153760498983,0.5547173062109508,-1.0573264919020835,0.4693120336769352
15118-60-2,4-(P-aminophenyl)butyric acid,0.5933931106833249,0.5829965484335922,0.5133292492330789,-0.9318157456891777,1.9490490321573128,-0.3765676865130163,1.6232705935836194
15120-17-9,Sodium metaarsenate,0.24775401063668043,0.24809903313513337,0.4836908507511147,-1.1636987562584316,1.1507568744489183,-0.8011810926467695,0.9758623540584498
15128-82-2,3-Hydroxy-2-nitropyridine,0.7131796275075201,0.7714415849635932,0.39804544704282774,-0.5003453972800901,1.5960492608906691,-0.08810304465921676,1.486147777874609
1516-32-1,"Thiourea, butyl-",0.42177993546536646,0.40623300448023314,0.5255867798676094,-0.6781497586690168,2.0547767408472932,-0.5695070434116166,1.3381951758817139
15165-67-0,Dichlorprop-P,0.5548474681496922,0.513322320531894,0.39510474050374333,-0.47587065294023745,1.471228349657103,-0.058657564592909495,1.3963925711247118
15165-69-2,"Dichlorprop, (-)-",-0.11849454140872882,-0.15947605514502156,0.5751477750892732,-1.6063443664662627,1.2762074259517227,-1.1891215473293666,1.0083798719568255
152-11-4,Verapamil hydrochloride,-0.4351722838839406,-0.4427417783304517,0.32289833931990486,-1.4092653600532261,0.4266291786875501,-1.0286309302450964,0.2081050658728334
152-16-9,Schradan,0.6424014048473555,0.6417300586947832,0.4611076815959535,-0.8462911947257024,1.5467002249456987,-0.40024503794250177,1.4118084453147948
1520-77-0,"Plumbane, dichlorodimethyl-",0.3107987304979951,0.23138413441660416,0.5640607087378204,-1.3195290460059654,1.7682665141442264,-0.7534620318222137,1.3867771768811328
1520-78-1,Trimethyl lead chloride,-0.05133930980662214,-0.04730635671181565,0.4528073191228108,-1.1214278008983967,1.3557978746786514,-0.8743786568896154,0.8656012593990339
15263-52-2,Cartap hydrochloride,-1.1734662421561481,-1.140051405130702,0.27029136945732773,-2.053229887271386,-0.6069503152684639,-1.6494557383595418,-0.655035346688636
15263-53-3,Cartap,-1.4932906505444514,-1.49541337361633,0.31385913104744084,-2.3731235023292814,-0.7695700404263998,-2.0646177439277653,-0.8732179199404907
15271-41-7,Tranid,-0.29866937676095334,-0.26450042792801615,0.4091175424378273,-1.2735178372852625,0.563834576587889,-0.997071272279833,0.39380090650373956
15299-99-7,Napropamide,0.17874980455178313,0.16410585041490422,0.19517316676061855,-0.44198897860241476,0.6277598907473625,-0.21752627302199182,0.5364978017605158
15307-79-6,Diclofenac sodium,0.4327447434140835,0.4417177385482518,0.23619828845398094,-0.09802857668571378,1.0339732864142812,-0.04551127551196635,0.9343768793525367
15307-86-5,Diclofenac,-0.07186742728303447,-0.07644006235479563,0.24383156610884876,-0.6758250774021872,0.5893309844111654,-0.5638694190380468,0.3827429127955565
15318-45-3,Thiamphenicol,0.0032375512739119903,0.09102989113950305,0.5876256438172655,-2.1009242708361895,1.1857040828356569,-1.2448733546376658,1.0111047180106847
15323-35-0,"1-(1,1,2,3,3,6-Hexamethyl-2,3-dihydro-1H-inden-5-yl)ethanone",-0.8454181204571871,-0.8211424230438934,0.4393008138818787,-2.00102970807869,0.14066535913322187,-1.6836419178220956,-0.14263904934440025
153233-91-1,Etoxazole,-1.9300589655648306,-1.9360384574611977,0.34550623877954006,-2.833845766686721,-1.1946854328329626,-2.5556193506125955,-1.3162166661132377
153719-23-4,Thiamethoxam,0.21532344819213958,0.2268549531478093,0.15487338473866658,-0.24524868745841705,0.5453784912903978,-0.10447046533740285,0.49105062066060967
154-21-2,Lincomycin,-0.2729715501015888,-0.24680099465077182,0.35576610792084085,-1.318400430483039,0.5125975625342069,-1.1293487639985096,0.3544785943365686
15457-05-3,Fluorodifen,-1.031182813523524,-1.018627558504832,0.2956858123362227,-1.7012229287130722,-0.392870675282892,-1.569634081283313,-0.49203083758417704
154592-20-8,Copper Pyrithione,-1.8996143123583684,-1.862004249816116,0.2196624100968522,-2.3881408109490376,-1.4403717917301289,-2.3545933840478472,-1.5119365734247072
15467-20-6,Nitrilotriacetic acid disodium salt,1.011114885398716,1.0174692797288425,0.45781787017548353,-0.14427806520131625,2.0369779284816154,0.0859128115426591,1.8075694765882728
15498-87-0,"Selenious acid, sodium salt",-0.03476898730724904,-0.0010368271344916105,0.23909879394411776,-0.70425270786034,0.4365389548297361,-0.5477494325573183,0.35806867575517726
15502-74-6,Arsenite,0.43406025351976346,0.37643214251038143,0.49232130493455495,-0.3675989786946341,1.8332525607356482,-0.3094807168064142,1.491162754370564
15541-45-4,Bromate,1.091913332752491,1.0730364722057282,0.44734491040790847,0.04377607442355727,1.9328810168372526,0.13508564465754608,1.9100660708758124
15545-48-9,Chlorotoluron,-0.35765801609414616,-0.3370333330940394,0.32934114038276047,-1.283660413902502,0.40806335115835796,-1.010071217172262,0.35526655555720954
156-54-7,Sodium butyrate,1.7790091330129698,1.755295633469884,0.35939934587987526,0.7728884559023114,2.641178578956278,1.0338995133096311,2.5211854917715804
156-59-2,"(Z)-1,2-Dichloroethylene",0.6469432293982661,0.673721947112389,0.5830016043028193,-0.6848771561677096,2.245483945612404,-0.36915476960497007,1.9256799846596948
156-60-5,"(E)-1,2-Dichloroethylene",0.825805589713058,0.8007779560061763,0.44506073941351104,-0.14837389981359303,2.2920865124557848,0.14577250833738042,1.8145228234866353
156052-68-5,Zoxamide,-1.505439057240427,-1.554531187591221,0.3002490954974112,-2.1685212930618727,-0.46656281374950237,-1.9166690867458585,-0.801713586033126
1563-66-2,Carbofuran,-1.4076223180282008,-1.391923352224815,0.08842565158968599,-1.7206339867961231,-1.2383826770619,-1.5835234512743437,-1.2515308818567215
15662-33-6,Ryanodine,-0.6578141736849293,-0.6612114435626952,0.36553031313635537,-1.4162176130386164,0.09993526025561411,-1.2704478056962865,0.047981373269627016
15673-00-4,"3,3-Dimethylbutylamine",0.9464463045695187,0.9621241076014169,0.3901406185732891,-0.11561380624979703,1.8423562554866473,0.16161221554798755,1.6701005843066075
15687-27-1,Ibuprofen,0.6312640640362932,0.6381503204324563,0.25825963539054153,-0.01498973311743744,1.2888872542527374,0.08116533205223068,1.1093336018240583
1570-64-5,4-Chloro-2-methylphenol,-0.517829783072629,-0.4770732007142464,0.34826979204797415,-1.4917885149594303,0.153615860019903,-1.2156783250299459,0.07963431324945365
1570-65-6,"4,6-Dichloro-o-cresol",-0.4074854458653256,-0.4007007662107783,0.303985759362903,-1.050092785168408,0.3258194981746607,-1.0021748336294731,0.18963267520941549
1570-76-9,"4-Chloro-2,3-xylenol",-0.6979353907622845,-0.692481851189654,0.42148140277415486,-1.705881571927402,0.4132133117247299,-1.6484569612589948,-0.0011427410270866082
15708-41-5,Ethylenediaminetetraacetic acid ferric sodium salt,0.4093318554113177,0.4438629122676011,0.4017950116204235,-0.599881791622753,1.3452694400183252,-0.518184582480428,1.104061750323283
1573-92-8,9-Oxo-9H-fluorenecarboxylic acid,-0.8916075579610286,-0.849979084358834,0.42291112775553025,-1.9974453072435734,0.3597897527062065,-1.6954893971175882,-0.10813311535079342
1574-41-0,"(3Z)-1,3-Pentadiene",0.9244540915750856,0.8745521684355547,0.5921874921233112,-0.3553164540221494,2.1946710976187536,-0.1628853803937928,1.8841934977094288
15773-35-0,Copper pentachlorophenate,-2.115010286151369,-2.1690692566646073,0.4608156608856324,-3.365128451946686,-1.029635193270612,-2.8770827565267596,-1.1507519916646944
158062-67-0,Flonicamid,0.0939237442396499,0.04450245365645032,0.45832909962367235,-1.0699053312283273,1.3957110745571328,-0.8754517477714853,1.0288668842431212
1582-09-8,Trifluralin,-1.296341237446287,-1.2841567975606525,0.09883125956000036,-1.5258305053162726,-1.0823723705607404,-1.461603272610374,-1.1084321134166422
15862-07-4,"2,4,5-Trichlorobiphenyl",-0.9084342193880329,-0.9784920145502474,0.5165402279172274,-2.034914133159461,0.5178915442970393,-1.8566036320020893,0.10390559474047041
15905-86-9,"Nitric acid, uranium salt",-0.45890626450927674,-0.44982505141434753,0.5337391902259715,-1.6337453569704998,0.9010903055258093,-1.4354711071988555,0.5177553452137075
15920-93-1,beta-N-Methylamino-L-alanine,-0.005863418836270384,0.01578880758492021,0.5294286348426033,-1.1168903120643539,1.2147697442987342,-1.0075343043117404,0.9379355702835497
15922-78-8,Sodium pyrithione,-0.7982826598335496,-0.8117775602197534,0.3924668598443372,-1.8051837590586657,0.15524485718575914,-1.4968157148174914,0.024035448757834657
15950-66-0,"2,3,4-Trichlorophenol",-0.550507782146364,-0.5301747773266099,0.19818148693100635,-1.033634442938394,-0.10484007247791871,-0.971110300988448,-0.1657057577230376
1596-84-5,Daminozide,0.6852674162362388,0.656037060017342,0.39599855208122925,-0.3372959386721988,1.8659838454622646,-0.008358057266917145,1.4632765251179776
15972-60-8,Alachlor,-0.706747590760097,-0.6923697082933896,0.13811928857170444,-1.0226441707159377,-0.4115902693519703,-0.9838093410821969,-0.451015027318044
1600-27-7,Mercury(II) acetate,-1.6278808814215104,-1.6561820145892754,0.25836473319280756,-2.111902172005671,-0.9315889403340997,-2.040722688395463,-1.1535401714716704
16022-69-8,"2,3,4,5,6-Pentachlorobenzenemethanol",-1.0370093570505012,-1.0369532787858766,0.40207879077027586,-2.0739609298085044,0.04163837439815988,-1.8088197419748326,-0.30492021690954085
16060-78-9,"1-Cyclohexene-1-carboxylic acid, 4-[(1R)-1,5-dimethyl-3-oxo-4-hexenyl]-, methyl ester, (4R)-",-0.8296995613103079,-0.8410095772763506,0.4367788617722967,-1.6618729453057355,0.0337540630643234,-1.584099934620186,-0.008751460623730997
16079-88-2,"Bromo-3-chloro-5,5-dimethylhydantoin",-0.3821016066432219,-0.3714763281184595,0.22456564554429437,-1.106084467979569,0.13621798320184147,-0.7914370807408417,0.02321565190832644
1610-17-9,Atraton,-0.23534451842226392,-0.25042106882531645,0.5301769843442503,-1.8077308989041503,1.1320247311893872,-1.4056021005298294,0.7049536633334115
1610-18-0,Prometon,0.1542172513386139,0.1671508292189171,0.09199740279268495,-0.05193364867697347,0.37051794703719665,-0.015675317323306452,0.32776935643582167
161050-58-4,Methoxyfenozide,-0.6600718723209554,-0.646703481930754,0.3821712714719496,-1.9349988305954093,0.19001872517178403,-1.4305409964494789,0.07789358317830564
16118-49-3,Carbetamide,0.18757674426390547,0.21595821498320972,0.49949633100290924,-1.3684427629405695,1.160094437342643,-0.8831457905025901,0.9470078161625856
161326-34-7,Fenamidone,-1.0134353663428928,-0.9798923232642358,0.33667384274868856,-1.9174711346581919,0.19579321609159636,-1.6785027205636884,-0.45107388131918846
1615-70-9,"2,4-Pentadienenitrile",0.9122546413498559,0.9656451712925311,0.5034873744701038,-0.20607905504689228,2.1952504613386505,-0.04256976545689083,1.8571446869255652
16182-04-0,Ethyl isothiocyanatoformate,0.5100603505071508,0.5705582264769736,0.5240471669701227,-1.220556517230192,2.015220809708888,-0.4596118152136327,1.468479495285432
16245-79-7,4-Octylaniline,-1.4056752507529295,-1.3770698354993254,0.3363080913064479,-2.328341862949319,-0.14456711661783178,-2.056747764374674,-0.8893971840601984
1629-58-9,Ethyl vinyl ketone,-0.27225139846609503,-0.2876128373376107,0.535346368236576,-1.6599905775110613,0.8335713157931183,-1.286705162118536,0.7414601769548728
1629-60-3,1-Hexen-3-one,-0.060274404053725285,-0.041527985330900255,0.5268938244356722,-1.8071243806289534,1.2255875274069934,-1.227013377861752,0.9384603009906165
163269-30-5,Bethoxazin,-1.5972666168094067,-1.5751651863475766,0.37593411172957036,-2.629527203398003,-0.8525950565379884,-2.372374691302411,-0.9703529218888235
1634-04-4,Methyl tert-butyl ether,1.0442526572778608,0.9838055444931051,0.4989124377956972,-0.21684846290565107,2.4115584679470263,0.13461715509117445,2.0762490059716248
1634-78-2,Malaoxon,-1.6194401595733834,-1.554551839315891,0.3350995266320326,-2.6109301773025817,-1.0493579090085179,-2.4251519633235024,-1.0812785874967645
163515-14-8,Dimethenamid-P,-0.004591270725926315,-0.0002927084560629918,0.32025249178050036,-0.8384721376263143,0.7133257264846758,-0.5623449520209762,0.573038563051283
163520-33-0,Isoxadifen-ethyl,-1.1685443477211617,-1.1889804401780006,0.4390420010136556,-2.331181015173823,-0.10703340901658148,-1.876565840749774,-0.2568652331750795
1639-60-7,"(2S,3R)-(+)-4-(Dimethylamino)-3-methyl-1,2-diphenyl-2-butanol propionate hydrochloride",-0.28904272784614177,-0.30122536585352433,0.4836539570134726,-1.5897468374849846,0.7612873806788499,-1.254345446936229,0.6161748278801866
1639-66-3,Dioctyl sodium sulfosuccinate,-0.33553542971011074,-0.3295325833386291,0.409733395702107,-1.6017323665640455,0.6944105743445156,-1.1969977553133175,0.3967882061628184
16423-68-0,FD&C Red 3,0.23731572322739858,0.2408551634979207,0.3282480541615683,-0.7374058488146962,1.060711049613209,-0.5276657355458301,0.8303140419956623
1646-87-3,Aldicarb sulfoxide,-0.6845319685118832,-0.7296285529324713,0.44100387702559346,-2.0253365808617083,0.6542438055492127,-1.4109911526252854,0.2673540336304453
1646-88-4,Aldoxycarb,0.037369484854179194,0.05610889696181173,0.32431014625190147,-0.7692182453964842,0.6804724739329635,-0.6097999000792647,0.5919033391545515
1647-16-1,"1,9-Decadiene",-0.8640092983541007,-0.8758384798708547,0.42816498413226395,-1.730985909553234,0.4396234226792021,-1.6042733774110705,-0.03567941457888705
16485-47-5,"Ferrate(1-), [N-[2-[bis[(carboxy-.kappa.O)methyl]amino-.kappa.N]ethyl]-N-[2-(hydroxy-.kappa.O)ethyl]glycinato(3-)-.kappa.N,.kappa.O]-, sodium",-0.6525332981492151,-0.7164823703606833,0.48774331147642874,-1.8484626691850599,0.6566516611707743,-1.4532547072289759,0.45676410769316306
165252-70-0,Dinotefuran,-0.28920567727608,-0.28653231790820544,0.2014723040374648,-1.0613412925478227,0.34060155410717624,-0.6553324529559079,0.062016556720252955
1653-40-3,6-Methyl-1-heptanol,0.0702062127287261,0.07552308781126424,0.3274004908624831,-0.6583266587825097,0.8619780822211024,-0.5982861683221796,0.7752532450876406
1655-45-4,"Disodium naphthalene-2,6-disulphonate",1.3232463781880552,1.3293198662738104,0.7103000352066372,-0.16984653800198843,2.803785056990753,0.13242727152386896,2.6036724652542613
1656-48-0,"3,3'-Oxydipropionitrile",1.7370663351492706,1.6993818923492028,0.31240740768592873,1.020072405799144,2.5958889369867633,1.267804038286455,2.4699614892698665
16606-02-3,"2,4',5-Trichlorobiphenyl",-1.1744676293388792,-1.1956452170300345,0.5880109777730909,-2.261590529807462,0.42515132231590047,-2.2312604221971784,0.0266964795308193
1663-39-4,tert-Butyl acrylate,0.03195257185157734,0.04757977119045175,0.38961370690780606,-0.9015434064642606,1.0028156736977671,-0.6116873131322006,0.7454082800045029
16672-87-0,Ethephon,0.919493440995318,0.9498007808396605,0.23763820465735574,0.30486091863582404,1.57833440982189,0.44781245666376546,1.4045256508344115
166812-75-5,"1,1,1-Trifluorooctadec-13-en-2-one",-1.5222737984237424,-1.5454174731013923,0.3825496052965001,-2.370067463486708,-0.48630892993446834,-2.2469604502398064,-0.8344771647151282
16721-80-5,Sodium sulfide,0.685097659547715,0.6749989179899483,0.5271423466492177,-0.5916443995181933,1.9663878556575107,-0.28713189033200726,1.6554356877925953
1674-38-0,Dodecanophenone,-1.0363779605556822,-1.0374720702933535,0.5187469312209276,-2.0415512453230664,0.13074749936719052,-1.9399918485364176,-0.12441274551201736
16752-77-5,Methomyl,-1.1297464316111527,-1.1229256019668439,0.08011834474128005,-1.3522114869591786,-0.9841560727604869,-1.3074461986818107,-0.9989378392827722
1678-91-7,Ethylcyclohexane,0.33456625787655186,0.27805220970895284,0.3944548836761114,-0.8529058208091821,1.328434863004627,-0.35442034907463604,1.118299402002033
1686-59-5,Pimarol,-1.0841341039532393,-1.0622998123993184,0.4351629942043405,-2.1800712766867285,-0.07568236205009686,-2.0569883014227246,-0.29424872917350475
16879-02-0,6-Chloro-2-pyridinol,0.6826190308700878,0.7265304796168077,0.4051514970647096,-0.3605410495443205,1.5268453813169873,-0.14056643982191358,1.3759734130308117
1689-64-1,Fluoren-9-ol,-0.5240457105512207,-0.5505119361573586,0.4091493190411268,-1.897149286181132,0.4160005943336432,-1.314246227665317,0.3098654063041398
1689-82-3,p-Phenylazophenol,-0.672546924262716,-0.6605888446658201,0.3086861678975875,-1.7244648675877932,-0.02938130593367646,-1.2479158852942862,-0.13586725763229596
1689-83-4,Ioxynil,-1.0042346063750207,-1.0145828319281684,0.3325441142823296,-1.7869584316012013,-0.20970085298946195,-1.6211061501031043,-0.3132922309547401
1689-84-5,Bromoxynil,0.04049559480782417,0.15395907324662614,0.299966573058728,-0.5498640622562311,0.5165616035260207,-0.5026560717262256,0.45602878226966737
1689-99-2,Bromoxynil octanoate,-1.6281665912045316,-1.598099629181879,0.25511620181426986,-2.361228670219461,-1.1270975671603156,-2.122006055623728,-1.1879931567341797
1694-09-3,Benzyl Violet 4B,0.14632358937855183,0.11145265133606722,0.39797537662899507,-0.6643446567635682,1.3561535840981214,-0.44577011695394775,0.9092488661976734
16941-12-1,Chloroplatinic acid,-0.5658810895744399,-0.507046985319448,0.45407289820527125,-2.0417293248735175,0.28201783996142626,-1.5614447534490072,0.14523600073858411
1698-60-8,Chloridazon,0.009006444397718779,0.033954168934122425,0.3484103526847116,-0.9186953630856117,1.085405175587387,-0.6265292261747383,0.8136343795983003
1702-17-6,Clopyralid,0.7192664267807742,0.7524127610676463,0.3576163838085942,-0.14136112566271755,1.5755120084646443,0.10136505395525473,1.3864210527179046
17109-36-3,"3-tert-Butyl-2',5-dichloro-4'-nitro-2,6-cresotanilide",-3.0227619395000143,-3.0158759367976344,0.1647534360831229,-3.3899728784025447,-2.6530572834472674,-3.330975994783307,-2.7286447028348504
17109-49-8,Edifenphos,-0.8915615897847285,-0.9137281067442327,0.38494751492098356,-1.7730587734651224,-0.05073255436725592,-1.6334199609968867,-0.21409763047663766
1715-40-8,Bromociclen,-1.1892678054618402,-1.1821693883305344,0.5583166253075086,-2.742176246381596,0.21982285472643193,-2.2902225395827087,-0.26510190856289956
173159-57-4,Foramsulfuron,-0.5790598776562151,-0.6490962695942617,0.5690437648943588,-1.7840737826517414,0.7806496683282397,-1.666630081261561,0.4983657056831095
17321-77-6,Clomipramine hydrochloride,-0.843779035174378,-0.9019433841627973,0.4789607210927124,-1.9110133765310076,0.7095988744806285,-1.6428799289827216,0.1846692002250228
173584-44-6,Indoxacarb,-1.3274747558940971,-1.360136227790735,0.28956760864161507,-2.1067730907294484,-0.4515619528013738,-1.839095205155152,-0.7805793565171262
17372-87-1,Eosin,0.6042767519444455,0.5942333800307363,0.4177899229169728,-0.31974428901471075,1.9100840310522915,-0.14802576048912786,1.3985878846538093
1740-19-8,Dehydroabietic acid,-0.7784052922239222,-0.7535686913422098,0.24524790842043248,-1.3399854681036352,-0.2098594273168878,-1.2210157062248992,-0.3328746217979391
17439-94-0,"Endothall, diammonium salt",0.47993080857865406,0.5195688148769698,0.3541715568626736,-0.5606055297950019,1.1693041802371114,-0.21227325621574403,1.0648407494011363
1745-81-9,2-Allylphenol,0.2912994127813709,0.3063705162752599,0.2670508070275112,-0.33641429310124094,0.7858407879138308,-0.1566530262707034,0.7422029750109346
174501-64-5,1-Butyl-3-methylimidazolium hexafluorophosphate,-0.19100820735650623,-0.21221211762580772,0.49770426187256683,-1.198102568821613,1.1684881046701172,-1.141392794753067,0.798809423792442
174501-65-6,1-Butyl-3-methylimidazolium tetrafluoroborate,-0.2128803042259137,-0.21937222688208605,0.4268771982449669,-1.1643622699360858,0.987661780184048,-1.103438730209262,0.5725489880087802
1746-81-2,Monolinuron,-0.11416996925615139,-0.11122017226933635,0.3387279601098787,-0.9424837312117039,0.6060630181541384,-0.8957083765678628,0.5234534601504657
174630-05-8,Reversin 205,-0.8642993358563394,-0.9193741758169554,0.4811948064604626,-1.873740583101781,0.4569757803839232,-1.6142686834620055,0.21473958359549838
175013-18-0,Pyraclostrobin,-1.9782883433511298,-1.9799910854193252,0.2707850568467303,-2.636269157239681,-1.2044634766591036,-2.579711782773019,-1.5098052815310548
1758-68-5,"9,10-Anthracenedione, 1,2-diamino-",-1.405668389669309,-1.4081371775381013,0.4664894288645986,-2.7101402186221595,0.05817355345439265,-2.2463283327074586,-0.46737066277964856
17584-12-2,"3-Amino-5,6-dimethyl-1,2,4-triazine",1.0451373478614443,1.084971332398708,0.4393236963557293,-0.3762266359119802,1.996070969729116,0.056949714233937854,1.7946425408767743
17606-31-4,Bensultap,-0.5227799414033305,-0.5434119023784192,0.4732346725865532,-1.445917510922868,0.7163211991087074,-1.2885392391692143,0.36126056533017603
1761-61-1,5-Bromosalicylaldehyde,-0.5473638404863784,-0.5785689679719259,0.40863395620948306,-1.4429355265854342,0.5893194539216718,-1.1608003037754437,0.37484130003500105
1762-95-4,"Thiocyanic acid, ammonium salt",0.9115593511434915,0.9266864075377195,0.44510991848723785,-0.10745139168870216,2.4003791484675046,0.0312553486960193,1.7139550049163694
1763-23-1,PFOS,0.12450845305494657,0.10577553961223012,0.3759564024595296,-0.9227884082623817,1.0342752238189405,-0.69012811519601,0.7610195795539325
1770-80-5,Dibutyl chlorendate,-0.9880003275355126,-0.9625335944147471,0.5882947318988605,-2.5434567580043916,0.31370693345662937,-2.087959608365975,0.1824309258055795
17700-09-3,"2,3,4-Trichloronitrobenzene",-1.442278578366556,-1.4349338071153586,0.4387227598957188,-2.7972687310120814,-0.3117508874989146,-2.277139640987926,-0.6402111425093706
1773-89-3,Chlorendate dimethyl,-1.0562116671108766,-1.0888113831698514,0.40964273437644544,-1.8707968648573616,-0.1541045133027504,-1.7812414547187103,-0.27237546355595355
17754-90-4,4-(Diethylamino)salicylaldehyde,-0.3164551012773712,-0.26801309025147846,0.45112921484366764,-1.699501395148978,1.175200298888937,-1.1254117631173615,0.42368550408628447
17757-70-9,Carboxin sulfoxide,-0.29259125934367647,-0.19831309595322769,0.4438536195448072,-1.5974412560854643,0.5857808908777081,-1.2393226817243777,0.47835851120718736
17781-31-6,Parinol,-0.961421847811269,-0.9289740968396782,0.4062503341287226,-2.4371163467497015,-0.12378528914279482,-1.7478398058543616,-0.3154405363028896
1780-40-1,"Pyrimidine, tetrachloro-",-0.7594816983577057,-0.6862824358957011,0.591166535020063,-2.327839453507581,0.7874388681368143,-2.022319915746575,0.24201065055017545
17804-35-2,Benomyl,-0.5658734271058445,-0.5481796347619947,0.15707981818341513,-0.9290288823854566,-0.20936497513811594,-0.8849300848603981,-0.23880826918477194
178928-70-6,Prothioconazole,-0.5728963957843689,-0.5652526913203069,0.2209498083006208,-1.0605256483224035,-0.031008255851109594,-0.97070036475283,-0.19469928320342886
17904-27-7,(+)-Juvabione,-0.6180104351871255,-0.6772120731990572,0.40942113207545827,-1.7692171153166456,0.2509636396701988,-1.3517718092821884,0.2259295343975695
179101-81-6,Pyridalyl,-2.293201394051993,-2.2898775192889227,0.3601490866079842,-3.2420687245231106,-1.4922972936087182,-3.122741134659266,-1.6463224628859932
17924-92-4,Zearalenone,-0.3716756085133073,-0.33188201472984447,0.5435270143090146,-1.6329266334250516,0.7141990324514359,-1.4018770070640456,0.6127787188570291
181274-15-7,Propoxycarbazone-sodium,-0.08121141891539808,-0.03296583646346045,0.4507685710479788,-1.0912363388733877,0.9845057744015988,-0.9141200579130606,0.7454001974669645
181274-17-9,Flucarbazone-sodium,-0.26624411490087196,-0.20897378198293126,0.5624938924086782,-1.6304521804928087,0.988721494177079,-1.497159748335612,0.7428103747650355
18172-67-3,(-)-beta-Pinene,-0.6271350390274116,-0.6138541271611608,0.32002649122841154,-1.4163671755740341,0.11698529068255717,-1.2146116156516436,-0.03834191454422175
18181-70-9,Iodenphos,-1.7667541788226,-1.74758424769532,0.32896488993435274,-2.4829937095556613,-1.0338997406584396,-2.4008702144554315,-1.1623078986153226
1820-81-1,5-Chlorouracil,0.4738634474013782,0.4504672322783367,0.4783644241405063,-0.8712900144417923,1.7115008434784442,-0.4011120566277196,1.383961755526884
18240-68-1,"2,2-dichloropentanoic Acid",0.4211173802499786,0.4165022394513789,0.55062986013702,-0.7527235097204253,1.8566821828156996,-0.5849687911228668,1.4918964531822694
1825-21-4,Pentachloroanisole,-1.401086320888831,-1.409567407100706,0.3583197856722848,-2.1993420408783164,-0.4973881794080176,-2.112618739653791,-0.7185262242767834
18268-69-4,"Benzaldehyde, 2,3-dichloro-4-hydroxy-5-methoxy-",0.10553561013188037,0.1416547930533006,0.504655776929747,-1.0056606964496615,1.291671978816994,-0.8936414740126971,1.0620465606922278
18268-76-3,"Benzaldehyde, 2-chloro-4-hydroxy-5-methoxy-",-0.13219096154780147,-0.13601548407815886,0.44323029068255687,-1.2170735729398459,1.117247669923537,-1.005529654522002,0.6841411655756733
18292-97-2,"Benzene, 1-methyl-2,3,6-trinitro-",-1.1727745527072482,-1.1576162832909471,0.33694170967922416,-1.9777162023897108,-0.2971026303098063,-1.8149833834331313,-0.5455767584332514
1836-75-5,Nitrofen,-0.9740185786182757,-0.9872812505017955,0.12905681875938732,-1.421148355806788,-0.5320342392499384,-1.220679640349508,-0.7483514861412243
1836-77-7,Chlornitrofen,-1.3090595638684965,-1.2724731546092827,0.2655958560911788,-2.039268885119762,-0.8134476204179841,-1.906532287107783,-0.9140992399850472
183675-82-3,Penthiopyrad,-0.9087290606698569,-0.9794234299994475,0.3162739839359267,-1.6496934874415496,0.12678686930039149,-1.4074785482303678,-0.2464029171004247
18368-63-3,6-Chloro-2-picoline,0.6369097753877901,0.5772180995917229,0.45331370108238417,-0.47807485623722773,1.6337073186262152,-0.29284731411164316,1.5553534047960054
1837-57-6,Ethacridine lactate,-0.7429061785470903,-0.7157991870300071,0.4783508496589046,-1.8819031861640183,0.3591455596837251,-1.677514225333581,0.19969956102340494
18402-10-3,(Decyloxy)trimethylsilane,-0.32517646646891757,-0.3439041340686484,0.45894048671009624,-1.4726223240517986,0.676218101456318,-1.1786656620712166,0.5949737665475733
18496-25-8,Sulfide,0.5770856744581817,0.5916919219894754,0.6519568651569567,-1.0346115207966198,2.1462500207249144,-0.7051968512990642,1.6704920599199065
18530-56-8,Norea,-0.38739214821533596,-0.4390898277816144,0.42545815097217393,-1.2228535934627842,0.7474947165961421,-1.0744300201931194,0.487716325194214
18540-29-9,Chromium (VI) ion,0.05903840456413995,0.03078484898659404,0.34388721111516996,-0.7932846612120994,1.0978627271284567,-0.7393054028233004,0.6953833072930039
1861-32-1,Chlorthal-dimethyl,0.12433638592174762,0.14503931931312752,0.2670734965398964,-0.5040771831821746,0.71315650613355,-0.4100400786066427,0.6129323058150283
1861-40-1,Benfluralin,-1.258270901246476,-1.2864177156169467,0.2594917412917439,-1.9426586008663311,-0.45085901551739443,-1.6982742139837965,-0.6982591039359607
1867-73-8,(N-6)-Methyladenosine,0.000991398814803947,0.028941779500507733,0.5654885944510898,-1.4316289333285308,1.2155337531038488,-1.0489124822292275,1.081193062669408
18691-97-9,Methabenzthiazuron,-0.8943458304353565,-0.8182326035054306,0.49854935833626335,-2.07997237241051,0.2496023566705485,-1.8443304449234144,0.11806815252863369
187022-11-3,Acetochlor ESA,-0.20083178275949717,-0.23438439461639204,0.5755728074918625,-1.7487831188243756,1.3570917262974331,-1.2757594764205389,0.8438710284989899
1871-57-4,3-Chloro-2-chloromethyl-1-propene,-0.8067158140624642,-0.7991193211589349,0.4011285667000151,-2.103123043179658,0.22065741562462507,-1.5462919282546215,0.04094097192798463
187166-15-0,Spinetoram L,-2.0504036048768683,-1.978391181751313,0.593660595355549,-3.441918123289443,-0.3260866791413076,-3.171761201670366,-1.0138678268006616
187166-40-1,Spinetoram J,-1.5694394692369062,-1.5505277609908035,0.47508628163989175,-2.673641283324021,-0.1982858437929402,-2.527766462384248,-0.710223948823251
188425-85-6,Boscalid,-0.6737125564284441,-0.699934259810902,0.36880041574994943,-1.4246728153659936,0.4233307479163599,-1.3540095708905546,0.1772696010284152
188489-07-8,Flufenpyr-ethyl,-0.6188782846930986,-0.6036891601368645,0.3355275410002023,-1.3160988807872092,0.08793669083946849,-1.1702840249905733,0.03309707536836525
18854-01-8,Isoxathion,-1.5821149496668756,-1.5441238917109228,0.2748022839918476,-2.3716992938876835,-0.9507829970735076,-2.0895703851115663,-1.1537315208163155
189-55-9,"Dibenzo[a,i]pyrene",-2.175737365966016,-2.1997641798004794,0.5435665220213802,-3.3740277772563,-0.9470057270904964,-3.238406754513897,-1.1619329801730212
189084-64-8,"2,2',4,4',6-Pentabromodiphenyl ether",-1.7689391893406552,-1.7942324411000117,0.3914507506128606,-2.880561288196028,-0.6000446831912285,-2.567749113238593,-1.0096558178190913
1891-95-8,Chloroxynil,0.047370008020861026,0.04450343271549955,0.4232223780180673,-0.8758487158680615,0.8587204772310802,-0.8185685593119427,0.7239230378152739
1897-45-6,Chlorothalonil,-1.7073638282547896,-1.70885403611605,0.07160695542169553,-1.8922788714877907,-1.5594901223282993,-1.848585169894981,-1.5761032272369968
19044-88-3,Oryzalin,-0.9461399941592993,-0.9362004035032492,0.1762185647574087,-1.4401593324424127,-0.5795309209847033,-1.2782608056754183,-0.6511820575482791
19078-35-4,"4,10,11,11-Tetramethyltricyclo[5.3.1.01,5]undecane",-1.0693395923233102,-1.1082721926250065,0.4237977833545087,-2.166557281778741,-0.018556139568780123,-1.884330511394173,-0.26591964032750726
191-24-2,"Benzo(g,h,i)perylene",-2.250202295580539,-2.252719523037301,0.5728666964780592,-3.5338797179426313,-0.4022417539754801,-3.234476410155206,-1.1953452719849427
1910-42-5,Paraquat dichloride,-0.5903332343681484,-0.6045617736427203,0.12662919396739206,-0.870419154258971,-0.2778593354065975,-0.8088801506848612,-0.31802433652984485
1912-24-9,Atrazine,-0.39253427489254905,-0.38964881561755516,0.07516036981208712,-0.5584603362035567,-0.2510141713834437,-0.5295524174018345,-0.26092611068155913
1912-26-1,Trietazine,-0.7843651239141145,-0.8077517706586063,0.30527272221289314,-1.5247400563488314,0.054488173516305353,-1.3441007992511351,-0.2601377588969446
1918-00-9,Dicamba,0.8253225563552761,0.8231207514935384,0.2992351829116892,0.08175189007307092,1.5348976907523202,0.2844216781726343,1.4155107706218102
1918-02-1,Picloram,0.37112690149340344,0.3686618379295366,0.10844752681185105,0.15007682124730212,0.5728612570959082,0.16014966064041322,0.5676554528796551
1918-13-4,Chlorthiamid,-0.015037594080657834,0.011562118979414138,0.39560946523962653,-0.8719846251092546,1.0585838109966739,-0.6866884027323394,0.7254741511311206
1918-16-7,Propachlor,-0.6304046293583103,-0.6602811303605642,0.3169221928829942,-1.4123564948958567,0.18272236615001705,-1.187466976802207,-0.005175778908052578
1918-18-9,Swep,-0.6175996531393759,-0.6297396164060556,0.34974104044992277,-1.4065553338684973,0.24794559599471613,-1.2455739244417448,0.05860107613650446
192-97-2,Benzo(e)pyrene,-1.9916492036396465,-1.9527318200003525,0.5238736515231294,-3.585316603350651,-0.6342961021333311,-3.0606306514378616,-0.8248590800714389
1928-43-4,"2,4-D 2-EHE",-0.7447238928142109,-0.731923999771595,0.4111054118926343,-1.8501182723739469,0.13135157730006966,-1.6587605489276016,-0.04786069489253607
1928-45-6,"2,4-D-3-butoxypropyl ester",-0.48717304550432794,-0.4840246796629313,0.3559795250000774,-1.4083373643249621,0.45949315574170396,-1.245795802872965,0.07589860266826415
1928-58-1,"2,4,5-T 3-(2-butoxyethoxy)propyl ester",-0.8715602793799764,-0.8332276357792598,0.43920036975746046,-1.9621061628638479,0.0634964265639159,-1.7626223607417877,-0.23914031185849177
1929-73-3,"2,4-D-Butotyl",-0.6455041668578828,-0.6720341198313966,0.15409460834990402,-1.0427874322083661,-0.2606438639700796,-0.947373885685082,-0.3093682796195201
1929-77-7,Vernolate,-0.352666650869583,-0.32845588252368496,0.1895769720718711,-0.8282901752284186,0.04838570648420586,-0.7638328901079923,0.010521376074377474
1929-82-4,Nitrapyrin,-0.3738996060325904,-0.37211865882152767,0.20320925536020754,-0.8040241977683797,0.16180350696873375,-0.7596363057587971,0.05319320366168946
1929-86-8,Mecoprop-potassium,0.36683848770265454,0.368469738721123,0.41505607668197086,-0.6760813232492308,1.724517324421485,-0.4884654862517842,1.1583064711501967
1929-88-0,Benzthiazuron,0.6525455536563263,0.6492005497883251,0.445010782521791,-0.4297671525530353,1.6089590552553958,-0.14395030063792974,1.4496576274058097
193-39-5,"Indeno(1,2,3-cd)pyrene",-1.6633572147899138,-1.6591406953736243,0.658521567659634,-3.243468135091615,-0.1814852166908728,-2.991168542552503,-0.551688355676662
1930-72-9,"Benzonitrile, 4-chloro-3,5-dinitro-",-0.3895207658872365,-0.3988096360790919,0.5169643383428364,-1.6994792758763024,0.7032875885059022,-1.2266617243809186,0.5374780443074383
19329-89-6,Isopentyl lactate,0.647505400996557,0.6778074781167902,0.48070873490961635,-0.5716131231603042,1.806183124140014,-0.4092657515172605,1.5403328820185256
1934-21-0,FD&C Yellow 5,1.8063733285562238,1.7852431754964444,0.5315893822908312,0.6503725503351714,2.984857645479309,0.850607823301051,2.7466443886321974
19381-50-1,Acid green No. 1,0.25219510696840486,0.23619240251664528,0.40895823016423977,-0.7945391224579239,1.2833177318393116,-0.510570049330966,1.0069294070067285
19398-13-1,Fenoprop-butotyl,-0.7019415882253851,-0.6860456674831688,0.22964852131132382,-1.2800768555849176,-0.25047697882637576,-1.2489009278485033,-0.33505390163827475
19406-51-0,"4-Amino-2,6-dinitrotoluene",0.11774517462110025,0.11942082071274791,0.2610031732538023,-0.8007115768285067,0.7421951590497075,-0.3752760791591624,0.5522376503783448
1945-53-5,Palustric acid,-1.065010246747344,-1.0602188675661703,0.4696762329567781,-2.436343615350811,0.1660947602084802,-1.9394853432083878,-0.12778972632879282
1948-33-0,tert-Butylhydroquinone,-1.2354914165003819,-1.1901494074066117,0.32090501563953927,-2.097201999637784,-0.4162107037478935,-1.795584447928377,-0.6977227518548663
19480-43-4,MCPA-butotyl,-0.6998391020061325,-0.7019374844156552,0.4368848771018188,-2.1693786592314184,0.24540577445815676,-1.511692555637581,0.050678918850282764
19549-98-5,"3,6-Dimethyl-1-heptyn-3-ol",0.1760635969663596,0.15420383139000712,0.4422153830725065,-0.8550100995780131,1.146951055234656,-0.7398466414187675,0.9569038611258035
1962-75-0,Dibutyl terephthalate,-1.1531913122271866,-1.1918317653471013,0.44844116962278774,-2.2056213162331337,-0.00521182971693564,-1.926285148816018,-0.33483758443809275
1965-09-9,"4,4'-Dihydroxydiphenyl ether",-0.2809001732602642,-0.29406193879561127,0.3623085403077792,-1.383437321718131,0.5179911782128281,-1.0777077040006389,0.3497290949180993
19666-30-9,Oxadiazon,-0.9881557631472659,-0.9837732848819178,0.2288468477547497,-1.6434607148942297,-0.3655951822202673,-1.4431859293197074,-0.5986280644792016
19750-95-9,Chlordimeform hydrochloride,-0.19592808392989083,-0.1739205702300723,0.4275549171862688,-1.3175325056559068,0.7512768444250616,-1.0755678915102722,0.6168055791620114
1982-42-9,"Acetamide, 2-(2,4-dichlorophenoxy)-",-0.5797982979700029,-0.5792960631533046,0.36136171264470285,-1.3973509566035631,0.41465727856292056,-1.2359507273475985,0.01904203412507171
1982-47-4,Chloroxuron,-0.3821314515173369,-0.3671660285250351,0.28397025773488765,-1.183799027544514,0.2202362350289855,-1.0009403295720853,0.07143930632523583
1982-49-6,Siduron,-0.1032033477319457,-0.10092283712929466,0.36150465356662675,-0.8565822785780627,0.6828782064650004,-0.78494947407159,0.5983618860415304
1982-69-0,Sodium dicamba,0.7336723549793766,0.7401869983375063,0.3377153159400806,-0.08372800090941981,1.7230400096799448,0.06910450446827744,1.3343807679792827
1984-06-1,Sodium octanoate,0.8365260347906422,0.8815215600035982,0.5151746641391292,-0.5072704341421975,1.8482445666515184,-0.14853803045554773,1.7824326838819113
1984-59-4,"2,3-Dichloroanisole",-0.14347542580672415,-0.14157973866894308,0.4931166356943831,-1.1996341025818087,1.2298311813884393,-1.0426183509185254,0.9025940293064483
1984-65-2,"2,6-Dichloroanisole",-0.21505971156777773,-0.20997630846397225,0.5353142898566504,-1.6669488312356566,1.534987834569935,-1.2347395907925862,0.8763104396685958
1987-50-4,4-Heptylphenol,-0.7853950949464746,-0.8017421966391707,0.37986337600504977,-1.6798816736104218,0.056900381248469696,-1.566121348328031,-0.08105635483466161
19902-04-6,2-(Digeranylamino)ethanol,-1.317892092016705,-1.290449060248995,0.1401323204811726,-1.8469583315347111,-1.104303196898177,-1.6918395096417038,-1.1287982084054
19932-84-4,"6-Chloro-2,3-dihydrobenzoxazol-2-one",0.0026907292939538805,-0.016119772023162778,0.4683282453459917,-1.353412913868313,1.430355515261827,-0.8322724357386746,0.8391130156888515
19937-59-8,Metoxuron,0.6357588916399359,0.6568960363824216,0.2676910910366817,-0.11956371689960262,1.2473457537261123,0.10531238358676281,1.1191846927822096
19984-57-7,"1-(Tricyclo[3.3.1.1~3,7~]decan-1-yl)pyridin-1-ium bromide",0.011762081495059704,-0.07258972105055221,0.5301520274385674,-1.3102959623363195,1.4630273009612862,-0.9609883895278027,1.12618856686772
20018-09-1,Diiodomethyl 4-methylphenyl sulfone,-1.2963220647942173,-1.2973123792853611,0.4378508117906993,-2.7314648246231883,-0.11688830027746813,-1.984841381223315,-0.5463710992535522
2004-70-8,"(3E)-1,3-Pentadiene",0.8073355065176051,0.8594178083174964,0.5282876036046825,-1.1521841269982485,1.8190839822134341,-0.19542689987098272,1.674515505204013
20056-92-2,"7-Dodecen-1-ol,(7Z)-",-0.4899779627129602,-0.48636575437962626,0.38873788140479987,-1.6400145577788303,0.25184801204541957,-1.1360406567584056,0.15237419176441797
2008-39-1,"2,4-D, Dimethylamine salt",1.0407585217281359,1.0544034314342872,0.12758497539071345,0.7313048884911271,1.3059624483975587,0.7908913686934619,1.238623852857827
2008-41-5,Butylate,-0.14052977716060927,-0.11247267556012708,0.22733319502686256,-0.9166529923986777,0.32696973816415353,-0.6378697408715767,0.29225993608802137
2008-58-4,"2,6-Dichlorobenzamide",0.7348582794421545,0.745577473478847,0.2678367821356166,-0.09391183663116534,1.3286054191822942,0.26446988829838186,1.180105148334937
2016-42-4,Tetradecylamine,-1.6795231285287235,-1.6694428243583594,0.47879010701891506,-2.6525290607938943,-0.42524519648345077,-2.524801763378573,-0.8012725761942733
2016-57-1,1-Decanamine,-0.48582234243636135,-0.4611594854425498,0.30540689283128397,-1.6169263088440962,0.23309128858885222,-1.075369136917623,-0.02697330034989372
202120-08-9,PUBCHEM_71312476,-1.5935174874612852,-1.6024513945354069,0.6883713625667472,-3.51550828860104,-0.13030328725603713,-3.0419493285098356,-0.3606597260367304
2028-63-9,(+/-)-3-Butyn-2-ol,0.24469692430169446,0.2263513174098643,0.5117830471407805,-1.0159678878422882,1.6403130447591883,-0.6671746998785657,1.3543332867383868
203-12-3,Benzo[ghi]fluoranthene,-1.0194530182873962,-0.9858193385995853,0.5523820657243259,-2.5111973229291817,0.3324608066467874,-2.1185138131452046,0.0027250067836102412
20301-63-7,"Phosphorodithioic acid, S-(2-(ethylsulfonyl)ethyl) O,O-dimethyl ester",-0.26866232660170764,-0.28468906260648974,0.42665804875287094,-1.2694029373982934,0.5704257397129723,-1.1879050756242673,0.4033790351096336
2032-59-9,Aminocarb,-0.6326053342354554,-0.6393643012325272,0.19304255268163778,-1.1430696502119102,-0.2844200228867135,-1.0157219414874292,-0.3160693884254627
2032-65-7,Methiocarb,-1.3071838478030846,-1.317834354713079,0.2013199902513062,-1.7580291552974028,-0.8537789463632488,-1.6914925520018713,-0.8973672757438045
203313-25-1,Spirotetramat,-0.44008452423887945,-0.3776585321535407,0.30404842245554164,-1.6606900892950625,0.09139880183160835,-1.1368316300084238,0.029908488111727687
2034-22-2,"2,4,5-Tribromoimidazole",-0.4926621688135641,-0.46715817281579874,0.47389901137199486,-2.0137639859048218,0.46559848910052504,-1.2929843107814702,0.3486355299476493
20354-26-1,Methazole,-0.4837969554887412,-0.48879326825760006,0.21609468433221013,-1.0272867407231692,0.00869008217827897,-0.8945391012147775,-0.043898763116683066
2039-46-5,MCPA dimethylamine salt,0.18670893651736475,0.1839201714496463,0.3372434060513191,-0.579168149698941,0.9971294804643895,-0.48268986382155626,0.8217285820287308
2040-96-2,Propylcyclopentane,0.1100472485029999,0.14172567855162693,0.43418034705521824,-0.9976432779613283,1.3115255483976216,-0.7198673288066499,0.7433438440423742
20427-59-2,Copper(II) hydroxide,1.1841853744126016,1.2249875016956349,0.31660138379221875,0.3647851446848589,1.7003541452258928,0.4913834829120663,1.6761563399695962
205-43-6,"Benzo[b]naphtho[1,2-d]thiophene",-0.9487239319575039,-0.9557146908855461,0.507164037733863,-2.2403122601067245,0.23262312486321127,-1.9230716488068709,-0.10053703989304215
205-99-2,Benzo(b)fluoranthene,-1.0914367189831597,-1.0648442555224462,0.5793864778457642,-2.5412892648969283,0.17245229879853083,-2.3037288115909815,0.010056626681938019
2050-47-7,"4,4'-Dibromodiphenyl ether",-1.1579908635284295,-1.1174000012490783,0.5937073195253522,-2.946155666483911,0.4233285105510404,-2.107852210330169,-0.09694511167292835
2050-68-2,"4,4'-Dichlorobiphenyl",-1.0402246380918931,-1.0855705003973317,0.39447537244245434,-2.540338669036142,0.07111846283146225,-1.7544380463867497,-0.40173399638874124
2050-76-2,"1-Naphthalenol, 2,4-dichloro-",-0.7671879104404296,-0.7561450743734083,0.5673909136954773,-1.8271066888447614,0.3734775286762397,-1.6403555735476956,0.30238408488496143
2051-60-7,2-Chlorobiphenyl,-0.5961323200639349,-0.5928167943911244,0.2615256911402579,-1.1159538931636046,-0.008248140717537124,-1.0714739427248634,-0.03897925683900694
2051-61-8,3-Chlorobiphenyl,-0.5009848154648666,-0.5345175261189168,0.28844685418675403,-1.2292390680325798,0.1651838343842013,-1.0496807953084641,0.06377061831957727
2051-62-9,4-Chlorobiphenyl,-0.682164425197272,-0.652319053701672,0.32873796490810875,-1.5604595813435682,0.05156483188173862,-1.3711168140231453,-0.17974518288694166
2051-79-8,"N4,N4-Diethyl-2-methylbenzene-1,4-diamine hydrochloride",-0.9258463311394926,-0.9395513346191602,0.374285362887114,-1.850550958772527,0.07436445967865532,-1.6057851229673683,-0.13957277172638666
205650-65-3,Fipronil-desulfinyl,-2.1280538378981673,-2.1012126767125556,0.41312811260148563,-3.165841519431895,-0.9061888835780388,-2.8359039651993063,-1.3642271467871403
2058-46-0,Oxytetracycline hydrochloride,0.4303133562166482,0.4209399731899284,0.3186088579458753,-0.5113908537509576,1.050604269766094,-0.17997400866839164,0.9712830622325056
2058-94-8,Perfluoroundecanoic acid,-0.31033900691528626,-0.3493235663018881,0.5161568711193181,-1.8197107158345753,0.9363621427529862,-1.3397221714585443,0.6356672992471475
206-44-0,Fluoranthene,-1.6460253730021899,-1.6304781167775064,0.16580493450377423,-2.031517825189502,-1.2815637587726327,-2.008740407133599,-1.3288422720146795
20662-84-4,"2,4,5-Trimethyloxazole",0.8836920162918716,0.852087973825983,0.45709151240646273,-0.5439249013369881,1.9363067199884787,0.041402749733674506,1.7729125298924517
20668-33-1,"6,7-Dimethylquinoline",-0.07726351922360551,-0.0864246600696209,0.42560493659087134,-1.287152757186294,1.3240330377027676,-0.8286632828704193,0.6291221691574088
207-08-9,Benzo(k)fluoranthene,-1.2805178267318695,-1.2777945619092774,0.5254459451689942,-2.6476815638740687,-0.0719853399218816,-2.258113404000129,-0.3610385059338212
2074-67-1,bis(hydroxymethyl)phosphinic acid,0.40201721404865026,0.433455238049299,0.42601842544825735,-0.5805344040193858,1.4431492179957655,-0.40490194129668855,1.2287782934444424
20762-60-1,Potassium azide,0.03991668526236219,-0.015306461334070723,0.3713902299957727,-0.6491907654078013,1.0872853392072144,-0.49872592295797064,0.9296339245119919
20816-12-0,Osmium tetroxide,-1.8131929803434415,-1.7799060047668487,0.31986786207026063,-2.6854171985124107,-0.7492636592918862,-2.4990814682051075,-1.2236668113095266
20824-56-0,"Glycine, N,N'-1,2-ethanediylbis[N-(carboxymethyl)-, diammonium salt",0.9032885874580628,0.886820020954179,0.4518307515445624,-0.23249103469830687,2.1788654162806544,0.1024569300483089,1.7372249323578242
20830-75-5,Digoxin,-0.7007609060369155,-0.6204759521393013,0.5713863292263749,-1.9674829235591818,0.38927794635725627,-1.6525029563568523,0.2570885081365807
208465-21-8,Mesosulfuron-methyl,-0.5258099685611585,-0.4980841859960268,0.5692503427634538,-2.162231978610705,0.6277653059836914,-1.632401619510635,0.5398318654388587
20856-57-9,Chloraniformethane,-0.5568399950756587,-0.6070479776344504,0.3955539383019638,-1.6434301004649619,0.4470985367184397,-1.302627371607687,0.22493668086691243
2104-64-5,EPN,-2.0211539416009554,-2.0173366351285624,0.1229453092391398,-2.2616492045693843,-1.7528773695838982,-2.23754087411902,-1.789504069694933
210631-68-8,Topramezone,0.09418271831282317,0.09488967167684606,0.33001316729016594,-0.5572126300953061,0.8156345846067242,-0.5159768083625744,0.7846506814657005
21087-64-9,Metribuzin,-0.3373303062130799,-0.32617011523399964,0.13312866920543878,-0.6881360392585114,-0.056628470281036423,-0.5657300720453456,-0.09301307127699902
210880-92-5,Clothianidin,-0.6842187457761437,-0.6620191160942847,0.28169326677447637,-1.3400172124019316,-0.12104387137199192,-1.3133705826808921,-0.1871359255390865
21145-77-7,"6-Acetyl-1,1,2,4,4,7-hexamethyltetralin",-1.0239721741477599,-1.035787684511105,0.28108578010906404,-1.6812141599688875,-0.4429059380102048,-1.5071227306727257,-0.482333999398328
2117-11-5,(+-)-4-Pentyn-2-ol,0.43104010619754496,0.4070110266439937,0.4265920772467559,-0.8743667968940172,1.6491747434773212,-0.33240000975271317,1.253076544759645
2122-70-5,Ethyl 1-naphthaleneacetate,-0.08663973324023347,-0.04620766502777868,0.34033722262891464,-0.9536856109552869,0.6524200759477237,-0.8036300717454593,0.5133268777338521
21259-20-1,T-2 toxin,-1.3532543228010794,-1.3294644127379764,0.7436985558420102,-3.519013349987416,0.3562395627587353,-2.8212186120663043,0.19989410545608297
21265-50-9,"Ferrate(1-), [[N,N'-1,2-ethanediylbis[N-[(carboxy-.kappa.O)methyl]glycinato-.kappa.N,.kappa.O]](4-)]-, ammonium, (OC-6-21)-",0.2788321144129449,0.23435739542701634,0.37648673083921486,-0.7265625761768194,1.1991108083107156,-0.3931876826476682,0.9679061170405266
213464-77-8,Orthosulfamuron,-0.5385873710176491,-0.4697960511684236,0.5360578673529875,-1.9517403056942555,0.7214225891045067,-1.6840753043698347,0.44796998072261496
21351-39-3,"Urea, sulfate (1:1)",0.6190654022167741,0.6567718738071334,0.420540488906568,-0.5792327712290736,1.5872201839734161,-0.30267057061427804,1.4418457709497912
2138-22-9,4-Chlorocatechol,-0.4383240869232962,-0.46861329031586074,0.401564608855577,-1.2931997659559606,0.48700644977267443,-1.1421495163665578,0.40023059466029476
2150-47-2,"Methyl 2,4-dihydroxybenzoate",0.3525114650181695,0.35925588500225064,0.3670652606347478,-0.37231806101461645,1.2607776930928212,-0.31863842915444845,1.0482297754167402
21564-17-0,2-(Thiocyanomethylthio)benzothiazole,-1.6025428555939052,-1.6052485457566026,0.16878318994864594,-2.054581749741654,-1.2741944561482543,-1.9640445239180586,-1.3167813745297172
21609-90-5,Leptophos,-1.504407251429882,-1.4849796052416182,0.2863576727282025,-2.310837953375148,-0.9686979841818417,-2.1721264952437407,-1.0559427734228386
2163-68-0,2-Hydroxyatrazine,-0.061542083746742415,-0.06541905591818273,0.5009568998012673,-1.0591336992170186,1.0857881517026644,-0.8735649624893482,0.8633494784620284
2163-79-3,"3-(Hexahydro-4,7-methanoidan-5-yl)-1,1-dimethylurea",-0.1069686830808553,-0.12659106177775872,0.19297498152425696,-0.6216041730738678,0.258886172144747,-0.4578396092683645,0.24176655678681977
2163-80-6,Monosodium methanearsonate,0.8291079252175088,0.837568610193355,0.25013272222886807,-0.02448574214163807,1.417531077220448,0.31507546714678325,1.3235267641589914
2164-07-0,Endothal-dipotassium,0.7929933817679321,0.7931195321394762,0.20696667705768526,0.31141824570232507,1.3055996142919128,0.4401521392740947,1.1493751172084858
2164-08-1,Lenacil,-0.4981735668577545,-0.522633313458083,0.5020757763748976,-1.4896364684087071,1.199574057332315,-1.3937131959587497,0.4062118823939865
2164-17-2,Fluometuron,-0.011599956390779969,-0.001507964315955135,0.18224363480117087,-0.4713491577414634,0.3432923352245523,-0.36728479315763773,0.2766344298404089
21689-84-9,Cyanatryn,-0.05782168767612308,-0.004074721014204291,0.4821703703391271,-1.8995950074215198,0.6911121074079875,-1.1956796699172194,0.5782469436480087
21725-46-2,Cyanazine,-0.30653656903122695,-0.2852337876300196,0.17121608519036877,-0.7052783528338041,0.0924983041784779,-0.6487387908909703,-0.03398406554576866
2176-62-7,Pentachloropyridine,-1.1691242461025457,-1.09603618990309,0.46893047770307056,-2.791148812998942,0.010396958663150583,-2.0583849342243434,-0.3950223497521128
2176-98-9,"Stannane, tetrapropyl-",-0.9768901718261945,-1.0203768377898401,0.520501908508622,-2.0264823596139525,0.8470408934519384,-1.8089598743779092,0.0016998502944364155
2179-57-9,Diallyl disulfide,0.034304168738647334,0.09413543002900705,0.5791530782462574,-1.3057214176912764,1.0547654252351728,-1.1833453476614446,1.038011076242722
21923-23-9,Chlorthiophos I,-1.9353242902128085,-1.9167127702618392,0.42797377266130415,-2.9849259876027743,-0.8799613930413899,-2.697849966851555,-1.1220791557612313
219714-96-2,Penoxsulam,-1.0364958518733498,-1.020933367636512,0.6565811009837773,-2.591630360737346,0.6336274173128912,-2.1383623029602385,0.18035814271470152
2201-15-2,"Cyclohexanamine, N-ethyl-1-phenyl-",0.2579567892197706,0.2636520869553367,0.5066679915668733,-1.2320427254317565,1.4677034802149977,-0.8407132917156459,1.212940544640334
22037-97-4,"4,7-Dithiadecane",-0.24992448947368498,-0.261514939501048,0.4850986933089508,-1.43935514558816,0.9348504148832798,-1.2626078270893903,0.6250975751037109
2207-01-4,"(Z)-1,2-Dimethylcyclohexane",0.09169618326617472,0.15918850329250628,0.38554993885705896,-0.8277267798432135,0.8544031237887104,-0.7696384753009754,0.7227702380924658
220899-03-6,Metrafenone,-0.8931940335860155,-0.8898434504845891,0.32975410662846066,-1.658311548238194,0.23325659935537738,-1.4874294432825144,-0.22533829547982046
22104-62-7,4-Dimethylamino-3-methyl-2-butanone,0.06213492414634606,0.032320824495832665,0.41050365020887775,-1.0329967015755979,0.835895148220891,-0.6892876377702843,0.7721559364440503
2211-99-6,"Benzenesulfonic acid, 4-(1-methylundecyl)-, sodium salt",-1.126034759348069,-1.137594843914895,0.45128898308342225,-2.1354916183968853,0.19338726214937602,-1.9174076473631188,-0.10294178557158704
2212-53-5,"2,4-D, octylamine salt (1:1)",-0.41766120366534104,-0.38026673639794106,0.4447217603880463,-1.524763905623546,0.5636662194966782,-1.2490816145965846,0.45833614980063264
2212-59-1,"2,4-D-N-oleyl-1,3-propylenediamine salt",-1.421868672364711,-1.5005629625777397,0.45244045173201175,-3.0314112043465875,-0.3490708818933102,-2.2091859462932506,-0.5158526512628722
2212-67-1,Molinate,0.07230673650063997,0.0868959512732956,0.1281172864198295,-0.3025107944357261,0.313983859210697,-0.2192533710969678,0.2828963265046225
22134-07-2,"2,4,6-Trichlorophenyl isothiocyanate",-0.9019366605976519,-0.9416854848235996,0.5444412596199204,-2.1424109761483323,0.21893144791359193,-2.0306522165099667,0.1222875509157387
2216-51-5,"(1R,2S,5R)-(-)-Menthol",0.08581103328437795,0.07580991348897953,0.4584530742649682,-1.0757990925521435,1.2560491583985187,-0.8325212647590814,0.8811314681122836
2218-52-2,"Acetic acid, difluoro-, sodium salt",1.0556722883981484,1.03692471868396,0.6818611359111115,-0.7038001579857023,2.8781735229375713,-0.28286927481863944,2.36127325264935
22204-53-1,Naproxen,0.40616932700986186,0.42952232719049577,0.3470761474940172,-0.3798251149145256,1.1575296242496755,-0.20996899586272413,1.0218826149978908
22212-55-1,Benzoylprop-ethyl,-1.0812251527869399,-1.0850367248765849,0.3598561353552598,-1.8510328764370265,-0.2922339314487116,-1.7823075657927123,-0.47131569718025185
22224-92-6,Fenamiphos,-1.807364376400384,-1.8377704053890025,0.20649173846034258,-2.369132256557767,-1.3130236116485061,-2.1938995793277702,-1.390481616424997
22228-82-6,Ammonium isobutyrate,1.1297334936150647,1.1144560200015348,0.34906505803303545,0.38802215497034215,2.3121642167596446,0.5425157513487807,1.8850630443956362
2224-44-4,4-(2-Nitrobutyl)morpholine,-0.5789856290245537,-0.5468760063201773,0.29922152515520534,-1.2961603112304376,0.20572851712207862,-1.2225432959573725,-0.05900311898346103
22248-41-5,Pyrenophorol,-0.3708866448473276,-0.3777551561787549,0.48471769839954587,-1.6950614003772868,0.8852507230222272,-1.2145871874881113,0.47591272843784754
22248-79-9,Z-Tetrachlorvinphos,-1.098125704948607,-1.112603167854165,0.364198599474868,-1.9860615703245499,-0.16967466368971662,-1.8637871441732268,-0.33510655891391594
22259-30-9,Formetanate,-0.5829284688775256,-0.5800252750675507,0.47430640693666093,-1.7422498959065715,0.4351718830154117,-1.4088148342784341,0.20397787634788675
2227-13-6,Tetrasul,-0.39787233220041024,-0.36966763150653104,0.4547836507779117,-1.7001833006400044,0.9106259605199054,-1.3778695756471186,0.4089346482979773
2227-17-0,Dienochlor,-1.586486114477338,-1.5361838120553943,0.4189145563300773,-2.614069017617587,-0.3697129318605479,-2.500680870787355,-0.7582297943056996
22296-58-8,NSC322762,-0.9096068388984345,-0.8968313558553068,0.45144869133357884,-1.8874657966929047,0.2408683152017538,-1.7368724039386219,0.037571516405255134
2232-08-8,1-(p-Toluenesulfonyl)imidazole,0.16411983132858887,0.125125605538446,0.37330974937514305,-0.9395960707815831,1.0648339848891601,-0.5318448348623368,0.9655743913239756
2234-16-4,"2',4'-Dichloroacetophenone",-0.283382616195972,-0.2171077525402769,0.46299553127892695,-1.6307888905331958,0.9120729652853665,-1.2824223038629607,0.5050752056865747
2235-25-8,Ethylmercuric phosphate,-0.8432649640207491,-0.851683177187173,0.42756821658295574,-2.154707997580894,0.06339962203872357,-1.6393616215551094,-0.06188845848169251
2243-27-8,Octyl cyanide,0.013603419122859535,0.02466656170182787,0.3401440536253046,-0.8648726764643323,0.8552965548636581,-0.5979844042021986,0.678986722037902
22431-62-5,RU-11679,-3.88243396087373,-3.8759938488888386,0.20909048029287886,-4.400728858336223,-3.311071204043412,-4.308294665884016,-3.4878559817266708
2244-21-5,Potassium dichloroisocyanurate,-1.0636406080777625,-1.0369046777114965,0.3374224503785109,-1.9526028827376674,-0.2664031121180249,-1.6969535493313768,-0.5118750384472476
2245-38-7,"1,6,7-Trimethylnaphthalene",-0.4778852420775763,-0.46134421840874595,0.39152500553103187,-1.5715479371124244,0.3574295587635683,-1.4606424143086487,0.22516784830237208
22473-78-5,"Glycine, N,N'-1,2-ethanediylbis[N-(carboxymethyl)-, tetraammonium salt",0.7555707914208302,0.7382971312988827,0.40102677489299116,-0.09242493582069754,1.795200940620832,0.01024090033835252,1.559015082465831
225-11-6,Benz[a]acridine,-0.7711029640876401,-0.779332983339132,0.5287895521594654,-2.108700542955139,0.6633248074271285,-1.8040822412343342,0.3702014635734872
22515-51-1,Triethylplumbyl 2-methylprop-2-enoate,-1.1660405291069766,-1.1688666447735803,0.3992811937791204,-1.9431629935256591,-0.05855275901055004,-1.8812827259948757,-0.39162622899455773
2253-73-8,Isopropyl isothiocyanate,0.06292719153028742,0.11623951502032989,0.5598239385879015,-1.455463124339081,1.3021184495154716,-1.1645738601810576,0.9260132206223808
2255-17-6,Fenitrooxone,-1.1793778982417513,-1.1710287992097101,0.3113577201139606,-2.230377057519119,-0.5867037592289458,-1.7780770275608042,-0.6293620550512788
2257-09-2,Phenethyl isothiocyanate,-0.6439871378311375,-0.6342254288204718,0.4679767329733133,-1.8256562453245908,0.7543697647657696,-1.705620217239916,0.1878615177173104
225789-38-8,Aluminum diethylphosphinate,-0.31522132275862086,-0.3089362012964263,0.4372168583467487,-1.371271173287457,0.994524280474706,-1.0466039322936127,0.4753062310121823
2259-85-0,Decanohydroxamic acid,-0.6894784080676878,-0.6619648131033233,0.4195112348222621,-1.6995627044297634,0.2859133754241771,-1.529459755652047,0.08580145247824433
22726-00-7,3-Bromobenzamide,0.41378006570164216,0.39549516846197935,0.35817178696593677,-0.569485483816301,1.1527980201872217,-0.22360388212226062,1.0240923736369762
2274-99-9,"Phosphorothioic acid, S,S'-benzylidene O,O,O',O'-tetramethyl ester",-1.484628792529311,-1.4376105326485193,0.30914856843952104,-2.361933769102401,-0.7981150301461546,-2.126246320914828,-0.9812562854716907
2275-14-1,Phenkapton,-1.1111601670344018,-1.070029620912348,0.2817027646432043,-1.8078828434412233,-0.3085337280405134,-1.7100620636102541,-0.5747965482501896
22781-23-3,Bendiocarb,-1.210277724658914,-1.2235712333266262,0.2524301666889334,-1.7302864819090398,-0.559472189227107,-1.6508140400872795,-0.6975800446526591
2282-34-0,m-(1-Methylbutyl)phenyl methylcarbamate,-2.110639247825336,-2.0863151211661983,0.26529693371682866,-2.8645585323157783,-1.5125509798010657,-2.649774582681654,-1.6275180328401277
22898-01-7,Fluopropanate-sodium,1.8055815226407341,1.8892020483238636,0.5403602753660404,0.47048328024751207,2.947684016485341,0.6056853263191204,2.8214460338092437
229-87-8,Phenanthridine,-0.12358613691009473,-0.00924766455808384,0.5288211729696901,-1.3825916575988195,0.9587475008864588,-1.2563896169250581,0.7066411138286536
22936-75-0,Dimethametryn,-0.9247223906230044,-0.928689295533515,0.2967426572561012,-1.7289444640935747,-0.24251152765978898,-1.5056892510336046,-0.425632053948556
22936-86-3,Cyprazine,-0.3752332914886684,-0.357838366386258,0.452272251703748,-1.3779862519711088,0.6368172662894503,-1.209520168470099,0.4174906440596979
230-27-3,Benzo[h]quinoline,-0.1749035320120803,-0.12309366869743148,0.5902957686105731,-1.6934942369854888,1.3627647154627276,-1.3598812919542171,1.0894487048658106
2300-66-5,Dicamba-dimethylammonium,0.3793857117568671,0.3723536748022726,0.4069333677341395,-0.863175430543767,1.2267134609202746,-0.4000036907030108,1.0579301899202598
2303-16-4,Diallate,-0.37977926099437775,-0.3741445746723133,0.4252907155186556,-1.66140437977432,0.6711552222837447,-1.2991054372149662,0.4211879800339858
2303-17-5,Tri-allate,-0.8722194585154761,-0.8462822986712175,0.23495762283625607,-1.5154568634644325,-0.31749107563780515,-1.4175915058429214,-0.4275020555291229
23031-36-9,Prallethrin,-2.116382864995389,-2.1202645735109407,0.3057084790522345,-3.017038249595439,-1.451915853435562,-2.7463726799719876,-1.5295794193404768
2306-33-4,Monoethyl phthalate,0.6495082387622472,0.66252554845034,0.41793842421463506,-0.5462081325535026,1.4332321813189222,-0.24546921391168267,1.3290785989450105
23060-14-2,2-Mercaptosuccinic acid diethyl ester,0.21921027268740204,0.2272035584765284,0.3938575878956356,-1.0447427251442234,1.1155414785303301,-0.6118484400256424,0.971083988135813
2310-17-0,Phosalone,-1.7206839862153416,-1.7087591415423735,0.16747121312513796,-2.159742119229728,-1.3798987299233387,-2.0907162586864008,-1.4380450043865445
23103-98-2,Pirimicarb,0.3452352697871797,0.3803965136217933,0.25774023815371666,-0.4220826869757396,0.9483151390441888,-0.1477142017719042,0.782743614171909
2312-35-8,Propargite,-1.1512180501973368,-1.1515185694704235,0.1614543252937077,-1.6535541273050838,-0.7954441304519886,-1.4242779572664646,-0.8396894265185508
2312-73-4,N-Benzyl-9-(tetrahydro-2H-pyran-2-yl)adenine,-0.5092968744165343,-0.5456641637903591,0.3819452292455491,-1.5436617973373032,0.5692617055185553,-1.3751168044055608,0.28544935216905815
2312-76-7,"Sodium 4,6-dinitro-2-methylphenolate",-1.2796533237674377,-1.2775604923313795,0.3063670485660626,-2.058224713130061,-0.6725505207088193,-1.9080544425444514,-0.7866275977091393
23135-22-0,Oxamyl,-0.24616500655785256,-0.24273689457921743,0.20244074111675905,-0.906203308995966,0.22851327819221048,-0.6827411915331547,0.08676187944571995
23184-66-9,Butachlor,-0.870592340730417,-0.8652913939116113,0.15000713733172613,-1.3964485808981466,-0.5609321384521316,-1.2181634731480708,-0.6020624438662872
23210-56-2,Ifenprodil,-0.5890384312668077,-0.5706837645430306,0.31098279106753457,-1.3947300879666564,0.12652507285560585,-1.1915654619130096,-0.021412232880562522
23422-53-9,Formetanate hydrochloride,-0.450080003789406,-0.4457700128750367,0.30081793785589284,-1.441191169362032,0.1819482694349331,-1.1315534974128205,0.09921526628875249
23505-21-7,"2,6-dichloro-N'-hydroxybenzenecarboximidamide",0.48129056135392,0.4758553931099745,0.4709207393571833,-0.5433149729696825,1.5685523750613926,-0.45367056469331496,1.4127208717512898
23525-22-6,"Arsinous cyanide, diphenyl-",-0.9933258052816383,-0.9763189413733281,0.47670162779413056,-2.0123822326035667,0.28105536370385686,-1.8844359086569582,-0.04516725754483189
23526-02-5,Thuringiensin,-0.344418877787256,-0.3687421614511033,0.545865098830671,-1.8153896668644445,0.8532936124925046,-1.4830098470396382,0.677191163438501
23564-05-8,Thiophanate-methyl,0.004578315507752055,-0.013805053377779309,0.17392296899936735,-0.3949156437223409,0.43445687696576973,-0.30646747118613094,0.37899574193698843
2357-47-3,"alpha,alpha,alpha-4-Tetrafluoro-m-toluidine",0.050291243440289624,0.02873005863302038,0.4135355724139875,-0.8905175255840889,1.2766690361377726,-0.6839224451082591,0.8127160622093959
2362-61-0,trans-2-Phenyl-1-cyclohexanol,0.17156212773918378,0.15116537456121504,0.42559188070831677,-0.7322392170804297,1.0854375716278168,-0.6264690389962985,0.9960607420801334
2370-63-0,2-Ethoxyethyl methacrylate,0.04360038598491867,0.10952720277189773,0.38857657522124606,-0.8603203009846214,0.9478279876328569,-0.7065436225978264,0.6920935506180184
2372-82-9,"1,3-Propanediamine, N-(3-aminopropyl)-N-dodecyl-",-1.0299908207562345,-1.0738807763688376,0.35677661035761,-1.8573505532210293,-0.2429457199483439,-1.6621334320012227,-0.3095858003855045
2385-85-5,Mirex,-0.8703014764808098,-0.8530491249366039,0.3824491810138553,-1.6733021587321706,0.22060261704175993,-1.4969499918046587,0.09725141417212688
2386-53-0,Sodium 1-dodecanesulfonate,0.41330517098003355,0.4238442667304919,0.35409239402111703,-0.43441705721245194,1.3948676803854083,-0.3059108465712088,1.2339634183249533
239110-15-7,Fluopicolide,-0.885808150072253,-0.8651382804497223,0.2274529340549036,-1.5824327323665226,-0.29724043016983215,-1.2977516690459083,-0.47657570922080167
2395-96-2,9-Methoxyanthracene,-0.7230584371694364,-0.6801512371166367,0.441172215707437,-1.8362514022353003,0.394511000538235,-1.5445294295539924,0.23607292605137936
23950-58-5,Propyzamide,0.1583546297084331,0.18841054995776343,0.2586405722524396,-0.40617888960584053,0.6995735286075658,-0.33833137973413996,0.5674644645581194
24017-47-8,Triazophos,-1.6136271566923777,-1.5905638487283718,0.3117027041033294,-2.6915622522171487,-0.9067403664819792,-2.2599508031639295,-1.0182710912423856
240494-70-6,Metofluthrin,-2.792027792791753,-2.7992222170123595,0.3551416848856062,-3.6042092523057208,-1.8677147910717555,-3.455608292784262,-2.1262906232912338
24096-53-5,"N-(3,5-Dichlorophenyl)succinimide",-0.169471705135623,-0.17792223128472567,0.5862008332614443,-1.8583874754245138,1.491886967388369,-1.6572115573104798,0.8214461769256525
24151-93-7,Piperophos,-0.7552928244223932,-0.7275875600110407,0.3071073474944907,-1.6064833917526833,0.014206923897171757,-1.5092032666150765,-0.27799519646172466
2416-94-6,"2,3,6-Trimethylphenol",0.0064177280689666945,-0.014926144236883425,0.36737304972782375,-1.0618276112241622,1.0554565602601438,-0.853175801660709,0.7640145310436282
24233-81-6,"3,6,9,12,15,18,21,24-Octaoxatetratriacontan-1-ol",-0.6700259705745962,-0.5940522282050048,0.5945490266123626,-2.1721144767505294,0.7664825750179917,-1.8611732353187764,0.29169313008321107
2425-06-1,Captafol,-1.8339737730144798,-1.8520459390461612,0.13451000555062967,-2.184696836118507,-1.521533449727709,-2.105555181487396,-1.5611790995586101
2425-10-7,Xylylcarb,-0.6597248352299876,-0.6819975131056354,0.31556173909288443,-1.5010823687490624,0.15652248220513093,-1.2162346502812902,-0.07479925370062887
2425-66-3,1-Chloro-2-nitropropane,-1.0470746270885762,-0.9562550109199673,0.45449154341822157,-2.041805952086196,-0.10755639845966841,-1.8780325037319678,-0.27951107860404845
2426-08-6,Butyl glycidyl ether,0.3389722325540052,0.31398636190768997,0.36046606284814525,-0.6263180336066947,1.3739205785604178,-0.26572785991626496,1.0175055750036504
24307-26-4,Mepiquat chloride,1.2671065845116865,1.2549195083647848,0.41601821193063243,0.34381509139461314,2.3247464986514665,0.5516115672192257,2.1030418922038705
2437-25-4,Dodecanenitrile,-0.773096600900735,-0.7662817736602567,0.3875316269238774,-1.9151480584684266,0.3569937430362879,-1.5109732315209807,-0.07267832478679659
2437-29-8,Malachite green oxalate,-2.368801965402889,-2.36974162837568,0.28637855574843823,-2.935654975552892,-1.6532505690058816,-2.841471333490363,-1.7664049463922824
2437-79-8,"2,2',4,4'-Tetrachlorobiphenyl",-1.5969006591573813,-1.631462517675279,0.3953437337776485,-2.6488455704473486,-0.6166543029565474,-2.411993439127191,-0.7780978593784336
2439-00-1,"2,3,6-Trichlorophenylacetic acid sodium salt",-0.07745051264543366,-0.028066725451376007,0.2773246296357717,-0.8271324183045251,0.4688314028585359,-0.6530185564069686,0.3811149766613357
2439-01-2,Chinomethionate,-1.6279361226936653,-1.6692860628957478,0.26091140934613777,-2.1997065167464886,-1.06293455875676,-2.1015178957736693,-1.1576194822407417
2439-10-3,Dodine,-0.8661745298470102,-0.8348009022835923,0.2773734369497843,-1.6516240212046005,-0.24559395468631157,-1.454933056147663,-0.42150376151388386
2439-35-2,2-(Dimethylamino)ethyl acrylate,0.6758435944759633,0.698528573181102,0.4773409587105502,-0.573499550928123,1.7502457634765016,-0.3753682597244451,1.561730324399994
2439-77-2,2-Methoxybenzamide,0.44493443047100717,0.44419085855974594,0.4592765679592005,-0.6363475795145005,1.6862889749358259,-0.4155064573007876,1.1585013021019062
2439-99-8,Glyphosine,0.42341582281742896,0.44491887933175467,0.4302714795283221,-1.3057714926046593,1.7259231401699617,-0.38617562044995096,1.2125412346522277
243973-20-8,Pinoxaden,-0.39577833555927,-0.4153594894886995,0.2643145124887032,-0.9090189182916552,0.31529547104609773,-0.8045987676510631,0.14065995317238586
24448-09-7,N-Methylperfluorooctanesulfonamidoethanol,-0.02708233807717445,0.020685835080091676,0.7323236978566668,-1.656084800012895,1.5004604624842794,-1.4050008000241119,1.3566136335423022
2446-69-7,"Phenol, 4-hexyl-",-0.6978637832843867,-0.6729182807389764,0.3092258920653235,-1.5077562142013574,0.47826269860769455,-1.2534253150074777,-0.13045963325437657
2447-79-2,"2,4-Dichlorobenzamide",0.33116473401061586,0.3267863125123164,0.40958902850153833,-0.5532351120125724,1.359966578280438,-0.32922035091391033,1.2146427319032218
24544-04-5,"2,6-Diisopropylaniline",0.2945884970658605,0.31901855630880654,0.3564555440054521,-0.5009130830877184,1.4839652674733304,-0.40013878684658766,0.9566788935813815
2455-24-5,Tetrahydrofurfuryl methacrylate,0.21909656286778137,0.1815951309430771,0.5004089723546442,-0.9766058052271065,1.1583624934576948,-0.7374539467274375,1.0327125950272396
2457-47-8,"Pyridine, 3,5-dichloro-",0.3716796663785139,0.40157815345702486,0.3691675313125578,-0.5885866634429657,1.2171398163299354,-0.3918224121870121,0.9848364751408629
2460-49-3,"4,5-Dichloroguaiacol",-0.16118918393871673,-0.14964485975533637,0.25927602517652576,-0.9942892798030601,0.5450169631825876,-0.7051582847413129,0.29709810944269505
2461-15-6,2-Ethylhexyl glycidyl ether,-0.190167430016512,-0.16809235007350665,0.45663901791374845,-1.2146399669979095,1.3113043758912541,-1.0366627436104257,0.6185819212152984
2463-84-5,Dicapthon,-0.9884010060519062,-0.9317421894377871,0.43923485337177465,-2.219897184503608,-0.08636541157868285,-1.8982745404404884,-0.25470611358096334
2465-27-2,Auramine hydrochloride,-0.9878200561281748,-1.0353503387666354,0.3873770279632301,-1.868483773714031,-0.08542565153631948,-1.7137085447298717,-0.34658530417151096
2465-65-8,"O,O-Diethyl phosphorothionate",0.2576728467361356,0.3276965849999257,0.41093192612502605,-0.6537413505077931,1.311786059413642,-0.46270917264257905,1.062979941397434
2467-02-9,Bisphenol F,-0.0801359781529258,-0.058154115057402346,0.47259992828440717,-1.605520280780216,0.9983594788975831,-0.976066092016096,0.7740400712906722
2475-46-9,C.I. Disperse Blue 3,-0.9592910740867643,-1.0067508674148145,0.38144621147971863,-2.212957223298602,0.04392438121363171,-1.6780346582888046,-0.26366202620561735
2487-90-3,Trimethoxysilane,0.919405354455852,0.9608866880954011,0.3352107125777519,0.03929356479966939,1.9252110173659271,0.32779544471814304,1.6533406529328196
2489-77-2,"1,1,3-Trimethyl-2-thiourea",1.0109367889352598,1.0928762896845865,0.523731399686983,-0.17175996615793207,2.1343190883327483,0.029992351639591366,1.987179109334088
2491-38-5,2-Bromo-4-hydroxyacetophenone,-0.4644160552274951,-0.5120340580118907,0.27941182395932695,-0.9580374150131469,0.28644314933688236,-0.8753471379814821,0.1763294154046985
2492-26-4,Sodium 2-mercaptobenzothiolate,-0.3179122092512266,-0.33062001293689225,0.30311410093838104,-1.0161251221304721,0.5703215608823075,-0.842739687422618,0.27028706748999587
24934-91-6,Chlormephos,-0.8806672275444027,-0.8801391871316872,0.3005255369818559,-1.6744198675360844,-0.13026416664422397,-1.395482198147539,-0.3120439385419481
2495-37-6,Benzyl methacrylate,-0.2872480373431758,-0.2665663374055116,0.3949107150311594,-1.4472474316119366,0.5739274848621825,-0.9796921930811874,0.4347003495699446
2497-06-5,Disulfoton sulfone,-1.1254107013562966,-1.0855382955583122,0.5395103601491842,-2.436660042118049,0.17238071411154834,-1.9803239580065195,0.08027622730690429
2497-07-6,Oxydisulfoton,-1.2464557022804303,-1.2532696902242453,0.4823600198512667,-2.276169529623155,-0.05436433301193673,-2.08206815708136,-0.3508691801471496
2498-66-0,"7,12-Benz(a)anthraquinone",-1.55312054904229,-1.5484989148029809,0.4292996935853398,-2.5101651064973236,-0.6085480599011898,-2.3937966381863025,-0.8520803848271261
2499-95-8,Hexyl acrylate,-0.6425772208188204,-0.5802577134998008,0.4483547106741439,-2.2215195314861105,0.3717628437642318,-1.6032437420974903,0.053421604090839604
25057-89-0,Bentazone,0.6531670560016464,0.7175994487217081,0.45123791611037134,-0.8087425295907226,1.7799866647555314,-0.41554937887199056,1.473751123693988
25059-80-7,Benazolin-ethyl,-0.023576896022024688,0.003774470002117333,0.4170177777056674,-1.0294436729264216,0.7599331708362798,-0.9053760417005804,0.6686353821722043
2524-09-6,"O,O,S- Triethyl dithiophosphate",0.016037967870984014,0.04015675049566417,0.4802610010790811,-1.3239126929301661,1.2178806801898512,-0.8745220576193409,0.8733972363813476
25268-61-5,"N,N,N-Tripropylhexadecan-1-aminium bromide",-1.06487000754582,-1.0751658063974312,0.56534510008559,-2.328789676845591,0.6093544104066216,-1.9997362952198532,0.22671458446427376
2527-66-4,UNII-81PV9X5Y68,-0.5907446515381638,-0.5608998611258069,0.297308234101931,-1.4272535120987981,-0.02051349189495318,-1.2606811316602737,-0.12327798685793571
2528-16-7,Monobenzyl phthalate,-0.22430367340780427,-0.2347189570260404,0.503007568835528,-1.3037691066007375,0.8374240295323807,-1.1476617621439567,0.6306043416635324
2528-38-3,Tripentyl phosphate,-1.0307368511994874,-0.9911011284812656,0.3935953750558399,-2.0400256344866103,-0.16256967561451216,-1.7926359946920432,-0.36893431089033946
253-52-1,Phthalazine,0.6654075401829541,0.718600588402774,0.41357796958466,-0.40978484677637855,1.9533266289348703,-0.11580747651294167,1.4291435370280288
25311-71-1,Isofenphos,-1.524020977663814,-1.5415864921285123,0.32733521094001,-2.2789984093944224,-0.5878568999172459,-2.192184866200087,-0.9972381336615843
25319-82-8,"S-Ethyl (2,4-dichlorophenoxy)ethanethioate",-0.9872999555223294,-0.9776167673699412,0.4603016287330524,-2.17035881047417,0.2210068848036972,-1.9642266168842872,-0.1131326192872594
2533-82-6,"Arsine, methylthioxo-",-0.5172612845081886,-0.5095464894275583,0.39286739850567703,-1.5195139985340216,0.3362271527150656,-1.3942764191530224,0.22655692687172252
2536-31-4,Chlorflurenol-methyl,-0.8140389536449573,-0.7677547576280735,0.34654965632355916,-1.84014517294713,-0.15995067739430105,-1.4900358696765836,-0.2028866684185824
25366-23-8,Thiazafluron [BSI:ISO],0.1695440267848352,0.14364021043687664,0.36854052923963687,-0.9439212025400745,0.9659308381802447,-0.4416449537373272,0.8032476990585775
2539-17-5,"3,4,5,6-Tetrachloroguaiacol",-0.9629294344835302,-0.928340289796912,0.28592253366244635,-1.9512703746501674,-0.4696974264189198,-1.5746509856324713,-0.5359333589848002
2539-26-6,Trichlorosyringol,-0.5801025903274126,-0.565470437887036,0.2994507605238861,-1.1919988922155587,0.09552278268293209,-1.1324230633369847,0.020208390548377975
2540-82-1,Formothion,-0.13179477871792852,-0.13504631448136495,0.5145003186472199,-1.3147810011908792,1.2083616982748882,-1.125300935496684,0.7728346183355438
2545-59-7,"2,4,5-T-butotyl",-1.025405441027375,-1.047697248152197,0.24314497012525974,-1.655111099827967,-0.41530052947471474,-1.4701161769170827,-0.5510748515854735
2545-60-0,Picloram-potassium,0.28877398790693204,0.285833075747822,0.18254019042909556,-0.20931662552563277,0.8915416712472407,-0.05281488418212827,0.6414367575958292
25482-49-9,"1,2-Dichloro-3-(2-methylphenoxy)benzene",-0.5532239256442718,-0.5150716608339219,0.45852209963667007,-2.10572104761824,0.39527031778269595,-1.375008762601739,0.30525826702112224
2550-26-7,Benzylacetone,0.253472552993808,0.21255611200893473,0.5226207944566652,-0.8541769787767951,1.711186422788136,-0.6956387305102842,1.4409794336615713
2556-42-5,"Disulfide, bis(dipropylthiocarbamoyl)",-0.9986170145645352,-1.0267888385157584,0.383312043540317,-2.0241063498064342,-0.11702619518166249,-1.7754037493981973,-0.26890741566381837
25606-41-1,Propamocarb hydrochloride,0.8530720673727743,0.8292368576672788,0.31842692406052064,0.1417676825269482,1.4551499975241278,0.2315599033209212,1.4379271162032774
25637-99-4,"Hexabromocyclododecane, mixed isomers",-0.1727284458048997,-0.1881549406789454,0.2967081044989813,-0.8066049503719006,0.7343038069812136,-0.7177383888538245,0.49263025288078555
256412-89-2,Metamifop,-1.8399819799018282,-1.8031831538556073,0.4300976124763917,-2.968255229833279,-0.9861974082555526,-2.723399552411927,-1.0959473440894933
25646-71-3,"Methanesulfonamide, N-[2-[(4-amino-3-methylphenyl)ethylamino]ethyl]-, sulfate (2:3)",-1.045553753512966,-1.088276408780584,0.38366814593670145,-1.932748710147407,0.13125592155482738,-1.826773198559839,-0.2318113822609818
2569-01-9,"2,4-D, triethanolamine salt (1:1)",0.46618139235934536,0.46169752253697693,0.3782736264983537,-0.48331188547311377,1.2531521626279798,-0.27074471031353814,1.1341868593861335
2570-26-5,Pentadecylamine,-1.8483654641503704,-1.8938614734614205,0.46571947475710207,-2.830940442517886,-0.798146163461991,-2.7147295961857227,-0.9361867773308845
2581-34-2,4-Nitro-m-cresol,0.007999515971104883,0.01646841683617874,0.2562215737201897,-0.6150955983418005,0.6071593691674928,-0.5324272794870146,0.4640380599985212
25812-30-0,Gemfibrozil,0.46930667412034294,0.49480600355075266,0.26113478435426907,-0.2605621017760101,1.0056594161925159,-0.043091212801761286,0.9211317747320228
25875-51-8,Robenidine,-1.6899908407239457,-1.6786562124090114,0.32255459581782525,-2.3461519206746173,-0.8640566376481682,-2.2600962884284073,-1.0732729295448376
2593-15-9,Etridiazole,-0.3852719166669302,-0.35979194863319086,0.3054573323609545,-1.226719026497541,0.19734523010755853,-0.9105220189991345,0.11935723438668505
2595-54-2,Mecarbam,-2.0970071230797847,-2.1237337481933936,0.31061531494526645,-2.82070732426303,-1.272556950141597,-2.677207872412907,-1.4681218664724756
25954-13-6,Fosamine ammonium,1.627055107750744,1.6834226943983084,0.3085546778622127,0.8669201722314436,2.3179667953333514,1.014682882816581,2.1769446826892764
2597-03-7,Phenthoate,-2.326352581139463,-2.3487157765959044,0.21024697139553905,-2.773114347863682,-1.9015528310439243,-2.713779854189983,-1.9416656164003876
260-94-6,Acridine,-0.6401317954740056,-0.6517711699781451,0.1791957484806056,-1.0195138463793116,-0.25578815589161347,-0.9342168139390692,-0.2983253177141126
26002-80-2,Phenothrin,-2.621652847630806,-2.602509656738489,0.2774632799050936,-3.243362951429458,-2.0965892256031466,-3.146821320818386,-2.140135098137522
26040-51-7,Bis(2-ethylhexyl) tetrabromophthalate,-1.787359026405777,-1.7451582647911432,0.5311108818797703,-3.236076789915833,-0.19951011015356396,-2.753697048201186,-0.7116342654987541
26087-47-8,Iprobenfos,-0.4597977336941147,-0.44382026829848154,0.24660487801095787,-1.1536125974875566,0.028478178372384835,-0.9170588162802995,-0.06532644166317811
2610-61-9,Propan-2-yl (3-hydroxyphenyl)carbamate,-0.2779766454088446,-0.23256393271783596,0.525467354688847,-1.7712451126161475,0.798063279878399,-1.314029982795187,0.7226553237860261
26159-34-2,Naproxen sodium,0.2733665167636908,0.32386700064492435,0.5947854319849905,-0.9509174400978122,2.269015536672344,-0.790415006000904,1.751521038999595
26172-55-4,5-Chloro-2-methyl-3(2H)-isothiazolone,-0.7820084780444461,-0.7660321807685171,0.2859041731252986,-1.6273496001446244,-0.16499453341540465,-1.2836936054022885,-0.28694040622016576
26225-79-6,Ethofumesate,0.07853290861314781,0.08203502679957467,0.2583694949995247,-0.7137792554414009,0.9086437368736724,-0.4377140889038581,0.6243607661353421
2623-87-2,4-Bromobutyric acid,0.5607950484508372,0.48240629238882093,0.5542750008694731,-0.7822720376045519,2.3687399449925497,-0.4416495697292549,1.6310425199748608
26259-45-0,Secbumeton,0.0816529967831947,0.10651635681559687,0.2987029271515881,-0.621803602716936,0.7754933203390452,-0.5180546091446154,0.6364066855141006
2626-52-0,3-(Diethylamino)propyl isothiocyanate,-0.39004812441077596,-0.3922485060340226,0.5554736912894873,-1.9774361688441948,0.9292089100594952,-1.7127509173417377,0.5764720822304394
2626-83-7,p-(tert-butyl)-Phenyl-N-methylcarbamate,-0.2847787241692396,-0.2860923664522198,0.3764477925621413,-1.1283229953276064,0.48588176811537104,-0.9844820285230118,0.3837687055272187
2631-40-5,Isoprocarb,-0.43122167133419503,-0.39481528487605955,0.2685111693126689,-1.1415287461565085,0.2685169726001958,-1.0075947559307135,0.06127716059574696
2634-33-5,"1,2-Benzisothiazolin-3-one",-0.18984231675610064,-0.19185755265514673,0.2493616475491482,-0.9498620037575293,0.26818012289126764,-0.6622211529819215,0.21190119848357494
2636-26-2,Cyanophos,-0.08631157669003421,-0.082871699834627,0.43283863535087924,-1.0023175584313102,1.0708178357487732,-0.907792336775239,0.8198995310242395
2642-71-9,Azinphos-ethyl,-2.583844292639194,-2.5961197484731704,0.20012226502091332,-3.066820125375259,-2.0486439437904527,-2.9725862052413765,-2.1818100365481192
26530-20-1,Octhilinone,-1.650634659166539,-1.6446769343507623,0.17834652546904683,-2.074172177396113,-1.2943166251611202,-2.0160200869114644,-1.3510727576567605
2655-14-3,XMC,0.1980515373786455,0.1966678337747924,0.398638660163745,-0.5705550366840237,1.3232352323646948,-0.45970746814325325,0.9868949235005454
2655-19-8,Butacarb,-1.030060902295616,-1.0223108804142005,0.41580411919788923,-2.2699334258620416,0.08414378731361437,-1.9449933086490883,-0.309032827623943
26628-22-8,Sodium azide,-0.4364356682975604,-0.45063607522075816,0.17825751027410533,-0.8687491409806621,-0.06037368083546969,-0.7898466638336213,-0.07523880957503437
26644-46-2,Triforine,-0.25820431527986926,-0.26827505585897493,0.2734451186924291,-0.8561107548952829,0.48406420388707666,-0.8035833583339426,0.38146140001530715
2668-24-8,"4,5,6-Trichloroguaiacol",-0.45454593212529487,-0.407110206061455,0.3674108300629398,-1.5882396852494558,0.35851057949494813,-1.2226131314601874,0.15041464352789724
2675-77-6,Chloroneb,-0.2417160525417161,-0.2712496736131701,0.3688176056206287,-1.0035661091433679,0.6412404276206755,-0.9302914868523039,0.5219878779889922
26787-78-0,Amoxicillin,0.06832954583317685,0.13479210680661824,0.6041208079009937,-1.4398971309719106,1.4865337750419088,-1.0924439040254637,1.170293773765408
2682-20-4,2-Methyl-3(2H)-isothiazolone,-0.7851028508377611,-0.7707582791006927,0.3252655602682911,-1.61943922323345,-0.01885326458455001,-1.4702002798483016,-0.12487421780828219
2687-12-9,"Benzene, (3-chloro-1-propenyl)-",0.1616014743789238,0.15199743867301593,0.6224735255176327,-1.536509741690298,1.6170387832485176,-0.9380013543178023,1.4227802950594015
2688-84-8,o-Phenoxyaniline,-0.17784214262171588,-0.1972143418796306,0.4689592062317805,-1.2043618842792583,0.9775904142134184,-1.0204384953551089,0.7414013951756682
2691-41-0,Cyclotetramethylenetetranitramine,-0.06130692534130224,-0.012036498595279235,0.394470455417753,-0.9096376447222416,1.0231074689170963,-0.7017543218856516,0.6643595425812853
2698-41-1,(2-Chlorobenzylidene)propanedinitrile,-0.3829102313838682,-0.39608900263259716,0.3066862644681657,-1.2197337842679832,0.2746253939847359,-1.0265213046957946,0.18127524955385863
2702-72-9,"2,4-D sodium salt",0.8868405210272441,0.883091139876893,0.15539075883159054,0.5077727795507889,1.2994490632649736,0.567194387757027,1.198272318680024
2706-90-3,Perfluorovaleric acid,0.07261163611793081,0.12401096939798026,0.4255739663186633,-0.8324265539465151,0.9930295949613025,-0.6977717668807375,0.8351291143522098
271-89-6,"2,3-Benzofuran",0.04409258829588851,0.05138894891337102,0.4696884782805988,-1.0920228462464636,1.2623763231031375,-0.7730703041563914,1.1673606795753741
27176-93-8,2-[2-(2-Nonylphenoxy)ethoxy]ethan-1-ol,-1.0673283911626712,-1.0474175339426948,0.3704674508542047,-2.026881272914886,-0.016282022662485178,-1.9085462196199612,-0.31970108929329166
2720-73-2,"Carbonodithioic acid, O-pentyl ester, potassium salt (1:1)",0.23347779714230532,0.25513664683117193,0.37150846445768704,-0.5905052310173855,0.9961166690414629,-0.5034038087187411,0.9675253133256482
272451-65-7,Flubendiamide,-2.3057354990000922,-2.3094019785762576,0.44898244973792956,-3.3071492613848066,-1.3236310951594243,-3.206141376444294,-1.530831042173335
27304-13-8,(+/-)-Oxychlordane,-2.297824281542846,-2.2631163767563693,0.3480518402696585,-3.3015780423696484,-1.508618621610268,-3.152486278805364,-1.7108389954072467
27314-13-2,Norflurazon,-0.4694721370283002,-0.4526952440175619,0.31912625782921894,-1.3202707242473934,0.3662486115562659,-1.1068848777877784,0.11045233700340679
27344-41-8,"Disodium 4,4'-bis(2-sulfostyryl)biphenyl",0.19100612897205335,0.18436414525689332,0.3341450509581484,-0.6946847123071733,0.9460915330835783,-0.451588295486318,0.8812692869105512
27355-22-2,Fthalide,0.03607034341766224,0.043692187011318974,0.4511009278446439,-1.2524932251516905,0.8465868162768576,-0.8533336516760205,0.7621080865739962
2741-06-2,"Thiourea, N-ethyl-N'-phenyl-",0.3757576327667612,0.39888991417196545,0.4631104037361291,-0.5694922521081041,1.4054574879080182,-0.5210082893871822,1.2778409865201061
275-51-4,Azulene,-0.048955327654015085,-0.04551012928867222,0.4386130648688408,-1.185140030966751,0.8409925203689592,-1.0260372878720865,0.751932012807063
27519-02-4,(Z)-9-Tricosene,-1.3382464658210964,-1.3393376667194619,0.5975036654310352,-3.076432709496335,0.0643750908855557,-2.520918257489671,-0.3277871554263833
27541-88-4,Quinonamid,-0.8962837177184548,-0.9280046409133054,0.48134096604056964,-2.0235099586282956,0.3027435234462951,-1.8441849349091421,0.12898575969620155
2758-42-1,"Dimethylamine 4-(2,4-dichlorophenoxy)butyrate",-0.31822377550698344,-0.30761263570772335,0.2850330252653379,-1.0920589118904573,0.2882119116975064,-0.9047701449741355,0.25492767357214813
2759-28-6,1-Benzylpiperazine,0.2978765311848538,0.30940197008415327,0.5173724207650522,-1.0829372503700725,1.423237882242441,-0.6372111461735267,1.1484508365707027
2764-72-9,Diquat,-0.22175304433262155,-0.2626352430811355,0.206910697403821,-0.583701514559331,0.4082451540892762,-0.5701572132309738,0.24029966193656221
27774-13-6,Vanadyl sulfate,-0.00421510393393368,0.01972878828187374,0.3391076046890018,-0.9269800675300516,0.8149565673684338,-0.711520351808005,0.5929729633081071
2782-70-9,"S-{4-[(Dimethoxyphosphorothioyl)sulfanyl]benzyl} O,O-dimethyl phosphorodithioate",-1.2933706210123035,-1.2987068136398203,0.3979160978277025,-2.1896394090314355,-0.2660970327198841,-2.0386322518274307,-0.5545133947609436
2782-91-4,"1,1,3,3-Tetramethyl-2-thiourea",1.5485632210150326,1.5034070637746413,0.37797009107194235,0.6761538083236822,2.469488308729972,0.7320556403847212,2.366939652792379
27854-31-5,"Decanoic acid, 3,3,4,4,5,5,6,6,7,7,8,8,9,9,10,10,10-heptadecafluoro-",-0.9240583841441773,-0.9205045103343246,0.3422043795842048,-1.6994897746069908,-0.09488994296032661,-1.6290407989204738,-0.254298919045579
279-23-2,Bicyclo[2.2.1]heptane,0.42999902450751776,0.4136893291330139,0.5054486855034018,-1.3399389921119569,1.8073159740837401,-0.4052536995695483,1.3354105342627967
2795-39-3,PFOS-K,0.2466931099765467,0.23779923106830625,0.12089066057666191,0.018080253382981526,0.5787638775593282,0.05093642822356666,0.4650609908326955
280-57-9,"1,4-Diazabicyclo[2.2.2]octane",1.2834727932768366,1.2828968977579704,0.4919442390501356,-0.20541767107663808,2.4784079130933176,0.25082417880002233,2.0586992719068453
28001-58-3,Phenyltrimethylammonium methosulfate,0.44275193686942194,0.4464279012570491,0.4295389723830601,-0.3861461510957808,1.5749749463094236,-0.3177827319777139,1.4033868393191045
281-23-2,Adamantane,-0.7848305517817243,-0.8030478083583334,0.44982965788208956,-1.7199988424201296,0.5267143716692445,-1.5143768731888902,0.17744154688004418
2814-20-2,2-Isopropyl-6-methyl-4-pyrimidone,1.104253471778864,1.1345900855053452,0.4931271153199786,-0.4116483628814335,2.3589672897864693,0.20162401887662795,1.9048036175903118
28159-98-0,Cybutryne,-1.6414387304541813,-1.622892351151802,0.15613444319123773,-1.9868196542685772,-1.3264856350821612,-1.93759618871953,-1.3498660682118964
2818-16-8,Fenoprop-potassium,-0.2566497771255889,-0.23203159291223363,0.33470861474782115,-1.138421579983395,0.5245940713254499,-1.0085578496965533,0.36452160277834283
28249-77-6,Thiobencarb,-0.7328527537880555,-0.719288027637609,0.09828507497550447,-0.9664526100363237,-0.537207132788176,-0.9298965748385631,-0.5771923788804061
28288-05-3,Butethrin,-1.322956463223668,-1.300702102468589,0.42626779332998266,-2.453690835141323,-0.101348009607029,-2.1683841353882554,-0.5223759752740068
28300-74-5,Antimony potassium tartrate trihydrate,-1.043536966924575,-1.0522512397297712,0.20910000683806088,-1.4865644274240124,-0.593506546268422,-1.375533096439508,-0.6365314943844818
28343-61-5,"4-Hydroxy-2,5,6-trichloroisophthalonitrile",-0.26395533210070243,-0.25670980247299363,0.3558321549190141,-1.1443963025627804,0.542554563085139,-0.9332175266609205,0.3441424389622445
2835-99-6,4-Amino-m-cresol,-1.006307800883933,-0.9886161651900668,0.4110870971020857,-2.151427478316276,0.13684394507399233,-1.8073665496271996,-0.2393220386276914
283594-90-1,Spiromesifen,-1.2545632259209336,-1.2391734291017218,0.3599128587468584,-2.0649942457503863,-0.3891875014990124,-1.9329124565884896,-0.5907384559301736
28382-15-2,"Maleic hydrazide, potassium salt",1.0706055355133084,1.085852665154445,0.4720596957614437,0.060208431076358565,2.3129929085383676,0.22516599342196536,2.0152550388381725
28434-00-6,S-Bioallethrin,-2.1776269303084272,-2.1792919437998686,0.2306796497502507,-2.7570365922140474,-1.6003642467091321,-2.642189810781039,-1.7266370542868548
28434-01-7,Bioresmethrin,-2.941678804657765,-2.905229807403332,0.2946354483550035,-3.62055403663273,-2.3144336313539218,-3.554895472780547,-2.4135184468877138
2845-89-8,"Benzene, 1-chloro-3-methoxy-",0.06594288408534413,0.12428861209119663,0.5133647619545102,-1.2318310959776118,1.3419422768459557,-0.9674211380785577,0.9898290243140253
2855-13-2,Isophorone diamine,0.06819149051002363,0.13725746674317518,0.4863652832600743,-1.1020653486482876,0.9238906442163642,-0.9294436881906397,0.8850878985260839
2859-67-8,3-(3-Pyridyl)-1-propanol,0.6497067426856873,0.6658905952901047,0.41202843787179877,-0.5056527460931124,1.4956621490234263,-0.26213014234131,1.2650614414687416
2866-43-5,"2,2'-Thiophene-2,5-diylbis(benzoxazole)",0.4916120093339987,0.5315069067984393,0.5503806481167458,-1.399763266443172,1.9089664146260856,-0.33720913319565593,1.68312781788065
2869-34-3,Tridecylamine,-1.6244053863376156,-1.604252307023573,0.3296888072961977,-2.364357757474804,-0.6911045080527958,-2.2983956868147666,-1.0829315619803892
2870-32-8,C.I. Direct Yellow 12,-0.1954129012747729,-0.18312072407149121,0.38538849050042895,-1.1499474236739649,0.7705396328258098,-0.8864884690650412,0.572898795061658
28772-56-7,Bromadiolone,-1.1470797552730814,-1.1274209889248583,0.4061492306075611,-2.3378188944214,-0.38068016491545686,-1.9573195804629246,-0.4106674396441092
288-88-0,"1H-1,2,4-Triazole",1.39281244106834,1.3826311287798596,0.41906154274525914,-0.17086940642995552,2.4146189916692107,0.5616311048937204,2.1710572782643345
2893-78-9,Sodium dichloroisocyanurate,-0.8846773021486349,-0.9157870732858213,0.27363221189323667,-1.4843293858321305,-0.055244729408500524,-1.290963914762384,-0.28465319105272296
2894-51-1,2-Amino-4'-chlorobenzophenone,-0.5811256223201677,-0.5859639692389518,0.38882737552235624,-1.784698908628008,0.5969227228230889,-1.1855053801357731,0.06595613446856469
2896-70-0,"(2,2,6,6-Tetramethyl-4-oxopiperidin-1-yl)oxidanyl",-1.6007465296980303,-1.5817344526135269,0.27686418102385774,-2.6109995212259203,-0.9457372580983241,-2.219765536115848,-1.086251718155048
290-87-9,"1,3,5-Triazine",0.9662106868268743,0.9291844545241157,0.5111019734535759,-0.18569601838979885,2.411864260523869,-0.05709513023194174,1.8885095399632963
2905-69-3,"Methyl 2,5-dichlorobenzoate",-0.24232969048244868,-0.3060839571630652,0.41038824013986563,-0.9482177535332154,0.8543073599425314,-0.9075545916300004,0.6715010360438236
29081-56-9,"1-Octanesulfonic acid, 1,1,2,2,3,3,4,4,5,5,6,6,7,7,8,8,8-heptadecafluoro-, ammonium salt",-0.1876995831557221,-0.18455842455873614,0.41433373314060024,-1.059890268571273,0.842471962394587,-0.9563287772122917,0.5259055729413978
29091-05-2,Dinitramine,-0.867858440891713,-0.8590745541087104,0.19003003999428053,-1.3126216884202833,-0.4172740490080733,-1.2648518669541804,-0.5673737682160284
29091-21-2,Prodiamine,-0.28648230162528054,-0.34018117525057856,0.38866712850132074,-1.6230888806039305,0.9875123750592125,-0.997106777513237,0.37156434191544246
29096-93-3,Dibromothymoquinone,-0.6018318977247447,-0.5798501598814418,0.612058268715533,-2.1184564548067293,0.7321361899665777,-1.7832217677060975,0.6050232694550934
291-64-5,Cycloheptane,0.8149972707108039,0.8406863084455223,0.4205313191307141,-0.5212105787535577,1.7599999941971134,-0.028938416257595,1.6950451078714255
29118-87-4,cis-Thiocarboxime,-0.27214150490905065,-0.23971173575441518,0.3470335098329749,-1.1312491175546955,0.3839043918408744,-0.930291582287348,0.3175601453190456
29122-68-7,Atenolol,0.6667406010297223,0.660062599882044,0.4452943933924171,-0.7855532255085695,1.5889619985562358,-0.2435375754072313,1.5020499344949847
2916-14-5,Allyl chloroacetate,-0.08359185571986914,-0.09931162177511954,0.500616335602353,-1.3654084451584783,1.1667333815875134,-0.9394260356008054,0.8634473384625937
2921-88-2,Chlorpyrifos,-2.681133071045792,-2.687807294024519,0.0815283410943217,-2.848351959037305,-2.477135485977309,-2.813497579008908,-2.533159667244154
2923-18-4,"Acetic acid, trifluoro-, sodium salt",1.2285946498298954,1.228140399893634,0.5147905328971278,-0.575621227937892,2.3716501391708467,0.34034704098631774,2.1786660869612406
29232-93-7,Pirimiphos-methyl,-1.732403674499166,-1.7285866921794408,0.24853799774134094,-2.4827009882513007,-1.2393499146413045,-2.2007482038764747,-1.3082815275460753
29235-71-0,"4-Morpholinepropanamide, N-(4-hydroxyphenyl)-, monohydrochloride",-0.050231244484107596,0.0045092101203746526,0.48272388869503313,-1.0752782928584335,1.3185394353955449,-0.9347147394819963,0.8455041851077674
29245-51-0,"4,6-dinitro-2,1-benzoxazole",-1.0216555230742328,-1.0314534196681795,0.38511250243801376,-2.2879214555283234,-0.1174725502749756,-1.7980699691309616,-0.2877070678985073
2937-53-3,"Thiosulfuric acid (H2S2O3), S-(2-aminoethyl) ester",0.40276444975793185,0.4242883671854516,0.4507192919443825,-0.5349693417199382,1.6584505710384185,-0.44956224067269607,1.1876287188263452
2939-80-2,cis-Captafol,-1.1409142995605093,-1.1264260931908208,0.3275440221465445,-2.061291846261019,-0.22704620284026011,-1.6626979603222847,-0.4602791016877421
294-62-2,Cyclododecane,0.08340109223584927,0.07618441316444699,0.4991250530225614,-1.3727348700847892,1.323467104176693,-0.8866421356124461,0.8665201602295538
2941-78-8,2-Amino-5-methylbenzoic acid,-0.3958171730180442,-0.37512709063933786,0.5002006547187008,-1.7438564836347459,0.8156928210492186,-1.4222101197827188,0.46754577565663785
29420-49-3,PFBS-K,1.7004169178096333,1.7115082225728635,0.22372085242343595,0.9732385253500482,2.1393269421438417,1.2617536127501334,2.056147292658396
29450-45-1,MCPA-2-ethylhexyl,-0.9618968640990372,-0.9449590009557679,0.2799762352181388,-1.67052508907557,-0.2257785953071564,-1.4988539033829742,-0.4328793205236518
29457-72-5,Lithium perfluorooctane sulfonate,-0.15281694385906686,-0.13460964874314854,0.42330919313823456,-1.156269547438583,1.000874800698746,-0.9853031751552386,0.6082732722042771
29553-26-2,"2-Methyl-3,3,4,4-tetrafluoro-2-butanol",0.7611067657722012,0.72372139360972,0.46357570206338866,-0.5766223107306193,1.969458655838297,-0.11061640550606486,1.546712511737008
29587-92-6,"cis-1,2-Epoxycyclododecane",0.3967462432636242,0.3768519649200219,0.5218084911765558,-1.3518444015665492,1.5948730596900254,-0.6798728559137573,1.4419710190777988
2961-62-8,Ioxynil sodium,-0.5988689695041798,-0.6177458124033492,0.485829957633873,-1.6459743991861784,0.4523083268220152,-1.5526829964097963,0.30770304019398664
2961-68-4,Bromoxynil potassium salt (1:1),-0.3644595608056573,-0.3506696582755141,0.5089092800220957,-1.3350781991020382,0.9319000481285433,-1.2820775740720525,0.6186096375128178
297-78-9,Isobenzan,-2.946222756632848,-2.9901942122795995,0.3092102430520349,-3.523670203014682,-2.0013873365248673,-3.48675601890824,-2.3807276476597417
297-97-2,Thionazin,-1.2640952128046687,-1.2422548508900624,0.2957315478710984,-2.1382533090091327,-0.6520444532923863,-1.9281180939449496,-0.7283342133709176
2973-76-4,5-Bromovanillin,0.055695241779765675,0.015632835089880184,0.5066466133133142,-1.3693296013366065,1.187821575167913,-0.8839576776478728,0.9552176698171083
298-00-0,Methyl parathion,-1.7188059367797563,-1.7155941766495966,0.08868735565187333,-1.9728648326347211,-1.4679365559281332,-1.8939310306890875,-1.5034737615132334
298-02-2,Phorate,-2.1701680105949013,-2.1544159112537886,0.1198621233519682,-2.541199422049557,-1.9222509218652908,-2.389306359025377,-1.989970276904661
298-04-4,Disulfoton,-1.1912183563542866,-1.1241065661392726,0.19290414644078935,-1.6024029577477854,-0.831430809148136,-1.592429711562291,-0.8719239392988777
298-06-6,"O,O-Diethyl dithiophosphate",-0.5253693879829445,-0.5046199495054065,0.4646191799030245,-1.6287689094416742,0.9171838045951424,-1.3815729429827421,0.3764948578934981
298-07-7,Bis(2-ethylhexyl) phosphate,-0.08980832575390364,-0.0959287858764932,0.2705189431105389,-0.6517296701502152,0.5275651197470891,-0.579427372638827,0.4346697660503995
298-46-4,Carbamazepine,0.2790716054837276,0.28149750307723675,0.23106861692095806,-0.40953015958090666,0.7042675782483432,-0.15898501600582418,0.6566091622714899
29812-79-1,O-Decylhydroxylamine,-0.635035157718995,-0.6459444641249017,0.4660149262285751,-1.9505666229394292,0.5465237356542527,-1.4843462770978155,0.21634597792692412
29878-31-7,4-Methyl-1H-benzotriazole,0.6544604867498941,0.6733189712018448,0.3554725825578012,-0.23846476918393464,1.4358511905614104,-0.07804691960045448,1.260281317859524
299-84-3,Fenchlorphos,-0.8688077214862048,-0.8486022503502537,0.19496331315136534,-1.3935925039744907,-0.4505500823283855,-1.2826821450562775,-0.5458096145997701
299-85-4,Zytron,-1.8661576289274722,-1.9133189018347556,0.39566934128550396,-2.744745719570566,-0.7195299972618909,-2.591127738381377,-0.9845338310999584
299-86-5,Crufomate,-0.2180307250027034,-0.23387953598255995,0.32811861573862944,-1.0041210553812239,0.5966150257160288,-0.9229262623519217,0.40528812137055265
300-76-5,Naled,-1.6354709481906529,-1.6530214114208635,0.1343658769105684,-1.9262368317181338,-1.3167855041064516,-1.8892262655973728,-1.391457183261759
30043-49-3,Ethidimuron,0.22431992638363205,0.22162381086319782,0.4294772402861868,-0.8159184346494763,1.1303568186305846,-0.5370109950992872,1.0081687712454983
301-04-2,Lead(II) acetate,-0.2508603814114155,-0.2528223754206651,0.2403658526823828,-0.8388722103189381,0.3354916302831691,-0.7241537317082601,0.19150911473893512
301-11-1,2-Thiocyanatoethyl dodecanoate,-0.4664656234558413,-0.43555664371940894,0.4630400751384568,-1.9064950437988837,0.8911088364082442,-1.459384150928268,0.4261371578893072
301-12-2,Oxydemeton-methyl,-0.22789891296720385,-0.22406130735479307,0.15262322949430893,-0.6442707804665555,0.03890206812398782,-0.5265603710809593,0.01875072579631711
3018-12-0,Dichloroacetonitrile,-0.03876444692294946,0.045766237392556974,0.6310115646642624,-1.7123820503033438,1.323715129317432,-1.3054522455003228,1.0970022986363328
302-01-2,Hydrazine,-0.9672887197916071,-0.9261384915476427,0.2403501214168181,-1.6274223192163833,-0.44928663895817783,-1.5176663143522904,-0.6304836185342633
302-17-0,Chloral hydrate,1.0026057905990817,0.9448607106227684,0.35124126150392426,0.21392783945579594,2.0027976982798887,0.39116526160301984,1.801705580909269
302-95-4,Sodium deoxycholate,0.06942990063852136,0.09739361128025273,0.3836114098294936,-0.9656088315211181,0.911813236301722,-0.6927197620371969,0.7514547771448783
303-07-1,"2,6-Resorcylic acid",0.24864534763569293,0.21715597042222942,0.39606671150887096,-0.9722540150427031,1.2653755729788547,-0.5215871799274533,1.0489572901453204
303-38-8,"2,3-Dihydroxybenzoic acid",0.8958159980949909,0.9674403358001482,0.41500834261031666,-0.048350884132198034,1.9103007265788152,0.010737149616075721,1.5067116658628714
3033-77-0,"N,N,N-Trimethyl(oxiran-2-yl)methanaminium chloride",1.388954394397104,1.445653739810091,0.40475428903326705,0.06076133706188546,2.1635422570047877,0.44417844525537215,1.9583854325286942
30388-01-3,2-Hydroxypropyl methanethiosulfonate,0.20230433073655515,0.1935332828107321,0.3629170855203027,-0.6478448870664553,1.2521566025017303,-0.42133111233279924,0.9323972114482599
30406-18-9,"Heptanamide, N-hydroxy-",0.5470739301473277,0.5725857066237403,0.4767935440588731,-0.9243977267848013,1.607158645938853,-0.48876229988081543,1.4952558161188567
305-03-3,Chlorambucil,-0.14026169604988753,-0.1476985075004797,0.46745080554431945,-1.295127802703669,0.8372490233690393,-1.0177135242367066,0.6656587937667757
3055-93-4,2-[2-(Dodecyloxy)ethoxy]ethanol,-1.1197941063868126,-1.0920416573824667,0.49268275827334324,-2.34063062693391,0.21674132417745043,-2.0567271068684074,-0.2274472865416351
3055-95-6,Pentaethylene glycol monododecyl ether,-1.2641078239163588,-1.1726014260423872,0.5074775233288947,-2.332035102354698,-0.12042959813420032,-2.246521802188812,-0.4178443905622917
3055-97-8,Heptaethylene glycol monododecyl ether,-1.2933546762757968,-1.3460217177278948,0.5794831998642407,-2.836715809151108,0.22985499676656312,-2.4276099580519284,-0.27680583617386406
30560-19-1,Acephate,0.4836825346830675,0.519760276661178,0.18825255004443267,-0.0009030785695789459,0.8277682284580342,0.05640103724833263,0.7887812988013763
306-52-5,Triclofos,0.022329896773833256,-0.017211930987740424,0.4451977976838312,-1.0494221865680822,1.1779062712310375,-0.8507701973710607,0.847023226228039
306-67-2,Spermine tetrahydrochloride,0.4426697301198341,0.46276706580774957,0.2356521585563585,-0.22757363189747634,0.917425420425741,-0.05264868831683219,0.8511376823069036
3060-89-7,Metobromuron,-0.002453909072898665,0.02099586806785758,0.34972827718134103,-0.9096126401752828,0.6003190537786968,-0.6872748481052832,0.5604878846312018
3064-70-8,Bis(trichloromethyl)sulfone,-0.9358248086811233,-0.9412798413737558,0.4120336887997557,-1.8955864871326675,-0.15332184800032572,-1.734196638788229,-0.2522463049599235
3066-71-5,Cyclohexyl acrylate,-0.42855384431116983,-0.41514320104561364,0.3506285259554931,-1.461078566162716,0.38485088359837205,-1.101417740002315,0.23422762100261585
307-24-4,PFHxA,1.0812747650424444,1.0267870694752352,0.4346520099082569,0.12325879627216914,2.268851325990403,0.3218730852104949,2.0700570725445235
307-55-1,Perfluorododecanoic acid,-0.33113194569300963,-0.2762845340568576,0.5140778312764028,-1.491070331488967,0.976520942974336,-1.3503667489636029,0.5891999591762909
3073-66-3,"1,1,3-Trimethylcyclohexane",-0.19579880746625009,-0.14340013648088634,0.464907900366306,-1.7436501600048482,0.7194413414533347,-1.075125592904285,0.6183352853486809
309-00-2,Aldrin,-2.2555841478188157,-2.2552764797617275,0.0948280542082868,-2.4521304715481844,-1.95330270152389,-2.416406954904152,-2.0538620407189923
309-43-3,"Secobarbital, sodium salt",0.06416474785201196,0.09585325114142013,0.37528621780555377,-1.205581396818562,0.8840392991811952,-0.7341263939513611,0.7142581690784946
3096-70-6,"3,5-Dimethyl-4-aminophenol",-0.6601870192132969,-0.6111056381829338,0.386685409971468,-1.8751022987526649,0.14886084234712915,-1.3976545634375637,0.07261907994957159
311-45-5,Paraoxon,-1.9368228095172089,-1.9090248442194127,0.29421643855734225,-2.70633726068456,-1.0834634810959405,-2.4590799125919514,-1.3504162939585491
31121-93-4,Ibuprofen sodium,0.8674490516605318,0.913520498744173,0.423939682147349,-0.3698167925780681,1.7839487382450887,0.05995023212513574,1.6593664355766746
31218-83-4,Propetamphos,-1.05342668931486,-1.0293738956098064,0.3161272570505181,-1.902952486546491,-0.28240635657653423,-1.7569036989785312,-0.5047318381993207
3126-90-7,Dibutyl isophthlate,-1.189991641178989,-1.1995699515875478,0.29490850419854264,-1.9616454409754616,-0.514973745236454,-1.726915138162725,-0.6133821958893972
314-40-9,Bromacil,0.3099740534641125,0.2838506898171256,0.28279395863333956,-0.3972918207750772,1.1033243754144306,-0.24723979736739238,0.8531339440937785
31430-15-6,Flubendazole,-0.9458689285253178,-0.9200766281221346,0.35808019792451923,-1.8310323395091517,-0.023778466844435825,-1.6123011504551437,-0.24204987946476786
31431-39-7,Mebendazole,-0.9585880922139168,-1.0664901860308516,0.4527709853694597,-1.9584692052257282,0.1705830919481623,-1.6473983338523126,-0.01703639293116319
315-18-4,Mexacarbate,-0.9247597248952686,-0.9367314340442026,0.14032943048374694,-1.2453007846859614,-0.5999181761283556,-1.1580458174459394,-0.6539402030423161
31502-57-5,2-chloroethyl-N-cyclohexyl carbamate,-0.05073760150545426,-0.027426031174551495,0.45274872397487465,-1.171716964634174,1.0835498826106464,-0.9193418276738152,0.7505448172424714
31557-34-3,"2-Methoxy-3,5,6-trichloropyridine",-0.22383685162509656,-0.2885599435440146,0.29552855377543913,-0.7651672639716822,0.38493026362713423,-0.6953338412295336,0.29445375978273897
3179-90-6,C.I. Disperse Blue 7,0.04858315870955757,0.06184322834510905,0.46160038246917084,-1.1666354840790443,1.0713108229858523,-0.8861624863192901,0.825494969449851
318-98-9,Propranolol hydrochloride,-0.8145011053208071,-0.8109020813271892,0.42401147906718367,-1.6844622846137804,0.3315667768606077,-1.5379115545841178,-0.08069128321275039
319-84-6,"alpha-1,2,3,4,5,6-Hexachlorocyclohexane",-1.2055175524666677,-1.1816931497406387,0.33113387448782844,-2.313699616605962,-0.41200511502179504,-1.9789784998793833,-0.6572406884554444
319-85-7,beta-Hexachlorocyclohexane,-1.0727883925841055,-1.0084066079191427,0.2591750685668376,-1.7675363532343864,-0.6185809858341601,-1.6758368386120654,-0.6971277131237261
319-86-8,delta-Hexachlorocyclohexane,-1.1156371377644516,-1.0750826848185986,0.26014969425771295,-1.694688124836742,-0.5475853009742793,-1.6224269911677267,-0.6645839061018834
319-89-1,Tetroquinone,0.4344245966037515,0.40475656536765187,0.5266478820881667,-0.7243914041934895,1.586113207200685,-0.6621318839486078,1.369552577751759
31934-88-0,5-Chloro-3-methylcatechol,-0.11768377932355686,-0.13002098265373832,0.4539020438511136,-1.2492954597940373,0.8823033730676879,-1.1645258695777365,0.7191057681748223
3194-55-6,"1,2,5,6,9,10-Hexabromocyclododecane",-2.19606697498501,-2.1654019233067614,0.4530399107038693,-3.241675545186958,-1.088817937214145,-3.0586986048755342,-1.3748073700389758
31972-43-7,Fenamiphos sulfoxide,-1.4526574152483223,-1.4182230284722266,0.5111095918257836,-2.8586024819838163,-0.34763572214905775,-2.5618721271579785,-0.533043334917529
31972-44-8,Fenamiphos sulfone,-1.7995052819967285,-1.7396375287379395,0.5745294012883854,-3.094563487482702,-0.6306334698248304,-2.9665473611535296,-0.781799191214853
3204-27-1,Dinoterb acetate [ISO],-1.5623823280180358,-1.6060830103426864,0.4439094851851603,-2.690302402188275,-0.5227309519758014,-2.3265053371824673,-0.6977617281259243
3206-31-3,Triethyl nitrilotricarboxylate,-0.09027448881915293,-0.12224009912035551,0.4085161392904203,-1.3862785383776985,1.1952234685904641,-0.8028071152655866,0.6387291575291036
3209-22-1,"2,3-Dichloronitrobenzene",-0.26485759562598155,-0.23700024694794525,0.28952682973255034,-1.0291395188881445,0.32030778609504684,-0.8997126895329496,0.20273954161370455
3214-47-9,"C.I. Direct Yellow 50, tetrasodium salt",0.4934912426246434,0.4834272292643867,0.4084520662107301,-0.5044243318731746,1.664702367291564,-0.3514376426367455,1.2486213753404174
3218-02-8,Cyclohexanemethylamine,0.35855809417645745,0.3845115385129908,0.3777313220609141,-1.0114637133037419,1.1413344051848417,-0.48990587770998717,1.1045026405508138
32273-77-1,Octahydro-1-methylpentalene,0.14424589080051742,0.19097487603707075,0.44511197584148,-0.972941435139388,1.2145992925294589,-0.8168866993720079,0.884357423131481
32426-11-2,Octyl decyl dimethyl ammonium chloride,-1.4720408845507271,-1.4859668183898584,0.502732424051259,-2.549623938296833,-0.34786564313495716,-2.3904247205854117,-0.5219159647864959
3244-90-4,Aspon,-1.6917771124378842,-1.6765718433434276,0.3787578503925279,-2.7347513771093386,-0.4527273426650941,-2.3863206597712905,-0.9963907124086522
3251-23-8,Copper nitrate,-1.4495046607709918,-1.4465952965747553,0.13669452298636764,-1.7485333282580098,-1.193047275503763,-1.7266127988953905,-1.2275776551171078
3252-43-5,Dibromoacetonitrile,-0.7127089065753919,-0.6880681140551383,0.4436491832736625,-1.951270840954166,0.1647547427284396,-1.6234957240367394,0.01255518691154641
3254-66-8,Diisopropyl paraoxon,-0.9613177842280387,-1.0676582980355414,0.47869305743301627,-2.107440892114468,0.6262953155780977,-1.8891765741721231,-0.07831014026119126
32598-14-4,"2,3,3',4,4'-Pentachlorobiphenyl",-1.8319558970965455,-1.7853707675830828,0.6236864157806546,-3.876937527865795,-0.391454820128836,-3.187107808223935,-0.9091050358858243
3260-87-5,3-Chloro-o-cresol,-0.2990671422305897,-0.31459836727425244,0.41963785573030543,-1.39049988289436,0.717321716828519,-1.1102435628153235,0.49949906580006476
327-98-0,Trichloronat,-1.1543454322011004,-1.148085972684,0.3176011150823368,-1.8569462481576677,-0.38275123746850764,-1.7725700145924541,-0.6056900807257173
328-50-7,alpha-Ketoglutaric acid,0.7791322937575874,0.8177855158023779,0.5502365517476729,-0.8352197543506102,2.206060036323832,-0.4147074870297274,1.8334886861251303
32809-16-8,Procymidone,-0.6119996978015699,-0.6392173851997426,0.4703270091898334,-2.524610965173232,0.4319657904475945,-1.4085412007675997,0.3402463098802788
3282-73-3,Didodecyldimethylammonium bromide,-1.0580955187970438,-1.030311337999946,0.565843437275523,-2.431011380824411,0.27518589435875407,-2.0924221243785945,-0.03248804878008995
329-71-5,"2,5-Dinitrophenol",-0.23782601813620094,-0.22669570573436018,0.3987915441947153,-1.2958591148081253,0.7766498344357107,-1.1019480472997023,0.6079356157852894
3296-50-2,trans-Octahydro-1H-indene,0.14744180657402442,0.20423627357526963,0.5099432669682297,-1.0845559154093363,1.360355696237817,-0.9423282347941089,1.158992839778202
330-12-1,4-(Trifluoromethoxy)benzoic acid,0.17591158944203808,0.17443464399741532,0.47266878966525994,-0.9078714996659013,1.2260412628944741,-0.6991951304007773,0.9795240010497785
330-54-1,Diuron,-0.7828448113193335,-0.7944612249401695,0.10996214577535714,-1.0237235162874232,-0.5088109253715019,-0.964363787187287,-0.5701234465939908
330-55-2,Linuron,-0.8860177395185309,-0.8717758454911679,0.2535432588487615,-1.4733788576406854,-0.3584004363602101,-1.4216684671793431,-0.420582098656859
330-93-8,p-Fluorophenyl ether,-0.5869005401576938,-0.5155581500635584,0.3927876229302978,-1.6513350833462286,0.5707403275651886,-1.2850504151720348,0.04974095545122684
33089-61-1,Amitraz,-0.5193304020505467,-0.5100226182326095,0.27310320568299357,-1.2310838527295473,0.028597143796208854,-1.0516032310098904,-0.041636814021022844
3309-68-0,"Phosphorodithioic acid, O,O-diethyl S-((propylthio)methyl) ester",-2.4724295790175743,-2.436478677985137,0.2777253880258823,-3.2548185328400137,-1.9128613450968972,-2.9903656789622075,-2.014342876780085
33125-97-2,Etomidate,-0.9378890439881741,-0.8861878182705367,0.2737003810231066,-1.6868921179202552,-0.4346382757032393,-1.54259320182035,-0.559247778158954
33213-65-9,Endosulfan II,-2.6579074449766846,-2.6431719568157175,0.1834708705412592,-3.0992117669547103,-2.1670798556792445,-3.015858232120214,-2.2971362532268333
33228-45-4,4-Hexylaniline,-0.6349971676764693,-0.6179978739818717,0.5377437674511515,-2.4965466432766075,0.8745617179115839,-1.6179089386188,0.19840595166905278
33245-39-5,Fluchloralin,-1.9057269905631613,-1.9336799369081024,0.3058398653489916,-2.7080012167238454,-1.1557218309574073,-2.522200681034635,-1.3055680071200992
33284-50-3,"2,4-Dichlorobiphenyl",-0.9754939433178268,-0.9642950495790736,0.3862704209479355,-1.8447233642843124,-0.11289927848701753,-1.6667249645967819,-0.2265752554010766
33286-22-5,Diltiazem hydrochloride,-0.7650579566385253,-0.7586047440297703,0.7651428257922422,-2.905275848544751,0.6118759605443037,-2.4423019154256966,0.4865534529914383
333-18-6,Ethylenediamine dihydrochloride,0.1375724371629655,0.0926664653567458,0.4978138210578447,-1.1759843731198987,1.358090291913103,-0.664077897173159,1.2236402407207343
333-20-0,Potassium thiocyanate,0.4690387506912017,0.4494194152822255,0.25718567119088104,-0.04768635915587113,1.1975584253574176,-0.00893244438074546,1.0107280445558127
333-41-5,Diazinon,-1.6300414969019295,-1.6246865266305206,0.11764150349447232,-1.8729782671628261,-1.424783508847198,-1.8495309048831625,-1.4320735269072593
333-43-7,O-Ethyl S-(4-methylphenyl) ethylphosphonodithioate,-1.906471242823434,-1.938057472902242,0.4051862697018268,-2.947280946906029,-0.9553044398505947,-2.657153281904396,-1.0956577241306378
3337-71-1,Asulam,0.20535576459081825,0.20357196725353321,0.4623154382130872,-0.6933798234362455,1.3840802106972432,-0.6158869467589703,1.1919202037690533
3344-12-5,Isomalathion (metabolite of malathion),-1.9415013996163364,-1.94477244782974,0.42684050175439864,-2.9265367192732827,-0.9311595899811106,-2.757893471836009,-1.1221944433646376
3347-22-6,Dithianon,-2.1055542867085757,-2.0972269326123794,0.35128933990116273,-2.878255563256873,-1.3520484212251138,-2.8456927738635476,-1.3909441699622855
335-67-1,PFOA,0.9672772443270743,0.9542556084086138,0.1384870491507437,0.6882130331791372,1.2858276421163166,0.7108263388622001,1.2121729128862704
335-76-2,PFDA,0.05342077318247353,0.02081668813364164,0.3707141863331467,-0.9374270881681922,0.9693182455973561,-0.6369688746309462,0.7196434833423275
3351-05-1,Acid Blue 113,-1.1555101493048565,-1.1350744543824418,0.3459519559568361,-1.8788073664901308,-0.33442979215820595,-1.841858623937886,-0.4955837968952091
335104-84-2,Tembotrione,-0.8449819497805195,-0.8071502511529391,0.39083423508665116,-1.773474202434832,0.11935671097306136,-1.7160841681541201,-0.17677873977365047
3352-87-2,"N,N-Diethyldodecanamide",-1.0160762779446189,-1.0531446225524044,0.5473222511220864,-2.19812632100833,0.5090755942618341,-2.0047333147182163,0.060557590028385164
33629-47-9,Butralin,-1.098518914721389,-1.0724249367956364,0.38160251698627917,-1.9177623474763255,-0.24634328948415096,-1.8121967122870553,-0.3689868068363426
3369-52-6,Endosulfan ether,-0.9898686745925651,-0.9681391452613407,0.4250421622868026,-1.9671034346245495,-0.1407554382902228,-1.8052724403997422,-0.3034108425413403
33693-04-8,Terbumeton,-0.3946464545908033,-0.3750998349761573,0.2432702184186636,-0.9031985195068855,0.041940481452616085,-0.8367775195091655,-0.015982873084735203
33704-61-9,"Dihydro-1,1,2,3,3-pentamethyl-4(5H)-indanone",-0.22766617028296918,-0.2420663633347158,0.4072828796409941,-1.1436253512058712,0.7294216188408325,-0.9329587506091446,0.5574277031631101
33719-74-3,"3,5-Dichloroanisole",-0.12316981794368152,-0.15708005761969773,0.5110024086996363,-1.2830288181014082,1.1835362779644085,-1.1312722695069184,0.9288733525728655
3380-34-5,Triclosan,-1.5157213444467035,-1.5059097768662935,0.20168945054308085,-1.9678410410985379,-1.0371109410691797,-1.9195859235894417,-1.169918947049481
33813-20-6,ETEM [BSI],-1.034669664348555,-1.0503356207192538,0.22568224648078405,-1.5164515570345474,-0.48207379608794454,-1.4486371215828118,-0.5787428272716466
33820-53-0,Isopropalin,-1.15853117210179,-1.091584192662841,0.386601419795403,-2.1367097093397467,-0.1947012250193972,-1.9854950927916144,-0.41408924697218596
3383-96-8,Temephos,-1.5113466551335468,-1.4891932175396962,0.18826842752172912,-1.9381127013236437,-1.1165070589347834,-1.8729269726941267,-1.221521435514294
33878-50-1,"Ethyl (S)-N-benzoyl-N-(3,4-dichlorophenyl)-2-aminopropionate",-0.8090564707481801,-0.8235063437055447,0.22076647324797996,-1.2885144760869167,-0.20651470721579174,-1.2290913229512275,-0.3447209210361264
33904-03-9,"2,4-Dimethoxyphenyl isothiocyanate",-0.5367100709918274,-0.49656787542224434,0.5261711791527306,-2.093633333952003,0.6716307192637451,-1.5085574005842644,0.31075482850929304
33956-49-9,Codlelure,-0.31257920706120923,-0.29879591122851,0.4765646071617855,-1.4862826875371162,0.7079239787102415,-1.3267579450852234,0.5842314628635082
33963-45-0,"3,4,6-Trichloro-5-methylbenzene-1,2-diol",-0.5949441149825597,-0.5666395981660826,0.5190725028731766,-1.9346431177461565,0.800884225548803,-1.7869417962038154,0.2625126619400971
3397-62-4,"2-Chloro-4,6-diamino-1,3,5-triazine",0.5500267634388526,0.5242312947742153,0.4859804138490767,-0.6743482196234756,1.4433700823880897,-0.29842144846246854,1.3629055726980799
33979-03-2,"2,2',4,4',6,6'-Hexachlorobiphenyl",-1.4897448975915901,-1.4715095556752407,0.48315199721451907,-3.154341592456664,-0.38224502954536566,-2.6736532189899807,-0.690916293687694
3399-73-3,1-Cyclohexene-1-ethanamine,0.3636152492516193,0.3335988747923867,0.5931677196751213,-0.7341778095569989,1.997927863307737,-0.637916040527435,1.5572521272580075
3400-09-7,Chlorimide,-0.9064034108670177,-0.9222123828165473,0.37319904251133973,-1.6192726548865197,0.18915518266443737,-1.5009323838877986,-0.07628162894969734
34010-21-4,(Z)-11-Hexadecenyl acetate,-0.647537091727122,-0.6225408361192976,0.48987061664985926,-2.0173060487437975,0.8612867283522228,-1.6308907506471972,0.2701134003334068
34014-18-1,Tebuthiuron,0.3658083272571412,0.3856762483455233,0.25168638996695725,-0.1905103777015337,0.9014131020477583,-0.07148915981917447,0.8190977548283763
341-69-5,Orphenadrine hydrochloride,-0.6354659581258936,-0.5807244817480528,0.4620522765919824,-1.5775171394906993,0.4456550353102145,-1.4766362983275685,0.3286670757875081
34123-59-6,Isoproturon,-0.7277053948441956,-0.694283598518404,0.28107051867888366,-1.4520394476239709,-0.2024959868246013,-1.3634138145429742,-0.28867277344868975
34256-82-1,Acetochlor,-0.6412040226966335,-0.6588817353009537,0.211715648826494,-1.1533554004952016,-0.15802353800807506,-1.0160991525986276,-0.23518400407434525
34274-04-9,"N-(3-Methoxypropyl)-3,4,5-trimethoxybenzylamine",0.2536875054652293,0.22504620660068192,0.4105004432834132,-0.7674484209376141,1.1573409820231024,-0.5204537296922159,1.05284213326523
3428-24-8,"4,5-Dichlorocatechol",-0.512727724677901,-0.4852448849311326,0.3578855766344458,-1.3927629343276264,0.5975113694082582,-1.131878353150455,0.1912403330440842
34375-28-5,2-(Hydroxymethylamino)ethanol,0.7983674313254331,0.8481783825300866,0.49649089526087964,-0.3427398375153409,2.0145307724535724,-0.09685344847955107,1.8177946348283105
34381-68-5,Acebutolol hydrochloride,-0.12114391085929899,-0.06499608745010918,0.4789926583076646,-1.6436644829612257,0.9744664415962524,-1.2223650653592841,0.6292686592588541
3452-97-9,"3,5,5-Trimethyl-1-hexanol",-0.09925275982925692,-0.07398432255382101,0.4489711206679056,-1.3770186782979446,0.9766258773034054,-0.930035792469507,0.7745074309364366
3454-66-8,Potassium diethyl dithiophosphate,0.9834052218588937,0.9519362567585139,0.40387564613673893,-0.0004836743900015029,1.9070413016136833,0.18739461628829104,1.721369089343881
34643-46-4,Prothiofos,-0.701940647980915,-0.701838417739129,0.3370118526584372,-1.636796458307824,-0.01707990576420387,-1.435870231821106,-0.11056282955938122
34723-82-5,2-(Bromomethyl)tetrahydro-2H-pyran,0.47377113215681765,0.5581229875062312,0.3617468679909905,-0.61761735342935,1.4679195429562715,-0.30174511669724813,1.0331428029225185
3478-94-2,Piperalin,-1.078355374067809,-1.0652778716756592,0.3693906524183381,-1.9440861621458139,0.1495091067886692,-1.6760059348520955,-0.3385161562070349
3481-20-7,"2,3,5,6-Tetrachloroaniline",-1.275881365212674,-1.284854437926355,0.3628619331791815,-2.063126742145244,-0.5341548607279054,-1.9963549007218488,-0.6187703761780902
34825-93-9,3-(Bromomethyl)cyclohexene,0.1088187411456579,0.11459078049996332,0.45601001311275563,-1.2433236285693394,1.4117359323303214,-0.6970956600257985,0.8721935220698288
3483-12-3,Dithiothreitol,0.4230399248623386,0.41738358749008275,0.4600696274891528,-0.8082598238653783,1.3736808486029912,-0.569443589390571,1.2929932018909431
3486-35-9,Zinc carbonate,0.14615260853313727,0.1306702675677071,0.40305727148715736,-0.7410198856670158,1.0570445988872041,-0.6994662434787505,0.9751101872589084
34883-43-7,"2,4'-Dichlorobiphenyl",-1.0185488174536659,-1.0260286607651992,0.4888251060162779,-2.569568832972811,0.13927004949053562,-2.0292804651780454,-0.02443482570586556
34911-46-1,2-(4-Hydroxyphenyl)glyoxylohydroximoyl chloride,-0.4321016395032873,-0.48147147772635396,0.43090771165729125,-1.363749259165193,0.6555663565787898,-1.1959432930096234,0.4149672198192395
350-46-9,1-Fluoro-4-nitrobenzene,0.2969753076400465,0.3185527638614585,0.4085087910802393,-0.7350708021124516,1.1146590304445176,-0.48759053543661085,1.0303106564412254
3522-50-7,Iron(III) citrate,0.6349207574199262,0.621374469992165,0.5755959561139304,-0.6964906089169837,1.8343510681376098,-0.5856354265584557,1.601856112685312
35367-38-5,Diflubenzuron,-1.0594449132156762,-1.0532806011119826,0.2291390402848161,-1.6871713046708618,-0.446958855619344,-1.4782898830200082,-0.556728977192449
35400-43-2,Sulprofos,-1.2731333692128965,-1.2615771134486207,0.3058234854186407,-2.013040210178037,-0.4059498469785623,-1.8554728025900027,-0.7125349467803158
3547-04-4,"Benzene, 1,1'-ethylidenebis(4-chloro-",-1.3777511700846634,-1.4219653718971623,0.47236031801322637,-2.633852630611576,-0.025732892049879892,-2.158093666564912,-0.5728883988981587
3547-33-9,2-Hydroxyethyl octyl sulfide,-0.5220524890023865,-0.5117609229481462,0.3790798768959498,-1.3853603035371016,0.2810635948522002,-1.3142111974062807,0.14408515645068207
355-80-6,"1-Pentanol, 2,2,3,3,4,4,5,5-octafluoro-",0.7604702736145409,0.7278496788083912,0.38997754939794704,-0.01838914770947447,1.5481407162196863,0.03036033512418205,1.423943453361743
35554-44-0,Imazalil,-0.616050562242374,-0.5987667609405114,0.2811769139379438,-1.6294391079409147,-0.07036309038242973,-1.1398604833351826,-0.09816077300382099
35572-78-2,"2-Amino-4,6-dinitrotoluene",-0.045983943437837266,-0.054866394596632055,0.24505047065914262,-0.5323797171908382,0.5587132447784252,-0.49138245961211335,0.3612691215361413
35575-96-3,Azamethiphos,-2.7599812515012183,-2.774113126264239,0.25253690254803735,-3.3557828844362656,-2.111273122295451,-3.1899627161508373,-2.251023898260916
3558-69-8,"2,6-Diphenylpyridine",-1.1737170218575654,-1.130900173801911,0.4170962138331969,-2.084507747975108,0.09622638115520941,-1.9094647252367376,-0.3145481313922292
35597-43-4,Bilanafos,-0.25883206470180276,-0.28489986435097936,0.4634322471732264,-1.5403472965763845,0.8859319142875053,-1.075089282018087,0.5454195014854818
3567-25-7,Sulcofuron-sodium,-0.5843647782685838,-0.584899351815566,0.25271810520386817,-1.1526241042868515,0.002707612392333876,-1.0365265946819544,-0.10268148259232195
3567-62-2,"N-(3,4-Dichlorophenyl)-N'-methylurea",-0.5298348554541097,-0.566617808898877,0.4945803501882568,-1.6673137728025098,0.8969166965005456,-1.3763384529209644,0.402039693444074
35691-65-7,"1,2-Dibromo-2,4-dicyanobutane",-0.2669236815422275,-0.22090302478585327,0.2767623194704143,-1.1277077651197434,0.2587903636448587,-0.7964866062632583,0.1740594439659784
357-57-3,Brucine,-0.263852201797703,-0.2114602846042768,0.4501696439192933,-1.7712586176822054,0.5150797158029884,-1.1395864570467595,0.4502273565892233
3572-06-3,4-(4-(Acetyloxy)phenyl)-2-butanone,-0.13756798293511696,-0.1638364466680409,0.3184448044672928,-0.9693272592912002,0.7816636243101328,-0.7613534826489922,0.534024030586616
35832-11-2,Picloram triethylamine salt,0.22721684042049237,0.19712840703323137,0.2609736219743698,-0.6617729451521627,0.785057164219558,-0.23085193141805363,0.6883614608867737
35948-25-5,"6H-Dibenzo[c,e][1,2]oxaphosphinine 6-oxide",0.7760947122560349,0.7847548115918831,0.39028938448538564,-0.3229879972449892,1.9829570257371103,-0.112132178005479,1.498950493682338
36001-88-4,Amiprofos-methyl,-1.0192869007487437,-1.0591680592833628,0.4649102088318283,-2.223117027613219,0.3836126675527273,-1.961805195759363,-0.12066502486313135
36082-50-5,"5-Bromo-2,4-dichloropyrimidine",-0.7075162338873614,-0.7093123763299709,0.5402660302722526,-1.899570304652685,0.5422472505196636,-1.8078203019644363,0.4997096952873543
361377-29-9,Fluoxastrobin,-1.2605772539757043,-1.2591620719201895,0.2087189440574506,-1.787247714157598,-0.7410639871644784,-1.658079320821674,-0.8975575899131889
36157-40-1,"1-(2,5-Dichloro-3-thienyl)ethan-1-one",-0.19497633975465875,-0.17507205261274672,0.5388152930169692,-1.69635617363247,0.8571878791257583,-1.1756618610920935,0.7022133964731992
36282-47-0,Tramadol hydrochloride,0.024521677412939515,0.08188426221348465,0.4207755971038119,-0.9021000747612646,0.8081366628147092,-0.805370297517866,0.7150728296583715
36335-67-8,Butamiphos,-0.6411348195576707,-0.6492047118965663,0.342537563709368,-1.463332673849028,0.06773321103192319,-1.4225448375388763,-0.01316079124807127
36362-09-1,2-(Decylthio)ethanamine hydrochloride,-1.306801808871585,-1.3751777371796603,0.3373635041812471,-2.0348240436939244,-0.48642582736383894,-1.8221885338042483,-0.6029313798846418
3648-20-2,Diundecyl phthalate,-0.8792968149198829,-0.8590531801423817,0.4917197584910825,-1.923433371350872,0.5027121987069116,-1.8442207199261256,-0.017542858032750186
3653-48-3,MCPA-sodium,1.1446420478881767,1.1658606431047884,0.19841464866518752,0.4631552762066437,1.5186070111656527,0.7643964286527013,1.4942524082743394
365400-11-9,Pyrasulfotole,-0.03331034657465351,-0.05439473035266057,0.30689244756100675,-0.6099415177955735,0.977713675004414,-0.5547471016416801,0.6476985804195697
367-25-9,"2,4-Difluoroaniline",0.18820108808981442,0.16221146467428876,0.47606906980170005,-0.8351639779485969,1.2751193113531492,-0.5978948327128405,1.1874311121782604
36734-19-7,Iprodione,-0.4082084877667645,-0.4047761216166386,0.21034458324302446,-0.886410101484392,0.07316666082310867,-0.7868143793572471,-0.019926308535106553
368-77-4,"alpha,alpha,alpha-Trifluoro-m-tolunitrile",0.2538535508831469,0.2565181298571071,0.4358661602467683,-0.772330142087285,1.235168496509587,-0.5944360856729032,1.0301518452380576
36861-47-9,Enzacamene,-1.0929367858190882,-1.1142571197123834,0.35042509356677115,-2.0750307317162244,-0.1886235733470489,-1.6655559418459873,-0.36431233847362743
3687-13-6,"Phenol, 2,4-dichloro-, methanesulfonate",-0.5509273495174241,-0.5368635615565116,0.3545671994046251,-1.4626864504200603,0.29548042501151073,-1.2575813689607387,0.0666599401494698
3689-24-5,Sulfotepp,-1.8314863694499663,-1.8223112346997032,0.3940933431237345,-2.7711442563727378,-0.8059468352554144,-2.477163083080012,-0.9713807774476255
3691-35-8,Chlorophacinone,-1.2382385835107694,-1.2676878882118774,0.3477992982769786,-2.2430217163696184,-0.4910515566846172,-1.8492257764836106,-0.5298260200986514
3698-83-7,"1,3-Dichloro-4,6-dinitrobenzene",-1.5651143939181649,-1.5598514251337212,0.24415684339909696,-2.163827715590085,-1.0353746693453636,-2.029914891914436,-1.1491757342816686
371-40-4,4-Fluoroaniline,0.2998630563003775,0.29038272163331347,0.39224530838355876,-0.766600317618915,1.1010167401383724,-0.5194985209394613,1.0415255327546666
372137-35-4,Saflufenacil,-0.28836727963721304,-0.28251810659753973,0.37166933493499055,-1.2917820989256317,0.5494278890024173,-0.9406315316845671,0.3781623821661545
37228-47-0,"Phosphorous acid--ethane-1,2-diol (1/1)",0.4599472007934458,0.45326119540734916,0.4380864150014112,-0.593507111801989,1.8828947142931065,-0.33574377821941936,1.3006522079535996
37262-61-6,"Propionic acid, phenethyl ester mixed with eugenol (7:3)",-0.4526371093475317,-0.4582534308730012,0.49826446343099906,-1.9597117452263493,0.7019960748809605,-1.3612166531468946,0.5212190434730583
373-02-4,Nickel(II) acetate,0.07028107211591911,0.07504826667773033,0.4050713003456526,-1.2900693010561948,1.0802751275675253,-0.7741647223765495,0.6789204263541901
3734-48-3,Chlordene,-1.5169907831881122,-1.5657126404600916,0.41495988303954906,-2.36462527820276,-0.34951301301051363,-2.279893566479981,-0.79634800056288
374726-62-2,Mandipropamid,-0.5752748443116255,-0.5848649843320953,0.3504489188774939,-1.6936661935631014,0.14905550445378876,-1.197990949804005,0.028771480300973363
375-01-9,"1-Butanol, 2,2,3,3,4,4,4-heptafluoro-",0.3157507388271895,0.3315997790420421,0.5168858002002841,-1.382149007720421,1.5546979132067285,-0.6805744655528663,1.2320372304649259
375-22-4,Heptafluorobutyric acid,1.2890043568891745,1.291476810999276,0.40960371406133517,0.21579815399324323,2.25469014521432,0.288947983548,2.042300729164877
375-85-9,Perfluoroheptanoic acid,0.2403441314140976,0.19049372368309114,0.5307419558304214,-1.1546792737756384,1.8502453777979355,-0.8609878305828128,1.1025526146569855
375-95-1,PFNA,-0.0005380609709757467,0.016069826838773033,0.38011271044483114,-1.1078792899923127,0.6450018014823553,-0.8503055204500423,0.5222452892606889
37529-27-4,p-Heptylaniline,-0.6769247664786792,-0.730080963514775,0.5451970011770617,-2.435454250506457,1.0063835688478024,-1.499924445320999,0.6162633112878623
37529-30-9,4-Decylaniline,-1.7559725911357194,-1.8453534903559037,0.4556045238433006,-2.6889851558209212,-0.41155641883348737,-2.501924516751737,-0.7659774700051707
3759-92-0,Furaltadone hydrochloride,0.3229238012461946,0.3660049171052524,0.4793206156745017,-0.8411496830566676,1.730512131196468,-0.6789421788145426,1.216176510853643
376-06-7,Perfluoromyristic acid,-1.813318004742753,-1.7535405627187406,0.6221921955650859,-3.5312996289176284,-0.3401529647737402,-3.237730863794623,-0.7280633044508391
3765-57-9,Glenbar,-0.9177584785316982,-0.8417475809281625,0.4772742936402006,-2.197920632619902,-0.0253741845018951,-1.891868344487785,-0.132750531130973
3766-81-2,Fenobucarb,-1.0728760347142963,-1.0666707909615196,0.2213339235842155,-1.5213851348539589,-0.5027639351276281,-1.4959923638407462,-0.6098435496558448
37677-17-1,1-(Bromomethyl)cyclohexene,0.09918060775905323,0.12713156441007967,0.4374155638223681,-1.0350986277160705,1.1088003425686268,-0.8571602559768471,0.8461688279175418
37680-65-2,"2,2',5-Trichlorobiphenyl",-1.709322396862439,-1.722165929264015,0.4652325205453332,-2.940007434516183,0.02992871416606349,-2.560616693921216,-0.8855638722696915
37680-73-2,"2,2,4,5,5'-Pentochlorobiphenyl",-1.2125528806984058,-1.1981777610627757,0.43183265104927504,-2.4779303523600333,-0.11495541892617334,-2.1024129213844738,-0.3694896153490507
3772-55-2,Dehydroabietol,-0.969973937783022,-0.9792416937351653,0.5060091482816496,-2.3130580860904275,0.20683201151830538,-1.9423946071513436,0.14879447362812515
3772-94-9,Pentachlorophenyl laurate,-0.23405377719924547,-0.24985541822028454,0.3721781421141536,-1.2247673117358073,0.5817601411056806,-0.8937182695414985,0.5480558313578419
37764-25-3,Dichlormid,0.7177208361775164,0.6952592669970967,0.3782272466389367,-0.365930493573376,1.6232019512643296,-0.058271108873113216,1.4254716038473059
3778-73-2,Ifosfamide,0.4929940728319871,0.49432584556695663,0.4696803193665238,-0.809022581561779,1.5862181076799138,-0.5152987217246637,1.3201585058423517
37841-25-1,"2,4,6-trinitrobenzonitrile",-0.5383833024585002,-0.5329993813116451,0.3866864423122974,-1.2152232752770822,0.5538554772691684,-1.1378138945315652,0.29668772742862576
37853-59-1,"1,2-Bis(2,4,6-tribromophenoxy)ethane",0.640144984990651,0.6366599425972523,0.3012704107954697,-0.13272075098139222,1.3013151559241207,0.05330760859446709,1.2624622008635922
3810-74-0,Streptomycin sulfate (2:3),-0.10861432204122617,-0.13203025318110526,0.41134355238831966,-1.0995263695552406,1.0461951408252737,-0.9701329012746303,0.8300224485496217
3811-04-9,Potassium chlorate,0.8498515925660765,0.8784791491451424,0.35713728864083066,-0.058545504820885504,1.737163740096184,0.03442423528884351,1.4884651192887215
3811-49-2,Dioxabenzofos,-0.2269041854094695,-0.1880320347953273,0.42465799294771905,-1.176032339264421,0.7785780623433178,-1.0554810415243585,0.6019785934488148
3813-05-6,Benazolin,0.553307248301693,0.5623159349949236,0.4985258592573757,-0.7191956907420418,1.777201372618715,-0.3919390958504473,1.5884370038162923
3825-26-1,"PFOA, ammonium salt",1.0225187610930073,1.017870606559311,0.24005321795613668,0.3822414445652213,1.7450583047419703,0.5854007663483954,1.4827109514178616
38260-54-7,Etrimfos,-0.575237284979746,-0.5675961471790729,0.32604068389980423,-1.4823587297423677,0.07491609428757512,-1.231513632680841,-0.001716668375170832
383-63-1,Ethyl trifluoroacetate,1.386917714300385,1.4047972960047732,0.4286458909411127,0.3293541803691245,2.4897854413395177,0.5051153568463479,2.157432601168088
3844-45-9,FD&C Blue No. 1,0.4928060682626472,0.5291185524052954,0.2667107826036261,-0.13228079919627853,1.0411069977018885,-0.015955123414199784,0.924999619097841
38444-85-8,"2,3,4'-Trichlorobiphenyl",-1.3293951304634506,-1.332143737344464,0.4462524564655232,-2.6790306356954776,-0.23274554732223574,-2.2630688670230996,-0.3796048928578367
385-00-2,"2,6-Difluorobenzoic acid",0.3423185930160714,0.35983803068469256,0.40521657310597237,-0.6441597501043607,1.419455714373812,-0.4723029011256149,1.2053115358638944
3861-41-4,Bromoxynil butyrate,-1.7816275578385712,-1.7690898448802292,0.30867148236068326,-2.4830007610107208,-1.0355593158301404,-2.3291655408640644,-1.183851426901481
38641-94-0,Glyphosate-isopropylamine,0.21345703394170681,0.1957397345671384,0.12241133019418776,-0.0373664870056074,0.48408706150641956,0.009785257325915972,0.45971742937546806
3868-61-9,Endosulfan lactone,-0.4992607888760543,-0.4635606742855177,0.25591355544343103,-1.3358620538494699,0.09075860978552282,-1.021307253573403,-0.054422188405446166
387-45-1,2-Chloro-6-fluorobenzaldehyde,-0.053020460606302805,-0.06639379995956741,0.3988816524913593,-0.7948823016368,0.8926418418686193,-0.743850319069974,0.6261205474838633
38727-55-8,Diethatyl-ethyl,-0.6572643379364661,-0.6455652040504327,0.3655622767694642,-1.477431985793865,0.43581853252263514,-1.2780063054327186,0.015309112114803151
39145-47-6,p-Chlorophenyl-o-nitrophenyl ether,-0.7894355568698914,-0.8082461112743832,0.3904107168311002,-1.721618219391147,0.09551914260821597,-1.5305346435962337,0.023580581250862
39148-24-8,Fosetyl-Al,0.282220027365254,0.2963122906400174,0.19607950250284306,-0.12608044617928338,0.7202835059633591,-0.06748926399829486,0.655416976373303
3923-52-2,"1,1-Diphenyl-2-propyn-1-ol",-0.22668927037548134,-0.1373001765124458,0.4548072496420157,-1.351398283172885,0.5429604034943797,-1.2654629942485653,0.3884435572541798
3926-62-3,Sodium chloroacetate,0.7135262473582289,0.6978266208445569,0.40998468407979827,-0.39159236789739166,1.6115988352853368,-0.1725965413349099,1.3824909264534069
393-39-5,"alpha,alpha,alpha-4-Tetrafluoro-o-toluidine",0.13166216190768576,0.15583348074599773,0.44411243016721424,-1.1324191494943607,1.0928124397810737,-0.8208826644788947,0.9477042463823939
39331-45-8,"1,3,5-Triazine-2,4-diamine, 6-chloro-N,N'-diethyl-, mixt. with 6-chloro-N-ethyl-N'-(1-methylethyl)-1,3,5-triazine-2,4-diamine",-0.9276433232240079,-0.9181843825994118,0.5204154623488912,-2.4188212658212254,0.46794122683415773,-2.0506933799682066,0.07475135054751338
3938-12-3,"4-Chloro-5-methylbenzene-1,2-diol",-0.09322826771425831,-0.07178997616570848,0.4758116537631512,-1.2204634980623892,1.3951933225588848,-0.9714753353201198,1.0048758279026273
3944-76-1,"2,3-Dimethylpentanal",0.2644958306640781,0.2845742869857325,0.451810703566757,-0.7986356632957238,1.1585049438258448,-0.6323795056977565,0.9725868054988152
394730-71-3,Pyriprole [ISO],-2.877325064473563,-2.9243192173345403,0.5531970119953923,-3.839797859869384,-1.4184902656661822,-3.7975519852996307,-1.8811841337330084
39515-40-7,Cyphenothrin,-2.995085148210383,-2.9369366150165295,0.38231064263833764,-3.7878915503153165,-2.34687152307754,-3.746376726707761,-2.3950550263308856
39515-41-8,Fenpropathrin,-2.9406772345077026,-2.9708616841299444,0.31692124196441035,-3.7894935902942013,-1.8851748981126761,-3.5469872335570636,-2.2316208720460073
39515-51-0,3-Phenoxybenzaldehyde,-0.4863912742653798,-0.5099897703175523,0.39033466080358176,-1.3100536402171747,0.7440200287818298,-1.142359227580268,0.3515899041793058
39634-42-9,"Phenol, 4-[4-(trifluoromethyl)phenoxy]-",-0.6176632129391281,-0.6638809134602155,0.5467065217109851,-1.9747898935484056,0.5931849037507688,-1.5839905196710904,0.3999067342900804
39765-80-5,trans-Nonachlor,-1.7953910975138567,-1.8302261846731644,0.5079474170404289,-3.223938971716209,-0.46814154313600304,-2.8928837558270937,-0.8215481952499144
3978-67-4,"3,4-Dichlorocatechol",-0.3964779304181561,-0.39429839429589686,0.46179228937712913,-1.5131421132849607,0.6790466282852524,-1.2297697047714646,0.4951116736544544
39807-15-3,Oxadiargyl,-0.4561517971854638,-0.3771637724222105,0.5212135743416448,-1.4608207126206707,0.8863628899051281,-1.422805359902006,0.5815858642673086
39905-57-2,4-Hexyloxyaniline,-0.4487003679094235,-0.49872844420950174,0.38694434724729737,-1.2495797023845412,0.4830961354734959,-1.0806144960400086,0.3170742813601044
4005-51-0,"2-Amino-1,3,4-thiadiazole",0.8439764917561652,0.8528912979585521,0.47747408323707496,-0.22779203690698382,1.934810197754836,-0.1147207386277214,1.7220564114051506
400852-66-6,Mesosulfuron,-1.4995923856295825,-1.461750725996864,0.4338825335645869,-2.871605519532834,-0.6258731342212439,-2.361342824949057,-0.7881430520208004
402-45-9,4-(Trifluoromethyl)phenol,0.5850695660556214,0.576896598419929,0.4520013421638003,-0.6387711269706178,1.7386442963544917,-0.22852912291955058,1.4848224634699103
4044-65-9,Bitoscanate,-0.8044381155811056,-0.7799441480180533,0.41494459436107345,-2.0944625559926746,0.10946030781378452,-1.540758380572535,0.062977619526082
40487-42-1,Pendimethalin,-0.5953431186170568,-0.5693418173796791,0.2339807318213723,-1.2542194293394382,-0.11093247048431891,-1.0486779121522056,-0.21113843907987706
40596-69-8,Methoprene,-0.6065823907166075,-0.6327890454505236,0.2539998933215891,-1.19202093187535,-0.07500323828612238,-1.0969587936999003,-0.1325677587755138
40716-66-3,trans-Nerolidol,-0.5115838641860215,-0.42883338515460523,0.528222671788216,-1.829547598708276,0.643420620926838,-1.461303158561989,0.4011341162514044
4080-31-3,N-(3-Chloroallyl)hexaminium chloride,0.05123475452826222,0.0860812139521463,0.33817501469051126,-0.930706217728853,0.9125600374790876,-0.6988647890508309,0.6734842257474379
40843-25-2,Diclofop,-1.3175423046182189,-1.241149753394443,0.6025269802808004,-3.175645058675234,-0.08122058501791987,-2.523819853462151,-0.24472828264359406
4104-14-7,Phosacetim,-1.23010899552362,-1.273711305893988,0.37584775538958953,-2.13815589329287,-0.4276356473812376,-1.8856089838122356,-0.47719993125647236
4104-75-0,1-Methyl-1-phenylthiourea,0.4262618759444801,0.4210256193074705,0.4947870741973243,-0.7490100499019589,1.6334043527402549,-0.41746034644043,1.4325123525572545
4117-14-0,2-Decyn-1-ol,-0.49053397686028366,-0.47433918913929357,0.3251932072120158,-1.3731890149782475,0.16957106389285015,-1.179867646778378,0.1286521847162567
41198-08-7,Profenofos,-2.3277845713665326,-2.3225386155644587,0.13331748010883845,-2.6491623908184296,-1.956988724276466,-2.5954345840283954,-2.0741521174885613
41318-75-6,"2,4,4'-Tribromodiphenyl ether (BDE 28)",-1.582928744499276,-1.6214236293064594,0.36765329674855096,-2.539355524480869,-0.7536458906403658,-2.4376021567360415,-0.9533565664905703
41394-05-2,Metamitron,0.21408989370115397,0.2789398007900662,0.36939755246361416,-0.7020689170610375,1.1627244056035875,-0.4904807108839365,0.8344128183201702
4147-51-7,Dipropetryn,-0.8245673143837383,-0.7680735466253636,0.3244305477993049,-1.9728850129696751,-0.18533909688389377,-1.5338311598015553,-0.27029317962128707
4151-50-2,Sulfluramid,-1.089663777619879,-1.0695546751287348,0.4492317676624537,-2.3821055057103186,0.1259043916249653,-1.7461079720414738,-0.22819460784434545
4170-30-3,Crotonaldehyde,-0.500947640313321,-0.49599564486963815,0.20575387700902162,-0.8844063991181315,0.08401513442131744,-0.8489920711105037,-0.14734616668425865
4180-23-8,(E)-Anethole,0.064024397547423,0.06334751548558723,0.2842586900564822,-0.7626726889787893,0.6932355076977775,-0.5800009822289277,0.6257133963298315
41814-78-2,"2,7,8,9-Tricyclazole",-0.42634388981914484,-0.407989003778889,0.35488077356507847,-1.631312248812949,0.2962708846464966,-1.0375904296249077,0.1661758816060575
41859-67-0,Bezafibrate,0.1550313635823784,0.1302390945076995,0.40215451442268224,-0.7481279174871871,1.0522356180203345,-0.5245906950325779,0.965191122075183
4189-47-3,2-Hydroxypropyl bromoacetate,-0.20012324395404282,-0.10587783687180803,0.39996732208138064,-1.1357137926489607,0.6631130376314877,-0.9420869520633882,0.412738235420784
4199-10-4,(S)-Propranolol hydrochloride,-1.6409628668583431,-1.6706346911331287,0.38581788324778094,-2.528110113811032,-0.3717493767721887,-2.3545491158074485,-0.9134029976537789
420-04-2,Cyanamide,0.4204937665468564,0.4199916868612875,0.36617580762981716,-0.6227897314805648,1.1249430257336754,-0.3351848391431161,1.042043980581101
4200-95-7,Heptadecylamine,-1.2990504240364091,-1.3278996468823845,0.4298305416190977,-2.3908055754955724,-0.1787378707891933,-2.1260961558161116,-0.30364001834704074
42017-89-0,Fenofibric acid,-0.296195533839704,-0.40476145811200936,0.5166837124770501,-1.7433106706603727,0.9225552158302124,-1.275184599018252,0.6375165646798487
42087-80-9,Methyl 4-chloro-2-nitrobenzoate,-0.009684695164636914,-0.0020006893482737475,0.4179224095699606,-1.1040304150120182,0.8390994625721779,-0.9391490522795617,0.7738019351727978
4214-79-3,5-Chloro-2-pyridinol,1.060535993200573,1.043185978943535,0.44299689972860223,0.26239966746375254,2.193461736708135,0.30677409330938565,1.9543649353183385
422-64-0,Pentafluoropropionic acid,0.337825697503942,0.35163770889754853,0.5141725952056034,-0.8470508168376214,1.8529054341801352,-0.6841760911183485,1.3175408018887105
42200-33-9,Nadolol,0.31720289783504163,0.34810440435363077,0.49377101313966476,-0.7753228955954599,1.5816934332392691,-0.6068705899607829,1.2489144168497972
4224-70-8,"Hexanoic acid, 6-bromo-",0.15560965972971727,0.12608049791329815,0.45616880585489644,-1.0104152293612827,1.1640175771510293,-0.6265331262350653,0.91824933141523
422556-08-9,Pyroxsulam,-0.9380742424147566,-0.9260869431769552,0.5696495240680255,-2.0245583352492793,0.3323089082133973,-1.9745337696002176,-0.02009299792435311
42399-41-7,Diltiazem,-0.1500171301465886,-0.12032592781325788,0.2904498957422631,-1.0865584194383837,0.4621699012088813,-0.8096709525561022,0.3663065609024694
42454-06-8,5-Hydroxy-2-nitrobenzaldehyde,0.1950888075626681,0.22496853634623165,0.4714188814677695,-1.0535902700638546,1.208536068847185,-0.8477786311525171,1.0657223110234333
42509-83-1,Isazophos-methyl,-2.142821726689835,-2.153637341100758,0.23329519063810453,-2.754268775785604,-1.5896872894936696,-2.5555907973693848,-1.6977191233521514
4253-89-8,Isopropyl disulfide,-0.15214561969319998,-0.14621397491637733,0.4315256149110591,-1.4308860933939558,0.7786432828627541,-1.0133996393649694,0.5752725966712711
42576-02-3,Bifenox,-1.033342564877754,-1.0253776416101044,0.30923275735082173,-1.7845181921459854,-0.2413883926924954,-1.6391519863451005,-0.4933027310728703
42588-37-4,Kinoprene,-0.27599631862390195,-0.3017645389056923,0.45281446737794256,-1.464672656324434,0.7142402676523035,-1.1043684526174589,0.5802515682064393
4264-83-9,"Phosphoric acid, mono(4-nitrophenyl) ester, disodium salt",1.191550111684385,1.1681533934034263,0.6964097093181999,-0.6796650337297111,2.9234298657513644,-0.14051779321340352,2.5917839033388916
427-51-0,Cyproterone acetate,-0.6974539032335789,-0.6879142206661377,0.3897449904182228,-1.5896188328194423,0.38340057455777876,-1.3133386994890515,0.06854481193655337
42835-25-6,Flumequine,0.1404711396318636,0.07670327351267464,0.46948499123490256,-0.7847545932169471,1.3922647122677116,-0.6413271173068278,1.1562119274307774
42874-03-3,Oxyfluorfen,-1.3536139535132574,-1.360508513012193,0.31687427583083627,-2.051695711900498,-0.5800410704559804,-1.9196938008306315,-0.8277077593080261
4292-10-8,"1-Propanaminium, N-(carboxymethyl)-N,N-dimethyl-3-[(1-oxododecyl)amino]-, inner salt",-0.4216120837574373,-0.4141793559800562,0.325159362681444,-1.1418874102356766,0.2695925071083538,-1.0840260825634498,0.20867917331466457
4299-07-4,"1,2-Benzisothiazol-3(2H)-one, 2-butyl-",-1.073416277882047,-1.1172768399753523,0.40867114138953264,-2.095057601531152,-0.3116252840529022,-1.835435200264511,-0.3861704918267757
4301-50-2,Fluenethyl,-0.7797919595263062,-0.8257118501215499,0.41837357676670467,-1.8427567257559712,0.09681472290506377,-1.579851660818275,0.03711057330046111
43121-43-3,Triadimefon,-0.05889823517200146,-0.06301894375183913,0.19626236281695855,-0.6021678165125537,0.4029561344541223,-0.4588683896266326,0.3392386382289137
4316-42-1,1-Butylimidazole,0.15481762975112479,0.1655070374688019,0.31340138643378274,-0.6590702631443852,0.82329607429648,-0.5168119089882091,0.6892163416408527
4316-93-2,"Pyrimidine, 4,6-dichloro-5-nitro-",-0.030775956930390116,-0.01611960211854913,0.46537272763393867,-1.191081533077187,1.0421185016016257,-0.9875037498991461,0.9223471910947736
43210-67-9,Fenbendazole,-1.3650384430048195,-1.3405449245545409,0.38444380664244154,-2.4059868808519678,-0.47668454279400585,-2.096938953490124,-0.6705822996814153
43222-48-6,Difenzoquat metilsulfate,0.005462180289380787,-0.0059325283959624905,0.35506659456270306,-0.7519184824670664,0.9882807844425164,-0.710955285324558,0.7507877973076461
4329-03-7,Ethoxychlor,-2.0341228363870782,-2.0194949799314865,0.4273466546295167,-3.0695918403904665,-0.9699019037655381,-2.8812725125956766,-1.2540674064458874
434-64-0,Octafluorotoluene,0.0070596820282457,0.02351940598967317,0.5856305437254028,-1.4280857207658832,1.4270665183477724,-1.0217455100054367,1.144533016426497
4376-18-5,Monomethyl phthalate,1.0508664927150442,1.0166864130697573,0.5418023786898829,-0.01695518854051282,2.4365964699562284,0.09766225312068313,2.2235918256787217
4376-20-9,MEHP,-0.15506626904816934,-0.15880251152724825,0.36547123611229726,-1.0927395188543778,0.8805142170202598,-0.8610787959365728,0.5600239034982937
439-14-5,Diazepam,-0.12618763256281834,-0.11621220637861938,0.2335393039858015,-0.6247765797041368,0.6171874607328313,-0.5561936626369492,0.21984231006279348
4403-90-1,D&C Green 5,-0.8150065659717298,-0.8387166786522976,0.4452197849111458,-1.9447013013415877,0.5392995973987529,-1.7169557027957687,-0.01854266458046063
4410-99-5,Phenethyl mercaptan,-0.10965424312032933,-0.133991044547417,0.4415895968692406,-0.9593960716199285,1.4184909154910152,-0.8561207570992745,0.713001178442855
4412-91-3,3-Furanmethanol,1.1068827129305634,1.1352162835983042,0.443031794617346,-0.15367040269807233,2.374238659162221,0.2856789298639258,1.9404794351178827
443-48-1,Metronidazole,0.9854619017965435,1.0030859837079547,0.32178881459363146,0.025029609024850803,1.6939487973972647,0.2867299465223915,1.5490232151958079
443-72-1,(N-6)-Methyladenine,0.47129559660898407,0.48836911437031444,0.5476624812693922,-1.015457303554061,1.577039572310927,-0.7378947455751119,1.3139131661338472
4437-85-8,Butylene carbonate,0.9824999825526283,0.995180462352927,0.45656330232584397,0.13116890124398298,2.1123802771194864,0.20729735201629884,1.8356173598372811
4441-63-8,Cyclohexanebutanoic acid,0.15292478438923893,0.18059127607124004,0.5816015555684445,-2.083422616494569,1.3706802207657538,-0.9271955646607792,1.2583676923580915
4455-26-9,N-Methyldioctylamine,-1.3608669842483831,-1.3061895228639253,0.3995818951228812,-2.4171725591018536,-0.4888299001497496,-2.106358750614594,-0.7602630519276028
446-52-6,2-Fluorobenzaldehyde,-0.32985246308220545,-0.29168117874738475,0.34144375194593785,-1.4887589690910408,0.4216401722979697,-1.0176091146988107,0.2554289842838165
4460-86-0,"2,4,5-Trimethoxybenzaldehyde",0.1909412381642078,0.18502535589031882,0.4204314431863639,-0.7416681336979607,1.0821840680682666,-0.5687256723147778,1.0300908441493002
447-53-0,"1,2-Dihydronaphthalene",0.11813318372325245,0.12608068098605096,0.4589660744912539,-0.812477577774435,1.098432752267302,-0.7627067643316369,0.9439346588431741
447-60-9,"alpha,alpha,alpha-Trifluoro-o-tolunitrile",0.2429951690258755,0.25034279471002885,0.45717428979038927,-0.8139572117611266,1.2818716856095347,-0.5705648222314785,1.1729967959564482
451-13-8,"Benzeneacetic acid, 2,5-dihydroxy-",0.28174309787612567,0.36378654544940237,0.49823343079301013,-0.991722284222821,1.1649504967166358,-0.8469619867470478,1.1173051616439742
452-86-8,4-Methylcatechol,0.3582451700852033,0.36684394277195465,0.5331516338866372,-0.8878110034668736,1.8032439443398893,-0.573753502998564,1.4853930283452046
45298-90-6,Perfluorooctanesulfonate,-0.12931834519207835,-0.138212485759388,0.2873346459423784,-0.8922077104669442,0.39723207971185276,-0.7589334695147847,0.35799395568819786
454-89-7,"alpha,alpha,alpha-Trifluoro-m-tolualdehyde",-0.7960706380911219,-0.8641845828344112,0.4260565958394896,-1.6467742325695733,0.266008989241094,-1.5612825075859773,0.057205053162040276
4549-32-0,"Octane, 1,8-dibromo-",-0.5211250287772388,-0.49797800888031885,0.5080941702181773,-1.8605131295704658,0.7381929844493768,-1.5218219385592167,0.3433249161537017
4549-44-4,N-Ethyl-N-butylnitrosamine,0.44751312672582505,0.4345058754715858,0.5752664851763436,-0.7845321377076911,1.9199739017503685,-0.6280320253247457,1.625630474989323
4559-79-9,"N,N,N',N'-Tetramethylbut-2-enylenediamine",0.32333966090259336,0.31197054591193357,0.48188096909117767,-0.9496414681993786,1.4220219816922792,-0.5712146840846686,1.191499781613384
456-22-4,"Benzoic acid, 4-fluoro-",0.2845640081258082,0.3467067166891116,0.5486753311582632,-1.014881984367786,1.6207866279852745,-0.7815293433339293,1.2089668520329564
459-59-6,4-Fluoro-N-methylaniline,0.33410606710424295,0.3383365624663446,0.4016116601096831,-0.7412315690552713,1.182968850458936,-0.3254584346095161,1.0299603132702273
4602-84-0,Farnesol,-0.6416714910880902,-0.6430137783645149,0.39667798403688914,-1.6128625485201116,0.16776832002353698,-1.3805911404693312,0.05643403008706744
462-06-6,Fluorobenzene,0.22405299920659996,0.2700508536575039,0.5263286665492865,-1.4755512225205087,1.4635256640617367,-0.8187976354544279,0.9785080070133454
462-18-0,7-Tridecanone,-0.5720315759972862,-0.5763387229075712,0.5711656788662415,-2.525722836230405,0.5809001625384806,-1.8962295540697254,0.5238301050122012
462-94-2,Cadaverine,0.9361592546783081,0.9575016920208381,0.4898520903787617,-0.25990493795327063,2.029128627188386,-0.08525464553921466,1.7240264458659114
463-40-1,Linolenic acid,-0.6027800175235336,-0.6316118255416929,0.5062668391766071,-1.52992477863029,0.8239705671569288,-1.4732025073135038,0.49145316014404206
463-56-9,Thiocyanic acid,0.2683214220539002,0.3326782003040776,0.37500473821600466,-0.8536412714503716,1.2168533727008344,-0.5328557249352712,0.9608514997682593
464-45-9,[(1S)-endo]-(-)-Borneol,0.2791472269258887,0.2948937053183619,0.35250095116499724,-0.45436045327520896,1.1331141661041628,-0.4088761444380438,1.0614540204797955
464-48-2,(1S)-(-)-Camphor,0.033017763921661156,0.05223832414636671,0.4438504684700611,-1.1536531713344844,0.9764709797081415,-0.9573582160076353,0.8962006232075143
464-49-3,D-Camphor,0.6732153356219983,0.7077150581543004,0.3450229088778694,-0.3700200793459355,1.402517088802887,-0.01387716932175697,1.2942222922788138
465-73-6,Isodrin,-2.4702514137480494,-2.510696288566722,0.4166453110336365,-3.7525886080176933,-1.6142775635604913,-3.3689975086209976,-1.719782661563872
4655-34-9,Isopropyl methacrylate,0.34642122772252365,0.3341504501075754,0.4276584269646653,-0.7644899756907251,1.296915954471818,-0.5163250171005482,1.1791346257314972
4658-28-0,Aziprotryne,0.0872428162290066,0.0837221919243163,0.5011865245535732,-1.3302174617889009,1.3864090027376421,-0.8234510796306853,0.9518151415587377
4680-78-8,FD&C Green No. 1,0.23027270040705883,0.19395241825363996,0.4347363436131396,-1.1463117682532102,1.1393135538268964,-0.4382481402612272,1.1095576393319069
4684-94-0,6-Chloro-2-picolinic acid,0.06889165671931559,0.07722572725205822,0.29213648713040397,-0.5845128880873148,0.6640363150593088,-0.4238296759588778,0.5927581430775897
4685-14-7,Paraquat,-0.7434939157150136,-0.7060361599399002,0.21488665789989947,-1.2362750739637693,-0.30620078524609,-1.170960742102287,-0.35922189129200793
469-61-4,alpha-Cedrene,-1.085873667058775,-1.0785276167271216,0.4901978733518133,-2.488953241095955,-0.05838941163892937,-2.0233471044042846,-0.19705036043774646
470-82-6,"1,8-Cineol",0.370472186870177,0.36185177656615986,0.4077563812714568,-0.8888536211953494,1.430175072479269,-0.4690513081731616,1.2074686267233805
470-90-6,Chlorfenvinphos,-1.864785920809234,-1.860678286620646,0.2703559956696204,-2.6907499164728597,-1.2734182460733414,-2.356515356487845,-1.3404312236044609
471-77-2,Neoabietic acid,-1.048017235213746,-1.0191385217944917,0.33346640978546815,-1.7190423366249712,-0.21490657394943474,-1.648156383186846,-0.3548122993548247
4719-04-4,"1,3,5-Triazine-1,3,5(2H,4H,6H)-triethanol",0.4322243626143071,0.39555408095852784,0.28099957282211935,-0.32708642966311097,1.0361037176881895,-0.12152190132408028,0.9689091500195931
4726-14-1,Nitralin,-0.5146141298993726,-0.48812969174847265,0.31738660260947105,-1.3608531275077205,0.1379187220829404,-1.098112976776405,-0.03255021101046276
473-55-2,Pinane,0.005359386662979149,0.029541609966849763,0.470697539516266,-1.1008019849347745,1.2068942871829935,-0.8521601800227209,0.8628076565357209
475-20-7,Longifolene,-0.5556006766377276,-0.5291657797770448,0.3768050842906665,-1.6780718709374423,0.5232642681373743,-1.251361485575093,0.08526177743107391
4779-86-6,"1-Butanethiol, sodium salt",0.039738744633623944,-0.010385285100311756,0.3935028569737924,-0.8485420110240791,0.995811265807838,-0.6568576164248595,0.8827141121188634
4780-79-4,1-Hydroxymethylnaphthalene,0.009969181566473369,0.1356198735941328,0.6264944077316842,-1.5725122296389067,1.0323199243515058,-1.2351781922980254,0.9576310719064911
479-45-8,Trinitrophenylmethylnitramine,-0.5592661550769864,-0.5520401407003996,0.35199015188182226,-1.3154861469893875,0.3725713999055712,-1.2647581004630608,0.17289709630777145
4798-44-1,1-Hexen-3-ol,0.4274602192304232,0.4501120524507858,0.4181747685666538,-0.6663531960580387,1.389878915181316,-0.4647414085477456,1.2161230121226922
481-39-0,Juglone,-1.930054973438966,-1.934716529837066,0.11093221556521013,-2.2735790198470327,-1.6920413918899584,-2.1299818066131424,-1.7205824166875672
482-89-3,Indigo,0.0333910886759066,0.05986276188464842,0.3437665146442342,-0.8798197776121598,0.7955732641334533,-0.5761445344148248,0.7405631273769777
4824-78-6,Bromophos-ethyl,-0.9595022368930307,-0.9393163744013717,0.3242453589910216,-1.943416957982433,-0.3062291493958632,-1.5941877646369664,-0.43775054613938935
4839-46-7,"Pentanedioic acid, 3,3-dimethyl-",1.4337675499762,1.491808302716581,0.5189068774290232,-0.25748368369757973,2.4991821407540113,0.3430131076249074,2.2704801704224917
485-31-4,Binapacryl,-2.0791529438408527,-2.052379535091547,0.25930395484466023,-2.723148886240932,-1.5137710606716313,-2.643850512515741,-1.6115461653819572
485-49-4,Bicuculline,-1.0933731392485162,-1.0690980389375253,0.38850204641521474,-2.026000077819103,-0.15619574637774908,-1.763880493358758,-0.29900611893017837
486-25-9,9-Fluorenone,0.16866205113428742,0.20486907920323624,0.4891503220677167,-0.9172588704478116,1.4019767713251394,-0.6808422501408415,1.1369800570698894
490-79-9,"Benzoic acid, 2,5-dihydroxy-",0.7945320292042224,0.8106630321215333,0.4406389421026874,-0.3514319471219316,1.6847200986841766,-0.12637041440449912,1.5696399853141871
4901-51-3,"2,3,4,5-Tetrachlorophenol",-0.8660930872114507,-0.8887806564908478,0.18196046593461013,-1.4795691806754083,-0.33006313955989897,-1.1940812065914297,-0.527188138234346
4904-61-4,"1,5,9-Cyclododecatriene",-0.5136889522091342,-0.48064048217836,0.440749513857669,-2.0030390309343145,0.35780921623240936,-1.322634667486393,0.19561218191022614
4916-57-8,"1,2-bis(4-Pyridyl)ethane",0.41023461818220874,0.36429488608320115,0.45976819638913935,-0.48609055573910437,1.4385134363716674,-0.45827419997512797,1.241893662738737
4920-77-8,3-Methyl-2-nitrophenol,0.18526132010300642,0.17075932437778513,0.39103830790087074,-0.635421550678829,1.06438529710259,-0.5205257751025009,0.9278659144376062
4921-49-7,8-Chlorocaffeine,0.25542245929347346,0.2319988990666313,0.4400718757904835,-0.9423942739808094,1.3888467692456123,-0.5577265891168101,1.0712209256551253
493-09-4,"1,4-Benzodioxin, 2,3-dihydro-",0.45498855882646333,0.4566276614836049,0.4573974874183621,-0.6382066693166718,1.5710934036326198,-0.46160492369867856,1.2791673627930018
493-52-7,Methyl red,-0.07581380336062585,-0.13942790191840987,0.3434815969100555,-0.9505942929086805,0.7116428484058299,-0.6937944445557767,0.4961910780056441
494-99-5,"Benzene, 1,2-dimethoxy-4-methyl-",0.7823247222412764,0.7837001919400587,0.46674979832724767,-0.5844550630959543,1.873809181057637,-0.18356875963907213,1.601889621487004
495-54-5,C.I. Basic Orange 2- parent (Chrysoidine free base),-1.189506969502751,-1.1956734856533444,0.428177026634453,-2.480235368538474,-0.29186797705765316,-2.025264457487652,-0.3701939717852949
49562-28-9,Fenofibrate,-0.28386708779913783,-0.26626837749582344,0.454543214555241,-1.78766895646786,0.8075123146805859,-1.1819596184909893,0.5619533238509363
496-11-7,Indan,0.14030881801770634,0.16103428932825492,0.3575137138262684,-1.1464706438157808,0.8490873270008864,-0.5665343515020718,0.7296726761939303
496-16-2,"2,3-Dihydrobenzofuran",0.49459696805870257,0.4964179381141206,0.4343858230062445,-0.7357553172529752,1.5364442210428568,-0.4070860849866707,1.2888416147696655
49625-21-0,Golden Yellow,-0.16004037730994544,-0.17171853709557672,0.517646043382438,-1.3408742330317247,1.1894162721098778,-1.0972372588747594,0.7865137771279215
497-19-8,Sodium carbonate,1.5111188705007483,1.511626052563427,0.2602046151104125,0.9780532740228296,2.0588204826440846,1.0176371718730444,1.9906791908553014
497-37-0,exo-Norborneol,0.7043581921584486,0.6992703095332415,0.45148708168913987,-0.5287676974540075,1.7204629335687733,-0.09829433231618026,1.5557210246422946
498-66-8,Norbornylene,0.18093722235458518,0.1607258349603545,0.3678538330019502,-0.9127694017810726,0.971693247988159,-0.5351409334129812,0.7834186693576725
499-83-2,"2,6-Pyridinedicarboxylic acid",0.7076564739406187,0.7260106586911172,0.4272730648126333,-0.5510701215392224,1.8920171494664229,-0.2438399901689181,1.4826371265059377
50-00-0,Formaldehyde,0.6582936807981683,0.6564258590990918,0.11484450065661833,0.4113481841191521,0.9238045422579686,0.4594879579493914,0.8425865592317957
50-02-2,Dexamethasone,-0.1029038289333423,-0.07106619277887967,0.5821253131713624,-2.0957040635624153,1.2311181560361177,-1.1111621490789791,0.846140649235182
50-06-6,Phenobarbital,0.917643362566831,0.9017042690420981,0.3744562179195635,-0.07075152494239371,1.9880958964921578,0.24956140721104675,1.66641505986798
50-07-7,Mitomycin C,-1.0027335290160257,-0.9807271150578631,0.5096486587214764,-2.414080116076203,0.2909802258403655,-2.0579176896301865,0.05087601089203374
50-18-0,Cyclophosphamide,0.6567297125861377,0.6382604826898726,0.49271181454798724,-0.5335755327092974,2.2274268753179296,-0.15883927210866813,1.7549968628154256
50-21-5,Lactic acid,1.212686478323694,1.20418563088192,0.3319693552171904,0.3276123558250615,2.140704881304025,0.5917808929866964,1.8316219247804406
50-28-2,17beta-Estradiol,-0.9916116244743841,-0.9590294828566702,0.3670870838688914,-1.894323058108718,-0.142548638838816,-1.7076844898748518,-0.25728432877154095
50-29-3,"p,p'-DDT",-2.6393024606106,-2.631535756537929,0.053097189996180016,-2.760299467378475,-2.4815783152933215,-2.7294360374442403,-2.5574469145901197
50-30-6,"2,6-Dichlorobenzoic acid",0.5527505778747298,0.5352366924734104,0.36357343839615525,-0.14919179373333166,1.3224522627337827,-0.034435265195033045,1.2768329357306747
50-31-7,"2,3,6-Trichlorobenzoic acid",-0.026503389584515848,-0.04725840613965701,0.3610840189665759,-0.7654196778506946,0.8499110507163599,-0.6519818467424185,0.6471868025914255
50-32-8,Benzo(a)pyrene,-1.7944023239743832,-1.851245591101212,0.3425711676872427,-2.594440625802131,-0.6059754305141346,-2.372461828169221,-1.1666467730786272
50-44-2,6-Mercaptopurine,0.5635036989029567,0.5896763183887013,0.48911010355951584,-0.5090300959276765,1.762414237544917,-0.34782359793086043,1.489788626638649
50-48-6,Amitriptyline,-0.7857073449872847,-0.8883483988011276,0.4921907889292846,-2.029595691684693,0.5692574067506297,-1.5432798352663974,0.3621868297132817
50-63-5,Chloroquine bis(phosphate),-0.5509085051014431,-0.6506231826127586,0.5128289047422269,-1.9455384683849688,1.0868733119593554,-1.3203959864243824,0.5589036405428978
50-65-7,Niclosamide,-1.8119208097367445,-1.7872443999121588,0.27448521260052516,-2.472974073002581,-1.0908351899063256,-2.334953747518489,-1.333683667580472
50-71-5,Alloxan,1.1932180067497464,1.2390025928523327,0.5281195463585251,-0.39965497776613385,2.3017291920380876,0.05411524253113383,2.1084824574263368
50-73-7,"2,3,5-Trichlorobenzoic acid",0.1987669039331933,0.22522619291396923,0.41554370385354084,-0.7094010886055797,1.122180037502914,-0.6173495565408408,0.9568756917776815
50-78-2,Aspirin,1.1479331704715898,1.1920053825488048,0.3199529230143409,0.2919551851107834,1.9056444030752526,0.5603932908614716,1.6961543475579273
500-22-1,3-Pyridinecarboxaldehyde,0.29146619722196165,0.2847972203563781,0.41703756879560194,-0.8394299999256334,1.3199896508968754,-0.5765683073329069,1.0493727788300562
500-28-7,Chlorthion,-0.9252182037590903,-0.9134473150381541,0.23666232993740363,-1.651834286448289,-0.4162747615695911,-1.4972184618356257,-0.47990318672162696
500-85-6,"2,5-Cyclohexadien-1-one, 4-[(4-hydroxyphenyl)imino]-",-0.9636052824446427,-0.9864617107549545,0.38867815215141566,-1.858628349178084,0.03230978029018219,-1.6664513307720858,-0.12393921721224509
500-99-2,"Phenol, 3,5-dimethoxy-",0.25394487363229,0.2748178619498638,0.33638088572386327,-0.5213821521731425,1.2057157977087138,-0.40812870271922697,0.9325023855496853
500008-45-7,Chlorantraniliprole,-1.7028288624160564,-1.6608947954269822,0.45477422097770337,-2.7173025980218624,-0.7866134008762273,-2.57478937160778,-0.9608767648357224
5015-75-8,"Benzenesulfonic acid, 4-bromo-, sodium salt",0.86693833839327,0.900946884705627,0.3948526678876307,0.06754085762362068,1.8133429607208955,0.17641576766247175,1.565788315737827
502-39-6,Methyl mercury dicyandiamide,-1.396699062017497,-1.397498497934004,0.41451020295733326,-2.414036789984966,-0.3485811238337078,-2.1391129003406735,-0.7243873932953653
502-56-7,5-Nonanone,0.17273517013916584,0.19418723088802708,0.4764898731730688,-0.8744276021877972,1.136071263248113,-0.7235721076472872,1.013067444491683
503-87-7,"4-Imidazolidinone, 2-thioxo-",0.49119449501277646,0.5151116870882131,0.47381752823897877,-0.6491323242929544,1.8187854421540282,-0.42938839891263264,1.4130669268094096
50375-10-5,"2,3,6-Trichloroanisole",-0.5594991780705257,-0.5229910212979645,0.4477886914929802,-1.6589755925543352,0.3258024922947314,-1.4877865052308001,0.19441140866135578
504-20-1,Phorone,0.2906666060162667,0.2568282879120417,0.49348063624352784,-0.9757496736178705,1.5241915291040757,-0.6201142372382046,1.1769203804949755
504-24-5,4-Aminopyridine,-0.31166846931555586,-0.3062221136635791,0.1543275911560967,-0.681752223587543,0.07040989361295702,-0.5987902005749758,-0.02888415445720242
504-29-0,2-Aminopyridine,0.04363679424651651,0.01852845700995915,0.3605962521150683,-0.8886861787040309,1.2489178007596942,-0.7142082968728964,0.6948609303529476
504-63-2,"1,3-Propanediol",1.7079127405876973,1.654337187076853,0.5634966390644799,0.5518918793153895,3.3021908592707856,0.6957139058947741,2.747543982613694
50471-44-8,Vinclozolin,-0.1094885328062216,-0.09509775687028849,0.3170138031758816,-0.8596829668557417,0.7595912751596496,-0.7702898015053083,0.40853507390997457
505-23-7,"1,3-Dithiane",0.6482524724794462,0.6196444605504017,0.5571849095400355,-0.6677579195716162,2.3042127806330837,-0.36753523246893843,1.8712378387533852
505-29-3,"1,4-Dithiane",0.2933992851088281,0.3013052535135893,0.4712514374240037,-1.1728423575301838,1.3794835840280413,-0.6001608354707528,1.1768506734891677
50512-35-1,Isoprothiolane,-0.4974303459988358,-0.4941273262336417,0.30131090655966714,-1.1276233605077823,0.39621544364219063,-1.0659823005247768,0.0483691906023079
50540-61-9,"Phenol, 4-bromo-2,5-dichloro-, sodium salt",-1.0525460245373737,-1.0594736192941707,0.3504878778938328,-2.152768243361281,-0.36422211173948604,-1.6888943181343397,-0.4502412303425987
50594-66-6,Acifluorfen,-0.43692321201547807,-0.42671743310769084,0.5521646364809254,-2.1622861034556973,0.8361008105196122,-1.6760452829580506,0.5330207705841382
506-32-1,Arachidonic acid,-0.9309027345634452,-0.8991401852290848,0.5045318968813235,-2.0791741192496342,0.060558489130823435,-2.008448620323485,-0.04854950466283631
506-68-3,Cyanogen bromide,-0.6123758168474275,-0.5892775573784805,0.34839167858394354,-1.4904417526457572,0.2902434020865183,-1.2667086337900242,0.12134633009313711
506-77-4,Cyanogen chloride,-0.6129474758390624,-0.5978052377022736,0.5090409179180558,-2.0728153990099374,0.4660090069672497,-1.5171915761178865,0.324946456946724
506-87-6,Ammonium carbonate,0.7449860822536132,0.7560402087824366,0.41909421893918253,-0.4106399583477014,1.9991360322111287,-0.15240251626653734,1.6333318711252713
506-96-7,Acetyl bromide,0.3947322344284613,0.4101723154157373,0.41951972701781354,-0.8448632904385498,1.5719238086673344,-0.36023025685214105,1.1616750055837017
5064-31-3,"Glycine, N,N-bis(carboxymethyl)-, trisodium salt",1.1058261222783663,1.0936995989582559,0.23838167174002303,0.6877537316334301,1.626585536837156,0.7165697429768091,1.5005462590366365
507-20-0,t-Butylchloride,0.8140024773863579,0.8105585046886868,0.47006443754796434,-0.1807166919251224,2.0107712098642603,0.018821065796871428,1.6176660833321617
507-36-8,"Butane, 2-bromo-2-methyl-",0.6374178320763122,0.6547893286048763,0.48427378894800194,-1.0574761829373776,1.891590312279988,-0.3126520798102462,1.390907199115902
50723-80-3,Bentazone-sodium,0.8824907736734505,0.9227289779818694,0.366900648980627,-0.023490322550072332,1.5932360739706617,0.0879492784268023,1.5114879976230193
508-32-7,"1,7,7-Trimethyltricyclo[2.2.1.02,6]heptane",-0.02616306637460588,-0.06110454793344976,0.4467015647883367,-0.98792374209685,0.9965801721715026,-0.8625703971572528,0.8210391908710797
51-03-6,Piperonyl butoxide,-0.3019068455377218,-0.3069402305939385,0.10855920123950685,-0.5384833564111782,-0.026859902292465637,-0.5012855407110205,-0.09554615831670722
51-05-8,Procaine hydrochloride,0.3123542619123593,0.33354228383801743,0.6280671780671483,-2.719560793594044,2.006666151026932,-1.0710743533932632,1.50519528004863
51-28-5,"2,4-Dinitrophenol",-0.20569678899970587,-0.19916773880194466,0.07293764315414641,-0.3624242750475863,-0.0702994100501319,-0.35443180984144224,-0.09422119824399369
51-79-6,Urethane,1.5601084347716148,1.5586448735017948,0.37137442228726625,0.7158396586907732,2.4263103992611446,0.8241845867282435,2.2266322235048173
510-15-6,Chlorobenzilate,-0.8234711686811083,-0.8338530910924364,0.2769518957770708,-1.380459112182055,-0.1676009291568109,-1.3196546062671262,-0.30018764414305876
5103-71-9,cis-Chlordane,-2.4519878347391764,-2.421581682740346,0.32914546064518835,-3.1792682935224503,-1.7014892105947157,-3.0886135521821663,-1.8164463615811215
5103-74-2,trans-Chlordane,-1.8911167307180017,-1.9440655204634059,0.44831695338110317,-2.8371234142836403,-0.8073934893213365,-2.7096336496858693,-1.010725655293525
512-56-1,Trimethyl phosphate,1.3388038121431416,1.399845101105571,0.47101427520980044,-0.6512679986012072,2.2260609878810853,0.48122843206214133,2.149332546355798
51200-87-4,"4,4-Dimethyloxazolidine",0.7738229686501523,0.7426220171770963,0.31184858864207116,-0.17605064061430145,1.5812737660329195,0.18007671433447422,1.3363839922264071
51218-45-2,Metolachlor,-0.2722916751682531,-0.2688838431521109,0.16060955035091637,-0.6418946187811604,0.1676583232352428,-0.5769805480385171,-0.020784983220383073
51218-49-6,Pretilachlor,-1.284894478248822,-1.3050630492225523,0.35971397215720796,-2.26669731247951,-0.5957672137918235,-2.0615555380212616,-0.6451342816001903
51235-04-2,Hexazinone,0.12045286144593145,0.10803404784718997,0.15454440495491645,-0.19685975864751776,0.5060300975507563,-0.15801229555628482,0.46092437569079403
51276-47-2,Glufosinate,0.08757495247505537,0.0036923769002754426,0.5054338270717686,-1.0473833279316922,1.3263242827283883,-0.7859150183333306,1.2072147766283525
513-08-6,Tripropyl phosphate,0.2694753078158339,0.30342125410660215,0.36781926573862833,-0.6410692850895785,1.386165671784867,-0.5109652432435782,0.9308772554776666
513-36-0,"Propane, 1-chloro-2-methyl-",1.1662030742203278,1.1442054775198085,0.46268643040345614,-0.23544747747774808,2.306910173870257,0.21981037046863994,2.0373092912259363
513-48-4,2-Iodobutane,0.061989926921280775,0.0650311548410651,0.5095214420697937,-1.183141176261389,1.3173311433611714,-1.0264474977836924,1.0614377757248834
513-81-5,"2,3-Dimethyl-1,3-butadiene",0.053358511387010005,0.00815134962320227,0.4321925161667881,-0.9478345171189767,1.0376497363370445,-0.7357843590879386,0.8876703819923248
51338-27-3,Diclofop-methyl,-1.163627331943043,-1.153119272652968,0.3196818072585819,-1.931603859084326,-0.5650018998838016,-1.831712701423045,-0.6335572864162299
5137-55-3,Methyltrioctylammonium chloride,-1.9865448188866173,-1.9687289328209876,0.21809327622816282,-2.7137125815526306,-1.6026544223071848,-2.3848257190849727,-1.6316996500595065
51384-51-1,Metoprolol,0.15975438907527936,0.15607093430152655,0.3906376893516651,-0.898696584133992,0.9139185383475302,-0.5363089110434861,0.8917970286533461
514-10-3,Abietic acid,-0.7847070712553138,-0.7865387926074443,0.3457026449101549,-1.7041471664495649,0.05102463605687841,-1.4447969411784436,-0.16172648577804236
5141-20-8,FD&C Green No. 2,0.2991812275612111,0.35185907171724984,0.4397092875514367,-0.997336442147421,1.0831094309171712,-0.5748458033672219,1.0248565425860805
51481-10-8,Deoxynivalenol,-1.005670813875044,-1.0142628854088516,0.4556359707757757,-2.1067875284574247,0.06836441525548635,-1.8815589688877095,-0.13965267226400005
51481-61-9,Cimetidine,0.6205703269284552,0.6686297992885573,0.660758277228962,-0.6792855231638627,1.9888924519341857,-0.6378565348820254,1.8409447710363829
51580-86-0,Sodium dichloro-s-triazinetrione dihydrate,-1.2779784933453384,-1.248358602072042,0.35621533833496605,-2.3699037037420085,-0.6855900099391267,-1.95518966856004,-0.794428041216045
51590-67-1,Monobutyltin oxide,0.19404565402693838,0.15898522499918705,0.4254682842759096,-0.6172050912850955,1.1380533362405498,-0.5310342763178197,1.0308234585090765
51596-11-3,Milbemectin A4,-2.448392849846667,-2.484858416269948,0.36272513051523075,-3.337547416981662,-1.667395333706669,-3.1350254397865167,-1.732629599568369
51630-58-1,Fenvalerate,-3.584246994492,-3.6008430283318535,0.17179451537221585,-3.879425862057558,-3.188658213894419,-3.8697474664091636,-3.2324155533560104
51707-55-2,Thidiazuron,-0.11842927483423686,-0.12954655471273313,0.30684877907504454,-0.7593258976275042,0.5996355770807472,-0.6292892713999272,0.465186160316181
518-47-8,Fluorescein sodium,1.4540818090736183,1.4840895286663904,0.23780040063825447,0.7653827405509048,1.8828515415492095,0.9766907958163993,1.8180265055203604
518-75-2,Citrinin,-1.3363512999519158,-1.3581853451771178,0.8063950591577607,-3.2938771736907806,0.6806173216413554,-2.888298651811072,0.36076840214572775
518-83-2,"9,10-Anthracenedione, 1,3-dihydroxy-",-0.16863735470335725,-0.12589670448495388,0.42193654584187673,-1.4566200384282515,0.7724230832653877,-1.0934759066014912,0.6307329410089394
51892-26-3,"2,4-Dichlorodiphenyl ether",-0.5422324419489492,-0.5428518106797298,0.3663206905213677,-1.4168427908470227,0.25706055084571716,-1.2618503205371436,0.18097829401231652
52-51-7,Bronopol,-0.15547406784260187,-0.13585796469607064,0.1913092517428632,-0.69584600013634,0.42207907556131435,-0.5194873931716137,0.23509091414480715
52-53-9,Verapamil,-0.8722245949698497,-0.9064401556430413,0.2969257221075211,-1.579478047766419,-0.06004493871481634,-1.3891009219120325,-0.20151139962550618
52-66-4,DL-Penicillamine,0.5002135282494667,0.49575541439903603,0.5101082270312515,-0.5537807988860931,1.8990629504266276,-0.3337659741802111,1.553677850894829
52-68-6,Trichlorfon,-1.2154014775065283,-1.2127778975847607,0.12341083104233301,-1.4827473301205811,-0.9692236146606358,-1.4333219190764928,-1.0058737128402955
52-86-8,Haloperidol,-0.8518372704323275,-0.9164971914020748,0.5362559671220628,-2.056545372903601,0.3816882485002187,-1.8790130133092608,0.2089423492419234
521-78-8,Trimipramine maleate,-0.9496891566886646,-0.971180893073681,0.6533012054295432,-2.7475681678580584,0.4047275871600054,-2.2707073340772532,0.20974804928808727
5217-47-0,"1,3-Diethyl-2-thiobarbituric acid",1.1428784383206427,1.206568278384736,0.4850819694154402,-0.43222232828034585,2.111985683597696,0.20172085435184367,1.9766811948439234
5221-49-8,Pyrimitate,-0.5680176745000541,-0.5651786023745623,0.44816431302453225,-1.8634040641834697,0.5148736219571924,-1.4198956986239883,0.2772110832991616
5221-53-4,Dimethirimol,0.02795889460434848,0.020079421464752306,0.4154206161395306,-1.5974861087279564,0.9540709833135408,-0.7575580568568816,0.7709890061662041
52315-07-8,Cypermethrin,-3.6801785572824195,-3.6807114683538833,0.09280089756252088,-3.9187721082159985,-3.4325191431287188,-3.8700407149294644,-3.521545349516469
52316-55-9,Lignasan BLP,-0.269495556698662,-0.25109669403617774,0.5028182101176765,-2.076896881328981,0.7644204566701889,-1.1479120674408891,0.5475782415365031
5234-68-4,Carboxin,-0.14342394313236895,-0.13206764166809157,0.2568868628844455,-0.8178368777563961,0.44215751644936735,-0.606746193241174,0.2926208247674129
524-42-5,"1,2-Naphthoquinone",-0.8843174979158109,-1.1094024431441463,0.7332897339624765,-2.1615807693712905,1.0826841452517793,-1.944823899776879,0.7182380461413834
525-66-6,Propranolol,0.1928238995616219,0.22208132251717203,0.21599042170257512,-0.42392171466548806,0.6069401198528221,-0.28484284336834764,0.5067325510645895
525-79-1,Kinetin,-0.18963853301115577,-0.2024048680558174,0.42351318457846476,-1.3762591518074594,0.8718178640321209,-1.15324956357725,0.6772139220040196
525-82-6,Flavone,-0.49031135842454154,-0.4463510152052653,0.3763933411123619,-1.3066122046797548,0.7164301462720859,-1.175675640012471,0.1375275439478792
52508-35-7,Dikegulac sodium,1.0891820451923442,1.0625628886724465,0.5224623068744553,-0.20985209408731634,2.3615658903342074,0.14892934137279418,2.118085028772617
5259-88-1,Oxycarboxin,0.19664466558060492,0.19400760628929115,0.34108747018195423,-0.6180698834477133,0.9965940164975173,-0.46243535033788863,0.7939830021923333
526-75-0,"2,3-Dimethylphenol",0.16105412094845434,0.21889485587407803,0.3437000852363916,-0.8226885975023254,0.7873543305680457,-0.49515859907864257,0.7497214826251237
52645-53-1,Permethrin,-2.917360051921096,-2.905540834250701,0.09639499178409731,-3.1888718420033215,-2.7123048471498947,-3.122268559173773,-2.729345230618929
5267-27-6,"Benzenamine, 4,6-dinitro-3-methyl- (9CI)",-0.3590058571657997,-0.37059582595311574,0.32310870079256604,-1.043966241931886,0.32974439562729807,-0.9461197174133648,0.259544575306616
527-60-6,"2,4,6-Trimethylphenol",0.15725773105623753,0.17161560001223636,0.3243388509977175,-0.6805265499772916,1.077249150152189,-0.4331172339455164,0.767148680042085
52756-25-9,Flamprop-methyl,-0.47738194141229223,-0.47165820181271345,0.3006206391984894,-1.3704805697673035,0.13484563779224237,-1.0764407386722827,0.05969532014724899
528-29-0,"1,2-Dinitrobenzene",-1.0973921197113803,-1.1287415863983106,0.33662498675652897,-1.829976519729881,-0.09327060631667286,-1.7388115619145537,-0.4477713670250046
5289-74-7,20-Hydroxyecdysone,-1.0131414151038074,-1.0756254152155522,0.4728520099017187,-1.9959950595689913,0.09496095033820735,-1.8957414675473778,-0.1483546069790358
529-19-1,2-Tolunitrile,0.3646434923558421,0.3885925883427699,0.422841240376246,-0.7687554386524293,1.218787441192198,-0.43327698981703744,1.104936149491672
529-20-4,2-Tolualdehyde,0.4163971710582433,0.3578005581871244,0.412689973427949,-0.5516213060472396,1.395437978190172,-0.24659707213334991,1.2825797921976008
529-69-1,Isoxanthopterin,0.08905777863586907,0.14308930868331154,0.5005295849010312,-1.2598083489467256,1.4183239544949524,-0.9795211110669685,1.0106664291465084
52918-63-5,Deltamethrin,-3.9588626108190472,-3.9670670257348446,0.15562424726857446,-4.3208727632603114,-3.5112328714869965,-4.2475960648590725,-3.623994688478974
5292-45-5,Dimethyl nitroterephthalate,-0.21355654925778428,-0.27064197156426284,0.43233742591091895,-1.1796971126499376,0.8513448081982523,-1.0142406723963873,0.6072186935291982
53-70-3,"Dibenz(a,h)anthracene",-1.716742376711795,-1.7177910801429905,0.5767729440175833,-3.364183102008862,-0.18531550165102412,-2.753608469936512,-0.6757869591683482
53-86-1,Indomethacin,-0.03379244837562922,0.052633510415406176,0.37135780193946316,-0.9271173648484617,0.7353412783197472,-0.7829779976808904,0.54680834692863
53-96-3,2-Acetylaminofluorene,-0.48351537990156246,-0.5599209459401432,0.4940165830044904,-1.5312220439511475,0.8823540223475085,-1.209433342002965,0.5710156792746734
530-57-4,Syringic acid,0.7562833098161025,0.7499685589107445,0.45206705206685827,-0.5500709024415459,1.847230943177523,-0.20018330362170253,1.5828470353179185
53042-79-8,"Hexadeca-7,11-dien-1-yl acetate (Z,E)-",-0.35871606669282585,-0.3497740379753901,0.32752693802675437,-1.1439889128121716,0.3375968416091429,-1.0040251600664964,0.261670931545728
53112-28-0,Pyrimethanil,-0.15648166005568778,-0.13365628872147284,0.2866187820801373,-1.0754871027976138,0.42773522435898276,-0.7872806806967279,0.29332721831658687
532-02-5,Sodium 2-naphthalenesulfonate,0.90331015670245,0.956018394789322,0.5518975571704515,-0.4660066600604987,1.9881748782896582,-0.41184093493830337,1.8999585633413665
532-27-4,2-Chloroacetophenone,-0.6627437405091237,-0.6282645885293316,0.35796839660739443,-1.5900362780038795,0.5215680400199318,-1.330623204969976,0.02209743953179625
532-32-1,Sodium benzoate,1.0660713375946704,1.1224971549851763,0.37548608118991167,0.036875370730040526,1.7993882547829951,0.2825137969659292,1.6764059683624943
532-34-3,Butopyronoxyl,0.13117043188211225,0.10693969551622132,0.4368160439892387,-1.0055289519661332,1.3143202498039208,-0.8070321942619509,0.9119363171062081
532-55-8,Benzoyl isothiocyanate,0.024322393837299627,0.09236780242560702,0.4782472249378546,-1.1456563336966157,1.1540232808230155,-0.8398037943479566,0.9410375561391437
5324-84-5,Sodium 1-octanesulfonate,0.7241635934685591,0.7105676234862717,0.475159003068532,-0.5822917275259849,1.7406475479958825,-0.0788416085640824,1.6051196493839879
5328-01-8,Ethyl 1-naphthyl ether,-0.32482975339500486,-0.33037725347562147,0.5480131689244995,-1.7021441746911419,1.0704032860185395,-1.4480483619048907,0.7958795392368739
5329-14-6,Sulfamic acid,0.5389641385131856,0.5318266537468002,0.37521946913821874,-0.6082317675853233,1.638279276227621,-0.25283251663617085,1.2634224650612478
533-23-3,"2,4-D-ethyl ester",-0.8032359036954381,-0.7842076957241273,0.26158894576505265,-1.390172702396187,-0.16083533416370288,-1.3671602003855916,-0.3582672607822075
533-74-4,Dazomet,-0.6061777364148063,-0.6205956883257212,0.2545741150757641,-1.355232606496418,0.011296136362874047,-1.147578806533288,-0.12185078118287179
5331-91-9,5-Chloro-2-mercaptobenzothiazole,-0.4006395031440664,-0.38305033839023256,0.47392675871735956,-1.8291587086080723,0.6259076658348521,-1.3382394034234333,0.47861373666113605
534-13-4,"N,N'-Dimethylthiourea",0.5022901094241419,0.5185448033990894,0.5139543797025151,-0.7893028326864029,1.837481971216993,-0.49451240976336713,1.450802705817015
534-22-5,2-Methylfuran,1.0889822503461977,1.114903962248289,0.32102514613085104,0.3216224477430082,1.769115062119733,0.4029670900858567,1.692952562631798
534-52-1,"2-Methyl-4,6-dinitrophenol",-0.6341999415842472,-0.6588127426860704,0.22000372658776277,-1.100022060715486,-0.23217461739731837,-1.078586071164035,-0.2611174427434665
53404-31-2,Dichlorprop butoxyethyl ester,-1.0826074158956365,-1.05624590355409,0.342897460824383,-2.0023356421991583,-0.3639868458906992,-1.7548653149023814,-0.4339303248927257
53404-74-3,"Silvex, triethylamine salt",-0.5512311584008677,-0.5452762649997756,0.521457439210096,-1.7432024966053736,0.5735068484678046,-1.5793191152330246,0.40067794076120133
535-80-8,3-Chlorobenzoic acid,0.5190226495214345,0.5618434637615881,0.45711832220151527,-0.5393331960165191,1.4882522494539863,-0.3894920595916699,1.344397177692661
536-90-3,3-Methoxyaniline,-0.44391147530772296,-0.43772834925252135,0.5285183920377353,-1.7761449920627717,0.8889353805749688,-1.6121625400522013,0.5925078538113886
53716-50-0,Oxfendazole,-0.7143876984311038,-0.7033991087869134,0.42612467556986566,-1.8674448458218207,0.10824146002731995,-1.5721949925798702,-0.013052112687522386
5372-81-6,Dimethyl aminoterephthalate,-0.14543875759881375,-0.13419554562163977,0.41492958796685153,-1.287519866408281,1.2011222763461322,-1.0260146817593188,0.5659670783295616
5377-20-8,Metomidate,-0.4579514313345371,-0.5153765773845396,0.45438556415718656,-1.5420053618622263,0.6446819865518914,-1.372365262370491,0.35851046600043823
53780-34-0,Mefluidide,0.5841057761226489,0.5787720975256407,0.43591310090067653,-0.6099847916861443,1.5754350778426647,-0.25262160537482514,1.3211098792218385
53780-36-2,Mefluidide-diolamine,0.2826041986095126,0.2849173315275654,0.49904134897963676,-1.7204189863413897,1.3542725219332956,-0.6651343499667992,1.0818610468592806
538-62-5,"Diazenecarboxylic acid, phenyl-, 2-phenylhydrazide",-0.6558634886001413,-0.682206671996193,0.43435256671278216,-1.5531822136568931,0.30873921972340806,-1.465913161310463,0.15600433926572152
538-68-1,Pentylbenzene,-0.4986984321812428,-0.47710403251513744,0.49228414666414344,-1.610958475495667,0.7199503122005311,-1.4294079072117398,0.4277692976400811
53826-12-3,"Octanoic acid, 3,3,4,4,5,5,6,6,7,7,8,8,8-tridecafluoro-",-0.5530244687019564,-0.5284825050264188,0.5085883981707912,-1.7798363413370712,0.7876325904835848,-1.5083842754609447,0.5086178058479631
5395-50-6,"Imidazo[4,5-d]imidazole-2,5(1H,3H)-dione, tetrahydro-1,3,4,6-tetrakis(hydroxymethyl)-",0.3935571352929113,0.38148810672997846,0.41638590493075234,-0.7186667805050507,1.4436596145779004,-0.2973187331169416,1.3342339255489926
5395-75-5,"3,6-Dithiaoctane",0.34747698825490625,0.3345117188680289,0.3723964028683617,-0.7463456575446272,1.2014499681752908,-0.2975520267019707,1.0142194239782216
54-11-5,Nicotine,-0.23638515063198945,-0.2395526699617716,0.2925563932667404,-1.0513007606614693,0.518070928051576,-0.8113364706392036,0.3103409611938435
54-21-7,Sodium salicylate,1.1914604259104467,1.2337123797181264,0.38259224803363584,0.258959903631739,2.1048363962782783,0.4526361276866681,1.8508843536663955
54-36-4,Metyrapone,-0.008362734084227906,0.0903061591175438,0.5099130435488355,-1.4635646523301862,1.1410470616272461,-1.1735397724495964,0.8441699257232613
54-64-8,Thimerosal,-0.3794090930427859,-0.34616996703756153,0.3328578419007528,-1.1521419218986932,0.6720573325334486,-1.0022777878877738,0.2112181124762623
54-85-3,Isoniazid,0.5086244747998891,0.5594911358917048,0.43861877049304365,-1.0324068685913024,1.4022534705322882,-0.5121946375731081,1.2045824261830063
540-54-5,1-Chloropropane,1.0064117777185673,0.9689699322749725,0.48191672113358547,-0.34317744262042543,2.1781850812347217,0.15746378509522635,1.868905116494509
540-59-0,"1,2-Dichloroethylene",0.6784113221461575,0.663027945198087,0.3711318028754053,-0.3827295232537519,1.4184837660879572,-0.07834769926164933,1.2905025535292733
540-72-7,Sodium thiocyanate,0.25660403209403276,0.2632788625033222,0.4509070559056205,-1.17873122399008,1.3822612324622459,-0.7041711004191559,1.0697504477560862
540-88-5,tert-Butyl acetate,1.030145488746463,1.0277301471569205,0.27522831331455716,0.3354199977508346,1.7520777151729818,0.4935353935291619,1.5052031507347086
5407-04-5,Dimethylaminopropyl chloride hydrochloride,0.4753528687980398,0.48830048822204464,0.4024432002981455,-0.7125869233376925,1.4179973185643773,-0.2655050739797635,1.265369411078848
5407-87-4,"2-Amino-4,6-dimethylpyridine",0.339114714406484,0.3771299686703991,0.5026213836044948,-0.851350019932635,1.7613583112061881,-0.5067484446012065,1.343785776777489
5407-98-7,Cyclobutyl phenyl ketone,-0.029745253319275272,-0.04016104002976127,0.5265270124983802,-1.4254797451824097,1.435183299526747,-1.013948311095548,0.8785498483257479
541-09-3,Uranyl acetate,-0.46638331471703864,-0.4626347342426672,0.33060025141294985,-1.0796440453032599,0.4244714471983413,-1.0642010938176982,0.3419002214027345
541-22-0,Decamethonium bromide,0.5159190506217071,0.44425005750755975,0.5898812877886812,-1.3526826951411215,2.608964539374427,-0.441437433704909,1.5265206474898583
541-28-6,"Butane, 1-iodo-3-methyl-",0.1289867147710908,0.1547518734681108,0.4068348271084783,-0.8947571175097677,0.9798361769780177,-0.7601126525832642,0.826127899062809
541-73-1,"1,3-Dichlorobenzene",0.28350254971638267,0.26545943963072594,0.2426451492232556,-0.3719754865179231,0.8361247168912602,-0.14920287779576497,0.7141409026645966
541-85-5,5-Methyl-3-heptanone,0.4203177316019333,0.3971597733953382,0.4304917997235262,-1.176173197721133,1.6355744113087898,-0.45772704811586096,1.350844106889678
54135-80-7,"2,3,4-Trichloroanisole",-0.5095565117544308,-0.530316748930611,0.507312347529067,-2.032065424575497,0.8889963644386073,-1.4238067385149742,0.39088547580350774
542-18-7,Chlorocyclohexane,0.18417496402864392,0.22712706163582028,0.47359962455774707,-0.9987235384805788,1.0916977535135284,-0.7921254174442728,1.032678649844845
542-75-6,"1,3-Dichloropropene",-0.0819547310640809,-0.06325143021326007,0.15498272376044298,-0.6487104513892582,0.29726049804540494,-0.4665812023287451,0.21427932273309455
542-76-7,3-Chloropropionitrile,0.8487360176876247,0.9142668305321586,0.6602842686854704,-0.990652953347987,2.150653030149558,-0.5781036218004483,1.9429237602259133
542-85-8,"Ethane, isothiocyanato-",-0.051099947040586756,-0.05960264096063857,0.42902769085238124,-0.8843333879043644,0.8835765210360963,-0.7994922693370222,0.7625460692485465
543-82-8,2-Amino-6-methylheptane,0.3672932403736654,0.431582148205578,0.48245153377962785,-1.07449022413436,1.1422474729262408,-0.5449765524407834,1.0642506802357012
543-90-8,Cadmium acetate,-0.572321730698335,-0.5633956909085954,0.2939368411664121,-1.2246419735121121,0.0006703194152902234,-1.1584664712140673,-0.05939361402310085
5436-43-1,"2,2'4,4'-Tetrabromodiphenyl ether",-1.40463192406217,-1.3787173749184114,0.2623771956380811,-2.061642956908019,-0.6476800447098984,-1.921871402512032,-0.8292464769217422
5437-45-6,Benzyl bromoacetate,-0.9959322388575774,-0.9892882662255593,0.28818791581068914,-1.865796132359702,-0.12718359935120108,-1.459290191955659,-0.39841018962324737
54381-16-7,"2,2'-[(4-Aminophenyl)imino]bisethanol sulfate",-0.5821199472848854,-0.5671302753869034,0.33768402949892035,-1.447268807380671,0.2681308908337189,-1.290032959291786,-0.06599580034447937
544-25-2,"1,3,5-Cycloheptatriene",0.024462122870812696,0.023260763901551226,0.5147166956554426,-1.1595175631219439,1.3901173890189884,-1.0617867151645195,1.1088877106010018
544-40-1,Dibutyl sulfide,-0.3285306260314148,-0.29276234115962996,0.3502044630668172,-1.1705839628587447,0.7594031532154715,-0.9875015998385832,0.2619511521360305
544-77-4,1-iodohexadecane,-1.0470226757853354,-1.0080231773118424,0.536385307261617,-2.327195403070606,0.09843471221770661,-2.1892175922126578,-0.18183273445486836
544-92-3,Copper cyanide,-1.2670029298199186,-1.3299931637991844,0.5290312294943579,-2.4135961018091754,0.028960152754332953,-2.227704045555092,-0.21779630778017242
545-06-2,Trichloroacetonitrile,-0.5803624800418694,-0.5676160967196091,0.5466731132432068,-1.7703362371115017,0.8972017246019998,-1.5972075721893562,0.38279652358183586
54576-32-8,"3,8-Dithiadecane",-0.3247265525692593,-0.2925630145014597,0.42625529393031864,-1.4038802827182901,0.600361956666682,-1.1694728728406316,0.3841684488547115
54593-83-8,Chlorethoxyfos,-2.8891216969752196,-2.8759410464766164,0.32861173247364667,-3.6621563281705183,-2.0551146552787003,-3.500013224753915,-2.2662319902768404
5464-71-1,Octyl 2-hydroxypropanoate,0.27878858605087947,0.2895846088930758,0.32054146086943625,-1.0409035614807771,1.0355378901792338,-0.34720019247623984,0.8945430325332764
5465-65-6,4'-Chloro-3'-nitroacetophenone,-0.24128062735499958,-0.20628948383881895,0.4121850826218387,-1.2415235183985487,0.43099920736343955,-1.0748511414525161,0.3733008023240472
5466-77-3,Octinoxate,-0.9773458373539456,-0.9490907187652586,0.46277641360900873,-2.494241183405345,-0.1786316913734086,-2.014422886361815,-0.2234442959755701
547-32-0,Sulfadiazine sodium,-0.379043781929486,-0.24781697973971362,0.5674682678551404,-1.8005334286310224,0.8527429272269726,-1.5250467864524024,0.6776637496765214
547-64-8,Methyl 2-hydroxypropanoate,1.1398264461384298,1.1655806248845768,0.4858348351004187,-0.1296668161019395,2.1253870293919754,0.25161353768746625,1.9764792317399
5471-08-9,"Benzeneethanamine, sulfate (2:1)",-0.5055720382177339,-0.4656748062675016,0.44941820812735844,-1.524281443333341,0.39417343121730203,-1.2883157396613525,0.3143503153272011
54739-18-3,Fluvoxamine,-0.9007270045058428,-0.8926748533783122,0.34108429804500096,-1.8035365964704886,0.10047915440180355,-1.5764771553985006,-0.30768861882780774
548-62-9,Gentian Violet,-1.9302432372708302,-1.9470276998174305,0.40373762926329354,-2.9263022279343303,-0.613708886230357,-2.6845619747197005,-1.134858319642797
549-18-8,Amitriptyline hydrochloride,-0.8154867875436586,-0.7472685223204278,0.4938140432676652,-2.14443434641016,0.3670534236489928,-1.7145086983270204,0.01986510479903713
54910-89-3,(+/-) -Fluoxetine,-0.7021768073877768,-0.7425590708453423,0.4267817349576179,-1.6873876955773623,0.714069719960095,-1.4086180641539587,0.1567876481132642
54965-21-8,Albendazole,-1.0959015905850569,-1.1286967094618547,0.46716803920303607,-2.0029309512062086,0.11345084354947291,-1.8665562439017505,-0.22433907344592038
55-06-1,"3,3',5-Triiodo-l-thyronine sodium salt",-1.7408809550530935,-1.7023246340915208,0.6465471364518675,-3.688167817768184,-0.12344303492999659,-2.9839366422962827,-0.7225300426633026
55-18-5,N-Nitrosodiethylamine,1.0122684759311587,1.0359561374664006,0.26718941953764647,0.1034476114105901,1.6967259617028678,0.3704598788822336,1.488339292226698
55-21-0,Benzamide,0.9854460213992859,0.9595388305619943,0.4292908443860153,-0.16931995999994523,1.8414753749620119,0.24800859908038647,1.7432335297587147
55-37-8,"Phosphorothioic acid, O-[3,5-dimethyl-4-(methylthio)phenyl] O,O-dimethyl ester",-1.1312728555267657,-1.1022533310085383,0.3433040258459961,-2.102189729386158,-0.2944949585354219,-1.749341823832122,-0.4821051322586956
55-38-9,Fenthion,-1.7440128670787387,-1.7382325841108404,0.06153228788954529,-1.926310232786325,-1.6120532958122076,-1.8643628015725369,-1.6365358434329071
55-43-6,N-(2-Chloroethyl)dibenzylamine hydrochloride,-0.451802325326712,-0.43235418229045297,0.6244124392295285,-1.7452616357639608,1.4399656351845616,-1.496684373849121,0.736049352900314
55-48-1,Atropine sulfate anhydrous (2:1) salt,0.13606901316210973,0.16936850819240043,0.46184664291207145,-1.3555492677041472,1.0618925924813054,-0.6468273131279947,1.0184117717155834
55-55-0,N-Methyl-p-aminophenol sulfate,-1.584658926886997,-1.5345490169200293,0.4238167574591097,-2.609794731356403,-0.6080987661570493,-2.4857494984887847,-0.8423427581772974
55-56-1,Chlorhexidine,-1.4223287192800325,-1.3844311546745232,0.5756353563025793,-2.8529433187088027,-0.023596041799635432,-2.6020708354463857,-0.39343109690348593
55-63-0,Trinitroglycerin,-0.14501976763647847,-0.14310532181184155,0.14197158675007177,-0.4819437048883575,0.2252322017313538,-0.4173121197972748,0.10272666513221726
55-81-2,"Benzeneethanamine, 4-methoxy-",0.4226704640227347,0.4187096407310658,0.5486478201795287,-0.9745116209080182,2.088204530043497,-0.682003437462134,1.5247425319693468
55-86-7,Nitrogen mustard hydrochloride,0.049548642361328915,0.12396396966514997,0.36145065357710787,-0.9322032939114016,0.6667982838687109,-0.7340296503185813,0.6321001280044928
55179-31-2,Bitertanol,-0.8423662374777895,-0.863108245864208,0.3684537657839832,-1.6795600014198242,-0.03635032269459675,-1.531176145603119,-0.1380477663503843
552-41-0,2'-Hydroxy-4'-methoxyacetophenone,0.3915008771106522,0.3736794915463097,0.3611444117350704,-0.6472985262938263,1.365052581384102,-0.3948040313577534,1.0618111942224313
552-89-6,2-Nitrobenzaldehyde,0.1681023204061577,0.15310997726119346,0.3219514306437534,-0.5640591197723995,0.9448959364346862,-0.4123408683331716,0.6823587547266048
55219-65-3,Triadimenol,-0.16983832454921596,-0.16968695852615695,0.31110670606557295,-1.2362953980505533,0.5359860869600883,-0.7272413950753329,0.3612007115903645
55268-74-1,Praziquantel,-0.36860311630103426,-0.35001166539249473,0.40369522563459087,-1.5123883170649377,0.5351342849750297,-1.1299943178428598,0.3049059596337424
55283-68-6,Ethalfluralin,-1.4654800316471182,-1.4783531467727624,0.31645426572506014,-2.246682471441255,-0.7833747843775088,-2.185310083004284,-0.9733610679862155
55285-14-8,Carbosulfan,-1.9170127824579284,-1.856880405253946,0.30066877767161626,-2.985007350010104,-1.4062632773803316,-2.6072223793650084,-1.492873976321081
55290-64-7,Dimethipin,0.08703342763154281,0.11663309690690184,0.482192936078434,-0.9332916100330321,1.3857894023898152,-0.8911919058984895,1.0433936860485593
553-97-9,2-Methyl-p-benzoquinone,-0.3601074254649046,-0.35873830429930104,0.5182434307810475,-1.5102505613739536,1.1090855075288362,-1.3663295629223955,0.81866344479317
55303-98-5,Avarol,-1.5585398370183505,-1.5918720014487875,0.42911510515497453,-2.8691402258674104,-0.3978556448773901,-2.288196334976595,-0.6622083025203465
55335-06-3,Triclopyr,0.3723701597451262,0.3891801426734329,0.28036415965207173,-0.4689693150456561,1.0644235552207233,-0.16931605136439565,0.8588755156397219
554-00-7,"2,4-Dichloroaniline",0.05984547092087383,0.06048826797115679,0.12113061036382966,-0.19618317980761596,0.33088202011764145,-0.1704052093574956,0.2634210910903996
554-01-8,5-Methylcytosine,1.09314948104314,1.0295172698692037,0.5762466845287657,-0.05332718991313157,2.4954459601140186,-0.02197901308174286,2.1363825591345704
554-12-1,Methyl propanoate,1.010497305676043,1.057977967767894,0.41316790186453856,-0.15569685384204632,2.0846358372257834,0.26313928487714383,1.7044371475106455
554-13-2,Lithium carbonate,-0.23475592494257,-0.23508759928538508,0.4642019120890763,-1.2318034109364657,0.8549180533671342,-1.2013168033888406,0.49540088313969244
554-84-7,3-Nitrophenol,-0.4607236836575174,-0.47906153127683304,0.26367898200345197,-0.9836942171133024,0.48590766629397575,-0.8841888706966181,0.11467795416073641
55406-53-6,3-Iodo-2-propynyl-N-butylcarbamate,-1.164093953680257,-1.1549112996255848,0.23135050594890014,-1.7145270538680235,-0.6439257213694616,-1.5808612124997714,-0.7306735456943049
555-16-8,4-Nitrobenzaldehyde,-0.11318254158870111,-0.0861021532769779,0.46925088838215895,-1.155907165476468,1.444535377251671,-0.9735913885214055,0.8062100808101257
555-37-3,Neburon,-0.9285649923637083,-0.929147168132782,0.44001371999083067,-1.8830847186611555,-0.0073737278529001265,-1.776386029408054,-0.12386594828967333
555-60-2,Carbonyl cyanide chlorophenylhydrazone,0.13285091765221876,0.10593578883511459,0.3400527464150754,-0.6399936004594627,0.857682698247223,-0.5267366517544904,0.6989169569811091
555-89-5,Bis(p-chlorophenoxy)methane,-0.3204605236565001,-0.33617341244915755,0.37780200070578357,-1.1934057222554393,0.4994952897978894,-1.0503196107469446,0.43857552853316806
55512-33-9,Pyridate,-0.6938891671618134,-0.6758881112182954,0.4736907710020862,-1.9733588569306886,0.3324013142222379,-1.717975590594654,0.1721119646043535
55543-68-5,Crezacin,1.0154378783058924,1.0077823010753935,0.4419564918825337,-0.15424116245368888,1.9465700283747709,0.10266863378752145,1.784415782596599
55566-30-8,Tetrakis(hydroxymethyl)phosphonium sulfate,0.04693938147334249,-0.0009544328938237826,0.41321894269947057,-0.9281889727710718,1.1149166632882743,-0.7548935024287384,0.7664968457086843
556-22-9,Glyodin,-1.035795951656423,-0.9841915210875984,0.4493598778489117,-2.035342466742161,-0.10716863748959245,-1.9584424954180697,-0.26291828727857247
556-52-5,Glycidol,0.8654015479418181,0.9301847397671618,0.6055741709517812,-0.8416562069496771,2.367245352734835,-0.39872761377208354,1.8107766852405138
556-56-9,"1-Propene, 3-iodo-",-0.08038772916713971,-0.0135025868922672,0.5879002332311748,-1.729764180518603,1.16970304779885,-1.2232713088038505,0.9244745080328379
556-61-6,Methyl isothiocyanate,-0.9502300956551332,-0.9363114457292697,0.30881977628242635,-1.9420708730627028,-0.3153682714965902,-1.5750826987525774,-0.3740697702447276
556-67-2,Octamethylcyclotetrasiloxane,-0.25910627965431265,-0.251911855090873,0.44434934487647754,-1.2986714826759822,0.7659184424517659,-1.0757643806063812,0.5536414266940116
556-88-7,Nitroguanidine,1.572307396362962,1.5516339712816274,0.34740430556916474,0.24278350992836945,2.2073627018326554,0.7344039500598535,2.1060170474014495
55635-13-7,Alloxydim-sodium,0.6611487251310411,0.6997326644001207,0.3219741045571931,-0.14598820873246549,1.6088398591665654,-0.08547407357668384,1.190236043273047
5567-15-7,C.I. Pigment Yellow 83,-0.6588064403006731,-0.6484236609119025,0.42740964550195765,-2.071677861093111,0.2486729738627931,-1.4589478886222735,0.01618532990185095
557-31-3,"1-Propene, 3-ethoxy-",0.275734859417644,0.41115184304217023,0.6133779229487832,-1.1106845773393996,1.6171874022946815,-0.9780537993758641,1.150337468813467
557-34-6,Zinc acetate,-0.2866206456784006,-0.2773339113368135,0.34986489186717146,-1.2462304153006325,0.4904921854615681,-0.9951093817774104,0.2658849373961537
55723-99-4,(3-Chloro-1-propynyl)cyclohexane,-0.16690309001373077,-0.1068030442257639,0.47703005993948433,-1.4404286510822175,0.8811388530106196,-1.216338405024202,0.790572985753554
55792-61-5,2'-(Octyloxy)-acetanilide,-1.1626188087994584,-1.094552252170983,0.42387873549228927,-2.5037423799988483,-0.20042302740204618,-1.9465913196783695,-0.3917396631269918
558-17-8,"Propane, 2-iodo-2-methyl-",-0.5018063263150634,-0.511800719714995,0.4254384862260734,-1.5825287727891657,0.46669244368634977,-1.2739963263539948,0.3559507822579896
5598-13-0,Chlorpyrifos-methyl,-1.9613791191265937,-2.0006190109019726,0.22161039406938685,-2.4365850514304457,-1.398041543183621,-2.3489237053661665,-1.5487336044337348
5598-52-7,Fospirate,-2.6792522759481443,-2.710627800129462,0.22475560223026633,-3.1140990594534212,-2.0744855632991763,-3.042462283002312,-2.211395624871195
56-06-4,"2,4-Diamino-6-hydroxypyrimidine",0.9783517628180429,1.1139546366155404,0.5801684470033635,-0.5143105122823496,2.181481842543458,-0.2771985951036222,1.9861524853028525
56-12-2,4-Aminobutanoic acid,0.7838615373512876,0.7799828164525919,0.5688878245653332,-0.575318534772678,2.0842705414514007,-0.443448506305276,1.7442906201668484
56-23-5,Carbon tetrachloride,0.7406881910045111,0.7272201536597946,0.22173528774121723,0.2655591150754888,1.2844476160057798,0.3290605021656317,1.1373755226815505
56-34-8,Tetraethylammonium chloride,0.8538930614168051,0.9746384934837411,0.5715299278748297,-0.7026530269033222,1.8075041324132,-0.3146214051267532,1.6878046976683325
56-35-9,Bis(tributyltin)oxide,-2.7356031259257945,-2.7431992434701438,0.12364986700341328,-3.0044019016302506,-2.4486510047039647,-2.974647721981741,-2.4986171955615673
56-37-1,Benzyltriethylammonium chloride,0.7573217681525688,0.7355686794521541,0.4669930632220905,-0.5409590619924244,1.9676791359668606,-0.09156567145453838,1.5845353060417293
56-38-2,Parathion,-2.077657291187455,-2.0779900393531814,0.10738803758641942,-2.3022456327276326,-1.7758295780828497,-2.2687757758288685,-1.896952980974105
56-53-1,Diethylstilbestrol,-0.9235612855593966,-0.9425188146754004,0.3173083952289512,-1.6207162502122112,-0.14538949516395464,-1.479911879923458,-0.328042968091717
56-55-3,Benz(a)anthracene,-1.2773829794543796,-1.2968265001202492,0.3823300203000518,-2.12450506516551,-0.03249047844709714,-2.0090885155836786,-0.582419914279123
56-72-4,Coumaphos,-2.436221564896162,-2.4476701015723865,0.25407160351407787,-3.093822888093994,-1.766657329767527,-2.916959282443253,-1.9392291833682596
56-75-7,Chloramphenicol,0.1226817351144432,0.103026330092853,0.3384049621350726,-0.9034742137594858,0.8270192174053732,-0.5780339873626386,0.744709460267974
56-93-9,Benzyltrimethylammonium chloride,0.15019224029385345,0.1769558312951537,0.49604545862557514,-1.0607709718704872,1.1649395571050762,-0.8745231828019453,1.0807586311663893
5600-21-5,2-Amino-4-chloro-6-methylpyrimidine,0.6592202400018214,0.6061018101114202,0.4330266999180156,-0.2477401588963854,1.6324222610615715,-0.11380039243321181,1.4309411019290044
56070-16-7,Terbufos sulfone,-2.1944139653487356,-2.1706031090923847,0.34605336546608473,-3.0189166167358064,-1.516748531846226,-2.8523217886423637,-1.5426385371385452
56073-10-0,Brodifacoum,-1.7812904010431887,-1.7715320076690708,0.2454831642679107,-2.274342818573782,-1.1185037327893084,-2.2167483123169696,-1.2671629741624495
56108-12-4,p-(tert-Butyl)benzamide,0.07859249389380288,0.07071274668820537,0.3949388146140752,-0.9799733348153206,0.9653402115716231,-0.7587128929596848,0.8037615437795886
56207-39-7,"Benzenamine, 3,6-dinitro-2-methyl- (9CI)",-0.6456128691299357,-0.6362863829566545,0.2675307528126115,-1.4372380312260022,0.10808714929159226,-1.2342002934187393,-0.163264303536919
56296-78-7,Fluoxetine hydrochloride,-1.2175029213708368,-1.21042092592881,0.24575739579132147,-1.7451006789076642,-0.556122447493639,-1.7003039785842202,-0.7243019107557932
563-12-2,Ethion,-1.9948343959763521,-1.9898337311709002,0.19710188995203679,-2.4588160328248994,-1.641407906619612,-2.376112059421021,-1.673062661760106
563-25-7,Dibutyl(difluoro)stannane,-0.550339749496613,-0.5446373807199771,0.5329195363366983,-2.205962612176459,0.9391326511615219,-1.5548267200599584,0.39476605335048215
563-47-3,3-Chloro-2-methylpropene,0.0855822828129166,0.12673651386953175,0.41720149699390774,-1.083414818529791,1.2693632045931844,-0.8382530729866459,0.7993751096375268
563-68-8,Thallium acetate,0.28856618748613566,0.23861783208582335,0.32654060270795804,-0.2761726588374705,1.1659877114584898,-0.2483375182683745,0.9906897936738053
563-80-4,3-Methyl-2-butanone,1.2785494535612625,1.2523594144797214,0.38873994065328976,0.2913832593160651,2.1760999233902165,0.5765104195855204,2.066288209978187
56348-39-1,"4,9-Dithiadodecane",-0.47371514754674726,-0.4211929298786822,0.40031113754510733,-1.4647733733654833,0.5920036650086871,-1.3600795750066892,0.26659520616630805
56348-40-4,"2,9-Dithiadecane",-0.23694913774481993,-0.22473435088442828,0.36124966580120543,-1.1427885818238315,0.6812650733659572,-1.031864380051983,0.4275693987686953
56392-17-7,Metoprolol tartrate,0.12707071520702162,0.09686566604946098,0.5093657209198235,-0.9280711855435565,1.4354012522552348,-0.7786445776878784,1.2868661083956652
56425-91-3,Flurprimidol,-0.18549622871050492,-0.1764969255894263,0.3671955270526054,-1.047774374577497,0.6205054195279229,-0.9442725446428024,0.3947718511001941
56634-95-8,Bromoxynil heptanoate,-2.0607037569163946,-2.049476253306948,0.35388591488971227,-2.898588070180817,-1.0571936433632165,-2.760687900741604,-1.4088545310610074
56715-13-0,R-(+)-Atenolol,0.7908241667993835,0.7780591556942289,0.4028358933640332,-0.36485409681836883,1.7852617557503632,0.06725968381636971,1.5122225512445726
5673-07-4,"2,6-Dimethoxytoluene",0.09124547431553802,0.07820900767207173,0.3917840953576103,-1.1712832914555646,0.8763484550899865,-0.6477489096153384,0.8325298001638228
5683-33-0,2-Dimethylaminopyridine,0.6568675585910726,0.6565943492434982,0.4431550757495024,-0.6400180511770814,1.59854039207251,-0.09386666862024295,1.5104883412763601
56840-61-0,Romucide,-0.5561422944288932,-0.5186816368936091,0.467068149314284,-1.5374447185824078,0.44735641505589535,-1.3750565634630012,0.31251442429310694
56896-76-5,6-Methylbenzothiazol-2-amine monohydrochloride,-0.4726764285130291,-0.4866236571958644,0.4005393745911238,-1.8376092726043662,0.46246951792768726,-1.337655656968586,0.26392529683938476
569-64-2,Malachite green,-1.3068950405042574,-1.311074131132619,0.11491066268435443,-1.5836551208684273,-0.9074827165995806,-1.5062206619275085,-1.065659850368116
56961-20-7,"3,4,5-Trichlorocatechol",-0.8090028613817003,-0.828493831795323,0.3721940897495086,-1.7785170294036676,0.044105083483898,-1.4632493618990041,-0.054406528995412914
57-06-7,Allyl isothiocyanate,-1.2681593278449856,-1.2805931601984724,0.30227199230064783,-1.9918525275415524,-0.5314882498292378,-1.9065601200787576,-0.7076195426439386
57-09-0,Hexadecyltrimethylammonium bromide,-1.5591225462143834,-1.56709161142282,0.2683151706087206,-2.3837020514976945,-0.8286203318943537,-2.056352043525881,-1.0895476985814332
57-12-5,Cyanide,-1.391253536007867,-1.338470350945098,0.21805097693888195,-2.1206484805040593,-1.0776966522037736,-2.005847278614571,-1.105252047280542
57-13-6,Urea,1.5026944993345939,1.492879482945075,0.32206672782943974,0.875849612891209,2.4396402262905883,0.9319320943393122,2.1462166397941886
57-14-7,"1,1-Dimethylhydrazine",-0.03570987905932857,0.07089051189200371,0.3370245292379358,-0.8431388574305245,0.6115112975194321,-0.7185504164006954,0.45430056969525595
57-15-8,"1,1,1-Trichloro-2-methyl-2-propanol",0.3377567736512716,0.3731530055989841,0.4850739345316394,-0.9911026778884984,1.3428106804788649,-0.7139390331933474,1.2167459147054647
57-24-9,Strychnine,-0.76077764241885,-0.7145768005202064,0.3015735929694846,-1.4507999620048853,0.0537228444814696,-1.3117219198464403,-0.19041579636549802
57-33-0,Pentobarbital sodium,0.28662185809737356,0.33099217912375223,0.47430111870469427,-0.9913236632108269,1.4769975954889547,-0.6439561733408755,1.3254595290341127
57-41-0,"5,5-Diphenylhydantoin",-0.06287215679592634,-0.0748146133533511,0.5743058551504806,-1.5094688927795588,1.0865971071689278,-1.0939948391686785,0.9879017534543628
57-43-2,Amobarbital,0.28789612226043676,0.2987516151870122,0.4659559555266739,-0.8265050386235103,1.5891505093097726,-0.6502686069628071,0.9410160145642027
57-55-6,"1,2-Propylene glycol",2.027389764782592,2.0685292684129064,0.38252827272339657,0.8144039679435456,2.800067506620843,1.2700812129391001,2.7177867467989394
57-62-5,Chlortetracycline,0.28161731854949873,0.2766465425850305,0.18118867385665832,-0.03860623999662552,0.714206177960691,-0.011583432043614419,0.6253844827801259
57-63-6,17alpha-Ethinylestradiol,-0.7694652927198146,-0.7038830094205317,0.27255705768411087,-1.4215463575812426,-0.2865382106406941,-1.3585612855427978,-0.33913360028146033
57-67-0,Sulfaguanidine,-0.13079266124663846,-0.15328296361578989,0.40933160840030575,-1.058870935710711,0.8381156908259397,-0.8604483142522518,0.7525972261652355
57-68-1,Sulfamethazine,0.432834087366323,0.46604499279495004,0.38465029567287223,-0.5363006691013322,1.2446849278224494,-0.35674653315801813,1.1192982182269209
57-74-9,Chlordane,-1.9721563570981187,-1.9662823100949112,0.15861607147602458,-2.3228261089375652,-1.5874813293569445,-2.249809565214571,-1.6716047948858972
57-88-5,Cholesterol,-1.254766788915652,-1.3229028682393578,0.610697299055109,-2.774526164404608,0.10867904988400799,-2.4186978725387265,-0.04383324931653663
57-92-1,Streptomycin A,0.411434206724688,0.44623954442744174,0.39521116145523244,-0.6470645244454885,1.19205443625958,-0.2913043363064568,1.065171195773156
570-24-1,2-Methyl-6-nitroaniline,0.19476344064291967,0.2656967096065195,0.4449635358877017,-1.405889727538825,1.135410145914061,-0.7484881590866628,0.9602376196508556
57052-04-7,Isomethiozin,-0.7691093645944193,-0.7133776627319338,0.5331558520635794,-2.0522071238987794,0.5686542549314156,-1.7406512544641715,0.08064852061334224
57055-38-6,Monochlorodehydroabietic acid,-0.9296447508315498,-0.9390710447344013,0.45470941167269036,-1.814649893752554,0.2183229901563136,-1.7187756912375218,-0.05928385526932373
57055-39-7,Dichlorodehydroabietic acid,-1.2203097103024405,-1.230723267550437,0.33513564556872594,-1.988885191152795,-0.2943857800746036,-1.785451713129942,-0.5836558687839729
57057-83-7,"3,4,5-Trichloro-2-methoxyphenol",-0.9608139415259618,-0.9606861832558431,0.3965590529740063,-1.9447465218782782,0.020930481727370737,-1.7215931981271602,-0.2572695992926181
5711-19-3,Trimethyllead acetate,-0.9116268481980272,-0.8776911627176319,0.5871589935507789,-2.693494164163263,0.2896097080609363,-2.1088655964783367,-0.021776036422288522
57157-80-9,Adogen 283,-1.6158545558014359,-1.5693665886426176,0.34785796277510844,-2.8410453826759587,-0.8137721205430308,-2.2348203239125453,-0.9456849259845521
57213-69-1,Triclopyr triethylamine salt,1.1309755344528742,1.1289698156763168,0.14161262368142175,0.7170308612675633,1.4936172871223217,0.8777085313677339,1.3755614051170098
573-56-8,"2,6-Dinitrophenol",0.10588988748135683,0.12027704455957003,0.46880666674996296,-0.7633661524976852,1.2198831495053668,-0.729512841303938,0.9362077901285619
573-58-0,C.I. Direct Red 28,0.5877717895174167,0.6492334419095422,0.3560246180509194,-0.37035947768850264,1.2395813129732913,-0.32805537184574873,1.146713711407007
5736-15-2,"2,2'-Methylenebis(3,4,6-trichlorophenol) monosodium salt",-1.3852003656327951,-1.376348821962757,0.393462282651164,-2.3185802297912126,-0.5390798585295882,-2.1477902395180952,-0.7339347074577987
57369-32-1,Pyroquilon,0.24792232769186068,0.29104449164609947,0.37834398148309917,-0.8155086079155374,0.9733349263474596,-0.5193105190811947,0.8873158641516246
57375-63-0,Phenisopham [BSI:ISO],-1.0748463174204401,-1.0353995641131357,0.600887078889577,-2.5317700530788363,0.2562243603000919,-2.2578289710445536,0.1382580951149987
5742-17-6,"2,4-D, isopropylamine salt",1.134859552581331,1.1875261755347872,0.2990393514777225,0.05500506481799648,1.658744902722147,0.5946319420965432,1.6363878519173083
575-41-7,"1,3-Dimethylnaphthalene",-0.3737421788198839,-0.39910270826391914,0.4188561035214893,-1.377993388133988,0.7416119558188913,-1.0196776335047377,0.4629024233446919
576-24-9,"2,3-Dichlorophenol",-0.3561913306812168,-0.36181408663270354,0.20021412810034336,-0.9105331906197096,0.02032387378023843,-0.7605524014403835,-0.020832798092855303
576-26-1,"2,6-Dimethylphenol",0.161717078687804,0.17856832282029572,0.3253239118818885,-0.6926097688169254,0.9902890733763953,-0.4835738130853434,0.7534913127544617
577-11-7,Docusate sodium,-0.38478058550308,-0.42011651137404127,0.4605438097413707,-1.240625272638258,0.938403047851817,-1.123585896984091,0.6359291521981529
577-19-5,o-Bromonitrobenzene,-0.03526036564666458,-0.04891031709405903,0.47342302953743975,-1.4770484572729847,1.0307922439914972,-0.8788717099082305,0.8617608347117219
577-85-5,"4H-1-Benzopyran-4-one, 3-hydroxy-2-phenyl-",-0.5061825500251992,-0.4978494815352317,0.3829134416169939,-1.4995305349830044,0.46088347832532534,-1.2816376708345683,0.15928358587850944
57754-85-5,Clopyralid-olamine,0.8273650330209182,0.8611243646410942,0.41754012610967245,-0.5784767690625627,1.7371017351344524,-0.05173256460396791,1.5604552832612004
5779-94-2,"2,5-Dimethylbenzaldehyde",0.23986403051909452,0.3360853266126602,0.47838067187356775,-1.5744965417255252,1.2908554724601538,-0.7693658564539176,1.1262907713524775
578-46-1,5-Methyl-2-nitroaniline,0.10494042548355452,0.1283900342816939,0.32870371545531735,-0.7153259351804159,1.359109073536771,-0.5836580678480934,0.6788737908809476
578-54-1,2-Ethylaniline,0.5112328326999518,0.5187526350514975,0.3343892107790062,-0.3410478200447678,1.2373309396104082,-0.07859302970701898,1.0808465496039072
57808-65-8,Closantel,-1.387240148901972,-1.3699984775877785,0.4834113244043106,-2.4405589443135915,-0.3192912062842757,-2.2919134061631294,-0.5345098868569439
57837-19-1,Metalaxyl,0.6293560885412636,0.6073393002392726,0.24573268601087217,-0.054908518248459534,1.295256994429008,0.17897936044574303,1.1020797357135734
5796-17-8,Dopa D-form,0.067942525930343,0.03178152019450367,0.47234166925035126,-1.1728174792493868,1.5335941431310736,-0.8887573251575102,0.96586992466663
57960-19-7,Acequinocyl,-1.6189979667406273,-1.616178754751539,0.5182288328192294,-3.142689478422445,-0.24947010700818623,-2.692709281701443,-0.5848204277695322
57966-95-7,Cymoxanil,0.2137145202627261,0.23992444023028053,0.30513853221676224,-0.8116214551394367,0.8937482296697644,-0.6089655929680406,0.6678542066635768
58-08-2,Caffeine,0.8470658760322087,0.7692018311111288,0.3981553181135006,0.049250116331775784,1.995383050266148,0.18341415760477184,1.7916766478620727
58-14-0,Pyrimethamine,-0.23728432931613086,-0.2463351409638393,0.2782071998738943,-0.8537163529737197,0.4506044869115631,-0.7609679432738845,0.28309370071275397
58-22-0,Testosterone,-0.25552877568835247,-0.2998172273085811,0.364290974262693,-1.2654734961205156,0.4366125274872037,-0.9389435776423051,0.35692816242915865
58-27-5,Menadione,-1.006734548156691,-0.911293679521119,0.3935902023273081,-2.1182811997876474,-0.380408672221165,-1.7839592488950216,-0.4031192264393014
58-36-6,"10,10'-Oxybisphenoxarsine",-1.303299123300864,-1.2947711515732352,0.3384129350808693,-2.1370240039525212,-0.5541346541743714,-1.9467121862029892,-0.7006323279090862
58-55-9,Theophylline,0.8723591626984324,0.8457564129001575,0.40652734785226524,-0.17955233510056257,1.7203467605830896,0.04934024157022773,1.5660877823915793
58-61-7,Adenosine,0.3526164627161108,0.4189392257710965,0.5143026100374636,-0.9780819658180595,1.5213301238525856,-0.6974586558767965,1.258571464934798
58-63-9,Inosine,0.9401828940619359,0.9754992291808282,0.6387121070401456,-0.8652149804080099,2.7465250720360186,-0.295387496811167,2.1573194105694395
58-73-1,Diphenhydramine,-0.4026190186884388,-0.3788503073142965,0.44803600581973696,-1.4952011062396924,0.9892837950798808,-1.1710428375784638,0.5073328313751786
58-89-9,Lindane,-1.8030136835329154,-1.7980556352087018,0.07196634234532108,-1.9969929728113485,-1.6043496029067381,-1.9441975971587748,-1.681946054236199
58-90-2,"2,3,4,6-Tetrachlorophenol",-0.773011504342306,-0.7695555944896715,0.1812900860729402,-1.4326212990825558,-0.3610386854513718,-1.1428427303856385,-0.4223173584591176
581-42-0,"2,6-Dimethylnaphthalene",-0.4653924000883324,-0.4838231713221816,0.23428805453883497,-1.2230324153975356,0.07475588840762883,-0.9203620621906456,-0.04515952797874356
581-43-1,"2,6-Naphthalenediol",0.41340602894164213,0.4399843923617782,0.40862857865547,-0.47331190262674133,1.3995087185127433,-0.31329178228303894,1.124531482356156
5813-64-9,"2,2-Dimethyl-1-propylamine",1.0690509473332102,1.0871549988474336,0.4815074293638062,-0.08787151827895782,2.17760222921768,0.2278358507213215,1.8108327953135461
58138-08-2,Tridiphane,-1.054915317821985,-1.0224271694220457,0.24056775030378558,-2.0032532532686953,-0.5714669677339473,-1.5241939595197702,-0.6421655705194654
5829-48-1,"9,10-Dichlorooctadecanoic acid",-0.8886490736685517,-0.8967619471409574,0.44042026732803935,-1.980706576671135,0.44577327376539627,-1.7630306876256334,0.005773744865160121
583-53-9,"1,2-Dibromobenzene",-0.6068379757976481,-0.5508172759836643,0.4202069488434963,-1.5978776421488585,0.5008447086674539,-1.522423975878241,0.1423189931800702
583-57-3,"1,2-Dimethylcyclohexane",-0.02540622879526473,-0.05374987673019868,0.32910133641754735,-0.7241175140435117,0.6040523160565999,-0.5954619207723534,0.5375579373882939
583-60-8,2-Methylcyclohexanone,0.9581324413009144,0.941342659951649,0.3723475208818272,0.047700018164676415,1.943106075939708,0.3015609839651714,1.751142580103645
583-78-8,"2,5-Dichlorophenol",-0.5935026298772081,-0.5555843458973082,0.27154691240310763,-1.352013845043477,-0.01104470616369321,-1.2440495284224202,-0.1458519939661125
58306-30-2,Febantel,-1.5021870672731708,-1.4839201958718387,0.48734703037921545,-2.616870465927298,0.07883422589153624,-2.484000028725994,-0.615286343222414
5835-26-7,Isopimaric acid,-1.2395324581766085,-1.2571843305748303,0.33737600606301577,-2.0939423772920356,-0.3811793985008987,-1.9482224038772469,-0.6059695145392499
584-08-7,"Carbonic acid, dipotassium salt",1.1673550297016875,1.1896252711548008,0.3765074784091708,0.3395976667219142,2.0998132626975994,0.5318316276838938,1.9738028867904942
584-79-2,Allethrin,-2.0560343612195884,-2.02858115238799,0.13573306556129647,-2.4107852134463204,-1.8280888611161987,-2.362059999781851,-1.8751893167837272
584-84-9,"Toluene-2,4-diisocyanate",0.37412511906766666,0.3082529240344448,0.39964708717461084,-0.4061414063847363,1.3609337308877059,-0.2541084040153389,1.2066969619703243
585-34-2,3-tert-Butylphenol,0.0413012777314558,-0.004309880715901814,0.4643978987798144,-0.9594105251510251,1.1383355055704638,-0.7988519808978338,0.9161892474328621
585-76-2,m-Bromobenzoic acid,-0.11819096481852646,-0.09338807251247502,0.5500384058159593,-1.3307835957544667,1.1269690000359216,-1.154175685791801,0.908096138885081
586-11-8,"Phenol, 3,5-dinitro-",-0.11882326023546347,-0.11135679146867505,0.4853317916529976,-1.4313751984031298,0.9937572393168376,-1.131308308747233,0.7821136443145416
586-62-9,Terpinolene,-0.5414820898450567,-0.5240924704379744,0.3488535432045453,-1.2749347064178633,0.2686512289956052,-1.1248374141309891,0.045006318943356105
586-76-5,4-Bromobenzoic acid,-0.03532887607932309,-0.09722712658476085,0.5020427314784811,-1.1742510882960853,1.065979654404733,-1.0537387702794276,0.9081752032741136
587-98-4,"C.I. Acid Yellow 36, monosodium salt",-0.2963043722992105,-0.2942213835118187,0.3972807722003466,-1.1738556806916771,0.5200844500406769,-1.0800050093144522,0.3395031551243568
5871-17-0,"O,O-Diethyl ester phosphorothioic acid potassium salt (1:1)",0.37468336094538884,0.3398993859091664,0.3840309572319979,-0.526400193231474,1.3332580945980905,-0.28713343120767537,1.1410678581163718
588-59-0,"Benzene, 1,1'-(1,2-ethenediyl)bis-",-0.2441121912918832,-0.22241035372767382,0.4198278249771173,-1.3257939951349962,0.7336860376702665,-1.1355396258248598,0.4406482557389371
58842-20-9,Nithiazine,0.6732720462697892,0.6509034672892897,0.34603492204316705,-0.17511558860934026,1.5196254097225024,0.1634894641321009,1.3775656375537741
589-09-3,N-Allylaniline,0.29832917990326674,0.354516245361264,0.34307007076817514,-0.655367624328252,1.0262967739534774,-0.3979187731147247,0.9394927991946992
589-16-2,4-Ethylaniline,0.11365690128710142,0.17514158361409526,0.3544157327631795,-0.8496100223184575,0.905077542306669,-0.6572676052734538,0.7207734121238708
589-90-2,"1,4-Dimethylcyclohexane",0.27747587104641697,0.21102976987356678,0.42518356542062063,-0.8144329024334038,1.1001911283285633,-0.5056661136854358,1.060540107244175
5896-54-8,"1-Pentadecanesulfonic acid, sodium salt",-0.5609357227507024,-0.5698904211050926,0.2877425401898327,-1.2799297631371422,0.15453551481863542,-1.1557380350902,-0.03677272679148336
59-00-7,Xanthurenic acid,0.10735363809828796,0.03795542944446499,0.4817050791362704,-0.9462022406539319,1.1574196859512789,-0.8583585212925654,0.9764491411494908
59-06-3,Ethopabate,0.1273997650044473,0.12747756674756777,0.3885536668013118,-0.8487811742075,1.1802640316941648,-0.6297094946988817,0.8233587321593646
59-31-4,2(1H)-Quinolinone,0.5212785834722644,0.580441425641164,0.5550418074763757,-1.4683844630567782,1.6902101607898228,-0.4884522127939279,1.5716253348169942
59-40-5,Sulfaquinoxaline,0.10606439682266622,0.11744631952614139,0.45941674116542075,-1.337710038572957,1.1175072974735853,-0.8324075981448148,1.0111548243922308
59-50-7,4-Chloro-3-methylphenol,-0.32705122934898756,-0.28214614050212405,0.26812638953183915,-1.0846329093220448,0.20007675667870148,-0.9807604171522919,0.07359286061893386
59-87-0,Nitrofurazone,0.24701964741929072,0.2545394729979476,0.293680293068681,-0.5233042625577304,0.91619152787114,-0.3656973633079406,0.75669825037512
59-89-2,N-Nitrosomorpholine,0.7187371423352552,0.7737225912919874,0.6323903684727185,-1.163396211232053,2.32381657218329,-0.3487089860660753,1.8643666827575485
59-92-7,L-Dopa,0.3238498701068331,0.4001620416129855,0.4975396242012136,-0.776436725680759,1.7226206936133241,-0.6889450060387449,1.1537857607237374
59-97-2,Tolazoline hydrochloride,0.6320861255786838,0.6680064170552217,0.5141699570944468,-0.9172565579389972,1.7830723501007562,-0.303076109895137,1.6543917801786578
590-17-0,Bromoacetonitrile,-0.2720614528155321,-0.2747500748924106,0.5490111265925338,-1.3569158216812873,1.1353622624307473,-1.3104295225989102,0.616911873159613
590-28-3,Potassium cyanate,1.153406230149475,1.0670698205936355,0.38413989496386824,0.3608786059553719,2.054437436202788,0.41737743489833057,1.843245455943023
590-66-9,"1,1-Dimethylcyclohexane",0.3590883858582815,0.29420015052835913,0.4772426696913066,-0.8076646824617254,1.4427376506100058,-0.5148475663783568,1.3508260488423154
590-86-3,3-Methylbutanal,-0.05550701608673313,-0.02445331671390143,0.47574758328978245,-1.0140413122715757,1.0280704147011668,-0.9797183353706488,0.9294921617174305
5902-51-2,Terbacil,0.6323480375528231,0.6506691249118752,0.19949129098135263,0.12468543504330121,1.0342989401530815,0.1652063143345204,0.975490705295826
5903-13-9,MNAF,-0.3026343376328768,-0.2963915812305469,0.3958910123223091,-1.5511293128164656,0.7884871748240377,-1.1047459298201636,0.40533518648502426
591-21-9,"1,3-Dimethylcyclohexane",0.48136563695644285,0.4629244864800999,0.38324002796523493,-0.3720216561499837,1.398026211482968,-0.22980950709213108,1.267591695001338
591-27-5,3-Aminophenol,0.1269577862489391,0.15129264057896252,0.4650830928834534,-1.5037809819887895,1.1339132978333555,-0.7714067490081027,0.9563974415559996
591-35-5,"3,5-Dichlorophenol",-0.546526422342821,-0.5471237407468246,0.14851749232779257,-1.0605346622740708,-0.18612579570093038,-0.9211286361950248,-0.28719490099381056
591-49-1,"Cyclohexene, 1-methyl-",0.494769816689074,0.5057592277815997,0.6560306739806412,-1.0460153335618587,1.6255584020049867,-0.7601056743021686,1.5070606887625924
591-54-8,4-Aminopyrimidine,1.0231927536647436,1.0205813513209763,0.6524293852307058,-0.5709169793617821,2.511676970039652,-0.13955182445826167,2.210776295371497
591-78-6,2-Hexanone,0.9682377527281321,0.9957892880937583,0.3751496481127932,-0.04511249721204287,1.8600478128205977,0.221412841775801,1.6313022709593847
5915-41-3,Terbuthylazine,-0.750740064757626,-0.7353939547151435,0.182091482403807,-1.1891999891440317,-0.3374822232914699,-1.099951119881772,-0.40702200578433934
592-41-6,1-Hexene,0.9260588647398963,0.9604712272954881,0.26860530897559143,0.3942994429988872,1.4757216239328457,0.42649480563349346,1.4340227849051224
592-76-7,1-Heptene,0.6243184091666268,0.6610245420895804,0.4606095672900364,-0.4706528042680719,1.4554036233546053,-0.385825651683921,1.3327522032932249
592-82-5,"Butane, 1-isothiocyanato-",-0.34417467894780107,-0.2778224527758,0.4674184870145792,-1.6002668535110458,0.5724603866462378,-1.3547185577683705,0.3894801906722645
592-85-8,Mercuric thiocyanate,-1.4215974686363237,-1.414392089939092,0.2945594570408297,-2.2127321042555916,-0.797340087494428,-1.985206709747692,-0.8561798532590661
5922-60-1,2-Amino-5-chlorobenzonitrile,0.2663499052506085,0.2828586815501911,0.4326225446241065,-0.8437620046959673,1.2880608045298583,-0.6959863411753237,0.9929326120350725
59229-75-3,"2,6-Diamino-4-nitrotoluene",0.3987106907719577,0.3556517650177576,0.49757339927160676,-0.8421629197949458,1.7367274275486824,-0.5024786708321801,1.480934444204965
593-08-8,2-Tridecanone,-0.9023657421909645,-0.9224191900842821,0.4362015942273697,-1.7301912257167062,0.4697746842537438,-1.67871066916812,0.02027402260763164
593-56-6,O-Methylhydroxylamine hydrochloride,0.08889549167307,0.08235805176891264,0.4865986211334018,-1.0201500212316503,1.6435514628536756,-0.8331888551489548,0.9509680598734578
593-81-7,"N,N-Dimethylmethanamine hydrochloride",-0.3883588620305432,-0.376883714174878,0.4090472855109136,-1.30076608278159,0.5836293970656252,-1.1172528522618488,0.3695634188468723
594-20-7,"2,2-Dichloropropane",0.3743355629494992,0.39731764753968957,0.46261834818619735,-0.6453241675692974,1.4774241349411876,-0.40759417527882835,1.1686658175921305
594-27-4,Tetramethyltin,-0.11562299768530311,-0.10678302747679502,0.3754491693049832,-1.1672088610377092,0.7760827585746416,-1.0261205182333357,0.5112711415825314
59417-72-0,"Phosphorothioic acid, O,O-dimethyl O-(3-formyl-4-nitrophenyl) ester",-0.5232147019215719,-0.4913091850758545,0.4201667318236504,-1.7297161166407258,0.42145196989868583,-1.510712113387495,0.1490338196443021
59417-73-1,"Phosphorothioic acid, O,O-dimethyl O-(3-(hydroxymethyl)-4-nitrophenyl) ester",-0.43944271989289396,-0.4038383919406514,0.3834488608926223,-1.5951179239846007,0.1806810452374681,-1.1800585258047993,0.08459693151569019
59417-74-2,"Phosphoric acid, (O,O-dimethyl) O-(3-formyl-4-nitrophenyl) ester",-0.4639339897629762,-0.45868189761963574,0.35738223313027045,-1.5694900051327934,0.6076581202152308,-1.2526072227351748,0.19829268810614586
595-90-4,Tetraphenyl tin,-1.7862361584221955,-1.7749114755487834,0.44120216195396456,-2.918635874548432,-0.9089765388378206,-2.721530234628964,-1.0328181667372258
5959-52-4,"2-Naphthalenecarboxylic acid, 3-amino-",0.0961828555128419,0.08588462801589775,0.5691502810232522,-1.2834094097306097,1.4710179490667816,-0.9696585211845707,1.163750579734702
596-85-0,Manool,-1.5785420798435899,-1.5647938269411708,0.49673165405354264,-3.0202494546819394,-0.49031676897318943,-2.6593640819755615,-0.6806362325511716
59669-26-0,Thiodicarb,-1.151700535352716,-1.130894078838681,0.2023497528422355,-1.6257475256005982,-0.6847900074635853,-1.5139776133051326,-0.7758467083750746
597-64-8,Tetraethyl tin,-1.599912661026833,-1.6324758357911513,0.4944956660212812,-2.8743677368012706,-0.39698041549964835,-2.649042565152981,-0.6798368646775468
59729-32-7,Citalopram hydrobromide,-0.5813808670372813,-0.5773878572458468,0.46226773033518836,-2.203843634440591,0.6426969931714542,-1.4693340254700886,0.38630470105665393
59729-33-8,Citalopram,-0.581510875909854,-0.5777000236031088,0.4903930262162488,-1.7066965851687184,1.042978028499919,-1.4442651014307082,0.2736933498821974
5973-71-7,"3,4-Dimethylbenzaldehyde",0.5486004672147575,0.5847375728410749,0.4999043378260909,-0.6713727481189536,1.727471574832592,-0.3973074780852538,1.397493425392702
59756-60-4,Fluridone,-0.23899574334960022,-0.26638491841386086,0.12706210394202438,-0.44478040443983585,0.06448976531626237,-0.43381303214559475,0.025620438167459902
598-02-7,Diethyl hydrogen phosphate,0.6124874535566189,0.59644659505714,0.37860971959108297,-0.18610861271721518,1.5455812001925968,-0.1129892726248676,1.290593597815901
598-16-3,Tribromoethene,-0.2732304438329459,-0.29329651667625145,0.295053718718934,-0.9985602684531509,0.3038647651551533,-0.9337936753488291,0.22879971202554023
598-52-7,N-Methylthiourea,0.42180893911519746,0.46605608224610107,0.558763310470774,-0.994885388813059,2.24593089846884,-0.7246291026871063,1.4318237284959088
598-70-9,"2,2-Dibromoacetamide",0.5810439632852582,0.5973124247021431,0.3434637358198525,-0.3771897132270229,1.3408127594050867,-0.12822816458761543,1.1862263199278802
598-74-3,"1,2-Dimethylpropylamine",0.9669917474200729,0.9560640606922868,0.38953285812499894,-0.050799341408436005,1.9324931053912233,0.30707674241141053,1.7037153013147652
59865-13-3,Cyclosporin A,-0.6406704861151181,-0.5425943495786413,0.6334165017833826,-1.9246915539188805,1.03303523702626,-1.7818854014815588,0.37436556880697947
5989-27-5,D-Limonene,-0.20341279502657122,-0.22250617075535742,0.3072813790275534,-0.9898719998410244,0.5449490219732145,-0.7133431760125545,0.4325277621385633
5989-54-8,(S)-Limonene,0.0018876278517295252,-0.013401999496136486,0.46438155405503595,-1.215071980517471,1.5168267875418469,-0.849189680818586,0.7548447281264836
60-00-4,Ethylenediaminetetraacetic acid,0.6377527310239308,0.6174496381268266,0.332749694372307,-0.2501622996929664,1.4722955423377937,0.08311169054159757,1.3660951376234642
60-01-5,Glycerol tributyrate,-0.013573386254283462,0.03667652145913356,0.5153186950235126,-1.32007262667385,1.153777376793749,-0.9087381788496429,0.825347055657912
60-09-3,4-Aminoazobenzene,-0.965467483277148,-0.9590830914524267,0.351008324139393,-1.8805048126059367,-0.11408709652938297,-1.6257719336780891,-0.23915959271498355
60-13-9,Amphetamine sulfate,-0.0447885069275532,-0.005622660594965195,0.38443417451953393,-0.9056336228868584,1.1726149725459758,-0.8033268992987421,0.6470464112522901
60-24-2,2-Mercaptoethanol,0.8337689216787522,0.8320718599960566,0.42089445862866454,-0.2067658085886328,2.071826959170188,0.037953781253855935,1.570782240350273
60-29-7,Diethyl ether,1.6723513577286715,1.6919244325247393,0.4226592775344312,0.8907506711210352,2.658515132614238,0.9489728565556508,2.4852702711107337
60-32-2,6-Aminocaproic acid,1.1026434646144991,1.1150549545180732,0.6061336134354897,-0.41352805793231545,2.5684274788236996,-0.11478271952179227,2.371875319293631
60-33-3,Linoleic acid,-0.646596530834535,-0.6647261873675867,0.4937455581233152,-1.9858361419143111,0.4091176809911121,-1.6988900357184662,0.21226050350933923
60-34-4,Methylhydrazine,-0.7814580906152508,-0.7842415407138605,0.24042079397184665,-1.2865361872371281,-0.21940102160288022,-1.2229834159937403,-0.3191356353343566
60-35-5,Acetamide,1.9224419621673432,1.9299026934778902,0.44039280201792114,0.6599222805128808,2.84687277635626,1.1461707518446662,2.658106284237388
60-41-3,Strychnine hemisulphate salt,-1.3647195623374844,-1.3131707310662988,0.3510170403024332,-2.3682043579196876,-0.519752943735366,-2.0276564884873824,-0.6574241248585482
60-51-5,Dimethoate,-0.6700221172111566,-0.6759944431674612,0.1722922558914317,-1.1833336592378976,-0.24756827418835503,-0.9689350546286171,-0.35625105443723465
60-54-8,Tetracycline,0.2044289285155255,0.20940911423218023,0.33908643944848216,-0.7919147013037772,0.9187973498151579,-0.4471398714979422,0.830485097713678
60-57-1,Dieldrin,-2.3125998276797533,-2.3043271121066238,0.0835485068515631,-2.5271043397901436,-2.1376325991147382,-2.4618895611815805,-2.1688320003633144
60-82-2,Phloretin,-0.1108712609245253,-0.09751303000232742,0.5050352528951095,-1.2618113556198074,0.9852509439027526,-0.9450730009291124,0.8682122792744252
600-36-2,"2,4-Dimethyl-3-pentanol",0.705761272896406,0.7326472643286961,0.445342650711048,-0.7544901868329488,1.8473886513946356,-0.16697257691819464,1.4697217132324378
60168-88-9,Fenarimol,-0.9371712514871384,-0.9170100964173533,0.23172128686901663,-1.4745681982389882,-0.442189426437486,-1.3987362020312066,-0.5704734203819599
602-01-7,"2,3-Dinitrotoluene",-0.4943376961067546,-0.5340118972759078,0.26729537342380916,-1.025423469454118,0.008554962534605718,-0.9244452355471579,-0.013191609879334949
60207-90-1,Propiconazole,-0.5835292371362931,-0.5881906848700349,0.1794721928762669,-1.0802770743669006,-0.0740864889040736,-0.8846992075732822,-0.2321425654222308
603-83-8,2-Methyl-3-nitroaniline,0.2589140647709885,0.2418552944625099,0.38340947466918757,-0.8323560041403082,1.282391989204087,-0.44444275346127843,0.9887141506957391
603-85-0,2-Amino-3-nitrophenol,-0.6954881782859808,-0.6986686674089854,0.40069082298100456,-1.7085888339145734,0.24601219297726143,-1.5841064428741356,0.007816597413679283
603-86-1,"Phenol, 2-chloro-6-nitro-",-0.5392904353715877,-0.5267367807561103,0.43251767859684903,-1.5631280220710846,0.4500079377636497,-1.3074130489509448,0.31611701799331976
60348-60-9,"2,2',4,4',5-Pentabromodiphenyl ether",-1.8968841261751601,-1.8847712616783725,0.5169263222659676,-3.467340707818224,-0.9732958219189151,-2.953586154030559,-1.0034658184892276
605-69-6,"1-Naphthalenol, 2,4-dinitro-",-1.0678680253670398,-1.0689263433901484,0.40754317785867894,-2.174175251010016,-0.14667083369405906,-1.7981038926338813,-0.24155886246416156
6051-87-2,"5,6-Benzoflavone",-0.5932286896806761,-0.5934755381041522,0.5136109216939367,-1.9322455757153008,0.7267695275003451,-1.530995387824525,0.37950424455313103
606-20-2,"2,6-Dinitrotoluene",-0.12207324083120774,-0.10150873966998442,0.217851867731278,-0.8094945740821502,0.28603294840802224,-0.5671287026847162,0.23254214724242997
606-22-4,"2,6-Dinitroaniline",0.2692613232267878,0.2464395057727543,0.37892451634642743,-0.6663876929251251,1.0795120092342687,-0.3936152253800323,0.9098494231217502
606-34-8,"Benzaldehyde, 2,4,6-trinitro-",-0.7099237607961303,-0.6950345916453433,0.40897682848663075,-1.6318464612081427,0.11543693494897887,-1.4795485587786399,0.04794161839333198
6062-26-6,MCPB-sodium,0.3087187000863306,0.2985437869109498,0.2740273245936317,-0.33960993972245557,0.8950579237978771,-0.24640968509316485,0.8045692724998498
607-00-1,"N,N-Diphenylformamide",0.2625927951295326,0.21924467345175327,0.43221621325601584,-0.8431661615008504,1.3297285770188245,-0.497930269595752,1.0685299196172977
607-81-8,Diethyl benzylmalonate,-0.4583571896815276,-0.3474359492531043,0.47507778763376435,-1.8112275612854118,0.48135879664278164,-1.3187692030162097,0.3531181019300306
608-31-1,"2,6-Dichloroaniline",-0.2529441327507642,-0.3255921322626686,0.47740016960965714,-1.6046642280570043,0.8329008443350308,-1.0429264192603336,0.6319116143812722
608-71-9,Pentabromophenol,-1.91245373850813,-1.9590940417723148,0.42771932442882776,-2.7855979162928923,-0.8528433591474299,-2.7366548443394474,-0.9979512911609869
608-73-1,"1,2,3,4,5,6-Hexachlorocyclohexane",-1.7930076554687489,-1.7666996729276994,0.19167911628789416,-2.26879694526011,-1.328206053531157,-2.2247002995075413,-1.4280573946032789
608-93-5,Pentachlorobenzene,-1.0915975212087123,-1.118979751512648,0.20333379803729712,-1.6456288061402682,-0.5526950603512203,-1.4156751829452991,-0.6943585588786284
609-19-8,"3,4,5-Trichlorophenol",-0.5996017279093336,-0.589222911806228,0.27099344837580525,-1.3658978420930188,0.07851449947631292,-1.1489228984483078,-0.026305275306500182
609-23-4,"2,4,6-Triiodophenol",-1.1912579023507552,-1.2733702930019688,0.47428826664004037,-2.8938049039988805,0.19650896033312273,-2.0124823593542343,-0.3134931407981536
609-54-1,"2,5-Dimethylbenzenesulfonic acid",0.8409246814374026,0.8218251155058707,0.4426246143874077,-0.19798555995270742,1.8845701121547038,-0.008026702775437551,1.7320062854370564
609-89-2,"Phenol, 2,4-dichloro-6-nitro-",-0.8407110085459305,-0.8618875356493663,0.4475409091255824,-1.9572307949411134,0.1845475012420673,-1.5617232070337002,0.13077605485020766
61-68-7,Mefenamic acid,-0.3829074883433398,-0.338926979193103,0.3420241419946982,-1.0849602127481865,0.49790088922107456,-0.965457858475763,0.24771421202939603
61-72-3,Cloxacillin,-0.30699727564604784,-0.31219050447138336,0.6380584959039698,-1.5356371920221172,1.352164749257875,-1.4379293522196075,0.9704884892975892
61-73-4,Methylene blue,-0.22569180439212574,-0.18989277948176125,0.3177635567459344,-1.1314846930718185,0.36235999973067423,-0.8672158828056685,0.3162928188598917
61-80-3,Zoxazolamine,0.1821540092626148,0.2633371867682705,0.5524172471478545,-1.0587478245198585,1.3951332033248398,-0.9104434995279382,1.1003726871408424
61-82-5,Amitrole,1.0192766713805697,1.018436749627072,0.1312234228187524,0.6508475288284742,1.3034030180730969,0.810069730877751,1.266064511431851
610-02-6,"2,3,4-Trihydroxybenzoic acid",0.17662120382057395,0.19708890699964743,0.34572360131789037,-0.7459608956435283,1.0081893267322064,-0.5321344778091769,0.7723727839897713
610-39-9,"3,4-Dinitrotoluene",-0.5526351785732033,-0.5493826643588884,0.3751712003688787,-1.456419935538843,0.4145984505558416,-1.2665303259889211,0.17004650490524123
6106-41-8,Sodium valerate,1.5104761010509804,1.514971325247769,0.40149142014170747,0.6677339746765505,2.313229734773454,0.6999864882486553,2.248202422521765
61096-84-2,4-(Hexyloxy)-m-anisaldehyde,-0.5800557695046179,-0.5551376473176507,0.3970346682324844,-1.564009791882798,0.8537604068658061,-1.2557175075136278,0.07237371921632543
611-06-3,"2,4-Dichloronitrobenzene",-0.7693160583878444,-0.7856420210375905,0.33521538078099955,-1.6718938728868291,-0.07298197020197987,-1.4177510495080647,-0.2043656649598593
612-94-2,2-Phenylnaphthalene,-0.4677052835748611,-0.43279024629900653,0.4643106433558058,-1.7074482394928616,0.5522291394062177,-1.40679148939656,0.4167668679496715
6120-10-1,"4-Dimethylamino-3,5-xylenol",-0.2864600234674784,-0.2662532901737976,0.46739606367406417,-1.410780861534133,0.878078318152312,-1.3525539067403627,0.6519947192793394
613-12-7,2-Methylanthracene,-0.8692581463221961,-0.8872081826408109,0.45841060848300214,-2.1555867937355386,0.3822135281442504,-1.7154464088032653,-0.0031335011145806613
613-31-0,"Anthracene, 9,10-dihydro-",-0.469070565179127,-0.45723803936291657,0.5162792061733069,-1.6486689686874059,0.5431843513077231,-1.3996349840402864,0.5034120820251934
613-45-6,"2,4-Dimethoxybenzaldehyde",0.13034528659671307,0.11011655797684332,0.38255395676200205,-0.9131106264216483,1.1326410211180888,-0.6286390827675918,0.8662757303811301
614-00-6,Nitrosomethylaniline,0.29931033420009867,0.35243468612957807,0.5306687044986197,-0.8063040932848861,1.5288011882331172,-0.6932235821008657,1.4248364471673307
614-80-2,2-Acetamidophenol,0.31659905149434203,0.30874836319041876,0.4180788085015839,-0.7231312420772182,1.2199915219613382,-0.5041086178049675,1.1581262400260182
6149-03-7,Sodium 4-octylbenzenesulfonate,0.10602670435649798,0.02491033099127307,0.5228489848994259,-1.0973402047681535,1.5016269931933162,-0.793902847343838,1.0826172530553901
615-36-1,"Benzenamine, 2-bromo-",0.15741128581024919,0.12458821119747426,0.3766175003488247,-0.6666555177813668,1.053026913247336,-0.5121513830507711,0.9187043147611097
615-54-3,"1,2,4-Tribromobenzene",-1.2338906161987764,-1.2326329059943115,0.46255510672350303,-2.3042893737002412,-0.04685829892420379,-2.0974355652394867,-0.3168660203315922
615-65-6,2-Chloro-4-methylaniline,0.006246842316497068,-0.007047285832764686,0.34237787232847433,-1.0160301086924628,0.8449635382952605,-0.5788824139211499,0.7424796487386314
615-67-8,Chlorohydroquinone,-1.0224452765050818,-1.035908377413617,0.33146287105590966,-1.8030738048608508,-0.16428190908679377,-1.6270391073716763,-0.4520912905696583
615-74-7,2-Chloro-5-methylphenol,0.03202691138023914,0.06615418849673427,0.4680462922679704,-1.5043721529945366,1.5992258572301608,-0.8583386137105352,0.8299725484145355
616-09-1,"Propanoic acid,2-hydroxy-,propylester",0.8291547896458481,0.901872075390098,0.5052210612948864,-0.282994033464004,1.9596701847719062,-0.12804025943193958,1.7367517200580587
616-45-5,2-Pyrrolidinone,0.3826961802780903,0.4054522556446015,0.4763863152302617,-0.9765922171422174,1.3211294179723072,-0.6416415472751787,1.17454856802283
616-72-8,"m-Xylene, 4,6-dinitro-",0.02497233301524127,0.04772256388225049,0.36016562936977903,-0.8645362052313972,0.7491469950249038,-0.813947609529325,0.654684786429207
616-73-9,"2,4-Dinitro-5-methylphenol",-0.3175298631060798,-0.2931906450162962,0.33088065571875214,-1.2142497810817987,0.518228159163602,-0.8875948449190874,0.35039004042600247
616-86-4,4-Ethoxy-2-nitroaniline,0.1439223864474733,0.13750801950695013,0.33764827713004947,-1.0718676081888914,1.0185793086067154,-0.5148424896967205,0.7380234186925247
6164-98-3,Chlordimeform,-0.049487843524650195,-0.053657573576666964,0.445254109048117,-1.3748701492693638,0.9165377465062539,-0.8676382171597904,0.680404562828972
617-51-6,Isopropyl lactate,0.826949563501715,0.8160308731151009,0.5074841270320033,-0.6406064458938096,1.900781539253796,-0.14972601594286356,1.724166324462906
61718-82-9,Fluvoxamine maleate,-0.7853945466615316,-0.754722928936409,0.4483782762867819,-1.9259161516210621,0.2423756544760012,-1.6611993381806838,0.06323137015563066
6175-49-1,2-Dodecanone,-0.6707691575912582,-0.6971546682476089,0.3824433325825028,-1.4901406270546431,0.2315519060270964,-1.3953984839711262,0.08071936341080893
618-62-2,"Benzene, 1,3-dichloro-5-nitro-",-0.466139138027091,-0.46298920651023734,0.34227834289811526,-1.265315870628939,0.2937160190256404,-1.0766377823505484,0.17858491390890255
618-85-9,"3,5-Dinitrotoluene",0.22339207086655136,0.21912668086290968,0.3628082325293238,-0.6391019533817247,0.9533832524313228,-0.5016912092817645,0.8973738098953737
618-87-1,"3,5-Dinitroaniline",0.16815901940691502,0.15097662605453022,0.22288606228584365,-0.3309549745489583,0.7064516506450702,-0.27314416879974346,0.6222506014263963
61869-08-7,Paroxetine,-0.7148364525679234,-0.6577482638774934,0.5199176277241705,-2.3913119509581753,0.5076677860357386,-1.8739175845922358,0.2691895820007484
619-15-8,"2,5-Dinitrotoluene",-0.31360502584906447,-0.33188798792741225,0.3335812702287941,-1.3316260707920387,0.5346504979061573,-0.8385361510254288,0.2839296514146422
619-24-9,"Benzonitrile, 3-nitro-",0.5206823400673338,0.5557736013932835,0.4359190433855584,-1.033976557972383,1.4349513196746548,-0.4840296310956655,1.2593718115235906
619-45-4,"Benzoic acid, 4-amino-, methyl ester",0.41036757642988614,0.33338794774206015,0.5830725667783097,-1.3698270132652937,1.752950765539267,-0.7238551752974114,1.4819215312855438
619-50-1,Methyl p-nitrobenzoate,-0.0562944562924571,-0.07127701087391645,0.2876128934288675,-0.7004624095233855,0.7285578956355452,-0.5194085573986499,0.5060484410781513
619-72-7,"Benzonitrile, 4-nitro-",0.39771766971364875,0.41420417786520036,0.4195437085709952,-0.5341797452121146,1.360391852582802,-0.3391520058384735,1.2697743380517736
619-80-7,4-Nitrobenzamide,0.27843490394066794,0.31735887817689357,0.44480198160536866,-0.7497808835104777,1.5104018431226003,-0.6054509345491297,1.1408852510879046
6190-65-4,Deethylatrazine,0.31671118698088024,0.30427484587347425,0.2597033302703799,-0.24564736309756244,0.9216796497802336,-0.16904520002963286,0.850027675291661
61949-76-6,(+/-)-cis-Permethrin,-2.8001939963813225,-2.787342081746915,0.17761086600761672,-3.249751920786262,-2.4528834739612844,-3.106053391901719,-2.5146980249478306
61949-77-7,trans-Permethrin,-2.6058519115751198,-2.5877902652155518,0.23952907949641294,-3.1087236608007993,-1.921541254420705,-3.0378305618866364,-2.055731006360887
62-13-5,Adrenone hydrochloride,-0.09969198988718278,-0.1542080777240729,0.5168962127117712,-1.4124097742907837,1.6436271422687612,-0.87792465665016,1.186761504979941
62-23-7,4-Nitrobenzoic acid,0.19740561082075483,0.13664393375448686,0.5843321403531939,-1.3880417415434705,1.386475834428857,-0.8992096321649938,1.303254439088206
62-38-4,Phenylmercuric acetate,-2.3049309979975514,-2.2786282795316137,0.1878541155323284,-2.880746367414946,-1.9038341411351403,-2.746000021007743,-1.9593576025329795
62-44-2,Phenacetin,0.389373445387676,0.41091128234805735,0.5072939019870449,-0.8160683916144362,1.656021647382606,-0.6497080459245624,1.2081777553891995
62-53-3,Aniline,0.5136534845411912,0.5506549562771657,0.1323242952275137,0.15591538646188563,0.798106346175423,0.21599315052210405,0.6864962435630654
62-55-5,Thioacetamide,0.8107975796433827,0.8577282113669904,0.40179597544475754,-0.4619496355329026,1.8632760329388889,-0.052410833024465815,1.5083311396132526
62-56-6,Thiourea,0.12789881636129682,0.12117387440135563,0.3756045989868937,-0.8537108858329715,1.0236246088644683,-0.6258601998863045,0.7969944810931818
62-73-7,Dichlorvos,-1.436258392823637,-1.432420344582278,0.08627063399203672,-1.6796881273349356,-1.232567155189956,-1.602074375168728,-1.2668668658279085
62-74-8,Sodium fluoroacetate,-0.30649998809467677,-0.20954321192417313,0.5893662492018338,-1.89829698454486,1.2595454266251385,-1.6140816180249693,0.8403461121339102
62-75-9,N-Nitrosodimethylamine,1.212295289602561,1.2452320953197422,0.21017132995657603,0.6611630812884661,1.6121890729651192,0.8082353051218312,1.5744879191672974
62-76-0,Sodium oxalate,1.2499692441133883,1.254078971155713,0.20097723707478526,0.7854433612952796,1.7705128312085858,0.8457632185809784,1.6180039245397222
620-88-2,4-Nitrophenyl phenyl ether,-0.5169309239611659,-0.5316622584758741,0.401784485590439,-1.6195974269767721,0.6562360889661194,-1.3382154792543524,0.10542418443582235
6203-18-5,4-Dimethylaminocinnamaldehyde,-0.28150646972489557,-0.27802799246801835,0.4238382224209818,-1.249374647340676,0.980210733875877,-1.1196265847200972,0.4130991784159281
621-08-9,Benzyl sulfoxide,0.06892233327280421,0.053848419150514054,0.4303624094382983,-1.0996057614893788,0.99540119280518,-0.6059892056806768,0.8489903599031074
621-42-1,3-Acetamidophenol,0.821674610771747,0.8757185199156057,0.39209731345603493,-0.08016238891861718,1.559212139076106,0.02366903568551305,1.454903459094449
621-77-2,Tripentylamine,-0.5623537122579594,-0.5379525255942579,0.5146906453975664,-1.6750100166777195,0.6522749447443533,-1.5032926710915553,0.3111858903056061
6217-54-5,Docosahexaenoic acid,-0.9903426479238443,-0.9539031645571806,0.5100094445121774,-2.867852820494687,0.05048809017087728,-1.9048523479571517,-0.146832562423792
622-40-2,4-(2-Hydroxyethyl)morpholine,1.4169154070031602,1.41035357609409,0.4620587408406931,0.23197284060933926,2.527426427101222,0.38722210043235816,2.207021977278373
622-45-7,Cyclohexyl acetate,0.43584014946435884,0.3887437185001238,0.33398532390279206,-0.4257658494526961,1.2207073696649435,-0.11129364054624528,1.0542178418856616
622-78-6,Benzyl isothiocyanate,-0.6967950038662643,-0.7140929967280452,0.47510393273083007,-1.6100749598490638,0.598224513186795,-1.500667375482827,0.3156010291081267
6221-88-1,(Dodecyloxy)trimethylsilane,-1.0626387155306025,-1.0624718519593044,0.5193534368441437,-2.5695440641571965,0.2538938889538332,-2.113163123865546,-0.08581508890692731
623-05-2,4-Hydroxybenzenemethanol,0.32875876715054825,0.254897547569764,0.5284704747751644,-0.783369251381528,1.4791523325233793,-0.6059812853540656,1.3291964180769662
623-12-1,"Benzene, 1-chloro-4-methoxy-",-0.046003368237719895,-0.053975378012707076,0.45766429892084465,-1.072715950451961,1.346659345887248,-0.7857210265437757,0.8777234253187329
623-25-6,"alpha,alpha'-Dichloro-p-xylene",-1.431038549233332,-1.359256442433899,0.4468612891188216,-2.7329516288762528,-0.5268727154034467,-2.3711530606832962,-0.7208553337654141
623-91-6,Diethyl (2E)-but-2-enedioate,-0.11618548715501924,-0.06888550916529637,0.3541383545593621,-0.9520139294177202,0.864958262979249,-0.7382092935847379,0.49186223513114713
624-92-0,Methyl disulfide,-0.08393667256957812,-0.07275142110292115,0.215655311877939,-0.6916938637238194,0.3436863572139101,-0.5163511068118193,0.267212500119252
62441-54-7,Fentrifanil,-2.3585765755348516,-2.347207102804596,0.4106533630411932,-3.458609720814203,-1.1641984517734854,-3.2640598880075253,-1.5353238040353059
6245-75-6,".beta.-Alanine, N,N-bis(carboxymethyl)-",0.24540426787420064,0.3074203686364705,0.5803282696356538,-1.056831073807141,1.6750793168420286,-0.8481044373488378,1.3437892533038176
62476-59-9,Acifluorfen-sodium,0.4268956740043099,0.4246413385441282,0.3133200462008782,-0.643921417742543,1.281253346632528,-0.24872531735944112,0.9350227133132175
625-53-6,Ethylthiourea,0.44156832300978904,0.5082127931876282,0.5491579355746832,-1.2649945482999652,1.8303176142644617,-0.6346531637046173,1.4105589850607518
625-86-5,"2,5-Dimethylfuran",0.6318297786766722,0.6291310623510082,0.46981187249751705,-0.6251567667507486,2.2006843636239473,-0.24124206304949455,1.4647035332704137
6257-64-3,"Benzenamine, 4,4'-azobis[N,N-dimethyl-",-1.189299658579957,-1.1588016381358652,0.38700136954319725,-2.3453314801172684,-0.22914769014400174,-1.9145559420474942,-0.3109578596752713
62571-86-2,Captopril,0.42066256619476106,0.46207709176374506,0.5670984852055995,-1.2003104247999192,1.7475640538847563,-0.687729858897214,1.4787758060050606
626-17-5,"1,3-Benzenedicarbonitrile",0.3003570885915081,0.34977089870707984,0.33820603471787375,-0.504070236455675,1.0780627916559389,-0.3582319631342338,0.8015015911254839
626-43-7,"3,5-Dichloroaniline",-0.07777409795654844,-0.072868768947823,0.18191635771683665,-0.5618833886568376,0.3306445850528179,-0.42289511061134627,0.24622760135832117
626-62-0,"Cyclohexane, iodo-",0.013267376008024452,-0.013427117587730042,0.39328355107578844,-0.8226213988041653,1.07920783448025,-0.6735889918764524,0.9111351674244433
6266-23-5,1-(Carboxymethyl)pyridinium chloride,0.8132626284524141,0.7993548310009704,0.3774243905947619,-0.0007103146863901137,1.6664823479071458,0.07314609988357548,1.4822647168149894
627-00-9,4-Chlorobutyric acid,1.0021633104615126,1.0239813337409642,0.5427927446671029,-0.24466535957089733,2.328227334624892,-0.05688671527315961,2.120133810989166
627-30-5,3-Chloro-1-propanol,0.8971931342499793,0.938023951406183,0.3915323598484195,-0.19242041764982934,1.7591463680196715,0.07459373086399483,1.5537997761435929
627-63-4,Fumaryl chloride,0.4400995798746587,0.41439945509922776,0.40827475013054243,-0.7604039866457685,1.3096433345170957,-0.3068111592190095,1.1379853798483426
62732-91-6,Debacarb,0.7244188388182746,0.7534752309030011,0.36896316201677526,-0.1671557860497518,1.662125675585224,-0.10156085436400908,1.346144249322479
628-20-6,4-Chlorobutyronitrile,0.8662795423395184,0.9464403616689695,0.612125770885869,-0.5983390124555077,1.978675550487036,-0.403540884823186,1.8764347792173683
628-63-7,Pentyl acetate,0.40186609632011766,0.41175686943652995,0.33347837699421873,-0.5031563235439406,1.0801167576379604,-0.32538243634889086,0.9769820640615664
628-76-2,"1,5-Dichloropentane",0.09436863889937358,0.13942331678033743,0.4570699283873794,-0.7236112814358282,1.1036021244983711,-0.6714792960396192,0.8185370044993551
628-92-2,Cycloheptene,0.4509423325689221,0.4235197721541793,0.4011202282265037,-0.5552904063445796,1.6577436624226687,-0.25133337804089967,1.2693091451358236
6283-86-9,"Propanoic acid, 2-hydroxy-, 2-ethylhexyl ester",0.1875718515053423,0.1610732487680786,0.34330741513733104,-0.5695633572207186,1.008028371371327,-0.4218266127334188,0.9135329847119827
6284-83-9,"1,3,5-Trichloro-2,4-dinitrobenzene",-1.2039421627890932,-1.2244856455795174,0.42681040950822885,-2.152803060754302,0.038236025148429054,-2.00102837908146,-0.31119279817033546
629-03-8,"1,6-Dibromohexane",-0.10175539732368147,-0.05040148688419644,0.5361592885305411,-1.5649679872303066,1.0925072813480872,-1.2764746723106277,0.8876620270903471
629-04-9,1-Bromoheptane,-0.5366375424843196,-0.5064103474854207,0.4257118311716632,-1.4537812879699228,0.4437223303856916,-1.3603666589576435,0.3940522234888356
629-19-6,Dipropyl disulfide,-0.3573481542445902,-0.3838333830232836,0.3653502078736604,-1.13775796401271,0.4026191961529795,-1.0466348618508814,0.29334627423659515
629-25-4,Sodium dodecanoate,0.04671748140113265,0.10121231318271925,0.47988746920855047,-1.0987716275081079,1.264828363912737,-0.959590971577306,0.82767046568797
629-40-3,"1,6-Dicyanohexane",0.8595982333986075,0.8866585071457351,0.4270320263901936,-0.3411940151168535,2.1260196242336313,-0.07226611053495338,1.635054540427834
62924-70-3,Flumetralin,-1.6479195833203395,-1.674359698437574,0.21888634882641667,-2.166671829080674,-1.1216689747554027,-2.0161014245639515,-1.2201977340097485
63-05-8,"4-Androstene-3,17-dione",-0.6145203362710502,-0.6012360153223697,0.4992554294108394,-1.9391197553599595,0.4777769881036415,-1.6733530151205167,0.37275421483275384
63-25-2,Carbaryl,-1.1751629779149548,-1.1744851010229178,0.06308986515962213,-1.3436128229025306,-1.0276012346130874,-1.2984653862904825,-1.0447425976447908
630-20-6,"1,1,1,2-Tetrachloroethane",0.30313115289026354,0.285837899923865,0.26612045288568303,-0.40055071359843863,0.9634888526840143,-0.17789118423028707,0.8326176417529549
631-61-8,Ammonium acetate,0.8489243934807555,0.793994706074888,0.35914283095134897,0.08738995383495854,2.065807273120627,0.1520005609264269,1.6751833787916286
631-64-1,Dibromoacetic acid,1.1395253138612753,1.1711537027713694,0.2765158858692969,0.19502982678768072,1.669321952965287,0.5026137122194543,1.5467353580902452
631-67-4,"Ethanethioamide, N,N-dimethyl-",0.9156750625311958,0.8927093192960693,0.4559948439418473,0.0721242419675698,2.6982807147781216,0.19742706228281406,1.8410683213448475
6317-18-6,Methylene bis(thiocyanate),-1.021062298976937,-1.0031829453568402,0.1951936625219751,-1.4145352723412823,-0.6400932686402598,-1.383117954657549,-0.6951897399166015
632-22-4,Tetramethylurea,1.6844354919030031,1.6899063170812643,0.3370817974133319,0.8579473044087501,2.772016546725058,0.9576446203141045,2.4328794132308844
632-69-9,Rose bengal sodium,-1.1285742118041522,-1.111215761012986,0.684247607855823,-2.5049029806318033,0.3656098794989724,-2.255378614076518,0.12774564143797446
632-99-5,C.I. Basic Violet 14,-0.9901718665746445,-0.9643399580225653,0.41246139148302474,-2.651666196968358,-0.08427132121550186,-1.8381647420798668,-0.3524804725718062
633-96-5,C.I. Acid Orange 7,0.5666695073430081,0.5601757482604302,0.34152685391884957,-0.2521474577353776,1.2715676375687555,-0.10778838420799722,1.2302929013054922
63333-35-7,Bromethalin,-2.1004672115958467,-2.1242879076174894,0.4398025144768231,-3.206337565727563,-1.1601137817569462,-2.96966214414415,-1.295353395596696
634-66-2,"1,2,3,4-Tetrachlorobenzene",-0.9146414183632294,-0.9170750486149057,0.29608933967312356,-1.6112715502891461,-0.264390410715531,-1.5167795409259357,-0.4118697571526844
634-67-3,"2,3,4-Trichloroaniline",-0.42908536364374616,-0.43967394562165857,0.2040964584484931,-0.8761584145557887,0.24382316904995116,-0.80962454342303,-0.022444023987665884
634-83-3,"2,3,4,5-Tetrachloroaniline",-0.6852105671504574,-0.6877700270572649,0.3101768096519364,-1.4410109868715488,0.09109579309725466,-1.2958548754560415,-0.06977508859881987
634-90-2,"1,2,3,5-Tetrachlorobenzene",-0.42245767588760436,-0.44199128017501865,0.2367302101552246,-1.0613025926903195,0.08028020150572467,-0.928735701567868,-0.0014307692977008363
634-91-3,"3,4,5-Trichloroaniline",-0.43947089736177075,-0.36077916436146895,0.5035466398242887,-1.8958530038551913,0.5382361653177761,-1.651808710939406,0.3420347187923821
634-93-5,"2,4,6-Trichloroaniline",-0.2959479878279901,-0.2788481652568111,0.36175473897848864,-1.3443794523856554,0.6794879874251283,-0.9440034078771363,0.3866987475931424
635-12-1,"1,4-Anthraquinone",-0.9612622658588386,-0.9076533707881562,0.4888387330173651,-2.2523141084477114,0.09473300201638296,-1.9430059573774228,-0.21680640185481573
635-93-8,5-Chlorosalicylaldehyde,-0.64679428165975,-0.6054511960803362,0.38365395830634785,-1.5342401922831628,0.338266693011231,-1.37063095018299,0.022393130934626086
636-30-6,"2,4,5-Trichloroaniline",-0.4432519302562663,-0.4092249086748202,0.32995781559139825,-1.3204906685978959,0.10128484678303827,-1.198241668817572,0.02302524231699709
6361-21-3,2-Chloro-5-nitrobenzaldehyde,-0.1774602115699176,-0.1454027805801388,0.3545281740395313,-1.041296611390901,0.5834009801065837,-0.9189660299202634,0.40999884803655473
6369-97-7,"2,4,5-T dimethylamine salt",0.5512479386137327,0.579879497740635,0.39501076069176944,-0.6463166713480923,1.409675578754456,-0.3470026414815294,1.3072157384332257
637-07-0,Clofibrate,-0.1381098035343316,-0.12159438784805013,0.30085592080877854,-1.0826447589633823,0.690152437652183,-0.7125354909552952,0.37160508728139385
6382-06-5,Pentyl 2-hydroxypropanoate,0.6383444025719139,0.6708285883049457,0.476492688305944,-0.5778380932003815,1.864875461034369,-0.18331668311937221,1.5446393113333141
63821-86-3,"Acetic acid, (4-chloro-2-methylphenoxy)-, sodium salt, mixt. with 6-chloro-N,N'-diethyl-1,3,5-triazine-2,4-diamine and N-(1,1-dimethylethyl)-N'-ethyl-6-(methylthio)-1,3,5-triazine-2,4-diamine",-0.6971138944612771,-0.7182674426652613,0.3440244506903737,-1.4431919997683083,0.08308463270543877,-1.345683388420415,-0.025702431685481014
6386-73-8,"Phenol, 2,6-dibromo-4-[1-(3-bromo-4-hydroxyphenyl)-1-methylethyl]-",-1.4492623482915274,-1.4553487886386747,0.5161700294815929,-2.7071341998685616,-0.23824538682012025,-2.4369608967041563,-0.4880435556031379
64-00-6,m-Cumenyl methylcarbamate,-1.095159490295003,-1.0850354021164277,0.3549754801938582,-2.081708735138901,-0.3066920980659882,-1.8419489405021838,-0.43462957719741296
64-02-8,Ethylenediaminetetraacetic acid tetrasodium salt,0.2992276567288703,0.3228018699021429,0.35499966048631426,-0.7118770303038332,1.1873787212175282,-0.5127847428474067,0.9500707526497615
64-10-8,1-Phenylurea,0.7252001863528548,0.7805483990279017,0.5066049762046394,-0.44077886565409163,1.991878140566439,-0.24836552545034019,1.6280192591628344
64-17-5,Ethanol,2.3417240022049857,2.355228372741092,0.21288162204490896,1.6767119883701942,2.8819276064945645,1.9192559873549806,2.729010757732413
64-18-6,Formic acid,0.9520733451279958,0.9779634793971638,0.32949561018981405,0.037985118393843,1.8210553428786083,0.2686261335723567,1.6733721133396102
64-19-7,Acetic acid,1.1486994274696998,1.1578743915597938,0.1242142378023632,0.7610199616802428,1.379878745207208,0.9081277639977031,1.3727365280803092
64-69-7,Iodoacetic acid,0.1018868686693283,0.12270853606909733,0.5510940160660122,-1.2736440127950315,1.9946764927063665,-1.1031233437499484,1.0706373222413734
64-72-2,Chlortetracycline hydrochloride,-0.21370575759785754,-0.2010343580788847,0.4962937556400404,-1.3363286447492995,0.824243762164841,-1.2381623683546912,0.6942129464043963
64-75-5,Tetracycline hydrochloride,0.17590098816760905,0.1415094694774937,0.44700160600493666,-1.2057869950794597,1.0063859714978898,-0.7316235721192031,0.9233907964706582
640-15-3,Thiometon,-0.455718847703083,-0.43044204585550805,0.32005442993019223,-1.3697073077949111,0.2899143276505267,-1.2220491303920449,0.19497835280612177
6408-78-2,Acid Blue 25,-0.5034932995786647,-0.4601960729072105,0.48145233724126285,-1.5309537133193134,0.3935494663969644,-1.4675518004107353,0.2528277766752473
6416-68-8,"Benzenesulfonic acid, 5-(2H-naphtho[1,2-d]triazol-2-yl)-2-(2-phenylethenyl)-, sodium salt",0.5505643054943749,0.535051058071321,0.4646574182800116,-0.7361381212683201,1.6561083082840724,-0.27966549008239483,1.537647489362838
64249-01-0,Anilofos,-0.5660115341071432,-0.6353023338340951,0.5518154176139786,-1.9643536885693467,0.8278337682996388,-1.4671042750460848,0.6015676310673024
643-79-8,"1,2-Benzenedicarboxaldehyde",-1.0919720778072206,-1.0869299220234763,0.3902418148640766,-2.0661337209241375,-0.206294700126782,-1.7850498334760299,-0.3289062127169867
64359-81-5,"4,5-Dichloro-2-octyl-3(2H)-isothiazolone",-1.9743850181670177,-1.9669879581760599,0.2286223173352128,-2.5225366505877,-1.3498438336245289,-2.459410234705879,-1.4888322779886596
644-06-4,"2H-1-Benzopyran, 6,7-dimethoxy-2,2-dimethyl-",-0.4339713272193221,-0.44432872384489747,0.37354281854284127,-1.2933234700011056,0.5225465370777647,-1.0667101427824763,0.32914157969798485
6440-58-0,"1,3-Dimethylol-5,5-dimethylhydantoin",0.8743311654259813,0.9066636465538779,0.3801117285155726,-0.01833626613531751,1.7100973861779656,0.10919963334111678,1.5931455485847505
645-08-9,Isovanillic acid,0.8104229740452839,0.8719884334871475,0.43849903429351744,-0.33126071457486217,2.0286803012852097,0.006906840967439133,1.5744556053521788
645-56-7,4-Propylphenol,0.03873108836012087,0.02437757166077027,0.33176676202976996,-0.6447377451291461,0.9126872979875299,-0.5103605908450332,0.7147439317151394
6452-73-9,Oxprenolol hydrochloride,-0.22312850418814936,-0.2336430348213937,0.4946153637741209,-1.484680157285262,0.8435208630446622,-1.2987365420307726,0.734074084887269
646-06-0,"1,3-Dioxolane",2.0142542710714495,2.059339327136852,0.4068565408370944,0.65636426637695,2.809677173051519,1.183698524640483,2.752098183938667
64628-44-0,Triflumuron,-2.015776727038161,-2.0968167526629933,0.5786956083638901,-3.17883577438437,-0.6658789080817745,-2.8812959866062116,-0.8559460690198172
647-42-7,"3,3,4,4,5,5,6,6,7,7,8,8,8-Tridecafluorooctan-1-ol",-0.4594381274801924,-0.4457505033573892,0.5828407821263711,-1.8778144505335883,0.9984747170481325,-1.5453192263611546,0.5377327013513808
64700-56-7,Triclopyr-butotyl,-0.9627998393736479,-0.9602640840171673,0.14031903414082195,-1.2933815027466364,-0.6777376528740807,-1.205131506353086,-0.7046834336345134
6485-40-1,R-(-)-Carvone,0.3915075786749713,0.3771167021997008,0.4279154726083507,-0.43357235965001184,1.4609334278961912,-0.3491221241236123,1.2593187557234355
64902-72-3,Chlorsulfuron,0.3304160453827205,0.3240606143128878,0.24493470902371992,-0.30927097641879225,0.9025537375184194,-0.1875748044137449,0.7684127881964627
6491-02-7,3'-Chloro-3-nitrosalicylanilide,-1.1343846201990393,-1.1237572476203148,0.1340231180191619,-1.47222301749239,-0.8913532645346038,-1.4150530030346882,-0.9178663372853405
65-22-5,Pyridoxal hydrochloride,0.2146373354117938,0.22845614906042402,0.6228646350382534,-1.1877978261549795,1.6672908497328742,-0.9885494523674713,1.3629920326848095
65-30-5,Nicotine sulfate,-0.5342012968606137,-0.5475161171895299,0.2546921345493449,-1.136211429541118,0.10470213824461837,-1.02369464552481,-0.014741661717639267
65-45-2,Salicylamide,0.7123591092201873,0.6889816253627049,0.3909146383722224,-0.6663840953878656,1.6927595670191262,-0.17572307603430945,1.4463523929182034
65-85-0,Benzoic acid,0.990037025434789,1.009047153755637,0.2763032797160714,0.2662053311290714,1.6008214816724533,0.35497691948482435,1.4505348283197907
6515-38-4,"3,5,6-Trichloro-2-pyridinol",-1.599920473480666,-1.600745913110897,0.2980670649824451,-2.407762578489108,-0.9321458238466106,-2.2010007655668002,-1.0719016045077145
65271-80-9,Mitoxantrone,-0.5371921917613072,-0.6041919308430577,0.5517619460385121,-1.8490668856247712,0.9597154889770929,-1.4385214209844408,0.7506797171500215
65277-42-1,Ketoconazole,-0.9897922047063274,-0.9084803276516807,0.5294910524200593,-2.7162441502842234,0.273063659363249,-2.054773847309477,0.03448800775277833
65281-76-7,14-Chlorodehydroabietic acid,-1.0985828173560277,-1.0607025866955175,0.4602826491733117,-2.3476822540235447,0.13518368041643308,-1.9002297582247725,-0.3767609621217721
65281-77-8,"12,14-Dichlorodehydroabietic acid",-1.0852132473875302,-1.0346345379139357,0.4406683655161694,-2.276419813485613,-0.12247981679580455,-1.999813572038236,-0.19743477094687356
653-37-2,Pentafluorobenzaldehyde,-0.6977067785603581,-0.701700650880582,0.3604597738527505,-1.5712799347137494,0.13831153641732385,-1.431705996503264,-0.05711327016370333
654-66-0,3-Trifluoromethyl-4-nitrophenol sodium salt,-0.2772990080893382,-0.2908044179667423,0.37734471832278793,-1.2799761455432588,0.7063287914947385,-0.9692157229862345,0.3836252537863655
657-24-9,Metformin,0.8011485568817021,0.7852407317057617,0.4821339245371072,-0.3172286551530332,1.837485347414765,-0.04283935105894908,1.6712322305211644
65733-16-6,S-Methoprene,-0.2439070063971909,-0.20276459860186313,0.2769764571539253,-1.024754605908325,0.37383262021183994,-0.8884269600856086,0.28005692885392913
6575-09-3,2-Chloro-6-methylbenzonitrile,0.06548177959631021,0.07566805591076309,0.4812301525739538,-1.5389100839504226,1.0738876905408712,-1.0594295958615352,0.8658169889065737
658066-35-4,Fluopyram,-0.31275974394869754,-0.31869972835666116,0.33533376432838097,-1.2942497687075827,0.8230625292208641,-0.9436998450939205,0.28307567955905194
65954-19-0,(Z)-4-Tridecen-1-yl acetate,-0.6214451810167259,-0.6413851157067172,0.5703818284897968,-2.185017046385409,0.6526413409760047,-1.6864310151988557,0.5683319057192951
66-22-8,Uracil,1.2098377176957307,1.1685838953994818,0.5837499910782903,-0.7539580079834551,2.457036314721336,0.18336809184344136,2.325366324443099
66-25-1,Hexanal,0.35228966202077827,0.3634712583620937,0.2701869492342075,-0.35231012061047157,0.959852567859172,-0.2653363708908285,0.8526439913307394
66-76-2,Dicumarol,-0.6664941930052811,-0.6807634741015463,0.4358224736408461,-2.133132006934486,0.32623419201956405,-1.6432794322972346,0.09247671225012695
66-77-3,1-Naphthaldehyde,0.1384283358410307,0.1392532653564963,0.5723118216667429,-1.4723634922436053,1.5264577931534185,-0.7866924971468077,1.2530303739960045
66-81-9,Cycloheximide,-0.4440347648821327,-0.4910354250532608,0.4732021282008537,-1.4607948087482028,0.6696390846989749,-1.3173745754378152,0.4757398011128956
66-99-9,2-Naphthalenecarboxaldehyde,-0.041710171414839126,-0.07144359789803735,0.5749741112598175,-1.4754405559073118,1.3143550945485338,-1.3375007199695785,0.9433444186309776
6602-32-0,2-Bromo-3-pyridinol,0.7801402376179563,0.7315900890184284,0.4059012784211593,-0.1616993054526156,1.7865764583340034,0.07985878434915675,1.5095103630075275
66215-27-8,Cyromazine,-0.8403934090252855,-0.8192029581368986,0.36404677630941434,-1.7950858360370896,0.10361588583430324,-1.5155423821808462,-0.17185275482951248
6623-41-2,"2-Amino-4,5-dimethylphenol",-0.6569613814676295,-0.6350626100677365,0.3624582686362761,-1.705622169347984,0.1560406188529081,-1.5070832483836536,-0.040690368444380294
66230-04-4,Esfenvalerate,-3.9716144797676534,-3.9977523093719527,0.17611158889020956,-4.3092676942065875,-3.594329309723434,-4.287347825916504,-3.6208572549245486
66267-77-4,B-Fenvalerate,-2.8350863488928453,-2.8127122861022453,0.3464218538874358,-3.584660606903377,-2.1317849375753255,-3.454700808396165,-2.219818916385455
6629-29-4,"2,4-Diamino-6-nitrotoluene",0.24742764137078668,0.23684455219334535,0.3601175939434223,-0.51095473196234,1.0998906007626037,-0.4360514814551084,0.9218651336948571
66332-96-5,Flutolanil,-0.7065188119345974,-0.6380621965283896,0.2594885220750884,-1.4588749809509087,-0.08680330015341105,-1.187503294107742,-0.3189561141544419
6636-78-8,2-Chloro-3-pyridinol,0.8427086750295892,0.7803508123507655,0.43025189477653547,0.04628205440971894,1.8874124539822612,0.08045219778902496,1.6963260948229868
66423-09-4,Mecoprop-P-dimethylammonium,0.31859865815219496,0.2832021345899726,0.4350302860021592,-0.5033662180550448,1.5545808215154275,-0.34585502197430745,1.141009588510288
66441-23-4,Fenoxaprop-ethyl,-0.8798245814965431,-0.8954528263424326,0.2785704359175616,-1.8198690556405288,-0.3430924527080715,-1.4068890298245056,-0.39798534487025167
6651-36-1,"Silane, (1-cyclohexen-1-yloxy)trimethyl-",0.2583082187011349,0.3170819795699146,0.47405107262319934,-0.9040533471409928,1.4764845945762415,-0.7069309909566457,1.1227306428790556
666-84-2,Abietyl alcohol,-0.7786502688076544,-0.7442278383846752,0.454369053322596,-1.8563785321361788,0.18061712173129274,-1.7087646120214643,-0.006194662406631499
66728-50-5,"Propane, 2-(2-methoxyethoxy)-2-methyl-",1.2683651035682089,1.2443203048470142,0.5564736082099174,0.1151823124722778,2.452786091158968,0.2517348981433685,2.2895671592248905
66794-75-0,Benzyl neodecanoate,-1.0684746872139734,-1.0205462735004827,0.4446454782056269,-2.2034698185892485,-0.04703375845940344,-1.9646614561329134,-0.2749985734537769
66841-25-6,Tralomethrin,-3.2723700471125143,-3.2821085928172327,0.2882834323644727,-3.967367038034038,-2.395490248692795,-3.8499701535884223,-2.716015750036275
67-03-8,Thiamine hydrochloride,0.8254641676102428,0.8910346498082137,0.6374130778237826,-0.5317616199280554,2.6860114260711536,-0.37053304533146986,2.0422563619342124
67-36-7,p-Phenoxybenzaldehyde,-0.3884853178924915,-0.34575852193569656,0.3578936976801324,-1.5036656287856445,0.2431821930785059,-1.049234416925475,0.18856098290228293
67-43-6,Pentetic acid,0.0538893487136022,0.06824354539098973,0.557842505633272,-1.3986735837219801,1.403711256826918,-0.9208263571222945,1.006141442168791
67-45-8,Furazolidone,-0.54303470958402,-0.47313686090281903,0.37265676677250087,-1.6675259686796542,0.18470021866364625,-1.287455390646851,0.10964500560581271
67-47-0,5-(Hydroxymethyl)-2-furfural,0.4654917884004275,0.47345951430962224,0.4888123011158534,-0.9183829116255604,1.3347717414269773,-0.6003602502148714,1.2785870452684185
67-48-1,Choline chloride,1.5137891643207748,1.518463867797815,0.3568979007932963,0.5752549327484138,2.4732037993831812,0.7637324593237516,2.22269211373163
67-56-1,Methanol,2.375603529020367,2.3947153711695117,0.17885842232503316,1.9322418868000741,2.8023447747120773,2.026898985696535,2.731082526225137
67-63-0,Isopropanol,2.3425517276398105,2.3135823590600535,0.19246617370531924,1.9728864277548244,2.7982409538742115,2.0613716762898364,2.72338623464452
67-64-1,Acetone,2.351295727432043,2.356801662354384,0.2631095757519764,1.7590924586516477,2.9007403394414935,1.846952911644026,2.793556424633127
67-66-3,Chloroform,1.0048497707052713,0.9985471942114084,0.08605320090127833,0.8093455900034205,1.253124382138249,0.8545806050360044,1.1723909797007712
67-68-5,Dimethyl sulfoxide,2.6565960514267473,2.698505871386371,0.3354756478001812,1.6890951394905793,3.2392584830166977,1.8157452957043307,3.142839547938509
67-72-1,Hexachloroethane,-0.5486633763149233,-0.5377600238647865,0.23946434354706966,-1.1933226955077727,-0.1591889124360678,-1.1254016681630379,-0.17878606373072364
67129-08-2,Metazachlor,-0.7066142684076568,-0.7685500894232091,0.6755202144470966,-3.020494063208038,0.7344131201657468,-2.153293783991045,0.5367845797910553
67233-85-6,Sodium 2-methoxy-5-nitrophenolate,0.4992357429171057,0.5573479989252533,0.4054331846248374,-0.9736259735332871,1.3084869451385936,-0.2862626888099223,1.1693076484801934
67306-00-7,Fenpropidin,-0.7387539740950715,-0.715816118164162,0.47817937627158547,-2.068315255784443,0.4094989611940394,-1.6278993713220313,0.12261275165736667
67375-30-8,alpha-Cypermethrin,-2.8727703109311302,-2.822798034941177,0.33990035080026315,-3.9602801488638244,-2.1654973840189085,-3.620637683812082,-2.363393518496984
67485-29-4,Hydramethylnon,-2.1228145303526262,-2.0652521837269537,0.2253258635835299,-2.7722320742990894,-1.7281205236960528,-2.722960867877946,-1.8122627622430973
6753-47-5,Picloram triisopropanolamine salt,0.30675918696594934,0.3135103905899119,0.35413727489670255,-0.5137094582732544,1.1905604483316021,-0.374454621642255,0.9135415791948136
67564-91-4,"(2R,6S)-Fenpropimorph",-0.8686753393466559,-0.9147600240043362,0.3516948748298634,-1.9575438915409682,-0.18051722074619816,-1.5972157718999882,-0.25084342971146073
67747-09-5,Prochloraz,-0.7292221631648002,-0.7020015777931712,0.3440864854560132,-1.6328512543417655,0.07370858431995166,-1.3793103857731666,-0.1200980673591563
68-04-2,Trisodium citrate,1.3239729511748934,1.3264260823379592,0.49634697601001,0.033677981223606976,2.6816641198206863,0.21224929723350117,2.282048504170647
68-11-1,Thioglycolic acid,0.42681870190126864,0.4406449873873496,0.4407651257464659,-0.9066191513773831,1.2484208887622017,-0.45942662581759786,1.2023735258288224
68-12-2,"N,N-Dimethylformamide",2.1698272362003252,2.161588444424808,0.26412438798572996,1.4397618703525028,2.828631929958364,1.6375205042540872,2.6532008946123953
68-22-4,Norethindrone,-0.4487444750035371,-0.4749776054199225,0.4523982988217349,-1.7115662595740289,0.9653407142090723,-1.2845443749803669,0.454711154337723
68-35-9,Sulfadiazine,0.03705702180419513,0.039910503752341925,0.2942758961184319,-0.5765265769492239,0.7665295965419409,-0.49247680138378647,0.6567262441360965
680-31-9,Hexamethylphosphoramide,1.4167037214604234,1.3612099152170538,0.4558136862234906,0.20762610809663012,2.396979692432626,0.5538361782780107,2.2129277954000712
68140-48-7,"1-[2,3-Dihydro-1,1,2,6-tetramethyl-3-(1-methylethyl)-1H-inden-5-yl]ethan-1-one",-1.0189510889853544,-1.0054107361792695,0.43214747467362136,-2.0737243098527687,0.46718881471306895,-1.859705940241333,-0.21697924335861954
68157-60-8,Forchlorfenuron,-0.254994126081747,-0.26071359074888534,0.28458393732191933,-1.1019729150681996,0.2878115186150548,-0.7935222307258729,0.24568383245734943
683-18-1,Dibutyltin dichloride,-1.0051181158331277,-1.0386266647924587,0.45759670800511004,-2.278812593019887,-0.07392696382194208,-1.8442441885233682,-0.2029502978387166
683-72-7,"2,2-Dichloroacetamide",0.8576180279684712,0.8541712510205473,0.39483386807533205,-0.027339127908046153,1.8863570118542392,0.10712098308841708,1.6449534522163156
6834-92-0,Sodium metasilicate,1.1416706136687795,1.1460446660974157,0.3600007749725575,0.1289693789049796,2.047080532111538,0.3173954669089279,1.7975931093713977
68359-37-5,Cyfluthrin,-3.861032207465773,-3.8542734273197086,0.13181178190679024,-4.187816491741817,-3.6031153678778804,-4.153501667740471,-3.6231242833806867
68392-35-8,4-Hydroxytamoxifen,-1.5091831795387476,-1.524778592715838,0.5394698107072644,-2.64985157147518,-0.09938711367073694,-2.437744455270274,-0.5089683849553266
685-91-6,Diethylacetamide,1.359566444410718,1.3624629413421196,0.4024574943180904,0.3914067656361279,2.194481291209437,0.501615423632956,2.107372695899784
68694-11-1,Triflumizole,-1.0888831503002745,-1.0545321906187635,0.2207293491042746,-1.644091280858663,-0.5482970098487531,-1.5664262195727174,-0.6739647054468418
6876-23-9,"1,trans-2-Dimethylcyclohexane",0.21929187024610158,0.2666377560205402,0.5028219129433849,-1.128232548124085,1.3692726851775374,-0.888423643806313,1.2751673888556498
688-73-3,Tributyltin,-1.6433963428309584,-1.695936343761236,0.6945896299665781,-3.220324998304704,-0.2234314891529879,-2.7890426768447685,-0.2590017375448309
69-05-6,Quinacrine dihydrochloride,0.10761698117990721,0.17228437215422898,0.4147728956906208,-0.8582644860683547,1.0005497845029452,-0.7829060953463675,0.7630000547255285
69-53-4,Ampicillin,-1.296000203827792,-1.2870646286112846,0.4710350195217528,-2.3405601316181692,-0.145683232596493,-2.15713001201962,-0.44704851141591057
69-72-7,Salicylic acid,0.8515134385184598,0.8657803836137559,0.3941274382637126,-0.047602463473540614,1.913728968838833,0.023668636382050745,1.6363443510399347
69-93-2,Uric acid,0.7870264923969637,0.7789444855197625,0.6840866093488741,-1.080632529437713,2.4599567781833387,-0.5614270387561352,2.0660719024690075
69004-03-1,Toltrazuril,-0.8835633565296994,-0.8416738743580592,0.5901361475296321,-2.787546092314001,0.5311574522240458,-2.065512423031365,0.18811932265512615
6921-29-5,Tripropargylamine,0.8497427824484938,0.8751661008069922,0.3409977350472097,0.007415662960649131,1.663360573724048,0.1868417937916065,1.4964567356271758
6923-22-4,Monocrotophos,-0.5843159936342195,-0.5875349376168547,0.1912896775621714,-1.002770659123565,-0.059171292939518214,-0.9247554199597033,-0.21796156586476592
693-16-3,2-Octanamine,-0.12942314846747716,-0.10468269481924358,0.3764048716727398,-1.0222719449958866,0.6712079145598014,-0.8347908169084314,0.5320067683506885
693-21-0,Diethylene glycol dinitrate,0.9847399301454877,0.9923203132499805,0.37076062708888424,0.12060973815420176,1.7979306124411614,0.34522962860662887,1.7175193839545142
693-54-9,2-Decanone,-0.39896196522925004,-0.36342263523498564,0.38909078912153144,-1.3066003400868753,0.37392474928154595,-1.1775569302885394,0.2049734431788061
693-58-3,Nonylbromide,-0.5902269611474741,-0.6574196114194993,0.45844598740682946,-1.7916305243990032,0.5529868281338632,-1.499619393451872,0.3755244238384358
693-65-2,Pentyl ether,-0.24373095500562067,-0.2791315921437738,0.3878773744733235,-1.573194485050976,0.7373107553750919,-0.9214303350268177,0.5110583728006879
693-93-6,4-Methyloxazole,1.330380067042236,1.4049917929224245,0.4056027964986381,0.03173572574337756,2.172046477246579,0.46894235667251694,1.9954321392919065
693-98-1,2-Methylimidazole,1.0858002589727527,1.0647910189070195,0.39490279987264065,0.2845110098735894,2.185978636134588,0.2938398557545708,1.8528847448688215
69327-76-0,Buprofezin,-0.7774686231790795,-0.8256810301863302,0.3900511771434613,-1.817509792983394,0.3808062404336988,-1.5914475141331454,-0.06524438294588339
69377-81-7,Fluroxypyr,-0.0982420324555215,-0.10702051490066583,0.28548622590635947,-1.023560332419344,0.4546767292050221,-0.6032772601009294,0.39741612003066684
69409-94-5,Fluvalinate,-3.517016136058213,-3.5081018162295012,0.2503603782451809,-4.132705403175385,-2.9557525995547045,-4.0259304964921645,-2.990738983991381
6948-86-3,"N,N-bis(2,2-Diethoxyethyl)methylamine",0.5756087702551003,0.5961359341459866,0.4696998029986791,-0.5287882005171819,1.5122617618435705,-0.33334237682165907,1.3391412886424567
69500-29-4,Bis(o-isopropylphenyl) phenyl phosphate,-1.0548474617657322,-1.0160164630340693,0.5690012748197117,-2.2075126639260834,0.3875529006738401,-2.140398732707157,0.028456747911303336
697-82-5,"2,3,5-Trimethylphenol",0.2048886710513199,0.2719628658800771,0.4362133754747795,-0.8188959423990838,1.0179683029477375,-0.7658173109154947,0.966233759191533
6972-05-0,"1,1-Dimethyl-2-thiourea",0.8346201911474658,0.7708531543365738,0.5854642892009201,-0.27911280583371806,3.0766800661360256,-0.17237643357088492,1.9836550216926396
69723-94-0,1-Benzylpyridinium 3-sulfonate,0.8596742308670541,0.8726472997673265,0.4505263883006059,-0.2610652644998014,1.85843645403697,-0.0789417712034087,1.7852363879874729
69770-23-6,3-(4-tert-Butylphenoxy)benzaldehyde,-1.1261859140419006,-1.172275235438414,0.46385119564301064,-2.134761511000324,-0.04234094958657267,-1.9894576084944553,-0.19471527648182102
6980-18-3,Kasugamycin,-0.2758374687550714,-0.18149000694884704,0.5512101427181567,-1.7369190326312018,0.8992879291333712,-1.57152389333038,0.6585177982815377
69806-34-4,Haloxyfop,1.0957064184572198,1.0444444898069372,0.2966484624804508,0.2631527959691446,1.8759654748193073,0.6219663205646828,1.6774639580669957
69806-50-4,Fluazifop-butyl,-0.8199449841186746,-0.8475044769447272,0.2965570671313818,-1.6655451682768723,0.02753421966610052,-1.3528461527711455,-0.17096017099980124
6988-21-2,Dioxacarb,-0.0773537799530969,-0.07910835047514081,0.3304509154618291,-0.8364649202183313,0.6316002446733416,-0.8092744118309734,0.5016965827188613
70-30-4,Hexachlorophene,-2.3200909317197222,-2.3612026502636323,0.3363621278830403,-3.1341521139991944,-1.4552955211689762,-2.897743196989343,-1.6267813363089616
70-38-2,Dimethrin,-2.0477595838756772,-1.9974090758642493,0.30510214954519566,-2.820661712945528,-1.4923176108411935,-2.6526677345476366,-1.5780709969072404
70-69-9,4'-Aminopropiophenone,0.5545357088028475,0.5661454749614204,0.3714132270040799,-1.144103046106664,1.439764378586996,-0.15883251829105677,1.3476387425654799
700-38-9,6-Nitro-m-cresol,0.35361537263617593,0.35140450970928305,0.3107674734014695,-0.37963826774448556,1.0240272602975333,-0.219179853123769,0.9291009039171818
700-58-3,2-Adamantanone,0.5554648812487921,0.5243680385917993,0.45752883201973293,-0.4464467077600523,1.574072581244298,-0.3683536427877583,1.432990776694072
7005-72-3,1-Chloro-4-phenoxybenzene,-0.6508778474236543,-0.6583678165322064,0.34685914131329737,-1.6323619451620452,0.09330645052771207,-1.3119103012344573,-0.04587779399605749
701-82-6,"Urea, (3-hydroxyphenyl)-",0.5564223008272393,0.5520689213109529,0.4627509481181286,-0.3660826954851606,1.9469775253861277,-0.22963165272643193,1.5095338223671801
70124-77-5,Flucythrinate,-3.7463931827232244,-3.760101352617876,0.1996686582531377,-4.178287703347176,-3.1704462964752316,-4.141937185064885,-3.3574895014389785
70161-44-3,"N-(Hydroxymethyl)glycine, monosodium salt",0.7052071603163763,0.7668967417511886,0.3623984054018449,-0.15824536623148386,1.5141611640237458,-0.0710290262655204,1.3929353715228148
70225-14-8,"1-Octanesulfonic acid, 1,1,2,2,3,3,4,4,5,5,6,6,7,7,8,8,8-heptadecafluoro-, compd. with 2,2'-iminobis[ethanol] (1:1)",-0.2880647685404544,-0.3116749078722375,0.4898666252703695,-1.7042213665034096,0.8377185257400086,-1.3156426975849846,0.4931840291621095
70343-06-5,"Benzenamine, 2,6-dinitro-3-methyl- (9CI)",-0.07143677475761581,-0.11592429693247837,0.34132256467023275,-0.7217978389842062,0.7315563103542074,-0.6640712826764334,0.5354697877315976
70458-96-7,Norfloxacin,0.27369225085495363,0.38747311525962924,0.4714770920421806,-0.9453994421373588,1.020843950015513,-0.7866613128412855,0.9806907659053766
706-14-9,gamma-Decanolactone,0.03682812540403787,0.058122050113776975,0.39242846461191566,-0.8970758485715457,0.9716442833565604,-0.7057409494661455,0.6949764073575853
70630-17-0,Metalaxyl-M,0.42888488911682776,0.4690780090474489,0.34225351697667894,-0.3744652000213787,1.1121426762940205,-0.2008179247386862,1.0203770070460814
708-76-9,"4,6-Dimethoxy-2-hydroxybenzaldehyde",-0.40711213881108654,-0.4056445451154082,0.4483578965789005,-1.627065038932562,0.4536833366526255,-1.3914609205477964,0.3858571059344492
70887-84-2,"3,4,4,5,5,6,6,7,7,8,8,9,9,10,10,10-Hexadecafluorodec-2-enoic acid",-0.19833976519110258,-0.21291402946286295,0.4055479732812132,-1.157177639868593,0.7627758000182484,-1.0237356315840391,0.5724143008913698
709-98-8,Propanil,-0.4319489988164657,-0.4265524602589068,0.09239655953790264,-0.6506556857502274,-0.21434289823063984,-0.6111083988013387,-0.2612370589294267
70901-12-1,"Glycine, N-(phosphonomethyl)- potassium salt",0.21279125120561268,0.21236331186851992,0.5174001364493093,-1.1329716427824115,1.420030757973454,-0.7934548022105967,1.08469088668188
71-00-1,Histidine,0.9940306256686188,0.9798362221171899,0.5852123358975976,-0.7268522827965788,2.157519409685595,-0.1759421644086962,1.9730907848423969
71-23-8,1-Propanol,1.936972359929646,1.94105087908143,0.1513316409771569,1.5991359073920806,2.267905127146842,1.6500661758880115,2.18858707702104
71-36-3,1-Butanol,1.6916708205716262,1.6881418837894382,0.11203881998515672,1.4439896664492535,2.033903687198818,1.4566600470357483,1.8845692994352075
71-41-0,1-Pentanol,1.3146982310765027,1.3109893692829648,0.13410999848334057,0.9580116273224901,1.6541179610470003,1.0804842713817695,1.5568636928225668
71-43-2,Benzene,0.7630449974043491,0.7588240477070624,0.13195878110724157,0.4593282935230066,1.0830477789542785,0.5578891945911137,1.0048174625002912
71-44-3,"1,4-Butanediamine, N,N'-bis(3-aminopropyl)-",0.07330677848510062,0.12196399613359896,0.549034506291879,-1.4224604109290895,1.3503805944236136,-1.0308637731589552,1.1323454333967382
71-48-7,Cobalt(II) acetate,0.44913311051845206,0.37019045799854894,0.4852774560039748,-0.7349870427565852,1.701791246391264,-0.31584101462798514,1.2838530301976692
71-55-6,"1,1,1-Trichloroethane",0.7855559113476503,0.8248680786184537,0.25774310971850617,0.2095637665342044,1.4266580677685654,0.2662398706333875,1.2152998547148608
71-73-8,Thiopental sodium,0.05448950634268012,0.08467518043317596,0.44397770538804054,-1.0899680644753937,1.1597433146153617,-0.8110216304781641,0.7795667082746495
71-91-0,Tetraethylammonium bromide,0.622759626676912,0.5853983742963399,0.4825967085728194,-0.4410848904847061,2.091592473267897,-0.05351028257696776,1.5167751363545796
712-48-1,Diphenylchlorarsine,-0.9319477966341381,-0.8386119394837604,0.42383447379720435,-1.9907427020340687,-0.1661681656445611,-1.7924789785853001,-0.221676864532577
71283-28-8,"(2R)-2-[4-(2,4-dichlorophenoxy)phenoxy]propanoic acid",-0.7899996091863305,-0.702866538465744,0.5370301730976562,-2.0932149922763186,0.3925952275326688,-1.8803870182771134,0.12988333134853058
71283-80-2,Fenoxaprop-P-ethyl,-1.0322121493504683,-1.0688144089782203,0.2637144730730596,-1.7850897603267315,-0.274438800842433,-1.5312710133552851,-0.5906712264825951
7149-79-3,N-(3-Chloro-4-methylphenyl)acetamide,0.42177731306144906,0.4695488808153808,0.4157984148654765,-1.1202308795886498,1.2981822817273196,-0.43635965766875684,1.115856628362436
71561-11-0,Pyrazoxyfen,-0.9258716252720873,-0.9294072670070214,0.3977310037296663,-2.023631181269557,0.2020290232210213,-1.8843643690770573,-0.1629369955104289
71626-11-4,Benalaxyl,-0.5182376492190199,-0.4758838421508408,0.503817110616142,-2.446812244564523,0.3090861833489932,-1.5155384727721704,0.2389746639542734
7173-51-5,Didecyldimethylammonium chloride,-1.262738089777093,-1.2384922037325623,0.20514497942272264,-1.6799553505579978,-0.810387535618975,-1.6118884830742017,-0.8802619432312775
71758-44-6,2-(2-Chloroanilino)benzaldehyde,-0.3058085436585349,-0.2766411776894423,0.6048443713728298,-1.730376391021204,1.3513680153065075,-1.4000350250651634,0.6827475825989199
71862-02-7,3'-Chloro-o-formotoluidide,0.22726159106290056,0.1991825616532532,0.38688802628614183,-0.8965161861768152,1.5584617813234911,-0.5395332789981803,1.0196145077750174
72-14-0,Sulfathiazole,-0.028630492433183274,0.030361436611258393,0.48587304661117986,-1.210361323443998,0.7411549432845975,-0.9134856404791403,0.7083599361746268
72-20-8,Endrin,-3.352241944853908,-3.3492106996439555,0.10178200783833691,-3.6558686093229165,-3.1243722623440258,-3.576061168932372,-3.163796024930325
72-43-5,Methoxychlor,-2.4279030618953605,-2.4186505197696135,0.07097446795974906,-2.586248144725014,-2.260107793839844,-2.5701258915539196,-2.31068804995251
72-48-0,Alizarin,-0.6954925619517911,-0.6993281629909909,0.26322375948877125,-1.2455186105173714,-0.13395830927543775,-1.1530815217758585,-0.16983205984475047
72-54-8,"p,p'-DDD",-2.190670604880531,-2.187253865592748,0.1316235550145404,-2.4842193878867107,-1.8267117926180956,-2.446010196023361,-1.9637736713605554
72-55-9,"p,p'-DDE",-1.9123022814509876,-1.9396069236491034,0.29068194005141684,-2.543593128436388,-1.1841312996357092,-2.4354538145650793,-1.3891175191576541
72-56-0,"p,p'-Ethyl-DDD",-1.9849046699423456,-1.9399202019666233,0.4923338564619903,-3.0964039690948484,-1.06169697527119,-3.0126131525651907,-1.180924519192684
7209-38-3,"1,4-bis(3-Aminopropyl)piperazine",1.0530107733611762,1.0986731693861191,0.4587911506900963,-0.6131153840340688,1.9374974293030567,0.06411646994298086,1.8114706277663373
7212-44-4,Nerolidol,-0.6467991372049078,-0.659516311652451,0.3542486358236699,-1.3510384408928835,0.4608706904377061,-1.205768994942398,0.24054527691545685
723-46-6,Sulfamethoxazole,0.37134339001906286,0.3594384389161833,0.2660384417310221,-0.22180624824771922,0.873582000415618,-0.15616007066234983,0.827374936054692
7245-02-5,3-Methoxyflavone,-0.5552167170356969,-0.5315349153543996,0.39982999381923456,-1.5976763441332085,0.16265528046943878,-1.4290875815610793,0.124311368597831
72490-01-8,Fenoxycarb,-0.6580462128643829,-0.6532070125444198,0.22676791453886916,-1.2000346783148466,-0.10952403935944834,-1.0723243931562956,-0.1620346934144887
7250-67-1,1-(2-Chloroethyl)pyrrolidine hydrochloride,0.5247755055317234,0.4970646583825308,0.42679670223247335,-0.547951748591492,1.6349510478866545,-0.32463776060818067,1.3363143677556426
7281-04-1,Benzyldodecyldimethylammonium bromide,-1.1551468658389576,-1.1805107791619043,0.4330452934791429,-2.3038394421888033,0.02621661720192761,-1.9545040509183749,-0.26264907000761917
7286-69-3,Sebuthylazine,-0.5395229105854036,-0.5707036716617389,0.55002985296686,-2.2758320963575587,0.8677935459503133,-1.5782453177834481,0.628524470809359
7287-19-6,Prometryn,-0.7138885418964397,-0.7256419333494522,0.13488016732953334,-1.0426175543706446,-0.3798690268663922,-0.948266276585238,-0.44805694285626174
7292-16-2,Propaphos,-0.6138318984276332,-0.5533828714549387,0.4421560246517863,-1.6065938658289867,0.23424491180817714,-1.4177192355096633,0.21398734884777837
73-24-5,Adenine,0.4423520982011771,0.4799967293838969,0.5982621024500145,-1.1678978745881283,1.727334113508903,-0.7952969649558992,1.5631037251179902
73-40-5,Guanine,0.49469545300421786,0.5244215786497164,0.4873249065060824,-0.959054970447841,1.6635559461475211,-0.48720024680327895,1.359596969596123
73-78-9,"Acetamide, 2-(diethylamino)-N-(2,6-dimethylphenyl)-, monohydrochloride",-0.26194619914024847,-0.1350554218238244,0.6258013248524121,-1.75118822202359,1.209546964774526,-1.5715750719433235,0.8608496435630268
7307-55-3,Undecylamine,-1.0668341873343266,-1.0457392309408278,0.29821292317279063,-1.6851414338125597,-0.41720066052191124,-1.64536862682802,-0.5171140577390094
731-27-1,Tolylfluanid,-1.5485845907105347,-1.524716475935623,0.3395268905983915,-2.752571063716108,-0.7621493052403788,-2.1749836287584654,-0.8918042502415486
732-11-6,Phosmet,-1.642765152020899,-1.6387310275343798,0.14910601337034637,-2.0354219829058664,-1.323872842280698,-1.9434079935025537,-1.380062263861925
732-26-3,"2,4,6-Tris(tert-butyl)phenol",-1.6402014703177092,-1.624861928278821,0.4996912551904699,-2.801922108353549,-0.25045322453936514,-2.563599122762888,-0.6756582032011471
73231-34-2,Florfenicol,0.2938851088772099,0.3560213240480319,0.34406094843920704,-0.5603135539213226,1.4480204079787926,-0.3947834812137232,0.841158734118077
73250-68-7,Mefenacet,-0.933454931669156,-0.8509513753272934,0.5776995347946322,-2.5838017585027524,0.5636674137061679,-2.102921750047583,0.17944365485730002
73263-81-7,Ethyl 3-[(diethoxyphosphorothioyl)oxy]but-2-enoate,-0.9944139991646088,-1.0373496154840796,0.6836197317856144,-2.522441632246649,0.8605295779982027,-2.384862844322236,0.3379411540843336
7345-69-9,Sodium tetrathiocarbamate,0.15694342211086879,0.15509227237339016,0.44230534202794247,-1.082974594137518,1.110115136774312,-0.7458109169666927,0.9321883404157447
736994-63-1,Cyantraniliprole,-1.2491266503886516,-1.2169304152064488,0.29036094659549216,-1.9349157012515759,-0.40929318397569386,-1.8337441393092322,-0.7055457690400602
7377-03-9,"Octanamide, N-hydroxy-",0.18064564287090296,0.17716359629183231,0.4083956393873841,-1.0473212340208962,0.9631366077937883,-0.5971083743748481,0.8893702197327338
738-70-5,Trimethoprim,0.4699704735606865,0.44742850515375937,0.4041757058095425,-0.2537561228625892,1.602216232996272,-0.1950816905094315,1.3896316305384053
7383-19-9,1-Heptyn-3-ol,-0.29361738406166227,-0.30973136871948204,0.37454522877181695,-1.3478836858094516,0.6244149743495385,-1.1526601121168156,0.38684873197758596
7398-69-8,Dimethyldiallylammonium chloride,-0.38296738126759017,-0.3435689994860306,0.4102937511632388,-1.7594085576618648,0.7314574929019569,-1.1148824294900401,0.3939434745591188
74-11-3,4-Chlorobenzoic acid,0.08813599084164153,0.08359214871910471,0.48313426684298577,-0.9728038378504643,1.2685937899300055,-0.7880417718143186,0.9676798993544986
74-59-9,"Phosphorothioic acid, O,O-bis(1-methylethyl) O-(4-nitrophenyl) ester",-0.8481042548582726,-0.8165710515175364,0.3830675054282834,-1.6932422882378027,0.09212375323873043,-1.54865062164336,-0.06962052161327509
74-83-9,Methyl bromide,-0.31659944130579787,-0.21873142133414675,0.2998873871511642,-1.0894289312000838,0.17720959163132943,-0.8755609878677885,0.10121193529695799
74-87-3,Chloromethane,1.5981445854709093,1.6277380200720577,0.3439596595152166,0.6786900149920935,2.4274135560238403,0.87168043714395,2.2872313942518203
74-88-4,Methyl iodide,-0.4201276790994972,-0.4375861500688093,0.3356002452973912,-1.5168962148596408,0.3572992620348376,-1.0755856698073258,0.2715818059117201
74-89-5,Methylamine,1.5817698876807447,1.6286135347728523,0.32169120921612293,0.5597624335432724,2.122658943052191,0.8742164905555733,2.0290536668879384
74-90-8,Hydrogen cyanide,-1.3813386861507297,-1.4095905751251574,0.20576021433096517,-1.8750295646392732,-0.8250305792642421,-1.767770917748324,-0.9386303423293649
74051-80-2,Sethoxydim,-0.6797231526420401,-0.6499613561564466,0.3381754082883637,-1.6902735061121998,0.16731225988767026,-1.3643246602851598,-0.1054640436339919
74070-46-5,Aclonifen,-1.135923127610836,-1.1297630276435269,0.5252834274730894,-2.286592537174132,0.10287123793408622,-2.1697792787380066,-0.12614484534218245
741-58-2,Bensulide,-1.2541241660355846,-1.2694703649337566,0.20096268125156302,-1.7559286064129347,-0.8407655664735123,-1.596023187896025,-0.9321650320035911
7420-89-5,"1,5-Dihydroxy-1,5-pentanedisulfonic acid, disodium salt",0.19528197304190262,0.11506316559598077,0.6350322716180437,-1.1732123775392753,1.7075132876308967,-0.9299942977863429,1.4959654829768048
74222-97-2,Sulfometuron-methyl,1.5224765147388868,1.5742675155347818,0.42500379504037633,0.2876977525674682,2.4155050112584786,0.4932250882165941,2.281275109860785
74223-64-6,Metsulfuron-methyl,-0.33510165274222664,-0.36704468210363506,0.5460379841501142,-1.460000256424918,1.215912157889616,-1.3481570121260629,0.8903415999154359
74261-65-7,4-Azidophenylisothiocyanate,-0.6468878992507667,-0.6365209425297504,0.48741240738895386,-2.0337992755391485,0.47613028459938195,-1.7973045823209326,0.2737042767716782
7439-92-1,Lead,0.01624228151285577,0.026531659200862524,0.17057501630970112,-0.5426913517979999,0.39086072878358374,-0.3495839326825731,0.3068921055871963
7440-02-0,Nickel,-0.27507244304253253,-0.3005139423608087,0.17080009100444626,-0.5484501886340089,0.2100365454970444,-0.5427130045173808,0.17116796503128284
7440-09-7,Potassium,0.9904353961541723,1.0395772188258698,0.6464660324363929,-0.9525681460389228,2.4225020563785433,-0.31720802284085103,2.18353670857504
7440-28-0,Thallium,-0.1493318237395674,-0.131636539200191,0.20324431981413202,-0.7302364112560713,0.29822545352001933,-0.5922671902466221,0.17015334950946553
7440-36-0,Antimony,0.13022293116600653,0.15167335083382283,0.3243517793344145,-0.7206588762980315,0.9101500112372986,-0.5522816143203704,0.84405442035649
7440-38-2,Arsenic,0.09097015812840413,0.07636286118367817,0.27171983171057124,-0.46226516654034694,0.6393306692641862,-0.44289988574318495,0.6144049197750152
7440-43-9,Cadmium,-1.0136690770919023,-1.0139551163054599,0.1424275699801232,-1.3240143808908027,-0.7037015734932681,-1.263728831396319,-0.7900236041111298
7440-47-3,Chromium,-0.020554059593805588,-0.018359304153850023,0.13892467114197202,-0.3830944732554257,0.27216285032000614,-0.2966262079697376,0.2050181402076911
7440-48-4,Cobalt,-0.21593038183733163,-0.1872250297624805,0.4111090806642972,-1.3499785720886277,0.8690126041548486,-1.057362562137812,0.49365550723210283
7440-61-1,Uranium,-0.07812440986794181,-0.0702874570123507,0.25148144258330474,-0.6923176788848902,0.4427094694292093,-0.5630831319792433,0.3319811835342923
7440-66-6,Zinc,-0.3281179594798646,-0.31940197141132814,0.07818791091309923,-0.5390819514300506,-0.15009930202408875,-0.48259833378087147,-0.2159279028632565
7446-08-4,Selenium dioxide,0.10809890066221213,0.12372019741788443,0.20320209137609685,-0.3845863303941803,0.5616678595864066,-0.31548483181658804,0.503600545016413
7446-18-6,Thallium(I) sulfate,-0.6129003737901401,-0.5825684418457584,0.1153139499989879,-0.9279041131093736,-0.41718733089362675,-0.8727018920224315,-0.4331367857539611
7446-20-0,Zinc sulfate heptahydrate,-0.622134904499751,-0.6304067854189332,0.4877527924209955,-1.7829392818764969,0.8786946459363438,-1.5158854170307006,0.368178933408586
7446-70-0,Aluminum chloride,0.16496264640826408,0.17526260919705178,0.23212648768371383,-0.429071066721574,0.6406163963019912,-0.35358947736905616,0.5657959414545296
7447-39-4,Copper(II) chloride,-1.2111190541466443,-1.2154657822997392,0.06926289650992118,-1.3800496550653099,-1.017028414659113,-1.3505218547569593,-1.0917416602235668
7447-40-7,Potassium chloride,1.6641004395317731,1.6547454851170982,0.07491979868907402,1.5018557783485347,1.8428897873298928,1.5093266891747852,1.8015058564436452
7447-41-8,Lithium chloride,0.7730163031020478,0.7765858731744015,0.31794801598113076,-0.1726331975290834,1.3715822571049578,0.12656853412631644,1.3007770766509084
74610-55-2,Tylosin tartrate,-0.8744368150048158,-0.8061788412122801,0.49529050462213386,-2.444772255280623,0.5310725563040598,-1.8410565388897913,-0.023461292056165338
7487-88-9,Magnesium sulfate,1.8948382490345304,1.8819272450895066,0.248283238592284,1.323856586925556,2.560516759376325,1.4442916575459979,2.4544936801108923
7487-94-7,Mercuric chloride,-1.654504725311477,-1.6521990134038673,0.05418021706695904,-1.7761423979995112,-1.5018346968978389,-1.7500525940091538,-1.5618348456271798
75-00-3,Chloroethane,1.6458156289936827,1.6113018678243058,0.4871407613467075,0.42342018162636685,2.730654886830556,0.7381684024511359,2.5845625322580736
75-01-4,Vinyl chloride,1.0461505421384003,1.0691968839219312,0.3705198283230259,0.22658379167921353,1.9025599178955321,0.40509134773775696,1.7713348866728045
75-04-7,Ethanamine,1.359577012834883,1.4077853923791295,0.3492933161426065,0.5312595382187578,2.148282928968822,0.6339391929894579,1.9249096137733577
75-05-8,Acetonitrile,2.121322871614203,2.1804279913533966,0.28249983467796547,1.3715459576455429,2.756578924123563,1.4590566226746136,2.611168005743966
75-07-0,Acetaldehyde,0.6828111958403279,0.6664030242394033,0.2577245150296319,-0.005245519090725104,1.209997609379205,0.15636181432282237,1.1527168560430139
75-08-1,Ethanethiol,-0.2649217754138735,-0.31392749794191377,0.5163114311702006,-1.5649424422542253,1.1722435256258694,-1.2136588958395258,0.887255607163284
75-09-2,Dichloromethane,1.0008695132434116,0.9944518131640512,0.17062896316233842,0.6128732682323972,1.4311149605603133,0.6896696207358664,1.2984177753991606
75-15-0,Carbon disulfide,0.19994218858864204,0.24982847355810628,0.3240343808930614,-0.7877233416513546,0.7988604416829167,-0.4633885369837534,0.6888839734223099
75-18-3,Dimethyl sulfide,0.5632932167318533,0.4929484911378843,0.549892844367613,-0.6735132509446817,1.7814401849845152,-0.4875734797003617,1.6068639533575775
75-21-8,Ethylene oxide,1.015361949428635,0.946302909875206,0.29919696393453804,0.4349861387321128,1.779766196594099,0.49740053693506747,1.5821959608523826
75-25-2,Bromoform,0.4367135113274078,0.4311307642167238,0.1457841957381484,0.015286115189017966,0.7274170921921939,0.11904842876614813,0.6940780046186112
75-27-4,Bromodichloromethane,0.39077543315416596,0.43027489880936953,0.35783686168416606,-0.60357078081225,1.1849127720894461,-0.4402977609283326,1.0352895454789675
75-29-6,2-Chloropropane,1.0245278194041683,1.0521178166302818,0.34189469061320255,-0.038148342497546554,1.8270285183876351,0.4004840936838347,1.6945947855686132
75-31-0,Isopropylamine,1.4283085521145273,1.4164981038078857,0.2993933643368588,0.8135409970692867,2.274207230672525,0.9346957090669815,2.027594786826921
75-34-3,"1,1-Dichloroethane",0.5497626340112516,0.5421153892018886,0.6044921023166675,-1.4133014293816777,2.217842307283023,-0.5655007545136197,1.5818325377437472
75-35-4,"1,1-Dichloroethylene",1.1096857442548629,1.1096444046819827,0.21802195516971704,0.5250752758378623,1.671793880934714,0.6918373429603364,1.5452387324046761
75-36-5,Acetyl chloride,0.4859766119208683,0.46889476939417807,0.45526330758794853,-0.4888210472674034,2.0125639339718635,-0.23659223015207392,1.378163836518003
75-47-8,Iodoform,-0.8604908815240607,-0.8773214678476267,0.3431768126330516,-1.717974812786583,0.03468318693669509,-1.4908467025117165,-0.10361043768942049
75-50-3,Trimethylamine,1.5166005742633613,1.5356022756800694,0.40467058078716706,0.6301738990427537,2.3765879335917486,0.6810329167083266,2.1971390327078493
75-56-9,"1,2-Propylene oxide",0.7866310650988783,0.7805827634609507,0.32675404574328276,0.07483465467210294,1.4202939893670632,0.26605975357590744,1.3811617849992677
75-57-0,Tetramethylammonium chloride,1.1378203165644545,1.1813458882330303,0.45840820109312275,-0.023659599836604005,2.492703222059896,0.18545294627071754,2.0026295589881595
75-60-5,Dimethylarsinic acid,0.40863740695544304,0.42326422788755136,0.34765355915826557,-0.4571595638407528,1.1836496345446899,-0.239530559474515,0.9900953308716113
75-64-9,tert-Butylamine,0.9221436665197978,0.9353919741295479,0.46518830871185485,-0.6581716082274768,2.1286974558486564,0.09439910017544292,1.7995608998580304
75-65-0,tert-Butyl alcohol,1.7670831583152722,1.7568157890413842,0.41412207171754706,0.7623160890969427,2.6187545676551816,1.0097453901578535,2.5012779981290336
75-74-1,Tetramethyl lead,-0.37062002019737333,-0.37453044851141715,0.3174756685999929,-1.0805376722938562,0.6302215909791209,-0.9670717088686904,0.30228774645068446
75-85-4,2-Methyl-2-butanol,1.6090402414884597,1.6460312908557415,0.39243775768608796,0.5531114399169187,2.430955219839891,0.7392471459611585,2.2067877571423615
75-86-5,2-Hydroxy-2-methylpropanenitrile,-0.6677409644585076,-0.6710598815410931,0.33247709134422454,-1.3194660774627938,0.17903552875204437,-1.2329695352142973,0.038911180788282915
75-87-6,Chloral,0.5414853941413387,0.6235909780371938,0.48555427103630383,-0.8952199821398008,1.6013204185595964,-0.31756058823322364,1.3001488493524336
75-89-8,"2,2,2-Trifluoroethanol",0.7597826874690918,0.7995225947362947,0.47484799758281526,-0.8331651683970253,1.9114304604061585,-0.25538445795865994,1.4756038493820336
75-91-2,tert-Butyl hydroperoxide,0.6335437987139322,0.6775382506506306,0.34117675560501504,-0.31195628421595567,1.2693797104953717,-0.17718354356852162,1.1693536492840848
75-96-7,Tribromoacetic acid,0.8296469340540463,0.8419078711477911,0.2174366453486167,0.35451118245776525,1.388728106588323,0.413936889596803,1.2429926996256682
75-97-8,"3,3-Dimethyl-2-butanone",0.6902894113835878,0.6395588950140387,0.36547652099762673,-0.3151891639207179,1.5325871324990457,0.015258673171947474,1.4006830506064059
75-98-9,"2,2-Dimethylpropanoic acid",1.0725158466535367,1.0252776395945267,0.4234147481032084,0.036021687867309096,2.197393458692657,0.36199481882465956,1.9130950610939794
75-99-0,Dalapon,1.046369579738563,1.0885741023195687,0.2967290966342739,0.21379269638755635,1.7247609365854344,0.47960319760178394,1.5463458880751648
753-73-1,Dimethyltin dichloride,-0.1882785937088767,-0.09774790463465313,0.486578130902206,-1.1476411515733467,1.2197048797479955,-1.0512857898625525,0.6988699190702654
753-89-9,"1-Chloro-2,2-dimethylpropane",0.7291882171430852,0.7648111706592112,0.5621150589553213,-0.625803698358471,2.4858089299891883,-0.3170431923360516,1.744616043223494
7533-79-1,"Phosphorothioic acid, O-(2,5-dichloro-4-iodophenyl) O,O-diethyl ester",-0.28446875868627614,-0.2623852445483705,0.44622273754261477,-1.3905809238180706,0.5933096029721218,-1.156392554522674,0.45992965582057865
7542-37-2,Paromomycin,0.011069475309382945,-0.046834822717489295,0.6126034160723393,-1.2891873335819592,1.45834942475216,-1.015824918442152,1.2297244639345617
7553-56-2,Iodine,-0.7439059702028358,-0.7379524854618711,0.28053767317732375,-1.4193472859693947,-0.17055853277258626,-1.2725060533594723,-0.24044820688994345
7558-79-4,Dibasic sodium phosphate,1.7235864960621905,1.7450249538918023,0.5481067433935471,0.3845543570582893,3.040463487746909,0.7482951058861441,2.702825565282143
7558-80-7,Monosodium phosphate,1.0049947154444339,1.0720614377752125,0.45926184785126606,-0.22943213224431377,1.9364393289942814,0.15555534430029908,1.7870689755880442
756-80-9,"O,O-Dimethyldithiophosphate",0.17901124904945237,0.2198310157169469,0.40268655573587925,-0.9500543098377453,1.1135801070558535,-0.5173804445174294,0.8617934988498184
759-94-4,EPTC,0.15864791354935082,0.1564851272942616,0.08904380564687804,-0.034760676546684105,0.3853036642208548,0.0007152371864644177,0.3335682997037833
76-01-7,Pentachloroethane,0.15415225735474952,0.16043621305537842,0.24243251414693298,-0.5088467204690673,0.6837566919508024,-0.2526771876301878,0.6295076791231837
76-03-9,Trichloroacetic acid,1.2692242121399298,1.2598472145516633,0.24769546904474016,0.6673698191688175,1.926506374062739,0.7440155546077311,1.7261992246704223
76-06-2,Chloropicrin,-1.2662324973479828,-1.2622247232297323,0.29964459466223775,-1.9575466398670651,-0.5044042523867829,-1.8138276379090104,-0.6838188410486685
76-13-1,"1,1,2-Trichloro-1,2,2-trifluoroethane",1.2349756488417705,1.254429300913181,0.3866451721003515,0.16084697984537033,1.8826492838379316,0.47735830649805194,1.8270560349788967
76-44-8,Heptachlor,-2.0640567386695774,-2.061253193958934,0.07867268910335162,-2.243764626657142,-1.8864666176987153,-2.2292126441303277,-1.9107255531969927
760-23-6,"3,4-Dichloro-1-butene",-0.07588010322742698,-0.06103126023009408,0.47649967956338274,-1.4068059115509877,0.9385608711972094,-1.0872186282383378,0.8006877878804878
7601-54-9,Trisodium phosphate,0.9226009628630853,0.8640884094035965,0.40700965422771485,0.08724190409035172,1.9541865948620145,0.27089277659481376,1.8487022580009698
7601-89-0,Sodium perchlorate,1.4236051598002046,1.4551201403975915,0.3233757995835771,0.7479976928867342,2.119933427339457,0.8498818955154065,1.9393289116893275
761-65-9,"N,N-Dibutylformamide",0.5398792682378102,0.5622620978062208,0.42929148087777164,-1.020066577374364,1.6496979427206493,-0.28145592390241736,1.3607133043318929
762-75-4,tert-Butyl formate,1.078367213668976,1.052950850810349,0.5787362568027806,-0.360157487042833,2.906568633161561,0.005430505190982482,2.1799853638454194
7620-46-4,"Acridine, 9-isothiocyanato-",-0.7163914642010514,-0.6784436698444221,0.46300171902645215,-1.850633179092134,0.5720730592079386,-1.597562887041274,0.12030048433851961
7631-86-9,Silica,1.5450330493769138,1.5126823033916903,0.5169762559900917,0.6633129794856277,3.172639295927642,0.7244249227605281,2.621589727242806
7631-90-5,Sodium bisulfite,0.547059864733903,0.5765503022533074,0.24476763296516338,-0.14074937837287174,1.1330468587051332,0.05006786370101658,0.9302218354591699
7631-99-4,Sodium nitrate,2.1920451123822873,2.2060310358270847,0.09996264508894714,1.9655548849686477,2.373186355997803,2.0040232514299183,2.35353579149833
7632-00-0,Sodium nitrite,0.5324327112010032,0.542023341726437,0.16773055450711058,0.13873890609988002,0.9272977723963323,0.19262477235156217,0.856570363590483
7632-04-4,Sodium peroxoborate,0.47425943268654236,0.5282119370066138,0.4745400702413952,-0.5561160362525432,1.6137057295580581,-0.33440660040580406,1.3843231828530362
76330-06-8,"Benzaldehyde, 2,6-dichloro-4-hydroxy-3,5-dimethoxy-",-0.18194955413724795,-0.19813825975735144,0.5166943445670685,-1.4047486267141818,1.0503427897137394,-1.0810952383850423,0.8384142085191247
76341-69-0,2-Chlorosyringaldehyde,0.28956620707333786,0.3911271052628362,0.5734738432805568,-1.4892580565419078,1.4411872006603001,-0.8028909062656479,1.1621501499313183
7637-07-2,Boron trifluoride,1.9225547299439512,1.8852554861583894,0.4956321844774053,0.341042482973811,3.2518523162162762,0.7830887762073171,2.713778548411112
764-01-2,2-Butyn-1-ol,0.2240684800128681,0.26137754363180976,0.5482906202659344,-1.089142267008517,1.5483176836209955,-0.9672157131104777,1.1979285452786104
764-13-6,"2,5-Dimethyl-2,4-hexadiene",-0.19419665925884036,-0.1748629027190931,0.4232866113507395,-1.1866289396615106,1.2161855761512081,-1.1377276727129157,0.6351012475898165
7646-78-8,Tetrachlorostannane,0.7150610363329979,0.7764041263199202,0.2853508884560382,-0.11968618885846212,1.1507358676826838,0.08568439312502593,1.1297619481430954
7646-79-9,Cobalt chloride,0.12862433859028966,0.11865805271341688,0.1557913867706054,-0.2760595712054025,0.5053313162756502,-0.1623128991024949,0.46301368823356814
7646-85-7,Zinc chloride,-0.5197099567999747,-0.5130798592929487,0.06069994717404857,-0.6885982710284838,-0.3781223382607398,-0.6539095750805559,-0.42667710505859846
7647-01-0,Hydrochloric acid,0.9182765716449655,0.8890517732899657,0.3763798707402857,-0.09233287502849385,1.9016263525688228,0.15953954490516392,1.5598944098823897
7647-14-5,Sodium chloride,2.515419767456769,2.509605084406624,0.09587765589474623,2.238294755853031,2.7906884046009663,2.3328226304858957,2.708438252952498
7647-15-6,Sodium bromide,2.375571814459446,2.3663982532591397,0.2762890615258312,1.6916321792802524,3.2350894367118075,1.8494331970956566,2.9278207334302184
7647-17-8,Caesium chloride,1.061471521735106,1.0540300621692702,0.4304489946198804,-0.14073820431061654,1.8752936098396942,0.2994990796859935,1.7908724546726709
76578-12-6,Quizalofop,-0.6305904513631148,-0.6718380489581524,0.49577996954931014,-1.76876042873597,0.5977822435514563,-1.5162915050872035,0.276241817023568
76578-14-8,Quizalofop-ethyl,-0.8313072819035944,-0.8189643660434047,0.25726310931768875,-1.5738249226743757,-0.21144225148027976,-1.3123702754879865,-0.3390851603541755
766-51-8,o-Chloroanisole,0.21366449407713867,0.23024455802843977,0.4001354631703291,-0.5984652889648852,1.0445055309062103,-0.5216654372188743,0.928526233019765
7664-38-2,Phosphoric acid,0.8479815654645044,0.8626846776576201,0.3486674164857517,-0.10043272489615414,1.5373605356000806,0.15278698700182433,1.5155470157287247
7664-41-7,Ammonia,0.2853125398989133,0.27545450268120986,0.1295461743605675,-0.043864000148254555,0.6090325126885011,0.04599064113579835,0.565858643650222
7664-93-9,Sulfuric acid,0.7217087951550303,0.7131210754574763,0.21937408744266998,0.237290583565167,1.225534316210476,0.2964206763762785,1.1101160664438747
76674-21-0,Flutriafol,0.010773327531789181,0.07581679453980007,0.30544390547884903,-0.7870243996216213,0.60859933956296,-0.6865939148263454,0.49048830278843397
767-00-0,4-Hydroxybenzonitrile,0.3838004689756555,0.3957813600225134,0.36388491891825353,-0.47610253578750256,1.0299777844214746,-0.3719917240445383,0.9572691076222096
76703-62-3,gamma-Cyhalothrin,-4.160574234182796,-4.1856176250176595,0.2227867642026115,-4.683920426155912,-3.5855880602444685,-4.591028883407542,-3.6910060838426
7673-09-8,Trichloromelamine,-0.4510390681533651,-0.44265483936688743,0.29146530176052204,-1.3821563945443092,0.13612504542065548,-1.1451494075642326,0.10074768841172525
76738-62-0,Paclobutrazol,-0.013806602607616857,0.027521273664046213,0.2723493035014526,-0.7293682682491701,0.5210915637288753,-0.5390279078335797,0.4631705628015462
7677-24-9,"Silanecarbonitrile, trimethyl-",0.30589991890707213,0.29703665732293116,0.6182550666876838,-1.5880626669196796,1.6750985713105526,-0.8930960667628816,1.3851769377081327
768-52-5,N-Isopropylaniline,-0.04051191589475616,-0.0575968201039728,0.4864310526520656,-1.7635812305521008,0.9803542778411902,-0.7645207234332004,0.8855395132434044
768-94-5,Amantadine,0.2428138155273713,0.21818038453404393,0.33942517037286657,-0.5834997483973413,1.0846507610411251,-0.3977007602617626,0.8951534025873391
7681-11-0,Potassium iodide,1.4519198195391858,1.4838978898882247,0.47159457134161553,0.35200699826392007,2.5237112291477635,0.4978596823967488,2.3304075551157912
7681-49-4,Sodium fluoride,1.577886799918322,1.5973775837082083,0.1406140933317779,1.2043985032513502,1.9038461478091626,1.3158046069529927,1.823470749456854
7681-52-9,Sodium hypochlorite,-1.192250831886782,-1.1931155307293375,0.09036958019217804,-1.4067112957441834,-0.9809434482982492,-1.368781355135194,-1.0209543842399087
7681-55-2,Sodium iodate,0.8670815087601922,0.8210587803184537,0.3518383405917835,0.16115052698845592,1.9480840100909629,0.2349376370134796,1.606445057640022
7681-57-4,Sodium metabisulfite,-0.03555312261720379,-0.031564291114130526,0.41003743738153176,-0.9603968536486571,0.9865051301034237,-0.7336838683433149,0.7750160673322642
7681-82-5,Sodium iodide,0.7904050153598372,0.795304256368504,0.39707801690135797,-0.12072555449227747,1.6130059011983207,0.08584802381528758,1.4849204365592032
769-28-8,"3-Cyano-4,6-dimethyl-2-hydroxypyridine",0.7231516620474997,0.721507103922387,0.4209140767667285,-0.6181857590913262,1.8420612312763396,-0.141897428495434,1.4427608581884765
7696-12-0,Tetramethrin,-2.0018382985438787,-1.9682765264367652,0.2994708948494423,-2.7396644235747933,-1.252013651116958,-2.6652249331489224,-1.5162140989838884
7697-37-2,Nitric acid,0.9276429729634538,0.8445683416443368,0.3421090050919577,0.42751243674691386,1.7572485646116642,0.44659052773916336,1.7034297666723197
7699-43-6,Zirconium oxychloride,0.46730475677518446,0.47323963516650286,0.405675985064035,-0.8614804003186173,2.095297505985761,-0.21645056822295433,1.2049473746002899
7699-45-8,Zinc bromide,-0.39840855419975035,-0.3434964371974377,0.4674364468973813,-1.7596097543778688,0.8802813352250827,-1.2751590339291805,0.3370278310868546
77-06-5,Gibberellic acid,-0.30003512842079694,-0.3115761367300359,0.5599988881895278,-1.506315327610486,1.253103332888285,-1.3498119642805269,0.7696146124684131
77-09-8,Phenolphthalein,-0.40937829345979226,-0.39819912647017525,0.45692925738740736,-2.0238325774229224,0.6063499863136267,-1.5781484982300558,0.47005154976964636
77-47-4,Hexachlorocyclopentadiene,-1.5687164070055426,-1.5521319828925624,0.24310456373521094,-2.2155243010037458,-0.9701956679820337,-2.0863599461159197,-1.1339955990842985
77-48-5,"1,3-Dibromo-5,5-dimethylhydantoin",-1.0180795208158024,-1.0397707577765387,0.33207963978359567,-1.7785334410842133,-0.16669619704663696,-1.5867679952330134,-0.3523153378706019
77-58-7,Dibutyltin dilaurate,-1.7676177640825785,-1.7417986825029914,0.3261017595861978,-2.6123523021346964,-0.945205325183423,-2.3858616340023677,-1.2135211792804441
77-71-4,"5,5-Dimethylhydantoin",1.5550715370922694,1.5595458949353107,0.558903478711404,0.2441120142352951,2.7383867410714817,0.4401684489934635,2.514384497972405
77-73-6,Dicyclopentadiene,0.020501195760973045,0.03789638404280202,0.17028241159819318,-0.3701184472120504,0.36217348467402993,-0.32680457931597245,0.2995442880302561
77-74-7,3-Methyl-3-pentanol,0.9688740690971734,0.9872847807690499,0.4624904299910277,-0.5310369008437114,1.902141108508105,0.0452618672853497,1.7390178914736754
77-75-8,3-Methyl-1-pentyn-3-ol,1.7917943895437534,1.8001854011413405,0.14829087393377877,1.5018596555516417,2.1234640026129608,1.54462677789698,2.0907027551089925
77-78-1,Dimethyl sulfate,0.19178832074989752,0.18143266927260757,0.37459508359729576,-0.7051452517810463,1.1305277395077786,-0.5602095570037081,0.9999143314761115
77-92-9,Citric acid,0.8096029005193364,0.8202449232254695,0.3105744476783375,0.05511041681525846,1.636117096688325,0.24538455728204858,1.4487713848941413
77-99-6,"2-Ethyl-2-(hydroxymethyl)-1,3-propanediol",2.0628840457189868,2.0630525434555924,0.2849034284821967,1.3935752011355729,2.6651879956209386,1.517490534072132,2.6205029140725293
7700-17-6,Crotoxyphos,-1.1721004923464406,-1.1813167275592402,0.1805975533762457,-1.6504219499318171,-0.8342948484127843,-1.502603033240999,-0.8612417036599813
7704-67-8,Erythromycin thiocyanate,-0.06280683099063462,0.05376088836492353,0.6025875580845681,-1.9362354954230334,1.9561986415036448,-1.3646271348525918,0.8822788419767524
7705-08-0,Ferric chloride,0.3988995572475808,0.38723608509098084,0.16497459999112926,-0.051166041410038034,0.8112456131514526,0.1274365023925632,0.7411729723483187
771-60-8,"2,3,4,5,6-Pentafluoroaniline",0.03659061018793234,0.12061193364031275,0.43416754811045977,-1.1295411380352423,0.9143536549110041,-0.7956168174771342,0.7244926144154684
771-97-1,"2,3-Naphthalenediamine",0.22161749547074946,0.2366227994556212,0.45858461531839134,-0.9010358274129027,1.2671830389603103,-0.7455784619675534,1.026287415077083
7718-54-9,Nickel(II) chloride,0.032040743084445274,0.03191390631060971,0.11773564075136557,-0.30142318762984527,0.34122610735582826,-0.1692700869207787,0.23804545241760286
77182-82-2,Glufosinate-ammonium,0.27866926239602174,0.2906971667155305,0.3208659894793333,-0.522975614343368,1.1807372450042304,-0.3140473645906404,0.8796456962858783
7720-78-7,Iron(II) sulfate,0.27331122247372297,0.25428744116615626,0.16946885717111831,-0.18223588557681095,0.6667784919642199,-0.01717454434705146,0.626706438955966
7722-64-7,Potassium permanganate,-0.6751892061779741,-0.6720705868935959,0.0814842698494621,-0.8554681123732266,-0.5080383544497004,-0.8285021232620944,-0.5391760343781793
7722-84-1,Hydrogen peroxide,-1.0549782760730921,-1.0410773049298165,0.20924726458373621,-1.640907783516141,-0.48364720944567663,-1.4109022557098945,-0.6031776362246981
7722-88-5,Tetrasodium pyrophosphate,0.6386062144544737,0.6763714138860621,0.20821708052289792,0.0888781125295985,1.0511410799383047,0.23294516686962985,1.0120261609442003
7723-14-0,Phosphorus,-2.2164137763857474,-2.2263169615290535,0.2694298740016489,-2.6937760187442863,-1.5219652337416611,-2.66443983056033,-1.7385250353556339
7726-95-6,Bromine,-0.6251841991712557,-0.6244186025693634,0.383031300585976,-1.5021113452453925,0.3762763347579823,-1.3775984920219675,0.06620645053445734
7727-21-1,Potassium persulfate,1.0451461971612575,1.0206060928024785,0.25737018968936537,0.4959703370649561,1.5529701798730056,0.5796408991545573,1.5221629514579917
7727-43-7,Barium sulfate,0.7208119126142303,0.6876706172872502,0.3982008848342612,-0.08134549182216218,1.6368308339527333,0.04303379259360908,1.520601678990156
7727-54-0,Diammonium peroxydisulfate,0.8460365569299381,0.8483348815992928,0.3179853101727271,-0.32864370670573867,1.5225782726967547,0.30214429890257416,1.3701264376254076
7727-73-3,Sodium sulfate [USP],1.6192435206766813,1.6511632072824052,0.5751964511127358,-0.27098164986191603,2.9034378472291045,0.38797455850156176,2.6096028120578696
773-64-8,"Benzenesulfonyl chloride, 2,4,6-trimethyl-",0.535569493679552,0.5169291836843406,0.5546524268579461,-1.0262132122828382,2.0674289651340967,-0.583882424558633,1.4143797468252435
7733-02-0,Zinc sulfate,-0.2964298799057745,-0.31801622745054914,0.09604851886381403,-0.5362424071560883,-0.08446515294955838,-0.44292620511703823,-0.10843466265080805
7745-89-3,3-Chloro-4-methylaniline hydrochloride,-0.03605904002816909,-0.0251360336684689,0.29840218776363514,-0.83676755591298,0.7730599978766086,-0.6146923192779576,0.5559834293241535
7747-35-5,"5-Ethyl-1-aza-3,7-dioxabicyclo[3.3.0]octane",0.8469468366364649,0.8495037584364026,0.3659319294035403,0.08763094111700412,1.8004152698365232,0.16794292991698723,1.5285691048179666
77501-63-4,Lactofen,-1.0752025056623875,-1.084682074962663,0.387922886170484,-1.9714224750276128,0.04281012898904171,-1.8360345305937413,-0.34104913763991035
7757-79-1,Potassium nitrate,1.4945745489613715,1.5020680931525474,0.19071852222775387,0.9987828414213749,1.890459182425399,1.0898719917352655,1.8435159648738542
7757-82-6,Sodium sulfate anyhdrous,2.3897878363612493,2.397357339256594,0.11015814203018796,2.052931990224165,2.6156041219577997,2.147068823994984,2.578832295460122
7757-83-7,Sodium sulfite,1.1690584222455969,1.2194619906831563,0.3272727330153927,-0.06208197551380448,1.8209404384862955,0.4873990990292213,1.701954517292424
7758-09-0,Potassium nitrite,0.12334220184093317,0.13924150580212635,0.36598787835202407,-0.9390672194745191,0.7838018165291519,-0.6562207814762825,0.7248952667696813
7758-11-4,Dipotassium monohydrogen phosphate,1.3901778982523956,1.364213686720441,0.39621809467080454,0.23782737760200376,2.440780627524409,0.5607558795268897,2.187396364435401
7758-19-2,Sodium chlorite,-0.025394209828709643,-0.024092733289147454,0.3375624063814335,-0.915785194841026,0.9556687705658442,-0.6516289192515952,0.5592801644888279
7758-29-4,Pentasodium triphosphate,0.4673463036909724,0.4491959291187937,0.358744187128779,-0.3043469306264062,1.1635348612860248,-0.21135113275552547,1.1123299255485692
7758-89-6,Copper(I) chloride,-0.8358737536846287,-0.8378619678523755,0.17590772164952717,-1.3613082132096384,-0.4516431869060653,-1.1348372956781592,-0.48978981155392876
7758-94-3,Iron(II) chloride,-0.15053456194262593,-0.05302541649417358,0.39728609308621965,-1.1216606153154547,0.5885550343771734,-0.985478333891131,0.4153433315228457
7758-95-4,Lead(II) chloride,-0.4446327745766993,-0.4505695412440743,0.18172893477167054,-0.9209001363246013,-0.04006120632706472,-0.7883255431418807,-0.10854432602605976
7758-98-7,Copper sulfate,-1.108744909659495,-1.1044619640448154,0.049462628919926394,-1.2315038935597156,-0.9883405544261931,-1.2076718658318766,-1.0197427899106875
776-35-2,"9,10-Dihydrophenanthrene",-0.48002197498570676,-0.42479891561158545,0.5014025583800259,-2.048162061427765,0.6451000035073841,-1.5266768432857194,0.4234126978367114
7761-88-8,Silver nitrate,-1.9749720936313566,-2.0072657186768508,0.1601668510447013,-2.266575219680441,-1.5726712535388596,-2.252522454549289,-1.6729920651944634
7772-98-7,Sodium thiosulfate,1.6717923592696353,1.6948311117410597,0.4241781327582452,0.5650848005541055,2.709239174185603,0.7588701247967052,2.315292436081496
7772-99-8,Tin(II) chloride,0.2546190803070574,0.32024298075976926,0.25317752325848214,-0.4079033833968429,0.8092001997217708,-0.2604611585048109,0.675468890360173
7773-01-5,Manganese(II) chloride,0.6905050800195017,0.6739373420721957,0.12571209120338286,0.43390114582442757,0.9823458274654348,0.4436139561109085,0.9553412160121579
7773-06-0,Ammonium sulfamate,1.5430160463627525,1.5733570697444201,0.20214557793849552,0.9461926649183268,1.9192204530908457,1.1182380736526247,1.8742449636362202
77732-09-3,Oxadixyl,0.26692095520819126,0.23694802836277165,0.47400273777177776,-0.8955871595717411,1.5727284631487721,-0.5836057716852983,1.202068449194763
7775-09-9,Sodium chlorate,1.627176158637613,1.7062852301843607,0.225640670470051,1.1660692175150091,2.0064844711511918,1.200146462242454,1.9755234905924277
7775-11-3,Sodium chromate,-0.01197972066675993,0.0027412359220251137,0.152929732880549,-0.4206058386827095,0.24761831042008103,-0.31578992614155,0.2361674801683926
7775-19-1,Sodium metaborate,0.5339333383973774,0.5281823275400266,0.4323475281093412,-0.5486194329898626,2.053777195102431,-0.31614850797100064,1.3377007417352336
7775-27-1,Sodium persulfate,0.9879121915202819,0.9789944821284882,0.3118813626660195,0.17117404439356848,1.75561685209713,0.32215112515058675,1.6398131472801922
7778-18-9,Calcium sulfate,1.4216443617370413,1.3764749739598872,0.40235854054771997,0.5729132870388,2.411322207589346,0.7544575627552262,2.08627003592772
7778-39-4,Arsenic acid,0.5291635390941472,0.5359407616151315,0.25864976113652505,-0.11514251193761493,1.156529835549028,0.017095231926495078,0.9810071230441441
7778-43-0,Disodium arsenate,-0.3149197615607557,-0.28402597147286535,0.2873286635980848,-1.1244588761217167,0.253973607984536,-0.9217008151816581,0.2034385962264307
7778-50-9,Potassium dichromate,-0.40606198510323127,-0.40817366354722057,0.06517406168907251,-0.5719981179061409,-0.25249838195378776,-0.525166209511808,-0.2808544972514404
7778-54-3,Calcium hypochlorite,-1.1802026554699732,-1.1759487193515352,0.11729337744889255,-1.5905348195188003,-0.9383159290885924,-1.4985980768396263,-1.0003530465317114
7778-73-6,Potassium pentachlorophenate,-1.239934830241079,-1.2917529593179533,0.4237156704383275,-2.1917837986697792,0.02173474645572347,-1.845879740816429,-0.2510312749319939
7778-74-7,Potassium perchlorate,1.2491814596108668,1.276109995650697,0.6652559832910382,-0.23503629528244452,2.945339273988566,-0.0016497475986687643,2.500105327807097
7778-80-5,Potassium sulfate,1.7593057284207934,1.7428793121909791,0.26361455100281483,1.18386334995699,2.331912965289689,1.2327967042513341,2.277068882752796
7779-27-3,"1,3,5-Triethylhexahydro-s-triazine",0.36071938357024963,0.35448903556620304,0.28581015772359464,-0.252929404840021,1.000474340870001,-0.17261466095179567,0.9203188719363533
7779-90-0,Trizinc phosphate,-1.425670795951228,-1.4571499985381582,0.3948072864704904,-2.4611049071244513,-0.4150742325101334,-2.1314416971426784,-0.6480644393919328
7782-50-5,Chlorine,-1.130959923086987,-1.0773409949439703,0.17872156914151618,-1.4852276803490236,-0.8381622558729614,-1.4578604693868753,-0.8821120308794941
7782-86-7,Mercurous nitrate monohydrate,-1.3318536947207196,-1.3290046323177886,0.43252125901405825,-2.5125989375558135,-0.38784752908254116,-2.1996309085114345,-0.5075956043454948
7783-00-8,Selenious acid,-0.11533234085895268,-0.11630484786870979,0.24977736977238027,-0.626980738588716,0.33052650945477347,-0.592718496690065,0.2815537521018711
7783-06-4,Hydrogen sulfide,-1.765243220771885,-1.7648345681379338,0.09557290831986746,-2.0092466949292374,-1.5942925171735223,-1.9679837977800103,-1.6059808786852294
7783-20-2,Ammonium sulfate,1.3087386341189304,1.3114358521213685,0.18019665873249208,0.8386019912708252,1.7370725656737156,0.9040485019587863,1.6149389078248328
7783-28-0,Diammonium hydrogen phosphate,0.22190452487566809,0.262724058364992,0.3538252399351774,-0.6126753997842183,1.0065737712417686,-0.5204142322525607,0.8159036724124249
7783-35-9,Mercuric sulfate,-1.1081907994667408,-1.1285452727572043,0.5881075131498602,-2.3544526790581353,0.16964379682876374,-2.078880704402758,-0.03404678451422765
7783-36-0,"Sulfuric acid, dimercury(1+) salt",-0.8455849869657796,-0.8600713039978243,0.5049350118364623,-2.3941618711576,0.34774520615735516,-1.6184191351261623,0.09767556168491359
7783-90-6,Silver chloride,-0.9879452677144103,-1.0125251499292294,0.23432479339180087,-1.5720715265822132,-0.3845449859897061,-1.3684283515267128,-0.5281866076297145
7784-18-1,Aluminum fluoride,1.1757497083445754,1.1656132202955578,0.6164360565431833,-1.1842803600452854,2.4911439599252794,0.14482640430274168,2.2379699970536335
7784-25-0,Ammonium aluminum sulfate,0.5959975420318302,0.6016581418103577,0.3807895562548807,-0.4489371931177296,1.6650378881740806,-0.08655399002524852,1.3491978182399236
7784-41-0,Potassium arsenate,-0.5156608793774707,-0.513729726009966,0.4509251012465668,-1.6188617589205236,0.5070832739410436,-1.4352098682020662,0.48329333867141067
7784-46-5,Sodium arsenite,0.06179142344013123,0.03419435467234157,0.21389563232253242,-0.3607925665302282,0.6478916160823255,-0.26866556178696915,0.5398731809640208
7785-70-8,(+)-alpha-Pinene,-0.8506361663115116,-0.8605744535962334,0.31025894299455536,-1.591277266783462,0.03720164787284324,-1.4450050752183308,-0.20906761132860457
7785-87-7,Manganese sulfate (1:1),0.829957039535472,0.7879945801545126,0.2065983229477747,0.4377235149853539,1.366156680945294,0.522392912322971,1.32331663335021
7786-30-3,Magnesium chloride,1.8167282169801648,1.8402063493526728,0.20103222672654186,1.3293929031217238,2.2744316263099638,1.4292012532789227,2.150991075994977
7786-34-7,Mevinphos,-1.547699096503224,-1.542952799250425,0.13041236934798878,-1.9693863772757316,-1.2172070977776221,-1.8042993572446215,-1.3449289134422933
7786-81-4,Nickel sulfate,0.5052768254450338,0.520724330493167,0.1104478320618795,0.2186604142626799,0.7567284295729885,0.27040095536083736,0.6918794524173324
7787-47-5,Beryllium chloride,-0.28696256916022783,-0.30521566283665214,0.31733918795349475,-1.133625907244882,0.4562889282275828,-0.9750074233992291,0.31687400601704174
7789-00-6,Potassium chromate(VI),-0.023293554532859747,-0.022076939327577365,0.0669730623744432,-0.19381405031260962,0.15814972262044866,-0.13609852874147885,0.11132585572272814
7789-09-5,Ammonium dichromate,0.29271097848784744,0.31061887743792027,0.41561312074940326,-0.7203539166792922,1.2587094678753576,-0.6001688830866974,1.0445705112687544
7789-38-0,Sodium bromate,1.4000501134397265,1.3657147441814774,0.375962366594061,0.5226141693740205,2.2028213984462686,0.7054891410351185,2.116918810634644
7790-86-5,Cerium chloride,0.44308542576078724,0.41150938533974485,0.5512726486050796,-0.677709382306798,2.281355847275696,-0.40125391320194453,1.6878030891882827
7790-98-9,Ammonium perchlorate,1.1382431756818283,1.118377099972557,0.5168821937599756,-0.09448355646440948,2.3117902169740203,0.15860056177725818,1.995279686106803
78-00-2,Tetraethyl lead,-1.7192121772947677,-1.7164970873458258,0.2574643780224907,-2.606747941937387,-1.0668124262096812,-2.2747930152215847,-1.2042679918883348
78-04-6,Dibutyltin maleate,-0.500975933860066,-0.4774745844837449,0.39409891725572443,-1.4219030691959724,0.3781011971855897,-1.2919521550887338,0.22676748310794032
78-27-3,1-Ethynylcyclohexanol,0.848773633809671,0.8299041516592034,0.34209984849140596,-0.09566282915916252,1.7008853313271588,0.17706733115659157,1.5074458898115157
78-32-0,Tris(4-methylphenyl) phosphate,-1.496723057356036,-1.4081933840145795,0.3912658452318223,-2.606099452309395,-0.8600936383464306,-2.407813544483887,-0.9706585590317937
78-34-2,Dioxathion,-1.6944620285603336,-1.6751748083931752,0.19995735947128077,-2.173488899152629,-1.2629951510616648,-2.1481663382406633,-1.3413923836982395
78-40-0,Triethyl phosphate,0.8797731184522958,0.9006792437144822,0.490751332610306,-0.22001812216617542,1.9374600939206055,-0.10723693127977521,1.73990991157977
78-48-8,Tribufos,-1.114522729486623,-1.0834541302887049,0.1890643130328834,-1.5656026975700856,-0.6931114488092799,-1.4431961398739965,-0.8028315364486086
78-51-3,Tris(2-butoxyethyl) phosphate,-0.5450936725211658,-0.5123387094406315,0.3569218974634856,-1.6211497153691778,0.28159291957801247,-1.220667684187916,0.07359443498424312
78-59-1,Isophorone,0.7114315616651811,0.7282627110791358,0.3020149137066906,0.1697491323741739,1.2728606051186773,0.20419769166965682,1.2475488657759382
78-62-6,Diethoxy(dimethyl)silane,0.08599267610366425,0.09849661496642223,0.43369386597840814,-1.0243652131523537,0.9879938690693721,-0.8317383292575069,0.8537345888792618
78-70-6,Linalool,0.3591855898120577,0.3594151579367107,0.36924303877336484,-0.7953693809647843,1.191544488290965,-0.4796661021264951,1.0978741758329769
78-76-2,2-Bromobutane,0.7388109891585305,0.78591713276833,0.4884625722372557,-0.5253782430374503,1.865350395103931,-0.16434706317088604,1.5658939023970813
78-77-3,1-Bromo-2-methylpropane,0.6004127842800786,0.592675747452422,0.5186766370309085,-0.7569219203636677,1.7174072251164065,-0.536014319220392,1.6371360763176934
78-79-5,Isoprene,0.4659233503225437,0.5304166492902771,0.1849579705557994,0.10390557105447734,0.756619194817101,0.1203144743162109,0.7223436469722786
78-82-0,2-Methylpropanenitrile,1.2742270861235765,1.344304111929969,0.6466624173600436,-0.43095938764456326,2.990128743189343,-0.0045963599571132024,2.6938798810405427
78-83-1,2-Methyl-1-propanol,1.8148089583147295,1.8057581403442797,0.15552113802497997,1.4339939589881454,2.2907517175465655,1.5455881266561122,2.1392951530163176
78-84-2,2-Methylpropanal,0.7475624908926359,0.7604835699540019,0.5010814784190549,-0.6147774899263796,1.7983705393968619,-0.10969374383456688,1.6924657887352705
78-86-4,2-Chlorobutane,1.107563439532814,1.126451944504446,0.5632778248908148,-0.6299714555130593,2.236918162412111,-0.205399717715256,2.1190391831921036
78-87-5,"1,2-Dichloropropane",0.6311721094001961,0.6286478767889863,0.12213233736760737,0.3659213460603018,0.986940224697789,0.44200075731538707,0.8697806269021868
78-88-6,"2,3-Dichloro-1-propene",0.08514222946566463,0.12950765602322195,0.41553310988673914,-1.3353039042168997,0.8598491134671141,-0.8666282757768353,0.7905705043923126
78-90-0,"1,2-Diaminopropane",1.3842270432617372,1.4494207286566714,0.3465785640700401,-0.035668416249902406,1.9846044988565976,0.5881658780194075,1.9277321367022642
78-92-2,2-Butanol,1.995451840839619,2.017965636096142,0.24263448520920677,1.3592634392548164,2.5918611416993027,1.47925143785898,2.411150611982705
78-93-3,Methyl ethyl ketone,1.9858433496854258,2.0334177785318204,0.2637837060180335,1.3548054916819892,2.6113558944335162,1.484297924525893,2.394715422582074
78-94-4,Methyl vinyl ketone,0.03789379304847412,-0.045343515278279733,0.6712905152923327,-1.582252448809404,1.5872122537824445,-1.0977525258564165,1.5411460308625673
78-96-6,1-Amino-2-propanol,1.1506965258099022,1.2102031047672197,0.4097788206028469,-0.2542962448754093,1.990160843077911,0.33594851515395197,1.827499635256689
78-97-7,Lactonitrile,-0.6889684197532046,-0.7031793619943713,0.33075826495664606,-1.460757719849482,0.046691673214715644,-1.324877177185834,-0.061303503171069786
78-99-9,"1,1-Dichloropropane",0.8537637243960995,0.8697988691581037,0.38718924235055496,-0.11185633949131457,1.7610879224504585,0.11820009694893993,1.4473003381903227
780-69-8,Triethoxy(phenyl)silane,0.0941899498530655,0.06811672442833609,0.31821167211864027,-0.49751823637417203,0.9862699325156026,-0.4509735134239601,0.7780463278395816
7803-55-6,Ammonium trioxovanadate,0.16304126570753133,0.20663713330827427,0.2620767313828117,-0.6955093594303334,0.726892583885008,-0.38243766340651547,0.6194844321297255
7803-57-8,Hydrazine hydrate,-0.6980813501482932,-0.6816127151503042,0.4660980900820981,-1.8798395877824126,0.34907748724768217,-1.7040423664092579,0.1560580199165909
78246-49-8,Paroxetine hydrochloride [USP],-1.0276084976638347,-0.9725114022413184,0.40730576316873435,-1.9607980806926624,0.062029724987560216,-1.876122271649684,-0.3215500577552911
78491-02-8,Diazolidinyl urea,0.36445809549481567,0.3922645268725373,0.5326358863189097,-1.0360514102235394,1.4623677036595821,-0.6862120751441225,1.2172935192054624
78587-05-0,Hexythiazox,-0.8121272186179276,-0.7894909254242808,0.4297243219971048,-2.4544503084057356,0.2055976249226302,-1.5767442763224533,0.06220322270260688
786-19-6,Carbophenothion,-1.8088183903505763,-1.8087564814668986,0.10151542563648634,-2.0803122543324295,-1.579361370545765,-2.0202804116251984,-1.6041759969206253
789-02-6,"o,p'-DDT",-1.7119442236708944,-1.66714715003774,0.425133438014951,-2.6246319079026965,-0.6199109412274745,-2.5333569013266852,-0.7357815541618542
79-00-5,"1,1,2-Trichloroethane",0.6926007407233652,0.6747379458957192,0.16412200718429168,0.30995033096594105,1.0606984443027632,0.4025244162530337,1.0322153958427236
79-01-6,Trichloroethylene,0.7735053513192848,0.7604572131688982,0.1328907711421987,0.35035551713585167,1.1188971726027168,0.5281074422233137,1.057563294509378
79-06-1,Acrylamide,1.1536093291839717,1.1559344222703196,0.12008552039308798,0.8571952460459824,1.4918826555355467,0.9010278874014498,1.3660027318972563
79-07-2,Chloroacetamide,0.40401491793698086,0.4664699619373983,0.4083032284928956,-0.7909554775633816,1.3745643274787578,-0.31782506390650045,1.11661364923976
79-08-3,Bromoacetic acid,0.00013357377051709558,-0.01631505284568074,0.44574489426690433,-1.1310401552183242,1.1653672454547461,-0.8845047009717897,0.8231640433599169
79-09-4,Propionic acid,0.904318367398442,0.8880714200415243,0.28157015510630706,0.31703908773613804,1.5027194526967984,0.3590272033454232,1.4557843325027462
79-10-7,Acrylic acid,1.012389393471149,1.0693100168738838,0.37453150172784994,0.11117506311422416,1.857590891226018,0.2460014222067248,1.741691245948329
79-11-8,Chloroacetic acid,-0.32389768832070304,-0.40821174282143485,0.4603148043947691,-1.2244712869399745,0.9358770109016242,-1.0616193626246844,0.5618151283974777
79-19-6,Thiosemicarbazide,0.26349519369702507,0.28357360724586367,0.36999370401227855,-0.6122079880461477,1.0212995444155077,-0.49047553504658203,0.8938791727343216
79-20-9,Methyl acetate,1.1586082395434851,1.2262414038856604,0.49766165650000516,0.07281973603515363,2.1172929660393724,0.17774375803814146,1.937090973273254
79-31-2,2-Methylpropanoic acid,0.9223539792771429,0.9082114337540245,0.3831903587193472,-0.14319987520776692,1.833960847415626,0.23641954727006925,1.7603797410246957
79-33-4,L-Lactic acid,1.2668298226541759,1.2642132572499178,0.3498395448854195,0.42765048387841736,2.0239247727143694,0.46633474235456923,1.8706929737497011
79-34-5,"1,1,2,2-Tetrachloroethane",0.2543994068740957,0.2254608684560831,0.22292600491628037,-0.12218385819505631,0.684806692743102,-0.08669708192796025,0.6482973719337132
79-43-6,Dichloroacetic acid,0.744986088633263,0.7659745747868396,0.3107961971266952,0.0429628790382588,1.579193444013519,0.13780544674685805,1.2387485076733444
79-57-2,Oxytetracycline,0.30591991055573575,0.3089763678283862,0.21099808297381548,-0.18610525767836317,0.8718100316395536,-0.12353937988087409,0.7331074192853083
79-77-6,beta-Ionone,-0.3177948663358997,-0.3103411996151,0.4061527447410205,-1.6469733822920116,0.6886394174076785,-1.2363529356788805,0.2932431827197572
79-92-5,Camphene,-0.07268923383481575,-0.09144301422931281,0.28768837188155894,-0.836547115263879,0.581683697238342,-0.6059985327136461,0.47407607075049524
79-94-7,"3,3',5,5'-Tetrabromobisphenol A",-1.097679515532961,-1.1015253800347518,0.2038319307996731,-1.5041778279656493,-0.5748364131698974,-1.459575153294401,-0.6654917283488416
79-95-8,"2,2',6,6'-Tetrachlorobisphenol A",-1.084699374689054,-1.1104996613102924,0.46147006451936917,-2.436605139455602,-0.21388762808556863,-1.8964278274961888,-0.2691957012257934
791-28-6,Triphenylphosphine oxide,-0.02875431930743028,-0.005957979556591033,0.41461553755983904,-1.0436172747299486,1.23184106322906,-0.8672954196280274,0.7778640479049849
79124-76-8,"3-(3,4-Dichlorophenoxy)benzaldehyde",-1.2878108436909474,-1.2603889003201456,0.4511180809574827,-2.6551303481159345,0.06359172294579485,-2.21600301338804,-0.4669438602112505
79241-46-6,Fluazifop-P-butyl,-0.527835264791348,-0.49048239748129696,0.35876924782457736,-1.445720599708864,0.2759026676833185,-1.250233012954764,0.11341585375903028
79277-27-3,Thifensulfuron-methyl,-0.7235053983273315,-0.6927163860217872,0.5920629177854647,-2.179018110035377,0.6357373183056717,-2.0016084228196385,0.3056827497626728
79319-85-0,Chuan HUA 018,-0.5635826014620153,-0.5606038845994762,0.5821884682471637,-2.0263408203340374,0.49810019769137964,-1.843544486485012,0.45346235800612833
79538-32-2,Tefluthrin,-3.4827152261537555,-3.4491216660995407,0.35419954940071824,-4.351456355760772,-2.2672529435825393,-4.234145530015286,-2.8775256605659907
79559-97-0,Sertraline hydrochloride,-2.344690787452212,-2.34425442858549,0.2510693821220753,-3.072037693213106,-1.8640772034956525,-2.8375877251408963,-1.9063175450839491
79617-96-2,Sertraline,-1.5015259448298242,-1.5106206060048348,0.21398194369618215,-2.107648077190896,-1.0026186532291286,-1.9169702708488603,-1.066989428007199
79622-59-6,Fluazinam,-1.8657564586719197,-1.8658563710142113,0.11464358190001943,-2.1101652262879593,-1.5049742228325762,-2.0696657010412514,-1.653915119016652
79902-63-9,Simvastatin,-0.40832538888618275,-0.4441493822750784,0.3942386823917999,-1.3578678673735864,0.4350753869551927,-1.1972735820877476,0.36219188561202276
79917-90-1,1-Butyl-3-methylimidazolium chloride,0.3496894497579472,0.35210016847508285,0.5025588241907007,-0.8691368435616479,1.6084125280004062,-0.5394814391557411,1.1428954111158625
79983-71-4,Hexaconazole,-0.5449821799567154,-0.5513917983664165,0.20779656183617512,-0.9973333300320102,-0.07954476402344224,-0.8951564755837498,-0.12378273612274872
80-00-2,4-Chlorophenyl phenyl sulfone,-0.04689011419745702,-0.05971542712776069,0.3426934454831705,-0.8735110862559214,0.9000588965070657,-0.7956535290856918,0.5962405151197832
80-05-7,Bisphenol A,-0.03999817809639228,-0.04035709534159603,0.08659588067092484,-0.24066125612959188,0.174774055089542,-0.20190990194717812,0.09988532672726547
80-06-8,Chlorfenethol,-0.9774110865194541,-0.9811764259725664,0.29922001181996866,-1.5901370708441633,-0.31156972533092236,-1.5146234966496186,-0.44475551515222517
80-11-5,"Benzenesulfonamide, N,4-dimethyl-N-nitroso-",-0.05922685807598513,-0.032226618098252814,0.5006366018223326,-1.1875280299031685,1.0491332537200015,-1.090746999535875,0.8884316157781815
80-12-6,Tetramine,-1.5439670442775406,-1.550545865961428,0.2873962806158867,-2.1525258451089746,-0.8729849210598912,-2.0298678458536936,-0.9283026506005648
80-15-9,Cumene hydroperoxide,-0.07620351900581694,-0.08944922032878296,0.3650356992835294,-1.0183296781398936,0.8547123898926222,-0.8206988312513517,0.6624016437579773
80-32-0,Sulfachloropyridazine,0.9139247816684913,0.9197201048694549,0.25197120873537565,0.2613529473005272,1.5197099671128593,0.4167758222256761,1.3542422564462635
80-33-1,Chlorfenson,-1.357142214655464,-1.3648599386218234,0.27448802642734366,-2.1461970063745808,-0.6750901941330382,-1.9208715267664347,-0.8173831667539551
80-35-3,Sulfamethoxypyridazine,-0.34104898773529163,-0.30475411178791156,0.5223319229327658,-1.5211719937520338,1.2756606020333385,-1.3696764042930674,0.6401545456678595
80-38-6,Fenson,-0.5564334280795392,-0.5457901483416945,0.42308028194029623,-1.6287351070610336,0.22601312998809103,-1.5660055519496459,0.163801870656195
80-46-6,4-(2-Methylbutan-2-yl)phenol,-0.5164934703971038,-0.5201908743006702,0.17795610288104982,-0.9451111130828745,-0.09225643490073296,-0.8195422404072411,-0.16157903286879036
80-52-4,"1,8-Diamino-p-menthane",0.2687625438649532,0.2673860232717911,0.39675328073217125,-0.8111289582753156,1.1229319835323723,-0.5218381724779126,1.0267026387347165
80-56-8,alpha-Pinene,-0.020058754483934963,-0.04953687618210971,0.3252514071835572,-0.9235469002218624,0.7519475059916473,-0.6658144214408489,0.48624556540349695
80-62-6,Methyl methacrylate,0.8384506430371195,0.871225112566584,0.14396579665854245,0.4646147209089772,1.0657453531540657,0.4942513318036777,1.0416688587349388
80-73-9,"N,N'-Dimethylimidazolidinone",1.13234975571112,1.1887475729808334,0.580506310321316,-0.22614175041140638,2.506557077620044,-0.04718233905803065,2.1850994957058285
8011-60-7,AGN-PC-0JKHRX,-1.1842627461566584,-1.1571152150282473,0.5773100009704694,-2.6166636963193457,-0.08987694200746796,-2.3287177249030697,-0.2598976316798265
804-63-7,Quinine sulfate (2:1),-0.7504771171927688,-0.7594496625324548,0.4448139751760897,-2.164994890084291,0.43627666905574053,-1.6530823004920112,0.01614691251149457
8065-75-6,Aerozine-50,-0.27408828011476816,-0.26490029852747465,0.2881824624170618,-0.8678122032075438,0.505226960078165,-0.8012511680408212,0.20324919660509275
8066-08-8,Gusathion MS,-1.7736415370850676,-1.7666803000991567,0.46971967380041973,-2.823844618559401,-0.42250402422239736,-2.696706142084741,-0.9955332337938015
8068-17-5,Bronate,-1.1830330927080217,-1.1470830261495086,0.44759250937314776,-1.9874592893546574,-0.0687421527222792,-1.9648343103280128,-0.3646503903591582
80844-07-1,Etofenprox,-2.5742087014206105,-2.580521253259655,0.24116485753687447,-3.045075352125556,-2.0157383287982915,-2.9812409635468984,-2.150831132573864
81-04-9,"1,5-Naphthalenedisulfonic acid",0.5436922131814852,0.55353762729092,0.5813984501463447,-1.03047655722026,2.360387601480763,-0.6282018158454766,1.80572714111226
81-14-1,Musk ketone,-0.7270291739020956,-0.7746235173313069,0.41953095136651314,-1.7085973478282714,0.8867416049393072,-1.5807265621856614,0.08636267095929256
81-19-6,"alpha,alpha-2,6-Tetrachlorotoluene",-1.0815554982152908,-1.0732180159260745,0.3937811305737228,-2.3729196090924605,-0.10925850270074969,-1.9007928195428612,-0.458774444470336
81-49-2,"1-Amino-2,4-dibromoanthraquinone",-2.322712196689483,-2.3290936239027253,0.47682098596826406,-3.342183679612521,-1.2973216012417732,-3.2579623215174363,-1.5137971883825665
81-50-5,"9,10-Anthracenedione, 1-amino-4-bromo-2-methyl-",-1.1020014991619003,-1.0598710897454817,0.5824030815739889,-2.8146842979159605,0.10251664676521334,-2.2331456305045942,0.049263112037107336
81-54-9,Purpurin,-0.593877247024032,-0.5394356714316892,0.3290833238548466,-1.4354888399542116,0.1678386093247447,-1.3512579695062843,-0.05288633785341004
81-61-8,Quinalizarin,-0.7049861628119021,-0.6594414277731817,0.4948981511952676,-2.0641642126995974,0.6101209037879988,-1.7587935088549322,0.2764826782198527
81-64-1,"1,4-Dihydroxyanthracene-9,10-dione",-0.7791838329379326,-0.7771969234360405,0.3434942787346233,-1.4837862283157497,0.181439898273566,-1.360490991916745,-0.04361684201150186
81-77-6,Vat Blue 4,-0.40164886317484355,-0.430530325376262,0.4329893709911693,-1.248532888560673,0.8960948853647339,-1.066208073919749,0.44157541717116017
81-81-2,Warfarin,0.02990652956880476,0.01595478648410223,0.3358347731934773,-0.8050300734978557,0.8617445176786603,-0.5687213906445134,0.6801629928590677
81-82-3,Coumachlor,0.07496204552929855,0.07845191887742231,0.4962429995109854,-1.095051377810946,1.3624289999141352,-0.8087302605532795,1.0859943062047388
81-88-9,Rhodamine B,-0.17894820570658976,-0.16994556177429643,0.26464137987647673,-0.933049944840113,0.332758431629532,-0.7176891041177247,0.24306321898134628
81103-11-9,Clarithromycin,-1.0025126291805668,-1.0035143384483889,0.4551619375266524,-2.0828226353004022,-0.026989800338464154,-1.8694247371703558,-0.2386279512149321
812-70-4,"2H,2H,3H,3H-Perfluorodecanoic acid",-0.5644713288411805,-0.5294446611683814,0.4036080641680322,-1.4536044895532878,0.6849990695103897,-1.4000630531873381,0.10749808068333784
813-19-4,Hexabutyldistannane,-2.1327387378261995,-2.1028774043611858,0.3997138548053759,-3.260885116819094,-1.4120376468175129,-2.9656382268230996,-1.5462427335194848
813-78-5,Dimethyl phosphate,0.20184255225465722,0.1646036127354769,0.3951348221888515,-0.6285647875095327,1.356990090885169,-0.42153301547875144,0.99031323187626
81334-34-1,Imazapyr,-0.4903011462760288,-0.4879515072205509,0.3882344151062075,-1.3175486249640478,0.31163475647427086,-1.2661671797714757,0.19792602405222615
81335-37-7,Imazaquin,0.5233748367036413,0.5814614273661055,0.45990364609854384,-0.6845068033242948,1.4631520130429583,-0.4428232494590043,1.2952259849591188
81335-77-5,Imazethapyr,0.5213601336054018,0.590987630804491,0.3546827063719892,-0.3980384173790839,1.3048919881748031,-0.1416960170490827,1.2006558950597535
81406-37-3,Fluroxypyr-meptyl,-0.18485326553357712,-0.1331506123962155,0.3909417673640775,-1.302676936607444,0.4605785273423039,-0.8929451365481408,0.4201581141699882
81510-83-0,"2-(4,5-Dihydro-4-methyl-4-(1-methylethyl)-5-oxo-1H-imidazol-2-yl)-3-pyridinecarboxylic acid with 2-propanamine (1:1)",-0.08665481705352342,-0.07826724803422987,0.3029640120331067,-1.027266356782382,0.6140074934451295,-0.6707341320705315,0.4529457061778922
81591-81-3,Glyphosate-trimesium,0.5396026291065609,0.5983365569391815,0.4509803628720586,-0.6392799562571149,1.6537969637502106,-0.37466886615638934,1.360316747425237
81741-28-8,Tributyltetradecylphosphonium chloride,-1.984220108734955,-2.0289292173826596,0.4391119210641853,-3.143133255716543,-1.0303098926841585,-2.8325318821149303,-1.2015655474213487
81777-89-1,Clomazone,-0.17838308828411784,-0.16824535637001886,0.22288588437402976,-0.7033574617131152,0.4816532871836552,-0.5923323917634542,0.28274184489755294
818-08-6,"Stannane, dibutyloxo-",-0.9985682571759861,-0.9990572377870753,0.35960529022369725,-2.0845280705929365,-0.16694408444255482,-1.7139879339953263,-0.3536367503770294
818-61-1,2-Hydroxyethyl acrylate,0.0034699891855975796,0.032911776761829305,0.3862858160366528,-0.9599515684070696,1.0683019794203967,-0.6921793315673904,0.657036323991491
818-72-4,1-Octyn-3-ol,-0.6055271607210772,-0.5770907804012659,0.47194826620355274,-1.9107317582895145,0.35806571378323787,-1.7562013213495564,0.24372940655021683
82-43-9,"1,8-Dichloroanthraquinone",-0.4928518586461537,-0.4560964849774022,0.42210558743879406,-1.8717444926807014,0.524879261026269,-1.2845718315386179,0.25398170180326723
82-44-0,1-Chloroanthraquinone,-0.3662154393620484,-0.3353518967402117,0.47587531676278794,-1.6862231040585305,0.7273687607034756,-1.3086360116085232,0.4384114133858423
82-46-2,"9,10-Anthracenedione, 1,5-dichloro-",-0.6349839448332468,-0.5668250156832261,0.4701731337744077,-2.048977859797011,0.32497076395894586,-1.582908014160071,0.2127449917897951
82-66-6,Diphacinone,-0.13019018925933043,-0.0875932500888082,0.4045273162415873,-1.2969816301382433,0.8749312143729101,-0.9737987472660643,0.588029397754559
82-68-8,Pentachloronitrobenzene,-0.9994600641523003,-1.009110108456309,0.24997824055801005,-1.5976889769417717,-0.46430836290728483,-1.480773478050685,-0.5857756750687007
82-71-3,"1,3-Benzenediol, 2,4,6-trinitro-",0.04296620270274957,-0.021626011931391464,0.5447316054243225,-1.379501102917635,1.2225478693209577,-1.0569213759406713,1.04698269661562
82097-50-5,Triasulfuron,-0.4972235030197645,-0.45984663021382977,0.3718829862042433,-1.4132441277665948,0.48296296080214274,-1.2563230865966086,0.19493772099481807
821-55-6,2-Nonanone,0.11934575627948202,0.08689005314820607,0.4260788822328768,-1.0158789336691187,1.274796479636472,-0.5804641457401084,0.9980933177371574
821-95-4,1-Undecene,-0.03602884775528302,0.002306080542939912,0.31703209691546486,-0.9654151173348353,0.6027295538697289,-0.7959205845681654,0.4427712086114341
822-86-6,"trans-1,2-Dichlorocyclohexane",0.06949202640464992,0.036706990084970956,0.4180017508487444,-1.0879307323283725,0.8446979654806503,-0.8271253947967748,0.7707837591460549
822-87-7,2-Chlorocyclohexanone,0.12603898147502698,0.10228014276254835,0.5511278458209908,-1.281208826067721,1.556513729332143,-0.9141427185714841,1.243171212208037
82419-36-1,Ofloxacin,-0.00374333673428616,0.013979885874985151,0.4294168624809906,-1.220869112213527,0.9021330227436952,-0.803925354910504,0.8152494992203468
825-44-5,"Benzo(b)thiophene 1,1-dioxide",0.23866371701597544,0.2785199504140197,0.49776413401345043,-0.892736918422335,1.3233861073127826,-0.811842071903114,1.1613821603334216
825-90-1,Monosodium 4-phenolsulfonate,1.1959203169346688,1.182124010553347,0.5612574397283964,-0.018514828374179837,2.4909563294767185,0.24057904056276422,2.249350518801296
82560-54-1,Benfuracarb,-1.5109067157846077,-1.4752984852089028,0.4308450645994393,-2.728914118827978,-0.3640000087865591,-2.380583955130453,-0.7652586959308105
82633-79-2,"2-Methyl-5,6-dihydro-2H-cyclopenta[d][1,2]thiazol-3(4H)-one",-0.3411952039093925,-0.36480617252525527,0.30416087986419577,-1.0168533039501475,0.3502021482964616,-0.8854035401485935,0.25254307430421125
82657-04-3,Bifenthrin,-3.7107894686028002,-3.6952815892351705,0.16247708016164425,-4.125668379083395,-3.3016715839181887,-4.028482529182025,-3.426857081159142
827-52-1,Cyclohexylbenzene,-0.4731669595654723,-0.5272993316462663,0.467142937258671,-1.6521965307625324,0.6474895262010716,-1.3161469576150093,0.49336031409416814
828-00-2,Dimethoxane,0.17173470223218465,0.16906987660980732,0.3145203549962502,-0.6664613436409672,0.8158939432397969,-0.3978423482291116,0.7047965603777511
83-26-1,Pindone,-0.6883486864169639,-0.6793493361224341,0.3740580078133165,-1.7287195805708702,0.199717947155117,-1.4609125671316192,-0.027510327069009764
83-30-7,"Benzoic acid, 2,4,6-trihydroxy-",-0.1315426151820948,-0.09257184263196996,0.461299562612534,-1.2492239107037901,1.0133854308211976,-0.9620239486580519,0.7721502168642498
83-32-9,Acenaphthene,-0.6390580975043584,-0.6607633317773849,0.15271797875939266,-1.0942484779330097,-0.28463608458813805,-0.9174743509747929,-0.3077150869905535
83-34-1,3-Methylindole,0.026244232078238755,0.030969323668390544,0.42900494439109327,-0.9906586463048392,1.15039290808237,-0.7769516905305165,0.8509115234852
83-41-0,"1,2-Dimethyl-3-nitrobenzene",0.11951299401353084,0.13516076623559178,0.3807618067731475,-0.8544000496050806,1.034850829239517,-0.5613127435566143,0.8087753221411176
83-42-1,1-Chloro-2-methyl-3-nitrobenzene,-0.09505237818825844,-0.10827208872282379,0.3678992785830504,-1.0932168902930424,0.9612083050420643,-0.8404186061468352,0.48724350033627006
83-59-0,Propyl isome,-1.788139906406751,-1.795003442466404,0.5269615457583704,-3.0804035621896344,-0.6253748235241331,-2.880466094775905,-0.9254526002190124
83-79-4,Rotenone,-1.84293346454334,-1.8527467667638349,0.1124879530277512,-2.068703918917751,-1.5530586257440258,-2.041120647468298,-1.6292882709841723
83-88-5,Riboflavin,-0.06101438687911722,-0.0746448912652562,0.6550144949466989,-1.6255575525132229,1.1904944914469788,-1.454753021576465,1.0013750293113677
83-89-6,Atabrine,-1.410726456977931,-1.3570762235571978,0.4162279336630999,-2.415670886465305,-0.5059846643766518,-2.323000325530597,-0.6615153750270528
83055-99-6,Bensulfuron-methyl,-0.5413159246551975,-0.5651515424106963,0.552437009640809,-1.8725794219857648,0.5595797497620272,-1.7002486573468245,0.381923221010379
83066-88-0,Fluazifop-P,-0.6196700831262625,-0.5606828986750791,0.48382465489802867,-2.1232954215302557,0.1954726772693526,-1.646858302210252,0.07773323665946377
831-82-3,4-Phenoxyphenol,-0.15833932732614803,-0.1928333296735322,0.4431352418280238,-1.2582473953458257,0.9101590235263952,-0.9985736392116488,0.7110590522247189
83121-18-0,Teflubenzuron,-1.6851548839503463,-1.6867212173679436,0.41150409855935033,-2.564068178365893,-0.784322447958184,-2.466501931455224,-0.8703548200855755
83164-33-4,Diflufenican,-2.319649083400542,-2.335903253899139,0.465346401773064,-3.4566612682481717,-1.1672657213786928,-3.2561563923712025,-1.3462100552729077
834-12-8,Ametryn,-0.7533317056765523,-0.7539060099194547,0.15105139579964172,-1.1247342919615997,-0.42388041093998696,-1.0204693593785346,-0.509308963556358
83588-43-6,Fenridazone-sodium,0.701035413752177,0.7000935433365183,0.2682518053154266,0.10170614086934332,1.2720164019004607,0.17782879502112078,1.163464316815744
836-30-6,4-Nitro-N-phenylaniline,-0.03819584991049329,-0.04801980395683346,0.5185671639238127,-1.1568991050980613,1.0472271623366678,-0.856013411206133,0.9104585102470697
83601-83-6,Mefluidide-potassium,0.1148296458384228,0.06104152572002765,0.4757977952603134,-1.2180379324403143,1.2312404357999365,-0.7840984020295559,0.9708336629001852
83657-22-1,Uniconazole,-0.05542573024974076,-0.09163256808549683,0.440479818045691,-1.6698603122922364,0.9562009615309104,-0.8352944667921647,0.784065026267088
83881-52-1,Cetirizine dihydrochloride,-1.1395363522778539,-1.1102041458528302,0.6019975069737674,-2.6757980103327514,0.7296844619327386,-2.2457414898154684,0.15251962559629484
83905-01-5,Azithromycin,-0.4266167466248203,-0.4200374638131312,0.5733212445216956,-1.899686272131876,1.1881645418327391,-1.4663364596704056,0.6626265185567071
84-11-7,"9,10-Phenanthrenedione",-0.7118994725796951,-0.7317678773049623,0.3524004905996187,-1.7692041882514724,0.023382354163310717,-1.40436018762336,-0.061044356431672275
84-62-8,Diphenyl phthalate,-1.5610008232100734,-1.6213006261690348,0.3997025781904633,-2.4151760633357777,-0.3535763231338788,-2.3012693722256476,-0.8283364990931326
84-65-1,Anthraquinone,-0.5991979350310483,-0.6008153283814188,0.24605557964241237,-1.3839386308547603,-0.12393155226418055,-1.0517940211105226,-0.1858214720160119
84-66-2,Diethyl phthalate,0.5114896422086999,0.516144993251369,0.15287940816553325,0.1546343133643313,0.8388072520592302,0.21257399192340487,0.7533269645463503
84-69-5,Diisobutyl phthalate,-0.5701397825537943,-0.5258421548703021,0.4506809803821193,-2.091162102497615,0.46984773623240345,-1.503899053380696,0.20268296454085682
84-74-2,Dibutyl phthalate,-0.3718350023425867,-0.3724344223026157,0.09642975800983955,-0.6546413670475643,-0.1569643652840913,-0.5799720110984059,-0.18037581203097985
84087-01-4,Quinclorac,0.42038878880581704,0.42288365250569004,0.25211758397743317,-0.2803307256349174,1.029231286387875,-0.08231721489935298,0.8935335030390089
841-06-5,Methoprotryne,-0.4093866749376538,-0.3712004676093611,0.24230922036097344,-0.8472980089369035,0.11166036445521631,-0.8254202297303068,0.02251323632713863
845-52-3,"2,4-Bis((3-methoxypropyl)amino)-6(methylthio)-s-triazine",-0.7515342475867809,-0.7452448627264585,0.46529018962855584,-1.883130656670768,0.17998565243370226,-1.6709180446013798,0.00516050115313748
846-70-8,C.I. Acid Yellow 1,0.7067620399651692,0.7878934539981913,0.45019004607092056,-0.7554902898956292,1.4967771253282796,-0.1907048262090484,1.439262861915072
85-00-7,Diquat dibromide,-0.49103986284681234,-0.4740156369115898,0.1483304696815312,-0.8833678169203887,-0.14098884656933577,-0.7821129651822385,-0.21493254396960385
85-01-8,Phenanthrene,-0.9381349234662573,-0.9384112978234569,0.16628515053742277,-1.4729743608390011,-0.6522880233110359,-1.2912351174380996,-0.6759708176953351
85-02-9,Benzo(f)quinoline,-0.3054797719246141,-0.22948122621874933,0.4638923624477298,-1.4931931062521693,0.6557065990523566,-1.2003993899891148,0.5461218876519102
85-34-7,Chlorfenac,0.1282755350557305,0.12626855251475785,0.2598252695966909,-0.7213150231258593,0.6544503851039113,-0.3766350767068733,0.5965033476567757
85-41-6,Phthalimide,0.3844515262597728,0.44040650985940044,0.3164605914863684,-0.5389125087134752,1.1409276176581462,-0.28472975155650276,0.8914184959711674
85-44-9,Phthalic anhydride,0.14511715455372093,0.17868776098215738,0.5489984721698195,-1.0515118411794457,1.3923940061519282,-0.9264437171096858,1.1477077825218893
85-68-7,Benzyl butyl phthalate,-0.3848229593600092,-0.40282262601142044,0.18258321677182943,-0.8342683137751175,0.09237921570582473,-0.6789699050691252,-0.06111378027873543
85-70-1,Butylphthalyl butylglycolate,-0.4946399862696814,-0.44124169231641674,0.45159169112100445,-1.9316387350559345,0.3395558493464913,-1.5482345460078872,0.17789821596601416
85-84-7,1-(Phenylazo)-2-naphthylamine,-1.3105255159826226,-1.3136754461516582,0.38348193719551243,-2.077229773680826,-0.20690420144951804,-2.042042351829028,-0.5928491942198717
85100-77-2,1-Butyl-3-methylimidazolium bromide,-0.24299147233537158,-0.26945552732812744,0.5009100725938452,-1.5712603763129818,1.1461195200358574,-1.2378220306287189,0.5440679318172029
85264-33-1,"(3,5-Dimethyl-1H-pyrazol-1-yl)methanol",0.7477136596901982,0.75525895620174,0.4247893258063451,-0.30787796360777137,1.6954861360902806,-0.0896288500051819,1.5474824369359272
85721-33-1,Ciprofloxacin,0.15890820441235326,0.17659172120924402,0.29400674802711046,-0.8615225045093812,0.913029254514399,-0.4508291877212301,0.7315521360546133
858954-83-3,Aminocyclopyrachlor methyl ester,-0.0765089313563031,-0.08275938175951254,0.4507934999160873,-1.5663866750775317,0.7796392663117209,-1.0345947797961692,0.6753430079993243
858956-08-8,Aminocyclopyrachlor,0.23095781898470844,0.2235463996585717,0.4102719534733936,-0.9801749170817411,1.0508076105043402,-0.6940501885026792,0.9395114070167361
859-18-7,Lincomycin hydrochloride,0.4145840081814811,0.45605621500557136,0.467462033604167,-0.8801298302711804,1.3660123233544672,-0.4868049128823667,1.2908211319026537
86-30-6,N-Nitrosodiphenylamine,0.059695004628607815,0.08843774793214515,0.32867742443225356,-1.1452672867959006,0.7337080297978842,-0.667447027856459,0.6076923569025954
86-40-8,"3,6-Diamino-10-methylacridinium chloride",-0.015145698127074128,0.011430800357451459,0.28666154217055956,-0.6787035644679326,0.6621931015043091,-0.5710429574551463,0.4484280861854005
86-50-0,Azinphos-methyl,-2.6152660965959895,-2.620910000667228,0.09086353136663805,-2.8070327481701423,-2.355793726036448,-2.773294506597953,-2.3898091227613443
86-53-3,1-Naphthalenecarbonitrile,-0.14021581438484182,-0.1441527764602578,0.5550520206351716,-1.4942600184320414,1.1296727708681773,-1.269763181752111,0.7465542444652552
86-57-7,1-Nitronaphthalene,-0.19163031361646835,-0.2303253270731756,0.47734562032817496,-1.2407367530228717,0.9099242543257694,-1.1273307851894108,0.6415309979050778
86-73-7,Fluorene,-0.5192276742812296,-0.5355686809964625,0.2566565837152011,-1.1671785657887486,0.3537224267099785,-1.0038089292734684,-0.04891723685593451
86-74-8,Carbazole,-0.4251984282360389,-0.42675510176166015,0.43426254261458075,-1.2845846216911418,0.6219842519082084,-1.1575899684859543,0.49388157289549833
86-87-3,1-Naphthaleneacetic acid,0.384265145894768,0.46772291303934066,0.410585819909808,-0.8481034931112038,1.4411352603007075,-0.4673044329350847,1.0662935006229313
86209-51-0,Primisulfuron-methyl,-0.24611494288094882,-0.22381232787946925,0.3950732672829274,-1.2582199073625255,0.6607648834064681,-0.9853018454628274,0.47271867542338974
86393-32-0,Ciprofloxacin hydrochloride hydrate (1:1:1),-0.43861671456533813,-0.4168680288391055,0.5913081052066642,-2.159506357682745,0.7193030678087877,-1.586370582546914,0.6421281353528804
86479-06-3,Hexaflumuron,-2.5853189482101238,-2.577960098838255,0.3617396646057285,-3.727507389687907,-1.765958161622006,-3.3060848631449935,-1.972059235740534
865363-39-9,Dichlorprop-P-2-ethylhexyl,-0.5146607729007142,-0.541109036938074,0.3945567050755651,-1.3520112944700777,0.37135100829339973,-1.2779420195311904,0.20569820639795924
866-55-7,Diethyltindichloride,-0.9509997201778247,-0.878807585049777,0.5863097156447282,-2.6085008471581825,0.2925275833292381,-2.299243122580021,0.07588168119230201
868-77-9,2-Hydroxyethyl methacrylate,0.8410700872154152,0.9002315790272304,0.4219343827645088,-0.24088851317592944,1.6670172357975135,0.024242314499801364,1.5695927154654463
868-85-9,Dimethyl hydrogen phosphite,0.78611700026081,0.804157816492036,0.4536120923821921,-0.6420662932621014,2.048226328325135,-0.09123629759900184,1.5254379418337343
87-17-2,Salicylanilide,-1.6546698750220645,-1.684516515586617,0.33679510113680516,-2.4275386002276,-0.8335689489562125,-2.350091750306975,-0.9657041230320385
87-40-1,"Benzene, 1,3,5-trichloro-2-methoxy-",-0.688277171449687,-0.7206509698039412,0.45022779316781925,-1.9472291676500906,0.3993358601905486,-1.5712353907459677,0.19871919307235808
87-52-5,"1H-Indole-3-methanamine, N,N-dimethyl-",-0.27926677339864264,-0.2239866250954624,0.46281057795409064,-1.7552752757180117,0.573000432916306,-1.2637527147616365,0.5142447192401123
87-59-2,"2,3-Dimethylaniline",0.19292786591101901,0.23764492339108573,0.3535641502370621,-0.7889290991376023,1.070457370058408,-0.6030044335631195,0.8203838130260317
87-61-6,"1,2,3-Trichlorobenzene",-0.7603108492161732,-0.7486120774704661,0.19995400527638998,-1.2985125154207304,-0.3679705475653812,-1.1856283465095758,-0.4395572449210755
87-62-7,"2,6-Dimethylaniline",0.6186210479377862,0.5819214863590976,0.4473064766214733,-0.5093203287149997,1.817518655685556,-0.21111541555716465,1.5240148614998243
87-63-8,6-Chloro-2-methylaniline,-0.6054140682249703,-0.6350351750046646,0.5126718135863219,-2.207311353828896,0.6217211896195775,-1.8345398036786826,0.34563419869533246
87-65-0,"2,6-Dichlorophenol",-0.17997104018470636,-0.1627236270897053,0.211081924837706,-0.5726785799279034,0.32077779452078203,-0.5372242714998013,0.1885600828853131
87-66-1,Pyrogallol,0.24497291842234933,0.23967107685567662,0.35786858528561644,-0.880220923972626,1.093963440704541,-0.46728144956012546,0.881157595217239
87-68-3,"Hexachloro-1,3-butadiene",-1.0694887791509677,-1.0351048798606564,0.23997424468303113,-1.8561829696649599,-0.5951270101706825,-1.6853232589834566,-0.7499059212832233
87-72-9,L-Arabinopyranose,1.932424599656793,1.9796634676860556,0.5020312964110546,0.5954334357983341,3.0581798124833863,0.8616877592206814,2.690854452238098
87-86-5,Pentachlorophenol,-1.2302100809646617,-1.2329058382743812,0.04970409314448255,-1.3390063981480842,-1.0972850937543308,-1.315275933646312,-1.1349220919396643
87-89-8,myo-Inositol,1.2827760827112522,1.3444617750914432,0.6756429887281297,-0.078161580911332,3.1386821917954935,0.24920666542198588,2.645139745939025
87-90-1,Symclosene,-0.8461529448904276,-0.8246168082388405,0.36274755367547085,-1.5964070453801933,0.15398190515332918,-1.47226142088681,-0.21005075479330018
87-91-2,Diethyl L-tartrate,0.8379036209869021,0.8524483741145685,0.42928137816968803,-0.1142276340072099,1.8525772923781143,0.06362879438166064,1.7284200709226825
870-72-4,Sodium hydroxymethanesulfonate,0.9052175021540658,0.9118368852658769,0.43787480401143725,-0.12308456118174164,2.120022276474599,0.11023285606886804,1.8104749533987416
872-31-1,3-Bromothiophene,-0.11571536171103006,-0.056638438505001616,0.488097806456186,-1.6165949452613686,1.0365225906130457,-1.1789262836511214,0.7739327652894792
872-50-4,N-Methyl-2-pyrrolidone,0.886399887647397,0.8847598846591993,0.37725664017528093,-0.04156575832725698,1.6143138719646428,0.16807509030597628,1.5927271592322787
872-85-5,4-Pyridinecarboxaldehyde,0.3579384587777361,0.3905542969344964,0.4609767208932519,-1.1255616513699958,1.351281623069797,-0.5296350675488033,1.1593578259540531
873-63-2,3-Chlorobenzyl alcohol,0.3400352718790487,0.3330958464077069,0.40541250641446536,-0.7102822169254992,1.1912535676851927,-0.3787458646010239,1.0710075744909502
87392-12-9,S-Metolachlor,-0.0011678013835224382,0.02924898883873635,0.15799598467696174,-0.44747844178242124,0.31661665953526935,-0.3780730641375712,0.24602587908402737
874-42-0,"2,4-Dichlorobenzaldehyde",-0.41866718169014044,-0.37960898749609384,0.3830569087594966,-1.4381805489152446,0.3241583698878388,-1.2053139553747547,0.22529540847915605
874967-67-6,Sedaxane,-0.533348982948228,-0.5363019057147025,0.24340657197325696,-1.0575674214101258,0.013974127321494938,-1.0243154216320323,-0.07082254374933127
87674-68-8,Dimethenamid,-0.5076217965096224,-0.5162332754640488,0.2882584722572361,-1.0464505399411075,0.45950738256444723,-0.9565809930824875,0.07386462478816665
877-43-0,"2,6-Dimethylquinoline",0.3545399206458045,0.35476632581820156,0.11805516485536607,0.10931616559492006,0.5842766814784113,0.13837586601710963,0.5484066244096126
87818-31-3,Cinmethylin,-1.1686770400434803,-1.1438950671312231,0.43616165055177986,-2.198965464679709,-0.34948978824582283,-2.0916215395015794,-0.4058877575314638
87820-88-0,Tralkoxydim,-0.294380835884022,-0.30011510024885324,0.35196224820239536,-1.0166243452486463,0.5094775584468164,-0.9776849014979413,0.28598720978515146
879-39-0,"2,3,4,5-Tetrachloronitrobenzene",-1.7692654976456237,-1.74722175178846,0.44345804774586495,-2.9243815424659765,-0.783701842558972,-2.701101496146094,-1.0517854068502526
88-04-0,"4-Chloro-3,5-dimethylphenol",-0.8109176776358514,-0.8493684876122927,0.327146151839517,-1.4523010643243974,-0.12125826663151054,-1.3657196262043385,-0.23384151803983186
88-06-2,"2,4,6-Trichlorophenol",-0.4741982972320997,-0.4766269148897968,0.13054869128256277,-0.7729874496066507,-0.14379770785384274,-0.712483655859154,-0.22636932179019573
88-18-6,2-tert-Butylphenol,-0.1295528758075213,-0.14878693751484817,0.37795814468906097,-0.9196536830158026,0.8025598661541677,-0.7411397838900338,0.6361114049172643
88-30-2,3-Trifluoromethyl-4-nitrophenol,-0.023595091586321407,-0.02042372127386458,0.0746001217012623,-0.21518063266065088,0.14447469209014088,-0.18100840057670592,0.11136591280724047
88-45-9,"Benzenesulfonic acid, 2,5-diamino-",0.2841014082545143,0.27674183847633754,0.5754831925464003,-1.4005492180757058,1.3925740587957223,-1.0014588229724948,1.25243232228213
88-68-6,2-Aminobenzamide,0.8999779499600942,0.9162347075035602,0.4136960537138966,-0.2658840016780676,1.6572262437341043,-0.04649320963518783,1.556500902112166
88-72-2,2-Nitrotoluene,0.04385251362342282,0.061943417101492315,0.33405555041683166,-0.86446230177702,0.7955690133227769,-0.641756813152311,0.6585204455204907
88-73-3,1-Chloro-2-nitrobenzene,0.14857533978242013,0.14922700210054993,0.3554902081585374,-0.981472140549414,1.2482315089193918,-0.5032964764473671,0.7924701132058544
88-74-4,2-Nitroaniline,0.11892994599808013,0.13396463877314227,0.3156271825343664,-0.7132954122798433,0.8675762414894002,-0.5432043939818822,0.7347202761170591
88-75-5,2-Nitrophenol,0.04854926225474319,0.03974056234155766,0.20081897771940727,-0.634723833571305,0.5918556443123055,-0.30989285524910504,0.4425228625718758
88-85-7,Dinoseb,-1.0814723902119672,-1.088463188650917,0.11687723416900526,-1.3852027473955528,-0.7863059898698774,-1.304681565651587,-0.8575220181813712
88-89-1,Picric acid,0.8700374079694853,0.8075513088515062,0.2615958735924815,0.43669063737608715,1.389047934143976,0.5056487361208999,1.3759916331159252
88-99-3,Phthalic acid,1.2269745663223666,1.2118378606485771,0.39852909557581273,0.12872048215431334,2.2461161947314237,0.45500971437670257,1.9794243071614661
882-09-7,Clofibric acid,0.8948643659321095,0.8417049955819815,0.32237091609508345,0.14592635069142784,1.6984730978192513,0.2941364880884632,1.531749118729349
882-33-7,Diphenyl disulfide,-1.2500368099500487,-1.2465665827791539,0.4284080289253451,-2.5697922390835113,0.24805100839840635,-2.078714320427159,-0.47038156235290135
886-50-0,Terbutryn,-0.7538215766140302,-0.7706238697740246,0.13239434933037883,-1.0223497105674557,-0.3508015375085167,-0.9544574443755879,-0.4572000224180366
886-86-2,Ethyl 3-aminobenzoate methanesulfonic acid salt,0.4711010212957754,0.4311509845145239,0.24849132515334124,-0.011524033323543115,1.125499152065785,0.08226209914464334,0.9873802722353061
88671-89-0,Myclobutanil,-0.5796242905019728,-0.5615141229106518,0.282427011604567,-1.4262608606108824,0.09185471330307689,-1.0411003145697226,-0.002497685395014137
88805-35-0,Prohexadione,0.21333271266271006,0.2492423999386369,0.41071811098208,-1.3256254184881873,0.9871880996031621,-0.6101320327210449,0.9068538694204693
89-59-8,"Benzene, 4-chloro-1-methyl-2-nitro-",-0.05064566954680875,-0.031900182729224805,0.34058034289335076,-0.9541788668708956,0.5528566567603705,-0.7954723519608838,0.4897050391230753
89-60-1,"Benzene, 1-chloro-4-methyl-2-nitro-",0.023229596355998305,0.026661337117287957,0.3820853700674348,-0.8991666749378093,1.2113254352882972,-0.7941097305047793,0.7133205300546045
89-61-2,"1,4-Dichloro-2-nitrobenzene",-0.64889609761998,-0.6533033047319505,0.23309384539509717,-1.5664643075764422,-0.16021837199345546,-1.1098861124093768,-0.23126852893637173
89-62-3,4-Methyl-2-nitroaniline,0.19356033019835045,0.21040364951897556,0.36304459057110544,-0.7879061882118613,0.969047306029699,-0.6627459543254052,0.8789649846008948
89-63-4,4-Chloro-2-nitroaniline,-0.19629098434715142,-0.21078474779430761,0.4128947093910656,-1.2004003203686484,0.9875962236607245,-1.0531710832889531,0.6305580517315167
89-68-9,6-Chlorothymol,-0.8379692240944142,-0.8253248693460835,0.36849909785874196,-1.6718558230773823,0.0706119893988972,-1.5607871125668644,-0.1505405386761288
89-72-5,2-(Butan-2-yl)phenol,-0.15312284680324226,-0.14827209782673081,0.46419375909723537,-1.4403131172966663,1.255313379295262,-0.9321588999159841,0.664884349392258
89-82-7,R-(+)-Pulegone,0.16830562032802715,0.14404296066739714,0.47421127893171705,-0.7709531232811284,1.6720847335000488,-0.6583046531960283,1.295805377161436
89-83-8,Thymol,-0.1370005872109105,-0.11510411990989718,0.14621390946207785,-0.5667153387892895,0.11989571589625923,-0.4840649612653979,0.06387229102064534
89-86-1,"2,4-Dihydroxybenzoic acid",0.7858336394291939,0.7989853133407756,0.42307604156725664,-0.20251435504786433,1.6037305992215538,0.021002535812484784,1.5047396472576933
89-98-5,2-Chlorobenzaldehyde,-0.2741087857223565,-0.2934320944848319,0.25860550082183936,-0.8666096738027228,0.36929332938974857,-0.7609117215728962,0.2515966252046359
898-84-0,SCHEMBL4263827,-0.20995459360287547,-0.24853942485316954,0.4055142707381254,-1.5425229286124265,0.9054541177707145,-1.0382065955384945,0.6494119306697109
90-02-8,Salicylaldehyde,-0.21807642083227058,-0.20232994330368997,0.16797334276544612,-0.557448437851449,0.2279626217081027,-0.5156745014916996,0.10602266451404908
90-03-9,o-(Chloromercuri)phenol,-0.9927620851362957,-0.987577495325689,0.4166675517865596,-1.9329683838279312,0.14244079323467462,-1.6979292508807038,-0.19696214477903795
90-04-0,2-Anisidine,0.30341500048610537,0.2659680248688533,0.412792643595514,-0.6374263312868859,1.1735389410095176,-0.4940270320413035,1.0581148128163014
90-05-1,2-Methoxyphenol,0.5541192944414726,0.549267181301655,0.4790350758720033,-0.9001424138414073,1.8348972344598038,-0.33824014446618,1.3913845910080955
90-12-0,1-Methylnaphthalene,-0.3357653299921802,-0.31698334809969186,0.24100313050809358,-0.9649472048852099,0.18492516266423584,-0.8244114195602354,0.06905190825059905
90-13-1,1-Chloronaphthalene,-0.46065774005315424,-0.4872443100829047,0.2473910738425596,-1.0460475718510218,0.06644995340387073,-0.8828167886202782,-0.028760179919553937
90-15-3,1-Naphthol,-0.5215943932800754,-0.4757512805551132,0.14438003702302177,-0.8843305877646837,-0.31515256356858296,-0.8392219508247425,-0.3474510604217359
90-43-7,2-Phenylphenol,-0.24013094959278422,-0.22817803119879954,0.26598306120305854,-0.8971200703819532,0.3199808025566583,-0.7283969537325397,0.22404052840762984
90-59-5,"3,5-Dibromosalicylaldehyde",-0.961094878320457,-0.9455159226598002,0.4678993775796118,-2.009736110888404,0.16591292254016948,-1.793617340531811,-0.16251725233548536
907204-31-3,Fluxapyroxad,-0.5070549868996583,-0.5337650249859177,0.3756704323183775,-1.4656981597302978,0.5108392681251491,-1.2063878278939324,0.22507594593015348
90982-32-4,Chlorimuron-ethyl,-0.7030589218815233,-0.6930413959193686,0.5620423429210358,-2.2222458336144477,0.4990421514844255,-2.034481944803277,0.21332704248503748
91-15-6,"1,2-Benzenedicarbonitrile",0.258705398701679,0.22974558057962413,0.36342962489016944,-0.6967662084821141,1.1497953447479412,-0.4827026179633187,0.9425790049286594
91-17-8,Decalin,-0.12136287910138979,-0.12834064252136004,0.550809837593592,-1.4982474640771168,1.4054357555283972,-1.2057759476830994,0.7698630986658437
91-20-3,Naphthalene,-0.11325258093047058,-0.11617619836476761,0.10460332918877761,-0.385155552528818,0.1032692582363605,-0.3492758199736535,0.08832926797148632
91-22-5,Quinoline,0.430562458716997,0.4122958814200683,0.262535717177439,-0.15247368585679444,1.1524411558878425,-0.050517624648488885,0.9736413556396575
91-23-6,1-Methoxy-2-nitrobenzene,0.84649661280247,0.8711441758821186,0.303787169567993,0.15401654379209623,1.5993955012064034,0.2639971104408374,1.4298259406221854
91-40-7,N-Phenylanthranilic acid,-0.0688879620457329,-0.12656298279702025,0.566746719277262,-1.5260526447147105,1.1843073760445524,-1.0819749879845344,1.1116784345182407
91-52-1,"Benzoic acid, 2,4-dimethoxy-",0.37018592027951647,0.3869171876253469,0.48698169198382335,-0.8459163846268344,1.51015854421204,-0.7195975060935658,1.277681180680547
91-53-2,Ethoxyquin,-0.2086067744171021,-0.17099243663989683,0.40112108929225815,-1.28480880343164,0.8312813121542143,-1.0348230064093251,0.4628086167718009
91-57-6,2-Methylnaphthalene,-0.2741401115086426,-0.27310931182388903,0.13424844951399081,-0.532806959390716,0.10899796786347264,-0.5043598122471841,0.009312216915059155
91-64-5,Coumarin,0.3397577129401793,0.33678935572098334,0.2007421426653249,-0.2505885807084488,0.7798907962549866,-0.014362152973434576,0.70444723458642
91-65-6,"N,N-Diethylcyclohexylamine",0.3274362738578494,0.3543027907777321,0.36069842543738484,-0.48869133843256096,1.4198303846790281,-0.35201802880341543,1.0930861692010525
91-66-7,"N,N-Diethylaniline",-0.07419462115988602,-0.08956147936314408,0.25354239193499356,-0.6801297331908487,0.5198085785678891,-0.5154421419295782,0.37926114698620644
91-88-3,2-(N-Ethyl-m-toluidino)ethanol,0.24322788033955042,0.28997885564476533,0.3906281318138987,-1.0331937979404722,0.9213070187076416,-0.6240893994752557,0.8064682863727083
91-94-1,"3,3'-Dichlorobenzidine",-0.6183868361443404,-0.6913524112012336,0.383803636462117,-1.492266720495894,0.24359105891517796,-1.3040355840838311,0.06231753099371082
91296-87-6,Sarafloxacin hydrochloride,-0.7610934262794278,-0.7177535349401603,0.49802693365840595,-2.250306251933377,0.4533750663475784,-1.7600951898650687,0.1414219240712176
91465-08-6,lambda-Cyhalothrin,-4.096397968029456,-4.086091993496004,0.14389111404613478,-4.446491828126946,-3.6771556518934196,-4.392170637467463,-3.8481160078980627
919-86-8,Demeton-S-methyl,-0.8225342983938225,-0.7954749697306731,0.3827249920885684,-1.7681926540488178,0.22121479871113284,-1.5764305042239746,-0.20836578039471623
92-04-6,2-Chloro-4-phenylphenol,-0.8350808905014838,-0.8139713468109171,0.40704185364707407,-1.8817300192704844,-0.027718774390360607,-1.6160924916895878,-0.10732002450941988
92-24-0,Naphthacene,-1.6551507466890547,-1.6237984389510687,0.43047490696781726,-2.7092024595668827,-0.7550403521791265,-2.462800651371858,-0.8591342043300574
92-43-3,"3-Pyrazolidinone,1-phenyl-",-0.09613168295287826,-0.08591303844610551,0.41756203301199946,-1.1599023099318446,0.8483614638586765,-0.9098655223849859,0.6795159126911283
92-48-8,6-Methyl coumarin,0.49863763120390026,0.5707956752072323,0.3696984659057805,-0.4214346038920907,1.1998076844911094,-0.2796581713058464,1.095412629525402
92-51-3,Dicyclohexyl,-0.8169456002989689,-0.875475588195487,0.4600098642732979,-1.9376849003117878,0.5294153387684876,-1.7724408341663802,0.21839470499924235
92-52-4,Biphenyl,-0.34971150523214883,-0.35724581980250525,0.29138093167511964,-1.1582839601373902,0.5468114611653832,-0.8821724538659368,0.2144015535181045
92-69-3,4-Phenylphenol,-0.13009736351503584,-0.10790745000636406,0.46077349959388464,-1.5189112923950994,1.2321921157868496,-1.1261852581666387,0.8985953698351179
92-83-1,9H-Xanthene,0.08106019650811698,0.06946998648672068,0.515925752571187,-1.2424624713058072,1.7727742850050099,-0.8538056269411386,0.9122995366639971
92-87-5,Benzidine,-0.17421337203345652,-0.1808959789185123,0.1750077780993327,-0.6253793237974894,0.19212829958921268,-0.5233835641687793,0.1665632814232515
920-66-1,"1,1,1,3,3,3-Hexafluoro-2-propanol",0.6618873318043047,0.6505198223704496,0.4154616832375919,-0.5925602465774866,1.7264004831565842,-0.0433026544497709,1.4928975718354187
924-41-4,"1,5-Hexadien-3-ol",0.5470896031499887,0.4644426514022194,0.3465423994363375,-0.6748807576987723,1.4198176985523014,0.045847379282026604,1.2475991157321387
927-74-2,3-Butyn-1-ol,0.4556388180435848,0.47617612461233527,0.4370164593191295,-0.37510059960532066,1.9917614132255472,-0.34209747175247773,1.3008854207808276
928-96-1,(Z)-3-Hexen-1-ol,0.9839304846171818,0.958586891181254,0.4265230145238618,0.06397489023515904,2.2464482313114846,0.155660647384264,1.7429726442255133
928-97-2,(E)-3-Hexen-1-ol,0.8357180250942917,0.8341146007593122,0.4224889502682622,-0.5431506827478284,1.8509621549878248,0.0016564872991310098,1.5962615929146236
93-02-7,"2,5-Dimethoxybenzaldehyde",0.12116900830934461,0.10219055968955887,0.5869100375117021,-1.3596002734547226,1.6306808749603343,-0.9667944155548692,1.3229907552668099
93-04-9,2-Methoxynaphthalene,-0.07104562914695571,-0.07768816365412609,0.48299495714400315,-1.2978719023762013,1.1682819692864388,-1.0049000691728907,0.7664795268241028
93-07-2,"Benzoic acid, 3,4-dimethoxy-",0.8834222551695917,0.8798187782922626,0.42246368735935835,-0.13382132096714705,1.9391817515126775,0.04266999873709812,1.6488575287690588
93-15-2,Methyleugenol,-0.18636198455354847,-0.18581671185093646,0.31894413946087247,-1.2734377579726281,0.5035883110759921,-0.8066490792536581,0.4010837634548207
93-51-6,2-Methoxy-4-methylphenol,0.28446578945704437,0.3071443189118226,0.5484236903502793,-1.069305937261237,1.760256585469599,-0.6761093538396016,1.3425073599751578
93-65-2,Mecoprop,0.22357197792779654,0.3021412431514121,0.3912892493801716,-0.7371177470971154,1.118223912021672,-0.6750859894238452,0.8639530842746179
93-72-1,"2-(2,4,5-Trichlorophenoxy)propionic acid",-0.14546416095902426,-0.14618325664949106,0.22640221130380248,-0.781890015353761,0.3246855746758677,-0.6838993754814525,0.26785332421704383
93-76-5,"2,4,5-Trichlorophenoxyacetic acid",0.08329823488125239,0.09194089539629156,0.18598669192215256,-0.6586879735195728,0.5048682579328331,-0.25617223741101736,0.4446116910275233
93-78-7,"2,4,5-T-isopropyl",-0.9231067115498345,-0.990139060093691,0.47927627844997206,-2.1366222950090563,0.3358833932332394,-1.8794921484533629,0.02233104986328624
93-79-8,"Butyl (2,4,5-trichlorophenoxy)acetate",-0.5091674896455458,-0.5120003504686932,0.4247627596582857,-1.5799573069253072,0.7056029503298752,-1.441592159753551,0.24293865410963034
93-89-0,Ethyl benzoate,0.1308487065967218,0.15809430275489778,0.3529775495401928,-0.5777465137828405,0.8708134347360894,-0.5070636668047338,0.6904191754394468
93-91-4,1-Benzoylacetone,-0.46929578686255496,-0.5166531369788023,0.4615400329968021,-1.64997600113353,0.8959108996292446,-1.253744978424417,0.5420298201858932
93-99-2,Phenyl benzoate,-0.266172462789819,-0.2889956063300181,0.5356974780562256,-1.4091928814425159,1.3274127412421206,-1.3319749036042006,0.7423886910369331
931-53-3,Cyclohexyl isocyanide,0.06537223121946434,0.09317954853126426,0.5227004552746152,-1.0229126631800542,1.1821283237439533,-0.8804561715742535,0.9861342060756733
93106-60-6,Enrofloxacin,-0.2144947846968785,-0.17933382665273634,0.36739678195253767,-1.4251171688492312,0.36272327928035053,-1.1255699596012005,0.2910069516191004
932-16-1,2-Acetyl-1-methylpyrrole,0.6875349502179838,0.7237275364687252,0.4404833512310607,-0.36574059286615146,1.5935427250268364,-0.18996846468611195,1.4294428374447232
933-75-5,"2,3,6-Trichlorophenol",-0.5334336340951144,-0.5193404475883088,0.23675118895741395,-1.0540557775152353,-0.006073990439728307,-1.0047180621620098,-0.09625945331645375
933-78-8,"2,3,5-Trichlorophenol",-0.8425763218976036,-0.86175142671571,0.23387317353896506,-1.4218640466657297,-0.09999125614155913,-1.2739737087053264,-0.3496913814968121
93379-54-5,Esatenolol,0.554652361993017,0.5868113848094729,0.41851182129124587,-0.6747670523566005,1.8554446373840512,-0.2599060781901974,1.2413759779055618
935-95-5,"2,3,5,6-Tetrachlorophenol",-0.571825073481156,-0.5604527302780121,0.11480090070572098,-0.8056212833396775,-0.2988197660626325,-0.78301475769994,-0.3460814954111468
93697-74-6,Pyrazosulfuron-ethyl,-0.5757453598095986,-0.5394608044093361,0.5408081943210031,-1.8059563156102476,0.5573323339760683,-1.592553643490063,0.3644873073658899
937-20-2,"2,4'-Dichloroacetophenone",-0.09231154929854847,-0.060115045119991474,0.4172149590503023,-1.0343990787894495,1.0059846167629158,-0.8165409116075404,0.7214352780168386
938-55-6,"N(6),N(6)-Dimethyladenine",0.2940274092662188,0.29414507643932086,0.5568543292549291,-1.5205352346521455,1.9183378503140296,-0.7543648331589694,1.3366549106717525
939-23-1,4-Phenylpyridine,0.02854825235537306,0.07509641682658796,0.44700375039102447,-0.9539939021002241,1.1473315665220367,-0.8185491384233644,0.9019497048244056
94-09-7,Benzocaine,-0.0014514886217174255,0.014118823722980508,0.10895262939062149,-0.2775400865145319,0.19523489933331464,-0.23120652670634279,0.17174276193612392
94-11-1,"2,4-D isopropyl ester",-0.8061895716551796,-0.7467961865347181,0.38581220421844625,-1.846490227163819,-0.05544748164445645,-1.5850867905756385,-0.15228706316392943
94-13-3,Propylparaben,0.04753795657277979,0.07413391165551732,0.36633806895754156,-0.9800145457891138,0.8434718391450187,-0.6645428233632388,0.6733588041835525
94-18-8,Benzylparaben,-0.37877236325301716,-0.43457648275771754,0.5361345692850558,-1.6783199187242845,1.210022393030861,-1.2937724144809548,0.7039440106958144
94-25-7,Butyl 4-aminobenzoate,0.015783997469900505,-0.03647003578400043,0.5320243699612413,-1.2017098985313013,1.4584574400555739,-0.9181586960547773,1.1689430069620388
94-26-8,Butylparaben,-0.3843473498609308,-0.30778812119060134,0.4111545883095284,-1.449914535326113,0.32048608718432564,-1.3285773232340277,0.20501581821352008
94-62-2,Piperine,-0.45955471119964997,-0.5062637521952718,0.3967467664995538,-1.5933943908820136,0.8098937684767692,-1.0983313133460686,0.2901445851653876
94-67-7,Salicylaldehyde oxime,-0.2056029582589537,-0.22452303325941533,0.4310715479810197,-1.2747122875891415,0.8255947592433732,-1.1237591026815186,0.6614321900996019
94-74-6,MCPA,0.5745959666036738,0.563097567338261,0.24864119103269858,-0.2991072176618081,1.148380467764304,0.10837585586565401,1.057719502716171
94-75-7,"2,4-Dichlorophenoxyacetic acid",0.6900921906106123,0.683610295470014,0.15221107533366923,0.33340790914766366,1.000515975240963,0.4023077660238488,0.964918145217416
94-80-4,"2,4-D 1-butyl ester",-0.8045663216382757,-0.7552779974025181,0.23655743330555695,-1.5391187073862107,-0.4122242410653277,-1.3468690459838266,-0.44928147384387007
94-81-5,MCPB,-0.1760350634029617,-0.1044070572316317,0.31613763795407646,-0.9442748587950005,0.6071805590081587,-0.8101963020830701,0.40104920876432726
94-82-6,"2,4-DB",-0.05691452492552453,-0.03771809201919363,0.3003069136485999,-0.7038140607560869,0.736035112816521,-0.5772929397546662,0.5107453313676426
94-96-2,"2-Ethyl-1,3-hexanediol",0.9428852361162479,0.9136660305478417,0.43864913590077337,0.049776273596977456,2.4559261884102717,0.16998513793893746,1.894130945916383
94005-98-8,"4-(4-Chloro-2-methylphenoxy)butyric acid, compound with dimethylamine (1:1)",-0.25428930407892486,-0.18717329219077766,0.4177300854507939,-1.442408953538551,0.42679106458740756,-1.1055974588026658,0.36213242571049153
94051-08-8,"2-[4-(6-chloroquinoxaline-2-yl-oxy)phenoxy]propanoic acid, (2R)-",-1.0711463098568343,-1.1007124073851957,0.5342600661440408,-2.357659851741596,0.2474416022748219,-2.079587714163397,-0.080764276769433
94125-34-5,Prosulfuron,-1.3606660727834574,-1.3648667329976103,0.6370704857559859,-2.9652132938815625,-0.07650664466383268,-2.6669276968551188,-0.23668109079518915
94361-06-5,Cyproconazole,0.10671748331371393,0.07109306825639218,0.3906544218898945,-0.8809200510613215,0.9604175398828262,-0.6215198792323907,0.8317830566745483
944-22-9,Fonofos,-1.7910614404273941,-1.76189721322149,0.2917968118134682,-2.6498330023486196,-1.1255592682369508,-2.3243003484941838,-1.2834605322870027
945-51-7,Phenyl sulfoxide,0.2884143766276103,0.2969052427336663,0.3728402118740086,-0.6243924340864758,1.084053733811974,-0.537709887948308,0.9582585719240813
95-01-2,"2,4-Dihydroxybenzaldehyde",0.12769597136455668,0.0737989057408718,0.34461501150394647,-0.5741860130723477,1.2360015631027652,-0.4029058833927971,0.9075402529194311
95-03-4,"Benzenamine, 5-chloro-2-methoxy-",0.08127431401304028,0.09756770045022115,0.5522700723701921,-1.5845590296885335,1.2868033493550335,-0.9243033657882211,1.1573581731103235
95-06-7,Sulfallate,-0.4650665187764564,-0.41658657033598545,0.4070787917247894,-1.8068808221258363,0.4419222778146477,-1.1879972491999666,0.23516721167963509
95-13-6,Indene,0.4964214438695361,0.5548135595105392,0.42432128982759487,-0.9205955567688154,1.3855783202192182,-0.4110621419229662,1.171640973517348
95-14-7,"1,2,3-Benzotriazole",0.7777576613015391,0.832982859030276,0.32979094444373225,-0.026839888671631888,1.5403459383027793,0.12843436664711405,1.3411458567417778
95-15-8,Benzothiophene,0.20606587089791673,0.2256441879251308,0.42936717496327625,-0.770471437792975,1.007414952839612,-0.6333151227183035,0.9276947871086265
95-16-9,Benzothiazole,0.45916283003536046,0.4952118581758217,0.44469407212169465,-0.6977145041712768,1.4825574987492476,-0.4297916990824221,1.3025234978042624
95-47-6,ortho-Xylene,0.3383872033971263,0.34692043998803423,0.22116397508253938,-0.11329632046888935,0.7978955271168391,-0.07200538419837983,0.7172283151105412
95-48-7,o-Cresol,0.5915012562529879,0.6106734883573544,0.17629286702337943,0.20071167124056843,0.9048883983300396,0.29565900344402707,0.8670400455213105
95-49-8,2-Chlorotoluene,0.23913114245684974,0.25021536182968923,0.3332609087249714,-0.6116758719700776,0.8639968435523645,-0.47576267123365557,0.8255902790606563
95-50-1,"1,2-Dichlorobenzene",-0.09542728907090094,-0.10534294647268601,0.13481497989879715,-0.37634007814492476,0.22262685053606945,-0.34783017631009,0.1542688006622787
95-51-2,2-Chloroaniline,-0.1381651466522165,-0.1354246164258951,0.2641164695267506,-0.7751422066091942,0.46876839724500907,-0.7202778754042933,0.3129388460505363
95-52-3,2-Fluorotoluene,0.204140393393413,0.21916461682807237,0.48013393959971434,-0.9916549630174846,1.326289367913484,-0.630733103419416,1.0613879524096508
95-53-4,2-Methylaniline,0.41363849123562146,0.42310450199323923,0.37257018306448253,-0.6049258622950556,1.1980163210995787,-0.27305524266505476,1.1258530326796903
95-56-7,2-Bromophenol,-0.04878401345707244,-0.03138966432717146,0.46669906751255,-1.26263244848205,0.9838626617089168,-0.8177110848775168,0.7213684538370698
95-57-8,2-Chlorophenol,0.2667057232049489,0.2729278333656084,0.1134864018867115,-0.0887803180046258,0.5035095426648747,0.047025424171976485,0.4698968418121017
95-63-6,"1,2,4-Trimethylbenzene",0.21625493584738692,0.20077062768257814,0.21081668711622745,-0.18221054613037838,0.7117798189965215,-0.15195746540423447,0.654373167443631
95-64-7,"3,4-Dimethylaniline",0.10393048111220049,0.0862033188196443,0.5411349003683968,-1.020716106339242,1.1579538163769174,-0.884848198350406,1.0111228706301052
95-65-8,"3,4-Dimethylphenol",0.30465617329140493,0.3298749005879883,0.23237537500751373,-0.32108347507563734,0.8418148581719005,-0.14223873679107815,0.6954360832318485
95-68-1,"2,4-Dimethylaniline",0.49740937752413517,0.5043967420312235,0.29100455365106676,-0.39827464208790564,1.1625401800120871,-0.011025529585621325,1.0667068475749153
95-70-5,"2-Methyl-1,4-benzenediamine",-0.013390746951411191,0.03702809059358208,0.344871965983957,-0.8860131295877118,0.8337397866036,-0.7484565295516554,0.5087223078485738
95-72-7,"Benzene, 2-chloro-1,4-dimethyl-",-0.1642395584118657,-0.09893765653563455,0.5318174835979365,-1.9859488235411045,1.2481182629842529,-1.1661728414493882,0.6440817968917011
95-73-8,"2,4-Dichlorotoluene",-0.5945404465423484,-0.6183575555912704,0.4880106997560374,-1.7219164328103056,0.9351685578420087,-1.500785694585952,0.24610291493855968
95-74-9,3-Chloro-4-methylaniline,-0.2223574425085376,-0.18615458193393042,0.3684846799159516,-1.043739384433162,0.6141682714121253,-0.9286573073139156,0.4960969554127413
95-75-0,"3,4-Dichlorotoluene",-0.4317260830348741,-0.45685627341256185,0.46503819137547575,-1.7711978337976628,0.7993165718936631,-1.2757313979288034,0.4267112867344671
95-76-1,"3,4-Dichloroaniline",-0.10131848713311019,-0.10158640779453784,0.10490989717720237,-0.44340716257444035,0.15511731859317393,-0.32260763469449383,0.07589103842319153
95-77-2,"3,4-Dichlorophenol",-0.29008224546064487,-0.2709920440706614,0.3724090585591055,-1.1226514303361745,0.6275711141743355,-0.92687779252222,0.3839157427899497
95-80-7,"2,4-Diaminotoluene",0.8627998228502481,0.8259563450529221,0.330540748838161,0.07777447213822432,1.623110257648656,0.2571086791807346,1.553455218888955
95-81-8,"Benzenamine, 2-chloro-5-methyl-",-0.5618081784460618,-0.5430024073042806,0.4692366820243504,-2.002952334786386,0.47645052091433276,-1.3863860499786371,0.19719275467628825
95-82-9,"2,5-Dichloroaniline",-0.05918549538322103,-0.11850975183412298,0.4730894872496171,-1.9823285627560956,1.0636024656693726,-0.9771611654333273,0.6859056755367048
95-84-1,2-Amino-4-methylphenol,0.016134804278085647,0.06737020095572616,0.3748838272075789,-1.1352932942076515,0.9039715673736706,-0.7352442406981439,0.5768650919838768
95-87-4,"2,5-Dimethylphenol",0.1300305767675994,0.11608115565049273,0.3328128939445917,-0.5737065101152781,1.007144834285052,-0.4512979557992401,0.8826622176042123
95-88-5,4-Chlororesorcinol,0.5109683222501132,0.5978956592647242,0.39937871418892906,-0.3928279125745888,1.333039777164502,-0.25395647776666613,1.250863017151112
95-92-1,Diethyl oxalate,0.9241581283726998,0.9037846554284075,0.3129295998862738,-0.05246939878525128,1.7164392430518243,0.33376635065785526,1.5211106258605067
95-93-2,"1,2,4,5-Tetramethylbenzene",0.03447568790709147,0.037517601389143264,0.2714013869042767,-0.7544771164398171,0.6535655887688863,-0.4820229610869188,0.47987847878646983
95-94-3,"1,2,4,5-Tetrachlorobenzene",-0.6767917446850611,-0.6718598177600078,0.2868293004641567,-1.354120092738849,0.006444231230562338,-1.2054924689201816,-0.11633155218789568
95-95-4,"2,4,5-Trichlorophenol",-0.4491105096641712,-0.4451091007505475,0.07287414276242259,-0.6733876063238048,-0.26481976517034167,-0.61110019412832,-0.31826994277576814
950-35-6,Methylparaoxon,-1.4095227683876854,-1.4279497685825968,0.41790219507825516,-2.3430066040425217,-0.3180910141010969,-2.2418308142608705,-0.5280945210342084
950-37-8,Methidathion,-1.411187877561054,-1.4012556138983414,0.1881299675326705,-1.9184744080743943,-0.9837353088061981,-1.7900025611249624,-1.1085739588125918
950782-86-2,Indaziflam,-0.864719087049531,-0.8689251390601136,0.31222526401237277,-1.6020673858325811,-0.21592930723353165,-1.452772541991323,-0.261561765927277
951-42-8,"Bicyclo[2.2.1]heptane-2-carbonitrile, 5-chloro-6-[[[(methylamino)carbonyl]oxy]imino]-, (1R,2S,4S,5S)-rel-",-0.15153731828674277,-0.1639372373876144,0.39307057189308414,-1.0274207317986832,0.8828485106763643,-0.8219227466152516,0.5653569184468571
95266-40-3,Trinexapac-ethyl,0.45906803147557246,0.49193185290018904,0.30780228497496326,-0.38527565074881415,1.2840033137032825,-0.1700725150677205,0.9468598120525363
953-17-3,Methyl trithion,-1.3283287388350968,-1.318496863943544,0.19892817933815665,-1.9747766034615115,-0.9591052696128992,-1.7504513745467063,-1.0121012896670187
95465-99-9,Cadusafos,-1.7582795150032382,-1.7443854187828827,0.3209165372791866,-2.4973705640029875,-1.2070044294584859,-2.402239608362541,-1.2437184671300012
955-83-9,"2,5-Diphenylfuran",-1.54235835944861,-1.5203388939873905,0.44633023257166227,-2.535207107889854,0.1074561222498245,-2.3002637964250376,-0.7290313265493437
956-48-9,"2,6-Dichloroindophenol",-0.944119963217447,-0.8940619920778512,0.5906994685013157,-2.4182737846896654,0.47777928643618434,-2.11007919228679,0.15057058802056433
95617-09-7,Fenoxaprop,-1.187251106060123,-1.1806082509064364,0.3591551409481393,-2.0624759660389262,-0.35324505635968545,-1.7965386061029045,-0.5980213624912429
957-51-7,Diphenamid,0.5263805052079733,0.5519990951656268,0.2519489642246267,-0.34034544532809047,1.1335920898566867,-0.018850558493378695,0.9451346075548704
95737-68-1,Pyriproxyfen,-1.1998742745931006,-1.1824421411031878,0.27050154013115435,-2.031518388098873,-0.6249051727758105,-1.7202485014313984,-0.6734491980857337
959-98-8,Endosulfan I,-3.1506962451652014,-3.1673564908854703,0.21569216426051724,-3.646292255267289,-2.5434107415502627,-3.6029253610798087,-2.7445881278903075
96-05-9,Allyl methacrylate,-0.3531690372348166,-0.3163293587020618,0.39854249615380166,-1.7238051849779936,0.5227311298646824,-1.1957974183504778,0.37336778027293793
96-09-3,Styrene oxide,0.2559922180816445,0.26204419323877937,0.32994569087822245,-0.546583947593619,0.9598461041132276,-0.3915854581329007,0.8347696854501903
96-12-8,"1,2-Dibromo-3-chloropropane",0.07341079225820822,0.0333679880808712,0.3820138417434855,-0.7535719937369421,0.8943318046614263,-0.6389497190627814,0.7960486392812692
96-13-9,"2,3-Dibromopropanol",0.7177775272342432,0.6953323640401512,0.2613736574331106,0.2083804953876282,1.4171345016850236,0.2788776660417149,1.2441493181200116
96-17-3,2-Methylbutanal,0.18412627309313145,0.19603928158207662,0.4558199747083235,-1.026272040062209,1.3070968260621627,-0.8320493055762856,0.9691696024960617
96-18-4,"1,2,3-Trichloropropane",-0.20647455358141137,-0.16077482550419298,0.206006132359578,-0.6813734610242086,0.30927385679039304,-0.6301239783363293,0.10446239606014572
96-22-0,3-Pentanone,1.5183192952219722,1.572793345584477,0.3376542318272791,0.48431980789189194,2.243398682514606,0.811816396929874,2.1455779569146025
96-23-1,"1,3-Dichloro-2-propanol",1.336101093644271,1.341812017999943,0.288181933676777,0.6442340402274617,1.95446937363524,0.8227193663322306,1.798971490782007
96-24-2,"3-Chloro-1,2-propanediol",1.267499387395501,1.2545222884302474,0.371609929933651,0.4663577170129296,2.39811382845225,0.6237023266714344,1.9582407651671871
96-29-7,2-Butanone oxime,1.2031788667613608,1.1895761768075008,0.4089289676519111,0.2460779728156964,2.1637676567700357,0.4289232500090642,1.9335858501495236
96-31-1,"N,N'-Dimethylurea",1.065402124669312,1.0401158105739423,0.5572935147650598,-0.380709973627832,2.7143431452663833,0.017384257198955394,2.0610892053877445
96-33-3,Methyl acrylate,0.07944571781306094,0.1323228208952103,0.40669752404629056,-1.1557433435156805,0.8992171888661288,-0.779276798868172,0.7518829600805023
96-41-3,Cyclopentanol,1.3903889592440017,1.3537511379530118,0.3462770337810319,0.5961134680720112,2.2764336298001364,0.8099558138762883,2.0015566074031566
96-45-7,Ethylene thiourea,1.407086733423062,1.440527084340492,0.3475545254112904,0.351731864003497,2.2620784318669975,0.7701820550359428,1.9584805987959664
96-80-0,2-(Diisopropylamino)ethanol,0.6381177205148492,0.6703728285859614,0.4174227161877702,-0.44927909152314055,1.554562859942659,-0.37163159042180016,1.3512775653433486
96-91-3,"2-Amino-4,6-dinitrophenol",0.18117466736568288,0.19878778418279225,0.42813209984310324,-1.2595445346014693,1.1040508449307445,-0.5797572546327282,0.8524613090852139
960003-90-1,"S-[(2S)-Butan-2-yl] O-ethyl (S)-(2-oxo-1,3-thiazolidin-3-yl)phosphonothioate",-0.9656625646823385,-0.9761696035822902,0.4650602026043993,-2.1578161837293326,0.24594998187580025,-1.9044732122027983,-0.08182693883101322
960003-91-2,"S-[(2R)-Butan-2-yl] O-ethyl (R)-(2-oxo-1,3-thiazolidin-3-yl)phosphonothioate",-0.9977460282275621,-0.9668129024406137,0.4934119168737466,-2.5950950878320187,0.9593696085041399,-1.9988600357693047,-0.16646944959124343
960003-92-3,"S-[(2R)-Butan-2-yl] O-ethyl (S)-(2-oxo-1,3-thiazolidin-3-yl)phosphonothioate",-0.8480507364614936,-0.803789495897314,0.4893032960013877,-2.154066255991843,0.6216128614452131,-1.9117459704354145,-0.08598858216946972
960003-93-4,"S-[(2S)-Butan-2-yl] O-ethyl (R)-(2-oxo-1,3-thiazolidin-3-yl)phosphonothioate",-0.8647257491441073,-0.7809294828645498,0.49353642118333,-2.19564956258413,0.17316096287094312,-1.7409097184493163,0.06381142595912616
96182-53-5,Tebupirimfos,-2.3397498895340303,-2.323733907274348,0.24530255241558568,-2.9580619714789704,-1.8695672815046769,-2.8148286474049464,-1.9218770908480278
962-58-3,Diazoxon,-1.9080484313457424,-1.9333730770135276,0.29687979284226773,-2.576262943314213,-1.129519744661877,-2.393574344825585,-1.3499986921484415
96489-71-3,Pyridaben,-2.656254400772288,-2.6909259250020434,0.29953115462017665,-3.2773355164455125,-1.9561828655173286,-3.198805037337282,-2.072984233814895
97-00-7,"1-Chloro-2,4-dinitrobenzene",-0.7314015162307892,-0.7300493173760578,0.29326585032383967,-1.5652909093885226,0.02259027558095311,-1.3144388230862518,-0.16473604254641314
97-02-9,"2,4-Dinitroaniline",-0.0002027528040373658,0.022162816153995457,0.2943347598488437,-0.8721590641925155,0.5937658383774613,-0.596291347712703,0.49884706431982984
97-11-0,Cyclethrin,-1.5052067830992824,-1.4845503777879419,0.43064832195568215,-2.5296640768097256,-0.37500188563298703,-2.419221779644881,-0.787881291017173
97-17-6,Dichlofenthion,-1.176168531551437,-1.1773878498358545,0.19156336714688144,-1.6654856875709534,-0.6740261686727125,-1.5376890327041515,-0.7939502041591504
97-23-4,Dichlorophen,-1.2992186892124682,-1.306279230590861,0.2651838876491399,-1.8283771631997356,-0.790021970302293,-1.7758203201863423,-0.8496859207843808
97-50-7,"5-Chloro-2,4-dimethoxyaniline",-0.09692835875406375,-0.08898915010489192,0.42634347191798083,-1.834078421535605,0.6267566594642268,-0.8489656590598645,0.5506131223221817
97-53-0,Eugenol,0.0845092128276719,0.08111046556532077,0.2865783056907507,-0.5247595125571752,0.812388287698991,-0.4405975309843449,0.6765056857280486
97-59-6,Allantoin,1.2159938701469395,1.2690839881737732,0.5987478540220296,-0.3586336440550642,2.712179455810302,0.12466288905075858,2.2425022446494967
97-64-3,Ethyl lactate,1.1588777815156532,1.1981562265479546,0.31187800290196765,0.462147040851977,2.2103766129227402,0.5771338028143836,1.6978273903476118
97-74-5,Tetramethylthiuram monosulfide,-0.42517225015700894,-0.4513519556050351,0.3969536286353611,-1.3936354328744558,0.3714100371416085,-1.2033063260142745,0.3107963764796275
97-77-8,Disulfiram,-1.3067552260147535,-1.2797267330968503,0.36750338750536743,-2.260857974242833,-0.4676073847450247,-2.0592759316565843,-0.6360277585089178
97-78-9,N-Dodecanoyl-N-methylglycine,-0.3037701264512874,-0.25609424594799635,0.5246831759645574,-1.682870843556379,0.8243565548143125,-1.3226987532256602,0.6704217936051021
97-99-4,Tetrahydrofurfuryl alcohol,1.3840921027977868,1.4766524154224516,0.473039558371266,-0.08286621724080064,2.343218577074378,0.470442576991261,2.110527421697722
971-66-4,Pyridine-triphenylborane,-0.7665513858211144,-0.8019186491840542,0.5474732407663504,-2.318122572585776,0.545623306104912,-1.766339328351553,0.3409353313831162
973-21-7,Dinobuton,-2.032953291539784,-1.987872627144085,0.42570392597639467,-3.1564432288528064,-1.3050855123603913,-3.029752022445246,-1.3865064742791466
97553-90-7,"Methanol, (((1-methyl-2-(5-methyl-3-oxazolidinyl)ethoxy)methoxy)methoxy)-",0.5895776372496118,0.6355691823801791,0.42104836273371965,-0.4753712795187507,1.7413693507328303,-0.331470764914774,1.3684378473761343
97886-45-8,Dithiopyr,-1.0376790374639517,-1.0520291809324744,0.258270205465595,-1.6785642512543861,-0.4872954238505911,-1.5439544092980273,-0.5578884647112323
98-00-0,Furfuryl alcohol,1.1210815695644047,1.1411382748159196,0.34484964565775783,0.04673499108101444,1.8958597960761032,0.3948122336866867,1.762729163156479
98-01-1,Furfural,0.6429347485548089,0.6161230669612203,0.11051208299293144,0.42706022049919384,0.878575621979755,0.47456461203287476,0.8396811819342749
98-04-4,Phenyltrimethylammonium iodide,0.6331708096927655,0.6172628233359168,0.42633579318341036,-0.221901441485293,1.8307279792009785,-0.16725089873004606,1.4484194206855492
98-05-5,Benzenearsonic acid,0.8894755044958991,0.8688453511420338,0.3435693992106521,0.08331762776961023,2.061604938568509,0.23648947984546448,1.4561319382849578
98-06-6,tert-Butylbenzene,0.3550458407377997,0.3619060440552943,0.36372398083791824,-0.5439842149477349,1.1812226160063664,-0.3071391901179624,0.9793358571919314
98-08-8,Benzotrifluoride,0.11814294155911075,0.07938949288719543,0.5102074095529239,-1.0120462180684056,1.2646678941515885,-0.7709463057284188,1.1974956868546796
98-09-9,Benzenesulfonyl chloride,-0.16971110936828715,-0.1484962832099356,0.41493232997428814,-1.0925008878761429,0.9082409270311419,-0.8678146085416103,0.6338243963393558
98-11-3,Benzenesulfonic acid,0.9801951958746047,0.9967882197077633,0.44623457695621394,-0.3222349138204195,1.9669962765779987,-0.14986164781264316,1.755047591003331
98-16-8,3-(Trifluoromethyl)aniline,-0.08456847065839442,-0.08744021966882015,0.44860677996086984,-1.1018870680274477,0.9078625996758913,-1.0220655310963838,0.7224962765582214
98-17-9,3-(Trifluoromethyl)phenol,0.11002919794187317,0.12671761667749953,0.4319984147334951,-0.698609460222349,1.3022117278649352,-0.6472142492706413,0.9320583103768421
98-33-9,"Benzenesulfonic acid, 4-amino-3-methyl-",0.47526051908340555,0.4194890179358795,0.3801299583037641,-0.49006791432262453,1.4854741702631142,-0.22624843042559126,1.2112278190650383
98-50-0,(4-Aminophenyl)arsonic acid,0.28626551699265407,0.3029440674671774,0.4737075806255936,-0.9770994495127091,1.640950900828521,-0.5635358193640554,1.1577325038570674
98-51-1,4-tert-Butyltoluene,-0.45045794151344415,-0.48165501454141485,0.32231529503556905,-1.0990315808707456,0.6675681373515808,-0.9845578456604928,0.1834420385467177
98-54-4,4-tert-Butylphenol,0.010730847763463645,0.007915172781853707,0.17891952851790385,-0.3489648456739646,0.3716508827489463,-0.3084390687730505,0.27623032428106103
98-55-5,alpha-Terpineol,-0.10761071180278865,-0.09153875196070571,0.45882243908343395,-1.4285147770779558,0.8878056300612948,-1.1912181013759107,0.6433635702252744
98-69-1,4-Ethylbenzenesulfonic acid,0.4146798233471765,0.44058459111276455,0.5175737377213807,-0.9741986950355043,1.4914826355195367,-0.7424522755773063,1.3751053240684965
98-73-7,4-tert-Butylbenzoic acid,-0.26495872665296344,-0.23603521882207476,0.4542599234939631,-1.3529296907698567,1.0479862901816084,-1.1874634916544475,0.4862345451862805
98-82-8,Cumene,0.013156052396078572,0.06875590997103015,0.2994824338573624,-0.6831008601765908,0.6488513601750089,-0.6116540845509186,0.576170136521703
98-86-2,Acetophenone,0.8399601089286526,0.847732489525528,0.38982694311564753,-0.0046025122698782036,1.651099538599986,0.06831592555194704,1.5759516767778907
98-88-4,Benzoyl chloride,0.6400993933532342,0.6461651652981378,0.2096225683316685,0.10855800540849812,1.0752686922685346,0.24029779411153884,0.9777961414649854
98-95-3,Nitrobenzene,0.34338060965518524,0.3368903258717517,0.1563197574073772,-0.08850230808617673,0.7298535368395322,0.049985631338761875,0.5937547859038406
98079-51-7,Lomefloxacin,-0.3101930748214809,-0.3076456081036289,0.5501044098329105,-2.0404330028398867,0.8840654942207201,-1.5107317231968362,0.6914355834939969
98886-44-3,Fosthiazate,-0.22469868343992466,-0.22480914269189636,0.3369251126271257,-1.0941069523447007,0.6086992253625703,-0.9034741884114543,0.4027904273849163
98967-40-9,Flumetsulam,0.22937479402493938,0.26401632848047185,0.35324195248254314,-0.6722605173491162,1.091668440474953,-0.4421030973648398,0.8780432940304104
99-03-6,3-Aminoacetophenone,0.7792690258646783,0.7912254564864192,0.4974679654103949,-0.39298596147487364,1.8995382597647639,-0.2574198957617083,1.6755278635441448
99-06-9,3-Hydroxybenzoic acid,1.218924353198038,1.27103550388052,0.4046896144327697,0.32405885864713296,2.143182103250507,0.3781956699216865,1.941946566263552
99-08-1,3-Nitrotoluene,0.2824988304528992,0.2345835233887293,0.26487068105131745,-0.22484335292792484,0.9133210765129605,-0.1607058240873385,0.8500964277863282
99-09-2,3-Nitroaniline,0.33711967638827145,0.3897756186603053,0.3257404789288313,-0.674324687124111,0.858761402127344,-0.4234578432817844,0.8486790598288285
99-10-5,"Benzoic acid, 3,5-dihydroxy-",0.9268679321023311,0.9409184960711182,0.38452207030737995,-0.06192766336656715,1.7853219709352965,0.13393006023387183,1.6304136356417684
99-11-6,Citrazinic acid,0.5307210638077526,0.5226173715317852,0.4493407354008294,-0.6746372585594695,1.5283087808325668,-0.24290749446977122,1.34734619498941
99-28-5,"2,6-Dibromo-4-nitrophenol",-0.5442480464983658,-0.5381794132900961,0.41913829081952997,-1.618205890834831,0.6933938778389787,-1.3400705051382928,0.22453977949065204
99-30-9,Dicloran,-0.29587705284377575,-0.2956350846953746,0.24531956935391672,-0.9432365116269644,0.27406851674984295,-0.7833338761499297,0.124885132184785
99-35-4,"1,3,5-Trinitrobenzene",-0.7227628668408667,-0.7125232497918532,0.20268381656513967,-1.2969463464701418,-0.23515676341271455,-1.118809059748099,-0.36389907835414625
99-40-1,4-(Chloroacetyl)catechol,-0.09604517470470503,-0.09650117105357023,0.5536331549122133,-1.466585311186407,1.457164937366529,-1.1878530887417518,1.0305418032341145
99-50-3,"3,4-Dihydroxybenzoic acid",1.2156815626880022,1.2362689968387788,0.36033101318825606,0.174838613051343,2.1330461023367366,0.5235389330600101,1.8188946474585836
99-51-4,"1,2-Dimethyl-4-nitrobenzene",0.15319767188491817,0.14683644211157643,0.35108680204224835,-0.8515808992562542,0.884326394860523,-0.5175225537407012,0.7870088245818251
99-52-5,2-Methyl-4-nitroaniline,0.515953602245087,0.5779941960033915,0.4162819158416812,-0.5514167782303209,1.651295991870832,-0.3241780230515583,1.1953576159292836
99-55-8,2-Methyl-5-nitroaniline,0.4391853517960493,0.4537469657731258,0.3355979350385195,-0.417804668466477,1.1962525051812174,-0.22941734220892065,1.073264015368213
99-57-0,2-Amino-4-nitrophenol,-0.47914106415017216,-0.44121776184393957,0.45656248530993243,-1.6116909188333248,0.9471440877919031,-1.3064808461813293,0.31588468942393333
99-61-6,3-Nitrobenzaldehyde,-0.07414369990960926,-0.05054076243334839,0.3999691121034082,-1.5096892192373361,0.648909923465618,-1.060015863730672,0.5468456950077418
99-62-7,"1,3-Diisopropylbenzene",-0.5401328805896305,-0.5274009766008001,0.49901200492323916,-1.7536289919970809,0.47785723884641496,-1.5023115007796308,0.3369421781487851
99-65-0,"1,3-Dinitrobenzene",-0.2493308421269085,-0.24536401813407555,0.21030531107005165,-0.8753124217351073,0.18533098847383797,-0.7012837744733507,0.13721401280940418
99-71-8,4-(Butan-2-yl)phenol,-0.4397528536397757,-0.41765593463764866,0.2758842213178346,-1.3021577161846145,0.25884601886355,-1.064801664787751,0.0978323076027363
99-76-3,Methylparaben,0.5531031661864585,0.5105917641556225,0.4363519876961453,-0.20947935265943368,1.8148778388710205,-0.16024825067812698,1.4853826074389578
99-85-4,gamma-Terpinene,-0.09297495613974897,-0.10693775600543814,0.4505072080190918,-1.2219648054451757,0.7998586019653822,-0.9647617875782956,0.7586041427908418
99-86-5,alpha-Terpinene,-0.47796046022028027,-0.4832136633662229,0.256399299533128,-1.2177605051712823,0.18219649070257604,-1.0023201491488656,0.05165026909334179
99-87-6,p-Cymene,0.4320046588891941,0.4374097726827425,0.27705345254433206,-0.310266362621377,1.0275739924092095,-0.14766752510028427,0.8970156137490349
99-92-3,4-Aminoacetophenone,0.1700987051683724,0.12894217013230205,0.5076039740530446,-0.9385604773493751,1.441437924083988,-0.7338241119215491,1.265879503276789
99-96-7,4-Hydroxybenzoic acid,0.9297834367223977,1.0019848275622434,0.3916802055916587,-0.03799768223238618,1.8467714424279444,-0.0033156919153804337,1.466867359860478
99-97-8,"N,N,4-Trimethylaniline",0.3191816224178597,0.29575493967411637,0.281182864548413,-0.40161442748733844,1.0875333763800337,-0.1365178109245122,0.8638770258460495
99-99-0,4-Nitrotoluene,-0.09848005822998149,-0.08915800013766569,0.3775286451918826,-1.0250966778921087,0.8222490390223456,-0.8238479429758533,0.6303906205681045
99129-21-2,Clethodim,0.5278003125070012,0.5390945279208226,0.16221284827676813,0.11527949599346597,0.8727183225438936,0.21691208394947664,0.8315501833871735
99300-78-4,Venlafaxine hydrochloride,0.06963970445883222,0.05810334944729845,0.5581097997172264,-1.327854804783156,1.3279409707042649,-0.9574114697437576,1.0776244044521668
99685-96-8,Fullerene C60,-1.7651707919643351,-1.7481879587367612,0.6089315879100657,-3.0964655985117044,-0.1973467588213722,-2.9280437143814044,-0.49252972828401914
999-61-1,2-Hydroxypropyl acrylate,-0.14167577054955408,-0.10991972645814588,0.4070824558532723,-0.983245910623098,0.8478798439979164,-0.9049035969965108,0.7261304496465029
999-81-5,Chlormequat chloride,1.130143915205817,1.1168795090037813,0.22726337258479354,0.6185978380926618,1.6762086603491808,0.7306158980587055,1.5674270452968841
