CAS,chemical_name,hc20_mean,hc20_median,hc20_std,hc20_min,hc20_max,hc20_ci_lower,hc20_ci_upper,n_species_observed,trad_hc20
100-00-5,1-Chloro-4-nitrobenzene,0.021318554087452646,0.02451124701474173,0.2934887791926839,-1.0119355770224323,0.7202411937910117,-0.6695034598062607,0.520421818337921,,
100-01-6,4-Nitroaniline,0.4515823491656267,0.47952691767414035,0.24874903911923443,-0.24697036406426878,0.9943611399413336,-0.10583793403463201,0.8755537399985139,5.0,1.4131742458191652
100-02-7,4-Nitrophenol,0.14260907935194334,0.14076260755140318,0.10314613124792488,-0.13876970907149488,0.3731300455543537,-0.04990157796374002,0.3350501900403171,18.0,0.7096776592119038
100-09-4,"Benzoic acid, 4-methoxy-",0.3965050103589882,0.45165643208423034,0.5552718377558814,-2.415384806966517,1.594992255197157,-0.7302976531819352,1.4203737348883854,,
100-10-7,4-Dimethylaminobenzaldehyde,0.20913769616316855,0.22071999974222695,0.3818236013048589,-1.046404536492877,1.2293838288880272,-0.5971446225866008,0.9881363357961409,,
100-14-1,4-Nitrobenzyl chloride,-0.20083633698331332,-0.22507587161400627,0.42123584873901565,-1.213405565426696,0.9339128559478439,-0.9748016836307835,0.6116425315860715,,
100-17-4,p-Nitroanisole,0.08981231004173602,0.08341464571693243,0.4590898119034034,-1.1753754028090033,1.1108638233432488,-0.7647093565781711,0.945007642142191,,
100-25-4,"1,4-Dinitrobenzene",-1.1104051050633459,-1.0928747758095938,0.3581274842650144,-2.2868227040041726,-0.05864814504608685,-1.8535034787402398,-0.4776278259490835,,
100-37-8,"N,N-Diethylethanolamine",0.6579701126853104,0.6734750635087903,0.5915004408644602,-1.214714224870906,2.5136250986697175,-0.45116018689973125,1.7545396963985327,,
100-41-4,Ethylbenzene,0.2526005694982912,0.26390266762045345,0.1549281877580307,-0.10227820699585026,0.6577265700862654,-0.06339768015665635,0.5249677112654785,14.0,0.8771656907808165
100-42-5,Styrene,0.24097824226591577,0.2392947235572535,0.17569008634099212,-0.2533077616212946,0.7519956962278861,-0.057108921457953675,0.620809439536283,9.0,0.7645947572370987
100-44-7,Benzyl chloride,-0.29258987772903594,-0.2858621350975915,0.2663276442843957,-1.1833249501624237,0.4949675015912981,-0.8108752212689221,0.21260278099383847,,
100-46-9,Benzylamine,0.4075751624777137,0.4203310578679474,0.5880950318760958,-1.4347424487053166,2.0658821099333897,-0.7697775290381942,1.6316444392200238,,
100-47-0,Benzonitrile,0.6317293287979184,0.6409958285438653,0.2368013608462908,-0.33865630667905294,1.2094386168693128,0.07544110793351344,1.0583640003268437,,
100-51-6,Benzyl alcohol,0.622870815504025,0.6443272740025271,0.37657707490625847,-0.597649498321802,1.4653108231965766,-0.2837297477406855,1.2156839495026062,,
100-52-7,Benzaldehyde,-0.0342636757071984,-0.024306481134106186,0.2157134993816152,-0.7850006067875676,0.44651623657910516,-0.45628193251682553,0.3708744254681906,7.0,0.5853250265977069
100-56-1,Phenylmercuric chloride,-1.3423702046563144,-1.4341400741661805,0.6787493597312535,-2.728738651598072,0.953141739413883,-2.3981080627295235,0.16036000927096233,,
100-61-8,N-Methylaniline,-0.034875506452857405,-0.04041751986734128,0.3326479150322693,-1.0090732957367716,0.8018590846747232,-0.7333568370946146,0.6716559369792784,,
100-63-0,Phenylhydrazine,0.0378819635316069,0.07244753038733015,0.4765312159635956,-1.6234304021392294,1.5432830777017439,-0.9314205521601367,0.9315304552954046,,
100-64-1,Cyclohexanone oxime,0.40228682069983873,0.4125301496938152,0.49543165338377176,-1.0620255013217172,1.793843344038378,-0.648800094412951,1.2902590833765617,,
100-66-3,Anisole,0.4432570754934466,0.4482398771633076,0.4107667659382356,-1.0119549647718489,1.3865681402342565,-0.284587424358004,1.1343388224024136,,
100-68-5,"Benzene, (methylthio)-",-0.11887116459734375,-0.1320021158224056,0.5079346880381714,-1.6639793390057374,1.5538856437479334,-1.090615165611183,0.7978801376572889,,
100-70-9,2-Pyridinecarbonitrile,0.8042172226534983,0.8036423060106719,0.5087318365146315,-0.6127368846867872,1.9771233544257623,-0.2151370990169997,1.8198218662136771,,
100-71-0,2-Ethylpyridine,0.4563286551040822,0.45877766969571954,0.5369131121360847,-1.1847324402661115,1.7250298012666385,-0.784368571114342,1.436395347849688,,
100-79-8,Solketal,0.6547058718458645,0.6381762188973503,0.6020905703216419,-0.8500043701277821,2.2534445414102917,-0.5517875483435656,1.7098093398942278,,
100-83-4,"Benzaldehyde, 3-hydroxy-",0.37233643319681275,0.370789347775637,0.5538402302074961,-1.6360186292944994,2.013719705011034,-0.6783857348769555,1.3919295103978153,,
100-97-0,Methenamine,1.8643129934178753,1.892203693417995,0.6146823818894163,-1.0248263838652576,3.121535438313445,0.694132289431895,2.858315964088338,,
10004-44-1,Hymexazol,0.23641876603372944,0.21284071181314917,0.5429025713341915,-1.3397026014232811,2.006989536222909,-0.8973688148271491,1.3486667801587202,,
10007-85-9,Dicamba-potassium,0.5127924484212268,0.5435748825573437,0.45366141887089584,-0.9642955071600189,1.6295442233063058,-0.37794792019804113,1.3882174814846089,,
1002-62-6,Sodium decanoate,0.3455867799882731,0.36575719681654695,0.4739187355060193,-0.9155469689384517,1.5381485744619579,-0.66295733588624,1.270712011673316,,
10022-31-8,Barium nitrate,0.4466797084014869,0.46684962769186367,0.45541142219118164,-1.0309857618318667,1.471069630494622,-0.49791886158884185,1.2868098498663307,,
10025-65-7,Platinium dichloride,-0.3182350359629429,-0.3808682275894277,0.7249909059433813,-2.2925255016942483,1.8996363840528234,-1.5796391005375738,1.035136016552889,,
10025-73-7,Chromium chloride (CrCl3),0.19111983484923756,0.18024565939974213,0.21966296238710614,-0.451104973621875,0.7323975705904764,-0.2697165424851374,0.5768268117941047,8.0,1.0786819715186007
10025-82-8,Indium trichloride,0.3132267986995977,0.3138941389403032,0.4822579678147856,-0.9059056988173674,1.8854594821709505,-0.5537039463012254,1.2915466101432789,,
10025-91-9,Antimony trichloride,-0.04884871892723764,-0.04033810564653231,0.25833093130620943,-0.7251065296287621,0.6450062810666706,-0.5196962160708717,0.4466686825535952,5.0,0.6834072138626051
10026-11-6,Zirconium(IV) chloride,0.9915537167625694,1.002840132478985,0.8368837194782477,-1.1535660678486448,3.3971588673545225,-0.5090384234876186,2.6447184839589704,,
10028-15-6,Ozone,-1.5703718504694506,-1.5865063367529628,0.30715238554220786,-2.2677440592183102,-0.4196831983171453,-2.1736564927853665,-1.0001304100942807,,
10028-22-5,Ferric sulfate,0.33762058862242683,0.371193087370968,0.3177626781469666,-0.4586807159642425,1.1720006428139185,-0.32166536189323797,0.9440930900184271,,
10031-82-0,p-Ethoxybenzaldehyde,0.11272159187853402,0.14902886819948413,0.431282094331329,-0.9777236145076457,1.2413129122601907,-0.7122211234388257,0.9432894197600032,,
10039-54-0,Hydroxylamine sulfate (2:1),-0.04329913770975677,-0.0636273873525564,0.35170470167782475,-0.9130585273361154,0.9938603411938499,-0.705895058537342,0.6618458518688118,,
10042-84-9,Nitrilotriacetic acid sodium salt,0.8841063292599545,0.8837616006930518,0.29905082718760245,0.06024955116436475,1.6089869135465378,0.2010680105416916,1.4807957688942635,,
10043-01-3,Aluminum sulfate,-0.1683820203516298,-0.16507119178773874,0.2235642601305875,-0.79170597013,0.3904657119320012,-0.6538878997657337,0.22575626679561892,6.0,0.8715323042947117
10043-35-3,Boric acid,1.239828355594036,1.2577516148895829,0.26273409636820133,0.5285547427223167,1.801586675505233,0.7852448509488861,1.7201209168284362,7.0,1.841449851143787
10043-52-4,Calcium chloride,1.9724982197038827,1.9687504298919123,0.17609450652065617,1.4475435780149777,2.3104336404872674,1.636920934105785,2.2954832761877957,11.0,2.9979638251655207
10045-89-3,Ferrous ammonium sulfate,0.09643712457981751,0.09997389485933268,0.40196916432611185,-0.8246546509478283,1.0879911508163627,-0.689185488574733,0.9114092609891051,,
10045-94-0,Mercuric nitrate,-1.6004800609270184,-1.6620843847925686,0.5623481190058006,-2.7370918378731695,0.751037078203285,-2.5642586686579416,-0.4236289690072698,,
10049-04-4,Chlorine dioxide,0.953210529065111,0.9348018834387015,0.34771683691573435,-0.02182884118247748,1.8420662803017378,0.24425982194907833,1.5571656564784477,5.0,1.4554713473581051
10051-44-2,"Hexanoic acid, sodium salt",0.8135198753866885,0.8712597113069911,0.5684516565284166,-0.67511021039253,2.2271133625873265,-0.42217072797658073,1.860880477373319,,
100646-51-3,Quizalofop-P-ethyl,-1.149260029652611,-1.1403014866783407,0.4315877774424295,-2.2489629627956593,0.08985247970708951,-2.041227916556892,-0.27649169511400906,,
1007-28-9,Deisopropylatrazine,0.019948704493552835,0.010351834614263965,0.48142011367745446,-1.6578429395548366,1.3963998401150148,-0.8151391220242165,1.013118580986118,,
100784-20-1,Halosulfuron-methyl,-0.1542044804794501,-0.14241842010952455,0.6542255315954172,-2.006920502514514,1.5442408053682526,-1.5895377602634402,0.9380160615382378,,
1008-80-6,"2,3-Dimethyldecahydronaphthalene",-0.6825886501462125,-0.6594859461542735,0.525766841051264,-2.155620174124344,0.40885155193611583,-1.6803442705168825,0.32835216394454314,,
100986-85-4,Levofloxacin,-0.17039415115637938,-0.18066312607378998,0.39106214532276024,-1.2036142213017114,0.9640582535843363,-0.9453920138178884,0.567524822913972,,
10099-58-8,Lanthanum chloride,-0.5107431856197313,-0.5199410604248413,0.4538954196561227,-1.802118720628053,0.7678497749429397,-1.3114478511287293,0.42206722984660316,,
10099-74-8,Lead nitrate,-0.3858497809858292,-0.3663710365897558,0.1997552577810068,-1.0515953842323744,0.08250491144734758,-0.7873697624537616,-0.05050370925880954,36.0,-0.07014996998317802
101-05-3,Anilazine,-1.3828298576656812,-1.3876511999763375,0.23890069695456861,-2.023756366789885,-0.8400495270052614,-1.8317859509721688,-0.9220265462066467,7.0,-1.360536582190584
101-20-2,Triclocarban,-1.864418386717723,-1.8678166278633945,0.21471888960483612,-2.6866479112295645,-1.1706968334470722,-2.246469015521446,-1.47779554097788,6.0,-2.070709962839731
101-21-3,Chlorpropham,-0.25931364589892,-0.2427153560328147,0.23044010449010352,-1.246152593826461,0.24532983784248283,-0.6852342938407502,0.13786219777410313,,
101-27-9,Barban,-0.9538487077593842,-0.9501621902306667,0.24246827904911597,-1.5367666466092234,-0.10517917081744234,-1.4108127851404098,-0.49349859198685125,7.0,-0.25347835322726653
101-42-8,Fenuron,0.4760599845719313,0.5080227064914596,0.45838189846539357,-0.8773677084978425,1.676144309469605,-0.43041856164658066,1.2246319533482903,,
101-54-2,"N-Phenyl-1,4-benzenediamine",-0.6590117191220017,-0.6866531774984481,0.48051068140505526,-2.3278477975156036,0.4825356755100458,-1.626882550859783,0.24707494831513616,,
101-55-3,p-Bromodiphenyl ether,-1.1263365560240057,-1.1268990286883842,0.21762976216423519,-1.8710427991697896,-0.5802756590874951,-1.5267041426136359,-0.7527041859511902,,
101-79-1,4-Chloro-4'-aminodiphenyl ether,-0.6884849890781166,-0.6588551743598172,0.5999894753851679,-2.1057475509439465,0.8160369313944195,-1.8004381441556307,0.4312608712516591,,
101-81-5,Diphenylmethane,-0.38800948499733123,-0.3898292583256082,0.5560024362656125,-1.588750413236289,0.9696453880879466,-1.417437893592637,0.7996140341812712,,
101-83-7,Dicyclohexylamine,0.08912416079827608,0.11278621430370601,0.5261734669698377,-1.6805897784531918,1.6370515459416408,-0.8797210952835189,1.0565963073143725,,
101-84-8,Diphenyl oxide,-0.6562487015582111,-0.6585984744310313,0.21409885479884655,-1.2119057325269924,-0.04282982836778081,-1.0374099778532802,-0.23400844348339445,,
10102-18-8,Sodium selenite,-0.3312118012740365,-0.3230146330022763,0.12098456423505337,-0.6832243459017096,-0.002231048459539086,-0.5878247358828766,-0.13032936315865318,18.0,-0.16964447320798393
10102-44-0,Nitrogen dioxide,0.6348543107407266,0.6177556722334058,0.43409793176762496,-0.2869842445723436,1.7974072729300836,-0.14762135262928577,1.5645569505416166,,
10102-45-1,Thallium nitrate,-1.0422602267280843,-1.0656686352364,0.23759689910858686,-1.6503613681602238,-0.28602630344962615,-1.4909931925116322,-0.5398307524053759,,
101043-37-2,Microcystin LR,-1.6730577472429433,-1.7296454095738207,0.6178006891409702,-3.3361801307506527,-0.07360332380262898,-2.818093896246206,-0.4534723791323427,,
10108-64-2,Cadmium chloride,-1.0662187515160813,-1.0675326139625887,0.06914870316976733,-1.2589629549412027,-0.8710291469928977,-1.1891223328112677,-0.9291118176267276,135.0,-0.6808112940873241
10112-91-1,Mercury chloride (Hg2Cl2),-1.5715861543093328,-1.5741841574674598,0.36123941870875254,-2.7475193899089416,-0.6544757939125685,-2.269025119199409,-0.8324811881604373,,
101200-48-0,Tribenuron-methyl,-0.04323404439498962,-0.015322217680020091,0.455080936962054,-1.892747747282352,1.0605610319731347,-0.9348029486035773,0.7629068694377532,,
101205-02-1,Cycloxydim,-0.7074281914638328,-0.6866554596283827,0.6937267070225703,-2.4923083386362785,1.0574002900084518,-2.094833900550328,0.6285488932662818,,
10124-36-4,Cadmium sulfate (1:1),-1.1088248621860537,-1.0973503500194288,0.14149053137501108,-1.5395001515979152,-0.7058486649371885,-1.3975467845128395,-0.8801651135897669,21.0,-0.9398592176798003
10124-37-5,Calcium nitrate,1.2152231851211026,1.1880352298328485,0.3627355560836509,0.04320963804232761,2.184973555641369,0.578795516389245,1.946970733295491,,
10124-43-3,Cobalt sulfate,-0.16146796827247975,-0.1483671139227889,0.23617335600970182,-0.9275072472576138,0.38012481211190763,-0.6204466993189911,0.22462176106359333,,
10124-65-9,Potassium dodecanoate,-0.3420437557261566,-0.3634564200945323,0.43563638033172736,-2.0090480569737648,1.1415427828134805,-1.1296058409117526,0.45437557084401803,,
1013-23-6,Dibenzothiopene 5-oxide,-0.2568167119535431,-0.2064803893504405,0.5217150713497203,-1.924478950362859,1.6642090667615304,-1.373063493090011,0.7193171434278646,,
1014-69-3,Desmetryn,-0.15969131925390992,-0.15228587614183003,0.2952137451476608,-1.0034285170083548,0.6070458668282616,-0.6452908868355335,0.4077862417334065,,
1014-70-6,Simetryn,-0.5742192239137132,-0.5541073024138508,0.15915900695836646,-1.0828444911891302,-0.23145623332048826,-0.9275194972299123,-0.3113112498495195,6.0,1.0064334090560658
10141-05-6,Cobalt(II) nitrate,0.09803255002424571,0.14341124750298118,0.2999991828197095,-0.8965992231563719,0.7972565514059172,-0.4908693620140214,0.6310670967672583,,
10187-52-7,Monosodium dichlorophene,-0.634600662741433,-0.6417253032987034,0.4923531519676275,-1.999141362425123,0.7892629180748805,-1.5438550256993986,0.3519802621670569,,
10196-04-0,Ammonium sulfite,0.537536992549968,0.5422911854313539,0.4798037785326681,-0.8722862059378214,1.998025432511531,-0.402627203476478,1.468676504856318,,
102-08-9,Thiocarbanilide,-0.18298369032211542,-0.13593796625624135,0.4845822073249176,-1.7714756249491244,1.0524755299031616,-1.132686070137657,0.6583448542369774,,
102-27-2,N-Ethyl-3-methylaniline,0.041259338235098274,0.032031060847332454,0.5313340653385253,-1.3834218955709283,1.416262454214279,-1.0341502381520307,1.0934109915085102,,
102-69-2,Tripropylamine,0.02813814321938167,0.021623897264783226,0.5065453466146194,-1.739497988788387,1.3505005874784834,-0.9837598748633483,0.9471821806593994,,
102-71-6,Triethanolamine,1.597931058693847,1.5948629209955167,0.3261249066745099,0.4657130905955094,2.4836744005893925,0.9022240037215221,2.149138544793428,,
102-81-8,2-(Dibutylamino)ethanol,0.31100847927541403,0.28568726907690223,0.46504648781911523,-0.9071213671355568,1.5662247205258921,-0.5973121682995186,1.2268295358865136,,
102-82-9,Tributylamine,-0.10273967140118874,-0.03851414182597607,0.43221609609787026,-1.434317993114357,0.8566877886293504,-1.034562660471532,0.6751044940718817,,
102-97-6,"Benzenemethanamine, N-(1-methylethyl)-",0.09244946937061606,0.15975499644803515,0.4949575428599526,-1.3911375955403722,1.1514764267922253,-1.0170868186266155,0.9720209274794419,,
10202-92-3,"2,4-Dinitro-m-toluidine",-0.1621619182110759,-0.14324652197757243,0.39391941400566116,-1.6766078045562431,0.9999806897130629,-0.9116108964461481,0.5888692786032409,,
10222-01-2,"2,2-Dibromo-3-nitrilopropionamide",-0.6293591174341596,-0.6261038654018978,0.21717192903577143,-1.2571202991093862,-0.05001836773257533,-1.0574693904725923,-0.21213046311914016,,
1024-57-3,Heptachlor epoxide,-2.3685661247590386,-2.398072644507175,0.3575146487604589,-3.195505687441753,-1.1871251016440936,-2.9699934507662418,-1.6322591333610665,,
10265-92-6,Methamidophos,-1.6649026170246901,-1.6505708747259906,0.2769901671896675,-2.6395205856337904,-0.786174702675391,-2.254573233972863,-1.1516590888772507,7.0,-3.0723772270529066
10281-53-5,(S)-trans-Pinane,-0.08319118283933356,-0.06948871665524191,0.5047345231547106,-1.900274642146953,1.1652360072012529,-1.0078467654514165,0.8802397618179097,,
102851-06-9,tau-Fluvalinate,-3.7858130969551915,-3.7783483627850756,0.28715977390431147,-4.660081133412378,-3.0354167846211983,-4.318007222801051,-3.1835734141029324,,
10293-06-8,(1R-endo)-(+)-3-Bromocamphor,-0.2972730001338855,-0.3147293263322083,0.5201268796455589,-2.084780134914222,1.0993075804796177,-1.3008525496865595,0.7360684069961093,,
10297-05-9,"Butane, 1-chloro-4-iodo-",-0.2561548988976214,-0.290647153838022,0.6071613832515049,-2.322567583588016,1.2985126950466885,-1.2377810123497108,0.9349891032679615,,
103-05-9,2-Methyl-4-phenylbutan-2-ol,0.012136312313378993,0.05477002376300032,0.5222650701073183,-1.6065278912394787,1.5947686784022839,-1.00236673260755,0.9366636318963288,,
103-11-7,2-Ethylhexyl acrylate,-0.27811167735324427,-0.2683850506246338,0.48842146131376507,-1.8056327068937617,1.4018739035009846,-1.2021569535578416,0.6493389354699957,,
103-23-1,Di(2-ethylhexyl) adipate,-0.9810898212933483,-0.9591201001042111,0.5075885763973473,-2.3345000943120007,0.21279030092192952,-1.8733305396852629,0.01957222541965611,,
103-33-3,Azobenzene,-0.951355700465524,-0.957771458212528,0.3531824659655331,-1.8682757755646922,0.19488332098442054,-1.6529729735098802,-0.31908236120072936,,
103-54-8,3-Phenylprop-2-en-1-yl acetate,-0.12160048761859393,-0.09396489169592456,0.591799557992469,-1.6618048615739227,1.6382332021028267,-1.4563642256476654,0.9638520955357698,,
103-65-1,Propylbenzene,-0.3876047312739692,-0.3966876934723824,0.39155579892886183,-1.4104641507545084,1.0570608444914948,-1.1541141427360577,0.23452782181008067,,
103-69-5,N-Ethylaniline,-0.22310346924827124,-0.21884499435067906,0.3736481798643157,-1.3959857328611647,0.6550886892307402,-1.0075530886521675,0.5038396632450219,,
103-72-0,Phenyl isothiocyanate,-0.46773210772573814,-0.5145625237348337,0.5709251720049633,-1.9219306938163192,1.044118035236523,-1.5217266405764573,0.766244841395624,,
103-74-2,2-(Pyridin-2-yl)ethanol,0.3003025979426285,0.294090338485154,0.4976172564601801,-0.9704891633959608,1.6862382571594834,-0.6455576944082829,1.235732021553471,,
103-76-4,1-Piperazineethanol,0.777115857889722,0.7654548567547574,0.5972850535763863,-1.0210158992835008,2.35735477673014,-0.3408964113995657,1.9394669943028793,,
103-82-2,Phenylacetic acid,0.22927052030973885,0.22223944725804262,0.37477769758459184,-1.0479073770747698,1.298566647263953,-0.474304620390609,0.9588921644815235,,
103-83-3,"N,N-Dimethylbenzylamine",0.08528257567085844,0.08535038977644319,0.48435675301225717,-0.9887298186353656,1.5231374842863579,-0.8461759959563289,0.9790114832575427,,
103-84-4,Acetanilide,0.5016959272467857,0.5521093737670714,0.466268071707264,-1.525085203077807,1.6091867463167973,-0.43348753393525835,1.326783766612522,,
103-85-5,1-Phenyl-2-thiourea,0.17397381315701144,0.17695134366395082,0.5074404940407866,-1.333470754341152,1.4902597935924053,-1.0419673437186847,1.1547118012124546,,
103-90-2,Acetaminophen,0.804250102141085,0.7850349843077151,0.28311356579713803,0.07740143697528848,1.5703546427140196,0.3128241464760245,1.4185000425653616,,
103055-07-8,Lufenuron,-1.6408288513980893,-1.6627595596748597,0.47326931795408705,-2.8424796225625464,-0.15526830477821746,-2.461261461594128,-0.6840549682931438,,
1031-07-8,Endosulfan sulfate,-2.50253076810487,-2.473839554012341,0.2681973362585962,-3.4113532705703085,-1.6959162335510767,-3.028279247761001,-2.0302986388612894,7.0,-2.0644510248418264
10311-84-9,Dialifor,-1.7178459624669222,-1.7276980042371926,0.5673994494627581,-3.478228897885501,-0.25592122921712007,-2.709881998672912,-0.5394458593995963,,
10325-94-7,Cadmium dinitrate,-1.074692394457608,-1.0730585914300712,0.15552411928132373,-1.4340367344341145,-0.6104450134265454,-1.3759747220693646,-0.8112598023355696,22.0,-1.1450739606202136
103361-09-7,Flumioxazin,-0.7414865582566754,-0.7166600029797948,0.41460208296118434,-1.8029237573285868,0.40952792533283705,-1.5021631182890542,0.08061148453023498,,
10361-37-2,Barium chloride,0.9155186230311415,0.9214597761371632,0.2774794197179933,0.20330369261499961,1.5648980673820236,0.40887946248309964,1.4538682252300619,6.0,1.801277932819756
1037-50-9,Sodium sulfadimethoxine,0.025482723857402485,0.03401748447836268,0.4406913240223031,-1.0582272605348688,1.534507681547203,-0.739551857950578,0.8647866391908314,,
10377-48-7,Lithium sulfate,0.7082681730914033,0.7516210501613536,0.4117220567648659,-0.6919414177237073,1.7432302802267365,-0.20491502992126573,1.4845280530066811,,
10380-28-6,Copper-8-hydroxyquinoline (1:2),-1.5836393096631611,-1.587406699080103,0.3946317456334632,-3.1665027720988688,-0.6134215679201197,-2.300043565400237,-0.812279125407103,,
104-13-2,4-Butylaniline,-0.19780713207353226,-0.16893298186265943,0.517049733687587,-1.7361137921039866,1.2249395729959436,-1.2840259560388099,0.8031432661399168,,
104-20-1,4-(4-Methoxyphenyl)-2-butanone,-0.0741757431038677,-0.04434522652236281,0.5518930354549781,-1.419795616933557,1.2611224139864037,-1.0420427501902108,0.8953834922221279,,
104-40-5,4-Nonylphenol,-1.461284603632261,-1.4544493077988505,0.10670107185062722,-1.7597371397203447,-1.2094181987074193,-1.6877704491056829,-1.2786662797791988,23.0,-1.0955736484193352
104-42-7,4-Dodecylaniline,-1.7205048537456502,-1.7335573719612525,0.6267792256574473,-3.514646234943702,0.06281153108047798,-2.8706077167273283,-0.4512601943636373,,
104-43-8,4-Dodecylphenol,-1.224868915844905,-1.2175520918707752,0.5000329877204652,-2.7341266623553744,0.332064768331344,-2.002119053713219,-0.18208912664584417,,
104-51-8,Butylbenzene,-0.6311049732926125,-0.6567272915561426,0.4130079712997832,-1.949567320369759,0.30496350240389963,-1.4648450365752768,0.1492494141014764,,
104-54-1,3-Phenyl-2-propen-1-ol,0.27405043202429674,0.32544683237424454,0.5614302512198905,-1.502297130626983,1.577506348464724,-0.9159884582628728,1.2872772196010385,,
104-55-2,3-Phenylprop-2-enal,-0.27191532822435066,-0.25011331291704436,0.35752605332243054,-1.3125218286653682,0.675550099427062,-1.0160156667223388,0.33764999229046483,,
104-75-6,2-Ethylhexylamine,-0.1524297023130932,-0.13163624301006677,0.401742898508177,-1.0524853775133878,1.0603509238472735,-0.9026055664577078,0.5820720739403871,,
104-76-7,2-Ethyl-1-hexanol,0.07857270969532265,0.08480776223253235,0.3195474606378038,-0.7797628443233307,0.9459402945927372,-0.5269833770741668,0.6825900016840374,,
104-88-1,4-Chlorobenzaldehyde,-0.43403303703750995,-0.4456146562896065,0.3418287881908888,-1.3328707817657415,0.395263131176598,-1.0723124448330021,0.2458144987903498,,
104-90-5,5-Ethyl-2-methylpyridine,0.2172903638544583,0.21053623564400398,0.5089879445838997,-1.2090385024352697,1.5840948074085854,-0.6940277963098225,1.2726751812641923,,
104-94-9,4-Methoxyaniline,-0.0526906977650168,-0.05631463577306331,0.37761013153646084,-0.995796098936776,1.0244161443886763,-0.7968696899834412,0.6734152913248602,,
104040-78-0,Flazasulfuron,-0.5439229666821206,-0.49625234514067884,0.5448908511532335,-2.0989554570433797,0.7859909227471299,-1.7788351234176192,0.49115955669816186,,
104206-82-8,Mesotrione,0.32520496545771627,0.33589444274623215,0.38260335966105197,-1.1786731044734595,1.1739352540697139,-0.4999274400986065,0.9608982974266188,,
10453-86-8,Resmethrin,-3.0667106367415524,-3.0607781427866865,0.14971027398360578,-3.4789366617658333,-2.616515072361072,-3.351704332216878,-2.7425252531495983,,
104653-34-1,Difethialone,-2.5128318826886935,-2.519604008555762,0.4706036627167204,-3.6838363706798356,-0.9807914802134166,-3.5994999779970263,-1.6539609146836862,,
10476-85-4,Strontium chloride,1.1157977579275975,1.129159027690112,0.24921321017963144,0.37512336273699726,1.8564846406545894,0.5689853313893587,1.5356128996782066,6.0,2.024050742934815
105-14-6,5-Diethylamino-2-pentanone,0.18621678050955207,0.20348795802712738,0.5350566447918031,-1.5641787514742072,1.5335797684742454,-0.9270681235175776,1.1925920852013656,,
105-37-3,Ethyl propionate,0.7566777457315764,0.7634032695208846,0.1966327573309146,0.17131744364575296,1.2256693907993392,0.3538350772824709,1.1116749922118545,10.0,1.7569857050976332
105-39-5,Ethyl chloroacetate,-0.03736196575475537,-0.020172042650068688,0.44746862947381333,-1.0713412315820092,1.061978707871599,-0.9075499204448766,0.7902264116357977,,
105-53-3,Diethyl propanedioate,-0.015870574835955203,0.02728866939137934,0.3436208092719541,-0.9422661557360291,0.8904656055943891,-0.6958385737829688,0.6920020068380874,,
105-54-4,Ethyl butyrate,0.4988614250955681,0.5017450466058693,0.4195360894998658,-0.7480481323751971,1.873560754981938,-0.26860529458647625,1.2645253033988293,,
105-55-5,"N,N'-Diethylthiourea",0.44457390951098974,0.4388118793242708,0.5059764463777063,-0.9104906291899417,1.7885688904995374,-0.5867041618916128,1.4534691973120528,,
105-60-2,Caprolactam,0.9803508902394864,0.978027215600028,0.5627460729687491,-0.47694686081171184,2.283674391861168,-0.053976917508817335,2.126064759292054,,
105-67-9,"2,4-Dimethylphenol",0.10115156249056112,0.09471476503862378,0.1528765536259033,-0.33506806555250185,0.6042490772402181,-0.17864586938671836,0.42593132528112426,8.0,0.7423073127133566
105-75-9,Dibutyl (2E)-but-2-enedioate,-0.9565503512633708,-0.9585194565359749,0.3266535441079793,-2.0132899477906534,0.12110897340471405,-1.6264749638685878,-0.366810909563385,,
105-99-7,Dibutyl hexanedioate,-0.6801112087682849,-0.665419557167584,0.524730238568231,-2.1553648875103066,0.5337482456531338,-1.6348263727341887,0.449814800955435,,
10548-10-4,Terbufos sulfoxide,-2.2174053397808873,-2.2195947762437065,0.4328828779820866,-3.3102493411852416,-1.0563109962235073,-2.9998816058547475,-1.3089328328048935,,
105512-06-9,Clodinafop-propargyl,-1.1800878122439047,-1.1969760548376946,0.3768996406557637,-2.17668801934962,-0.077583720001847,-1.888115111601966,-0.4849066110656064,,
10599-90-3,Chloramine,-1.3463516407933693,-1.3468333058834348,0.25318520467197075,-2.015026353102554,-0.514459385278021,-1.855838366326413,-0.828144625532329,5.0,-0.26420950253930403
106-20-7,"2,2'-Diethylhexylamine",-0.658926697185332,-0.6447334384955965,0.6510698463322553,-2.232729715799272,0.8266250528984903,-1.8591346659140318,0.6549277798317679,,
106-24-1,Geraniol,-0.3329305348704736,-0.3508006691204147,0.3394319897168907,-1.2525063407491253,0.5281634448489111,-0.9453904100518722,0.3089253677331999,,
106-37-6,"1,4-Dibromobenzene",-0.9393138993451075,-0.9524661401602452,0.4275465565636979,-2.158483447299795,0.37845157201848,-1.7989927947321536,-0.14770218802934176,,
106-40-1,4-Bromoaniline,0.06410852001724772,0.03924629307083788,0.4982766437754289,-1.4992835878495998,1.4693440245062623,-0.8302030053733628,1.0132845196676765,,
106-41-2,4-Bromophenol,-0.22371749870721822,-0.24342896647044185,0.48902413784471,-2.2035508276067675,1.2561187956182587,-1.1353300857428135,0.8104226922289485,,
106-42-3,para-Xylene,-0.01578863846060934,-0.018838653867556024,0.23531467527468844,-0.6457192204157828,0.5565689436559045,-0.49154600461320175,0.42182226780408055,,
106-43-4,4-Chlorotoluene,-0.03663887130077726,-0.004622279031486398,0.37817088336712507,-1.2684439097598714,0.9438723467230156,-0.7688227884876598,0.6562172173835755,,
106-44-5,p-Cresol,0.1382887534917862,0.14217698541524257,0.21193061864830012,-0.46922444321054163,0.6144608994723271,-0.27815934335449916,0.5232416901557962,8.0,0.9111962076344693
106-46-7,"1,4-Dichlorobenzene",-0.2945553572737179,-0.2885770322242236,0.1393758750839884,-0.636604223620358,0.12826165223479385,-0.5809574770267838,-0.02644677872831277,13.0,0.44495588319683876
106-47-8,4-Chloroaniline,-0.22387785856026923,-0.22852904836536475,0.23405563566949072,-0.7839866025435205,0.6052958999344972,-0.6758813778950394,0.19312801121154524,8.0,0.2643302343592636
106-48-9,4-Chlorophenol,-0.07640712825919399,-0.07502712318127852,0.12273780042192729,-0.3843014856403183,0.21109358149034735,-0.3062829863506518,0.1595449324821148,9.0,0.6803459766309043
106-49-0,4-Methylaniline,0.01654729471962597,0.0056900964039798396,0.31193082060330535,-1.2107353622000583,0.7152480958348005,-0.5966999663028919,0.5904306326214532,,
106-50-3,"1,4-Benzenediamine",0.21713986564821458,0.2430951790224788,0.5081113436789854,-1.038601616340692,1.81849161686076,-0.7471049194092569,1.198657097367778,,
106-51-4,"1,4-Benzoquinone",-0.8213058523773494,-0.8400819818784881,0.45035158576578477,-1.8370621931826365,0.6241065223679861,-1.5335434591471122,0.12666842252555177,,
106-63-8,Isobutyl acrylate,-0.3949810597103308,-0.388911909965232,0.3809876913451857,-1.2740492561725838,0.8856678367207924,-1.0891308448341064,0.3519324933891856,,
106-68-3,3-Octanone,0.4678668679536602,0.44786435131378743,0.3709551689052959,-0.9740935638837802,1.462007003323819,-0.3006291993513361,1.1370017879175276,,
106-69-4,"1,2,6-Hexanetriol",0.6928636191217847,0.7504149800343933,0.6015772740901243,-1.567242081225614,2.1713524607219776,-0.4734748976717988,1.7900736195825881,,
106-89-8,Epichlorohydrin,0.2425219691802272,0.24824604311732823,0.2379781852758688,-0.45010645217955686,0.861930640872995,-0.3028007201631729,0.641228653892012,,
106-92-3,Allyl glycidyl ether,0.26261103107577105,0.29904305539114573,0.48363623704244585,-0.9179358385283655,1.3899567548106422,-0.6995455812307372,1.1183235926428872,,
106-93-4,"1,2-Dibromoethane",-0.10778449396980537,-0.11571123658138747,0.2542247762703412,-0.8819029283142253,0.5923848226303575,-0.582233207581818,0.3845950022948447,6.0,0.6459450960901365
106-94-5,1-Bromopropane,0.1977677968116251,0.19324920625030484,0.5446230440896903,-1.2644494895427754,1.641549325752852,-0.9141005741591234,1.0646333088798827,,
106040-48-6,Tribenuron [ISO],-0.29664249547557686,-0.27948406819863125,0.5825592066129138,-1.7643258243273023,1.1926933335657053,-1.3681349709424653,0.7312765421775331,,
10605-21-7,Carbendazim,-1.1367248485121288,-1.1230870892344584,0.13371165798642004,-1.5786976785749598,-0.7821198267019247,-1.4011415448765798,-0.8872665865017242,9.0,-1.2620872502987737
1066-30-4,Chromium(III) acetate,0.6187073435349153,0.5997102116003239,0.4040777973735345,-0.509002953302078,1.7312649843097023,-0.1819603856168051,1.4294761694643587,,
1066-33-7,Ammonium hydrogen carbonate,0.47842395512137786,0.4937860553528169,0.5117328806850174,-0.8743366360525346,1.9943384433620925,-0.6783880827090073,1.415205455172418,,
1066-51-9,Aminomethylphosphonic acid,0.49969379251359425,0.47875662815250974,0.5696344859742496,-1.6514015905684227,1.8104367473901875,-0.5002828450984447,1.5470290593095222,,
1067-14-7,Triethyllead chloride,-0.5080829847084063,-0.49895851421722925,0.4657956479681911,-1.672846049323223,0.8643112462081362,-1.3895036706506139,0.36912726371204047,,
1067-33-0,Dibutyltin diacetate,-1.019744521386787,-1.0072425477441052,0.43290147714302174,-2.0981682307063423,0.1845384330728747,-1.8091297165436782,-0.17759288687469485,,
107-02-8,Acrolein,-1.5346685407824368,-1.511720312567569,0.16305946096855348,-2.1264067060900884,-1.1670826290653367,-1.8737470071275721,-1.247288990789351,13.0,-1.1170634146629939
107-03-9,1-Propanethiol,-0.02057719394347386,0.04312077177240867,0.6159937144992349,-2.0566515686088898,1.4589191557548578,-1.1621403652128772,1.1434265888318098,,
107-05-1,Allyl chloride,0.41669377147245884,0.43921363698563753,0.25902318559968934,-0.3751383056411855,1.0854677727787496,-0.13576912141113792,0.8553700132934299,5.0,1.3907499603933664
107-06-2,"1,2-Dichloroethane",1.0612684089623023,1.0679387634820277,0.1686993566114733,0.4510304931497766,1.4444852751566244,0.6696713453642594,1.3493176203434687,9.0,2.1220988150106854
107-07-3,2-Chloroethanol,0.6971981516924796,0.6970720762230028,0.1941967878926646,0.2171880564349342,1.2307551034447117,0.32989569565545035,1.0704989925038855,9.0,1.6785937866032115
107-10-8,Propylamine,1.1327706569886513,1.1413941010421789,0.4441615755884218,-0.1281151621326469,2.1033026633548157,0.1865473607498383,1.9480603742051144,,
107-11-9,Allylamine,0.38976095290600254,0.39934367854537745,0.1931430484615876,-0.2993829621067927,1.0058016776979957,-0.016434183899203453,0.7391850095349248,11.0,1.0646960529079237
107-12-0,Propionitrile,1.0566274514116658,1.078961677361359,0.5987396833149686,-0.8413537580369133,2.912013146455049,-0.223353006950558,2.0909936822975523,,
107-13-1,Acrylonitrile,0.18644428199331256,0.20768365733194713,0.20123728779900452,-0.3321196694738937,0.6872212632371858,-0.24370130164000314,0.5545469856492136,14.0,1.0495529458731925
107-14-2,Chloroacetonitrile,0.18760387199595122,0.19387699661514302,0.5541625159813176,-1.5521981274986274,1.780932442923903,-0.8676518542237315,1.259061236052044,,
107-15-3,Ethylenediamine,0.9037331189699306,0.9449356208409083,0.2863842704136578,0.04074455982740038,1.5168252707468497,0.25785466868758167,1.397909336794641,,
107-18-6,Allyl alcohol,-0.7179165584122689,-0.7024653432225185,0.20750747612773537,-1.3502531464224954,-0.2471151466351043,-1.1528527718843127,-0.28176064468693635,,
107-19-7,Propargyl alcohol,-0.39816215148430834,-0.366204287328615,0.3135220240813968,-1.3259494126570373,0.3700436669242738,-0.9863646932145782,0.22755190865353822,,
107-20-0,Chloroacetaldehyde,-0.11986394308607565,-0.15137321735590284,0.4312664862449812,-1.22073070124181,1.543799849805409,-0.881783807104175,0.8305959991265119,,
107-21-1,Ethylene glycol,2.692080802844143,2.6967213157333356,0.24697905118859378,1.875132887705994,3.2558552911644294,2.2220721002599872,3.185676218431013,,
107-22-2,Glyoxal,0.996495329775536,1.0112766741185162,0.46039908550030817,-0.10848454983582954,2.171663222688424,0.07144835068504564,1.9209252440363385,,
107-27-7,Chloroethylmercury,-1.2589246303012693,-1.2583618199456412,0.36385772186101945,-2.4690821525316147,0.03761168729375403,-1.947751310882078,-0.5771877686710158,,
107-29-9,Acetaldehyde oxime,0.6688813964304954,0.7088965838438217,0.5974110150995522,-1.0504277941037445,2.409118217821648,-0.46668871950369895,1.7373003052744642,,
107-41-5,"2-Methyl-2,4-pentanediol",2.120057707103771,2.1278559583360677,0.2725410961665539,1.2754648425621629,2.858534722298993,1.6351925193257895,2.567386883614537,,
107-45-9,"2,4,4-Trimethyl-2-pentanamine",-0.03666681026604823,-0.01685797062626231,0.5271216743962042,-1.4990351335552183,1.717485547081391,-1.1254959461256449,0.9061476400236802,,
107-47-1,tert-Butyl sulfide,-0.09717803477137427,-0.08871676935420356,0.5682452235751061,-2.209426372150519,1.2309053173991806,-1.3681704753634514,0.9972173971959286,,
107-49-3,Tetraethyl pyrophosphate,-1.292953122595899,-1.286712278963621,0.2141471541162844,-1.9518734645176643,-0.7228988354595741,-1.7518806417865975,-0.8463493714175593,7.0,-0.4861986277190675
107-59-5,"Acetic acid, chloro-, 1,1-dimethylethyl ester",-0.1685802983581962,-0.111646144428151,0.5947884285828415,-1.9023197723393372,1.1309824452683592,-1.225196141515478,1.0056128561920854,,
107-64-2,Dimethyldioctadecylammonium chloride,-0.8138492956746768,-0.8246553903447683,0.3766837786247845,-2.046346190002152,0.05914081698462577,-1.5221869178067167,-0.05745427007807397,,
107-82-4,"Butane, 1-bromo-3-methyl-",0.12453505081568528,0.1382856841469357,0.5321166388570177,-1.0342775982928611,1.514118360502005,-0.9144840604064282,1.1245845712664484,,
107-85-7,"1-Butanamine, 3-methyl-",0.6587192650702218,0.6592686731674673,0.5579118811239663,-1.2611320601729172,2.4981888113487627,-0.4451818840389342,1.675593451993701,,
107-87-9,2-Pentanone,0.9923177570880962,1.017955622597675,0.5409641553381117,-0.8080260323961963,2.6977724222954635,-0.09808277304027806,1.9365860303887874,,
107-92-6,Butanoic acid,0.9452479586202134,0.9558579969571472,0.32942716894989194,0.001908222649227952,2.0094502056306855,0.36370348325272256,1.5047282814391787,,
107-95-9,beta-Alanine,0.7002225259360131,0.7592007462822543,0.6277439445828235,-1.2734460309395226,2.00537462783899,-0.7598217279245271,1.897628578552646,,
1071-83-6,Glyphosate,0.3464286938820107,0.3514169369398904,0.16565724052066733,-0.2557996476653925,0.7219699623104391,-0.020495982212725194,0.6435364090424871,17.0,0.22757310088061034
1072-97-5,2-Amino-5-bromopyridine,0.19828537945115127,0.16887415467907924,0.4941683971819716,-1.2686507132747316,1.779420545300661,-0.8251328558974613,1.1528873288774142,,
107534-96-3,Tebuconazole,-0.45906934808604427,-0.4623570389242667,0.20681315996124947,-0.9739771647043577,0.17543239744046094,-0.8926965532501171,-0.021936223256175735,,
108-05-4,Vinyl acetate,0.4011185904223011,0.3909439309826964,0.20023961416230532,-0.10227377137094489,1.0351869996488305,0.023488960057134998,0.7658236473139186,6.0,1.336016949067388
108-10-1,4-Methyl-2-pentanone,1.3616709044045756,1.3770903404624204,0.30821924636934034,0.4192120317492421,2.41092326327467,0.6596178651008794,1.8946608972513976,,
108-11-2,4-Methyl-2-pentanol,0.4804783933560613,0.45753142253213264,0.5027419870306734,-0.941607449509897,1.8292971398419957,-0.5058169505301863,1.5105525954718022,,
108-18-9,Diisopropylamine,1.2143862922681843,1.223701134622547,0.22382747012545184,0.5281656953647772,1.857118139588333,0.8063153984955008,1.6061506533534986,5.0,2.686946265007563
108-20-3,Isopropyl ether,1.1942661022599572,1.1819713732908954,0.4359709842152363,-0.10335125142097674,2.3261061886453205,0.35696856623239587,2.0076796732125617,,
108-21-4,Isopropyl acetate,0.8557138837510562,0.8637584868375283,0.3721165544560331,-0.2915620201165523,1.87282354342429,0.0839945771684199,1.562483704963082,,
108-24-7,Acetic anhydride,0.6084011567073736,0.6259065979596609,0.4873675216926195,-0.7823904047483339,1.661109567630981,-0.42395984111944907,1.3956975493703618,,
108-31-6,"2,5-Furandione",0.6260286222422596,0.6390841880027518,0.4110167314386336,-0.31385416562038154,1.6826353337218691,-0.15888141482941118,1.379520813755317,,
108-38-3,m-Xylene,0.05934801923718986,0.07125087671340327,0.24116414621391402,-0.6620382089830142,0.6457650853011224,-0.3999506223222597,0.4873828674494761,,
108-39-4,m-Cresol,0.18072988028153172,0.20316028685802479,0.24423981991574728,-0.5770335642133657,0.7818412751866077,-0.3235205994391729,0.6502013461503168,,
108-40-7,"Benzenethiol, 3-methyl-",-0.4217891879416882,-0.43927011603653476,0.608165127974098,-2.2642893197488037,1.2473903372569588,-1.444647612683779,0.8159145626422394,,
108-41-8,m-Chlorotoluene,0.0018871751317284247,0.034917818555016245,0.5200992774465435,-1.3308402610432566,1.3111070833741694,-0.9891763854697783,1.0218263352046453,,
108-42-9,3-Chloroaniline,-0.04101946358575974,-0.020718185541791334,0.30983249891351433,-0.9923229646966262,0.7277366796108119,-0.6809296668766271,0.5604542178889076,,
108-43-0,3-Chlorophenol,-0.11078189529844668,-0.1039347671623616,0.3197812450168616,-0.9924671301604561,0.9365318843890981,-0.7725007512615915,0.4429349620772695,,
108-44-1,3-Methylaniline,-0.012029822855917827,-0.03573291927060861,0.5641583761619561,-1.2749184590072016,1.9310131616873611,-1.041814145108556,1.0643986198939979,,
108-46-3,Resorcinol,0.3369035606000477,0.35936183173272146,0.23846011227601377,-0.3408853666490249,0.8552561414987054,-0.21962096853892815,0.7852332838068343,,
108-60-1,bis(2-Chloro-1-methylethyl) ether,0.057783285282142736,0.1060547479853522,0.6021184794859717,-1.7318718410744094,1.3768513310884918,-1.1702831520103667,1.177871121471073,,
108-62-3,Metaldehyde acetaldehyde tetramer,0.2643185358650289,0.3178464641024321,0.39949154608404724,-1.054684712523594,1.4130832151188222,-0.5479640905076486,0.9283676622693318,,
108-67-8,"1,3,5-Trimethylbenzene",0.04811239524275149,0.04834833347512904,0.2706087959905931,-0.624905731845057,0.8370548015688462,-0.5298028442032153,0.5823409813425419,,
108-68-9,"3,5-Dimethylphenol",0.2593894395717358,0.2221614764925068,0.3018294801109027,-0.7110194377643897,1.1605605546647808,-0.3358275108109057,0.8126842649174317,,
108-69-0,"3,5-Dimethylaniline",0.010710318062575205,0.023292455356049274,0.4789095119598859,-1.2368644785762342,1.2068669001841688,-0.9290344123936372,0.9134430679540035,,
108-70-3,"1,3,5-Trichlorobenzene",-0.5437715644799824,-0.5037478038976972,0.44768878943084334,-1.6012655184506732,1.2053811559678205,-1.335164315931579,0.19218246874818498,,
108-80-5,Cyanuric acid,0.12794607136575814,0.06558603916070113,0.5978483351518444,-1.3944899074881578,1.9673418836585648,-1.0604440889319242,1.3638270173456635,,
108-83-8,Diisobutyl ketone,-0.061511828540149555,-0.033593164711943894,0.625644770620681,-1.9830178152588602,1.6136542780209404,-1.283095803885097,1.188808464395255,,
108-84-9,"1,3-Dimethylbutyl acetate",0.09740370054555095,0.0730987474283343,0.5620586427447238,-1.334925576912286,1.426628338946089,-0.9751720920862306,1.2410055072080588,,
108-85-0,Bromocyclohexane,-0.12780003853721633,-0.12792397545540532,0.3043470947667793,-1.0929815542258474,0.7597094042216317,-0.7697122278474297,0.48623779763434044,,
108-86-1,Bromobenzene,-0.2484846695587843,-0.2597304003524269,0.3630729929469428,-1.524104486348538,0.8389946040653091,-0.8717323516544339,0.45803716752150536,,
108-87-2,Methylcyclohexane,0.47873867776802415,0.486904198722244,0.29901764841835127,-0.5029801824908072,1.271302591019581,-0.08885255985867324,1.0973572481487037,,
108-88-3,Toluene,0.6455048901095529,0.6555522822927558,0.11264900939669135,0.2915386993251109,0.9452319641964544,0.40337544273709053,0.8289278084454739,19.0,1.1411458277032542
108-89-4,4-Methylpyridine,0.6371952470485962,0.6740283730635408,0.6139844854391872,-1.2474410719236604,2.3537245118359906,-0.6213064424633149,1.79057825845489,,
108-90-7,Chlorobenzene,0.15058175429651033,0.16155703636965435,0.14504336005898533,-0.34780629499375537,0.5680657174443595,-0.13572379755828723,0.4269178283071843,13.0,0.8386324780429594
108-91-8,Cyclohexylamine,0.6697104936252535,0.6824062194857367,0.3135765270975279,-0.36498669409369644,1.6289083797171002,0.06864238947166884,1.2553698959418993,,
108-93-0,Cyclohexanol,1.2079029375674926,1.2342886290642823,0.3648460853220891,0.026208313825655565,2.192042227100494,0.47131033894899144,1.8216835325783758,,
108-94-1,Cyclohexanone,1.0985260017744811,1.1224732926067542,0.3128336465160628,0.09540361697035646,1.8204278187293572,0.3891729956833768,1.6549734243496266,,
108-95-2,Phenol,0.532506508057175,0.5333686438950699,0.0746919466224331,0.32013068324741584,0.7187066456863427,0.3802800855896015,0.6623884228173735,59.0,1.0834288028938335
108-99-6,3-Methylpyridine,0.42735615736414906,0.43150224516812336,0.5390331139004139,-0.9483881296986988,2.092676182142634,-0.5292681913284508,1.3713889318434622,,
1080-32-6,Diethyl benzylphosphonate,-0.21853769192451022,-0.24736183382688226,0.5888707666715804,-1.7829149163929856,1.4666275494297587,-1.434201900496366,0.826605611941651,,
108168-76-9,Tetrahydroazadirachtin-A,-0.572467037709965,-0.5910952203730595,0.4684407069329391,-2.1900719669173285,0.4353016710196237,-1.5167284819451043,0.31599125659070565,,
1085-98-9,Dichlofluanid,-1.229984668803021,-1.24205997575122,0.3184625954696021,-2.2544243261987025,-0.3822335400247991,-1.8396835032104253,-0.6171396180342196,,
109-01-3,1-Methylpiperazine,0.8864682658830475,0.9013036829245185,0.5986919152397299,-1.2478727880676193,2.3007631532240382,-0.543331588182692,2.087756628434877,,
109-06-8,2-Methylpyridine,0.6120013926432513,0.5979826288827523,0.6102107909845197,-0.9933470114320023,2.314073454076051,-0.6489261543808603,1.776558967892173,,
109-07-9,2-Methylpiperazine,0.9068987835579371,0.9324157381526461,0.5743632288907554,-0.7995564366731002,2.085240726503579,-0.23521825179050818,2.0145254777525445,,
109-21-7,Butyl butyrate,-0.08209244109010301,-0.07002105135071293,0.5055475134007168,-1.4334530324981056,1.147974999920636,-1.067054773592903,0.8771069282772118,,
109-46-6,"N,N'-Dibutylthiourea",0.029776385103130912,0.05605526800482281,0.4687784019186701,-1.0759983032246525,1.4329737633775645,-0.866452230934612,0.8723399173801074,,
109-52-4,Pentanoic acid,0.5597815028970475,0.5790830499787629,0.327931334185732,-0.39337871336099445,1.322873357793981,-0.22801227194315501,1.1354667510087244,,
109-57-9,Allylthiourea,0.8489430710558082,0.9271211372932415,0.48176591582179956,-0.7527217365758647,2.1202952128765173,-0.2526575516113027,1.7717984563936562,,
109-60-4,Propyl acetate,0.6716718877032946,0.6787597853069227,0.3184405330939337,-0.3657505606871617,1.6991173526281418,0.027532362956049477,1.2761917323061325,,
109-64-8,"1,3-Dibromopropane",-0.5298959293822175,-0.5031715080525636,0.45467498589196575,-1.8288074865726296,0.5673131614009179,-1.4837614475180314,0.28228080179024373,,
109-65-9,1-Bromobutane,0.025763484209817243,0.010056450380954216,0.5097985070140991,-1.1217503084675606,1.50585766280673,-1.0153149673155484,1.0893361048139292,,
109-68-2,2-Pentene,0.501743460025326,0.5251988321362949,0.6049359142518991,-1.3171194569732496,2.2612468592571604,-0.6347475846026265,1.701335392158661,,
109-69-3,1-Chlorobutane,1.0450946639178706,1.0444363515084376,0.43503221073095294,-0.2382037644575597,2.110878303721778,0.18945293531172874,1.8165357405473583,,
109-73-9,Butylamine,0.8141091971729401,0.8192055603430607,0.3163813898989805,-0.13095990336535793,1.8226066975047914,0.1330385656540241,1.3776991684934177,,
109-74-0,Butanenitrile,0.9249356624268497,0.9092562899792007,0.6230704922413551,-0.82920738710609,2.63969553742375,-0.40176655336503103,2.056664063945793,,
109-75-1,Allyl cyanide,0.7407715341734799,0.7815901986079254,0.5182794784952117,-1.2502516225951756,2.0790568014529605,-0.3730993733995648,1.7392544603760967,,
109-76-2,"1,3-Diaminopropane",0.9697977850502071,0.976734617539096,0.5330884758712027,-0.5407289033408452,2.3004286438201427,-0.12414201963318627,1.9447580968600315,,
109-77-3,Propanedinitrile,-0.5241759800876591,-0.4929291493260317,0.3111836136703643,-1.528245225624795,0.22002465966408483,-1.2255454853384187,0.06025067937258896,,
109-79-5,1-Butanethiol,0.9791548170148352,1.0224541163652148,0.5860869179765994,-0.8347474962741889,2.3856127725710663,-0.23091364128685563,2.0199725657286107,,
109-85-3,2-Methoxyethylamine,1.0064330587424521,0.9785153639535323,0.5203236372511161,-0.6053472801336808,2.18027464082326,0.008575206767334085,1.9451431795179381,,
109-87-5,Dimethoxymethane,1.0124915952303173,1.1009188059669233,0.604800267612807,-0.7699165360435226,2.8782921405997555,-0.2232246298654036,2.02834250552192,,
109-89-7,Diethylamine,1.0232848697225125,1.0220411656870159,0.30661790375263914,0.0859265425851572,1.7960191175727795,0.42209677476634516,1.594851295949157,,
109-97-7,Pyrrole,0.7122942925120157,0.6954819861307386,0.5325518384785322,-0.713287588122019,2.0855546120403687,-0.20439025903994867,1.7909639125470986,,
109-99-9,Tetrahydrofuran,1.3032937184613163,1.3385389162362746,0.4802223834411274,-0.11863437513141782,2.5895573429044574,0.3451626476732496,2.0674335740606127,,
1096-84-0,"1,1-Methylenedi-2-naphthol",-1.2616239933210212,-1.2183051198151373,0.38165506376450653,-3.1112256075615212,-0.29989198122235083,-2.0022274266606104,-0.6281099021371487,,
110-00-9,Furan,0.6237414872049775,0.5983308728802275,0.4418524789261029,-0.5749752723675314,2.067422688991014,-0.3151139432196984,1.5181671386361992,,
110-02-1,Thiophene,0.6365535350674861,0.6530542094650039,0.5416251805994196,-1.0465330780847952,1.9690028900786654,-0.4758167855977993,1.5712517555632575,,
110-06-5,t-Butyl disulfide,-0.5989262934441156,-0.6189738069582418,0.46798759846628796,-1.7080795400414486,1.0105711812598817,-1.3576505172558015,0.34919229868763974,,
110-12-3,5-Methyl-2-hexanone,0.7154618198322547,0.7312675135270966,0.3863874242637802,-0.39168086089533866,1.5817812024979123,-0.1894457954985059,1.380005544031168,,
110-15-6,Butanedioic acid,0.5876600328328323,0.6248566746392072,0.5704379148434559,-1.2552887404125115,2.515772600639918,-0.6401211080968001,1.627243078461366,,
110-16-7,Maleic acid,0.4015414932737644,0.42122502618000607,0.47807955228458543,-1.123663053566596,1.9542017920111832,-0.40226915133171337,1.3266656745134626,,
110-17-8,Fumaric acid,0.8123599798635301,0.8327762362060523,0.5971562096278094,-1.120669733598046,2.579401418268168,-0.42025845150818397,1.941929575618188,,
110-19-0,Isobutyl acetate,0.5889256122100703,0.5941974952032532,0.4011009680288964,-0.6564163299458874,1.8162025190025204,-0.23532054555771942,1.3008293988484683,,
110-40-7,Diethyl decanedioate,-0.7235760916479284,-0.7509989161610312,0.4557748366818532,-2.1466362441040534,0.5665028189027934,-1.7334488650009772,0.13966172701176446,,
110-43-0,2-Heptanone,0.2807775590457577,0.27707604203163794,0.5635460129824622,-1.5355839231712423,1.5053984440509127,-0.7456517343133244,1.1931465404908594,,
110-49-6,2-Methoxyethyl acetate,0.4642552921546462,0.4447586955825281,0.4588582854419864,-0.8452382690211636,1.8118733579394217,-0.45247373153266923,1.2761370790632012,,
110-54-3,n-Hexane,0.3656104795185582,0.3862194284923338,0.39082448551590465,-0.8215749327824261,1.8984252959589405,-0.4785672406298526,1.0794490338317462,,
110-56-5,"1,4-Dichlorobutane",0.20194447246781394,0.1910585687418529,0.45751359393178614,-0.9822335050655813,1.803830676323137,-0.6058170503805148,1.0947060547886676,,
110-58-7,Pentan-1-amine,0.8062959286617212,0.836929682396042,0.3628746861137668,-0.6095743057453733,1.7430985116749966,0.07572960642120981,1.4737443696302521,,
110-60-1,Putrescine,0.8077732607072623,0.7681319260684507,0.5932037102676387,-0.44916511961059646,2.1463116684786554,-0.32657398410662847,1.95218985900326,,
110-62-3,Pentanal,0.5093307058898671,0.5114533352362959,0.38580625107878197,-0.42660362942077584,1.789231700104443,-0.15366983002041307,1.3365723485781418,,
110-65-6,"2-Butyne-1,4-diol",0.6367052261513867,0.6401053565738117,0.37163025686128776,-0.17892212505457367,1.7054640527111036,-0.11484257861210918,1.323496902407265,,
110-73-6,2-(Ethylamino)ethanol,0.9589445751278363,0.9684461582827231,0.5627258453443998,-0.26357621862617164,2.336434409722765,-0.14041459467223627,1.9330461666367342,,
110-75-8,2-Chloroethyl vinyl ether,0.7162656801507938,0.7256925673113392,0.45275837756828563,-0.30371934468955447,2.1436034273291367,-0.1388885541971264,1.7311788639856693,,
110-77-0,"Ethanol, 2-(ethylthio)-",0.38114752184830436,0.3786369324554938,0.5202487207072602,-0.9714720819559071,2.027201848123114,-0.667404912945109,1.3590075829427908,,
110-80-5,2-Ethoxyethanol,0.8366979281904673,0.801761729152791,0.5967936199201459,-0.6917163272241473,2.3484939177505155,-0.35116445063908,2.0600990916612045,,
110-81-6,Diethyl disulphide,0.0644915141959908,0.09665332440091864,0.4436422394964106,-1.4013478327103412,1.1632240879494777,-0.7999675109051174,0.7879116416617582,,
110-82-7,Cyclohexane,0.6216928280562707,0.6190420475522203,0.2093154485288049,0.05973122873486031,1.1500838648675558,0.21058595762004112,0.9940415596917495,7.0,1.509684561572203
110-83-8,Cyclohexene,0.2537329468622735,0.2540587284335025,0.2981799931463706,-0.8247750414232942,1.019882245997963,-0.2986104843055869,0.8083166453691808,5.0,0.7260147418827382
110-86-1,Pyridine,1.234765924442441,1.2273219258020178,0.15281242958319372,0.7414936216445547,1.6659257949507476,0.9547651899270708,1.5422049912533877,12.0,2.1818506795509913
110-88-3,"1,3,5-Trioxane",1.9551947083874195,1.9488096955009326,0.3775579783761725,0.8482952462424203,2.821185776809691,1.2113502012862354,2.623484346457641,,
110-91-8,Morpholine,1.0293224352643815,1.0498801549267132,0.28681657595557436,0.31177847085347726,1.864348473507294,0.501568029244163,1.5335897218942298,,
110-93-0,6-Methyl-5-hepten-2-one,0.163399538895772,0.21115196814290177,0.5675827029823589,-2.1447012308053774,1.4334024715363873,-1.0026223387237407,1.2348284634806712,,
110-94-1,Pentanedioic acid,0.42441087441144704,0.4040441603899247,0.5768794444338101,-1.2484780391573027,1.9422401055409384,-0.6904754475943059,1.5375795583877665,,
110-95-2,"N,N,N',N'-Tetramethyl-1,3-propanediamine",0.5042631349161721,0.49257845984955645,0.40375057883156723,-0.8035118293578755,1.539843390915728,-0.20809058712611556,1.3523925510492931,,
110-96-3,Diisobutylamine,0.27755992666774587,0.26793963296873735,0.4335262514975128,-0.7910024224203276,1.3734178658426646,-0.4947525915360326,1.132465313261875,,
110-97-4,Diisopropanolamine,0.598701197776064,0.6259379435970829,0.5666364563779316,-0.9622949617503147,2.015164934290693,-0.4960910639501948,1.6499031525646382,,
110-99-6,Diglycolic acid,0.46394179193158885,0.45301710079023494,0.4494880023092726,-0.7978462977169877,1.5145746914738818,-0.3879921555017386,1.3082612258819184,,
110488-70-5,Dimethomorph,-0.13333508189893972,-0.11084578991111385,0.3073307928209317,-1.2669552395684347,0.9129416135089964,-0.7465674242296946,0.3915717011853035,,
11071-15-1,Antimony potassium tartrate anhydrous,-0.1343229833044582,-0.20254142831351626,0.8076045002203232,-2.4124649391880375,2.2260228214293076,-1.4421140960415209,1.770011226379759,,
111-13-7,2-Octanone,0.2971641042514328,0.2628685796469539,0.3777004014849176,-0.6007552228728985,1.2909990462011858,-0.4094731200491366,0.9791315730737791,,
111-15-9,2-Ethoxyethyl acetate,0.5079723960814337,0.5159626615229778,0.2672794647207603,-0.2940497336584934,1.0939442237864643,0.007529595606243271,1.0136867211641796,,
111-18-2,"N,N,N',N`-Tetramethylhexanediamine",-0.053504452097089227,-0.09343840566551838,0.45424426644228116,-1.8756239388371823,1.1272726509290734,-0.8092048654680374,0.8179562617713573,,
111-25-1,1-Bromohexane,-0.3644150260429073,-0.339443040723052,0.5440353381927854,-2.0090902079896753,1.240708101199554,-1.4695980097307235,0.6383166079880732,,
111-26-2,Hexylamine,0.3425038560460265,0.3687258222193526,0.3598129653690024,-0.5592642308478096,1.365437256955831,-0.2943590191229226,1.0225769848665611,,
111-27-3,1-Hexanol,0.6941261916225201,0.7122595434286119,0.259227584555679,-0.10852731296800364,1.3272270668548152,0.21812611112000538,1.191846364248789,,
111-30-8,Glutaraldehyde,0.1490633679795933,0.16571619238384447,0.23502077680698472,-0.5760926948612977,0.6886988708099019,-0.37159030386458936,0.540737520949337,,
111-31-9,1-Hexanethiol,-1.056983700715808,-1.1224395027147582,0.39139270170916657,-2.0153193443997695,0.5040011676109296,-1.671750457766154,-0.17707359017157343,,
111-40-0,Diethylenetriamine,1.1339759044225517,1.1765908648639556,0.35371417883736933,0.11876527954621946,1.8934176543559103,0.35046709635811735,1.765188096895666,,
111-42-2,Diethanolamine,1.197857766017698,1.2047368650322572,0.2009183102159008,0.632853023340469,1.7355897692143594,0.8244669306847785,1.537500620158865,7.0,1.5207121087692879
111-44-4,Bis(2-chloroethyl) ether,0.710552545003386,0.6852966634008604,0.38642022962715317,-0.3676918803201683,1.8448113629505427,0.03235756048650916,1.4941912410424596,,
111-46-6,Diethylene glycol,0.6151582006821108,0.6737154957820641,0.5133031027337823,-0.7195023549289189,1.8662374545229317,-0.4440521472674155,1.501905732797508,,
111-47-7,Propyl sulfide,0.06437675977226597,0.04581433717051331,0.41477853028498346,-1.0519458037816394,1.2230356800747353,-0.6909929328870299,0.829370529180809,,
111-55-7,"1,2-Ethanediol diacetate",0.49416160770276546,0.5376468102882761,0.40871745685818156,-0.6269536286762989,1.4209284438855612,-0.3599209022974238,1.26305361615901,,
111-66-0,1-Octene,-0.1795509641255971,-0.16666637399163828,0.3225216907891951,-1.246326290606246,0.6690231141671643,-0.8557058546339705,0.39447196094232356,,
111-68-2,Heptylamine,0.11778949502619845,0.11137436800659747,0.33637109723015896,-0.8146219558447444,1.0195361138756354,-0.6277570609684465,0.7155177186683037,,
111-69-3,Hexanedinitrile,1.2629871988954584,1.3112815685362773,0.3137927674962079,0.3633185633076069,1.9697515460915866,0.5551269333084218,1.7880819487633515,,
111-70-6,1-Heptanol,0.510932355214778,0.5377580784539764,0.18421566537931577,-0.20023597997932724,0.9595779685459317,0.1351516593132795,0.8151662774498238,10.0,1.4730834183479429
111-71-7,Heptanal,0.12930296670883995,0.11504447930982645,0.6184827042191718,-1.4606368959393847,1.7469223100363591,-1.0933964041512674,1.1632840041933707,,
111-76-2,2-Butoxyethanol,1.4171554513783082,1.4208882449327906,0.2769586312919061,0.6432323821379899,1.9982823801505083,0.8714936937227913,1.9307438185839978,,
111-77-3,Diethylene glycol monomethyl ether,0.7826595966183808,0.7911279006728303,0.6520206275782572,-1.003350322257275,2.435280588153338,-0.5649630374278345,2.0421019084101117,,
111-78-4,"1,5-Cyclooctadiene",0.02777706250610163,0.01754487171429303,0.4985060347937555,-1.2050916757323997,1.250998925167838,-0.9308795082955104,1.0070481869757195,,
111-83-1,1-Bromooctane,-0.6983894027885315,-0.6728521603599357,0.5536678726839351,-2.5242310084251347,0.5977867770732866,-1.6889235724559324,0.34968955395981915,,
111-86-4,1-Octanamine,-0.3553445494910205,-0.3601162256639644,0.4097320608167895,-1.4213541846189635,0.8172320827229897,-1.1317887481267233,0.4132308411525553,,
111-87-5,1-Octanol,0.10330527110808674,0.09156572793533355,0.18019092584836485,-0.40491487656886205,0.5580204642299093,-0.23468923709312525,0.4189883518377517,6.0,0.6830340641806338
111-90-0,2-(2-Ethoxyethoxy)ethanol,2.0887376464041183,2.103696771946069,0.23758383482903886,1.3023604665619706,2.6817868391926574,1.6241596318380627,2.5522025347530795,,
111-91-1,Bis(2-chloroethoxy)methane,0.3772898151139695,0.3832797551047617,0.4584708002815538,-1.0721439700039506,1.3429459068927203,-0.497226033709451,1.1832026725303513,,
111-92-2,N-Butyl-1-butanamine,0.16171719007991725,0.19618374405468286,0.39766705483706066,-0.8735302189224277,1.3003484481538128,-0.5106154776541664,0.8656573689442676,,
1111-78-0,Ammonium carbamate,0.5535612479174952,0.5861756308968634,0.5342151338887475,-0.944479634620691,2.1931213334601165,-0.3987780392154261,1.554391218342835,,
1112-38-5,"O,O-Dimethylthiophosphate",0.20976273931324665,0.22824930039314098,0.4307946704140853,-1.4230973496501296,1.5940994756431512,-0.6409328622298481,1.050606151579541,,
1113-02-6,Omethoate,-0.4071422360448426,-0.4091340687070689,0.3421266516254881,-1.3707508399015251,0.577223604985338,-1.0286577357852438,0.3061922869622427,,
111353-84-5,Ethametsulfuron,-0.32689212774693877,-0.2923386554289858,0.5679719938070894,-1.9032843539414814,1.1131789412511393,-1.413309895582264,0.751813645312973,,
1114-71-2,Pebulate,-0.3097781886016397,-0.2956049452810718,0.2174079561151386,-1.0085143423828329,0.20905587802944253,-0.7438867539444834,0.07110931359909638,5.0,0.7866366473703906
11141-17-6,Azadirachtin,-1.2211490037522643,-1.213679700580448,0.32785283883553856,-2.0644645381680418,-0.4406379152392128,-1.876159945311606,-0.6138384787971229,,
111470-99-6,Amlodipine besylate,-1.4284593503632452,-1.430497414073171,0.713494884302563,-3.5466781079833116,0.4101434208446418,-2.7368371542733203,-0.029207801026263906,,
1119-46-6,5-Chlorovaleric acid,0.17398795113071286,0.1444210693966735,0.5605765681592944,-1.7255986603633688,1.7481588117078728,-0.8196367885179852,1.2309576296491735,,
1119-94-4,Dodecyltrimethylammonium bromide,-0.34081031896202624,-0.3699535238389721,0.5745804078624432,-1.9931780370987804,1.1700403832989132,-1.32755332314194,0.913170533268123,,
1119-97-7,Tetradonium bromide,-0.6384998463941542,-0.6212241852586764,0.5722343889935038,-2.0345284936495345,1.284812352972936,-1.6683711852714371,0.6205224397316055,,
111988-49-9,Thiacloprid,-0.4074093731075124,-0.4104640346899571,0.23149925325221934,-1.2876783002433643,0.1540472699755719,-0.8500164159426952,0.025001305095780756,,
111991-09-4,Nicosulfuron,-0.5709970007781192,-0.5708588518956381,0.6050037549913441,-2.541542548260941,0.916567546190406,-1.890061443797965,0.536926427641701,,
112-00-5,Dodecyltrimethylammonium chloride,-0.8159004329800648,-0.7867416713083819,0.5143210088360521,-2.588632866462962,0.4078998655255836,-1.8108537483839389,0.19188526658346175,,
112-02-7,Hexadecyl trimethyl ammonium chloride,-1.362517250334391,-1.3877877359605963,0.34123995846165445,-2.4039338311998586,-0.4196975950941053,-1.942377434524258,-0.6072765037816019,,
112-03-8,"N,N,N-Trimethyloctadecan-1-aminium chloride",-1.3746268537059732,-1.4070130463264832,0.5640227530410459,-2.7912092498294614,0.3657872900670961,-2.3337020865714617,-0.2728109667707617,,
112-05-0,Nonanoic acid,0.34294791777440914,0.34830284307053494,0.38851786454697385,-0.834100255197976,1.362356993562627,-0.489874705488785,1.0359083946286065,,
112-12-9,2-Undecanone,-0.5629600499505316,-0.5294778757880396,0.3332958511350271,-1.3847085600331028,0.3920752051709991,-1.2806573509870187,0.06498863659300391,,
112-13-0,Decanoyl chloride,-0.4182990990473634,-0.44140969035713995,0.5897165308565364,-2.2938714005819976,1.000833743579309,-1.4071639010176504,0.7656851338374455,,
112-18-5,"N,N-Dimethyldodecan-1-amine",-0.9148877024370624,-0.9679338464347477,0.557601252638103,-2.3675497224823423,0.7432576855669338,-1.8303052676079798,0.32267972288336455,,
112-20-9,Nonylamine,-0.44414839473102646,-0.46347742020341365,0.4367391931116366,-1.4222062404115088,1.63666752404827,-1.246297232896763,0.3630340962837951,,
112-24-3,Triethylenetetramine,0.4089034929055792,0.4284172341727607,0.4703585688947752,-0.7722462892106269,1.5502943993588807,-0.5292472251240714,1.2350026108090393,,
112-27-6,Triethylene glycol,1.8113877621828949,1.8189741804841693,0.37290350040345205,0.31323691451116087,2.664576798096927,1.0414411189999586,2.4944210492900867,,
112-29-8,1-Bromodecane,-0.804635128300508,-0.7644674748872986,0.3482711137519226,-1.8115708256079548,0.26146553792722904,-1.5766097619907067,-0.0917886856180686,,
112-30-1,1-Decanol,-0.39101862443574836,-0.40820965113725827,0.2632945774633311,-1.0704272724255068,0.5034044733568837,-0.912389911739375,0.06863964968913526,,
112-34-5,2-(2-Butoxyethoxy)ethanol,1.2230791099291671,1.2710926287779514,0.32951410123168223,0.1655750860397154,1.9694433638997588,0.5526020184089098,1.7931540661553793,,
112-36-7,Diethylene glycol diethyl ether,0.34686791684817186,0.32086447443518096,0.6213718708129701,-1.8526939376769829,2.294596060137524,-0.7860077014865134,1.4157089864649404,,
112-38-9,10-Undecenoic acid,-0.34895759116575675,-0.3228020638003215,0.5169898103598985,-1.6814279729775263,1.0643734261978,-1.5732617955495896,0.56701265341802,,
112-42-5,1-Undecanol,-0.7997419932335478,-0.7652333470787975,0.33563493893861596,-1.6942104281967023,-0.04797182597224254,-1.509438631168549,-0.26564343469000495,,
112-52-7,1-Chlorododecane,-1.1605529813673858,-1.1990677331078219,0.5883567751859323,-2.836813586386883,0.23733093500699767,-2.2272348990062136,0.039044007210825474,,
112-53-8,1-Dodecanol,-0.7742968829859004,-0.7888701909322637,0.4410384402439057,-1.968024110238359,0.43280468453252413,-1.7180199621012262,0.20742187964085126,,
112-56-1,2-(2-Butoxyethoxy)ethyl thiocyanate,-0.17312634125452725,-0.1755529256826183,0.300500846233663,-1.2618028682521956,0.675992921496678,-0.793058409958389,0.3862330691169664,,
112-70-9,1-Tridecanol,-0.5009367096163015,-0.5102392550799237,0.5188337758781509,-2.358914935724032,0.91472246514452,-1.5114775753927232,0.4697158855738028,,
112-73-2,Diethylene glycol dibutyl ether,0.2802276643193987,0.2960596179190551,0.4726530695968935,-1.044537083122875,1.4237554123821765,-0.6230755616327462,1.11281616784034,,
112-80-1,Oleic acid,-0.21657393874716113,-0.17719130807206396,0.4556359585090957,-1.4493068900156225,0.8267727957130822,-1.098056617267627,0.693725688761076,,
1120-01-0,Sodium hexyldecyl sulfate,-1.4288663486035358,-1.4582491646646614,0.4039226145635626,-2.397323673682959,-0.3715309622191268,-2.247847174614142,-0.6558729394383376,,
1121-37-5,Dicyclopropylketone,0.4905457619619557,0.4987305178637462,0.6371273128292413,-1.5225190549502834,2.642815416707859,-0.6216582023302117,1.669270904290046,,
1121-60-4,2-Pyridinecarboxaldehyde,0.3987395969545844,0.4571353001603944,0.5373152570392021,-1.1314607269088752,1.6515468770557757,-0.7855174191644669,1.3651992625452622,,
112143-82-5,Triazamate,-1.0808323096664085,-1.0866507595085007,0.41017039541492495,-2.3433134674300056,0.13247997865574002,-1.8731193174816314,-0.3015534017056294,,
1122-54-9,4-Acetylpyridine,0.46102991307676566,0.5128896747103464,0.44965814328758386,-0.880778053234341,1.610324249507143,-0.5481057480179863,1.2660485665808905,,
1122-62-9,2-Acetylpyridine,0.5055737081709744,0.5034011640964862,0.5902436767989581,-1.0490499202334485,1.8135971338585508,-0.6095652049964674,1.5730562443833855,,
1122-82-3,"Cyclohexane, isothiocyanato-",-0.20912475065022854,-0.1988168769037187,0.5623178620340596,-1.9690031407877349,1.2799159679257288,-1.385308563649915,0.7388602649528535,,
112225-87-3,"1,2-Dibenzoyl-1-tert-butylhydrazine",-0.9059314526100224,-0.9235659278124474,0.5330079992197232,-2.1471190046214423,0.3336091911031424,-1.8844273752589147,0.14148837518254684,,
112226-61-6,Halofenozide,-0.6829526149560665,-0.6504899230731673,0.5006558582369232,-2.231597169665954,0.7384306427775417,-1.7064963425863313,0.28815317327479667,,
112281-77-3,Tetraconazole,-0.6792716921101986,-0.6467488338412304,0.28025026474859444,-1.4395853874447193,0.05049779133944182,-1.244608488418771,-0.13931621013757284,,
112410-23-8,Tebufenozide,-0.981215621308343,-0.9807736566365376,0.26537867410713517,-1.6941653259600067,-0.23451693524777353,-1.4733806296396539,-0.3660659673945482,,
1126-46-1,Methyl p-chlorobenzoate,-0.18632787901835407,-0.16035886453232157,0.3512410735461577,-1.113259691729244,1.028270280230309,-0.8676153504270251,0.4533295149164833,,
1126-79-0,Butyl phenyl ether,-0.34748323613848875,-0.36702006763930545,0.39847035327253005,-1.221365166803208,0.6480922853954881,-1.1077054080857107,0.4393532573540304,,
1129-35-7,Methyl 4-cyanobenzoate,0.046934629773955586,0.0696004140215152,0.4920711241554719,-1.1824689304514626,1.160710744580863,-1.028014119757019,0.8846646090956339,,
1129-41-5,Metolcarb,-0.3281711799808646,-0.3273238632973532,0.4250647549812803,-1.5871300261488515,0.7291376369732198,-1.1635999644554507,0.47339922412893526,,
113-00-8,Guanidine,0.596791993174079,0.5906419499500615,0.7091617910295864,-1.1220327346911836,2.894319030855125,-0.6021037023952139,2.116106333619189,,
113-48-4,MGK-264,-0.8077994733289963,-0.7775844608887356,0.34180144045356964,-1.8894617700949718,0.15828426502369666,-1.505463303706435,-0.1541499800341244,,
113136-77-9,Cyclanilide,-0.22465223592889735,-0.23246539983232345,0.41303278023568635,-1.3774101057039498,0.6459644997617823,-1.151610614377878,0.5546158175814404,,
113158-40-0,Fenoxaprop-P,-1.1151149468344874,-1.1244444522505779,0.43045472413147123,-2.221866762041281,0.005786632904265393,-1.8895360144425688,-0.2407485448771283,,
1134-23-2,Cycloate,-0.33268495248286806,-0.32869166892286666,0.2655560392704825,-1.0127359325691916,0.31053837092953634,-0.809915813953767,0.15660521778025643,,
1135-99-5,"Stannane, dichlorodiphenyl-",-0.8383572578138876,-0.8592185893804547,0.4765773952284593,-2.03871829352937,0.2937581116634756,-1.7375907190472568,0.07098525592094086,,
1137-12-8,(+)-Longicyclene,-0.8668382892578105,-0.8787906555457421,0.5418323595085168,-2.0833088431448954,0.48765648679927553,-1.8515415590363122,0.15126208663845886,,
1138-52-9,"3,5-Di-tert-butylphenol",-0.5850642279187831,-0.5817452692130036,0.45360230941053487,-1.9131531316179728,0.5507503172189517,-1.468336258249851,0.32032214391870467,,
114-07-8,Erythromycin,-0.4729944456576338,-0.45516963864400695,0.29462355432618603,-1.262605184193449,0.3688571704974343,-1.0861431094305052,0.1201507025507424,5.0,0.3023834865320649
114-26-1,Propoxur,-1.1082161276145825,-1.0901449844391955,0.15518652942149175,-1.5266321508873109,-0.5893287833216955,-1.4137670321868205,-0.8190951230538916,10.0,-1.5656582767040064
114247-06-2,(+)-(S)-Fluoxetine hydrochloride,-1.197611885001371,-1.2110091051535323,0.48047811894564546,-2.5430376206088225,0.0970613901938306,-2.15128723196215,-0.23368361389356807,,
114247-09-5,(-)-(R)-Fluoxetine hydrochloride,-0.9862230143242995,-0.9476962318353988,0.5051655028630391,-2.3717086670599827,0.18828159978902018,-2.003864384086203,-0.032726167062440734,,
114369-43-6,Fenbuconazole,-0.8633183991432464,-0.8345264788232405,0.33055087071537875,-1.7684773596395091,0.05759262965081419,-1.5426849867396502,-0.21782474019696904,,
115-09-3,Methylmercuric(II) chloride,-2.2858263405621657,-2.2731698165125778,0.17909055711375696,-2.899347549957207,-1.9273415674187337,-2.70514405907036,-1.9797778780018522,12.0,-1.536707771690245
115-19-5,2-Methyl-3-butyn-2-ol,1.0976436849502682,1.074739644621924,0.5333095274352092,-0.4932286091349362,2.344072747579717,-0.09133776083913747,2.088061006511457,,
115-20-8,"2,2,2-Trichloroethanol",1.0381039347710839,1.0501951733670012,0.2059684467904899,0.34302931623892036,1.5970321711670594,0.6827647730883916,1.4278790652971474,,
115-29-7,Endosulfan,-3.139913761003585,-3.129242790087152,0.09690440708594604,-3.3896263944595844,-2.9458466747356207,-3.3198371078289504,-2.979861855110253,79.0,-3.0778529078715398
115-31-1,Thanite,-1.1791513739901636,-1.1568204103670883,0.24127185569338,-1.8634013725303615,-0.6470656992497106,-1.730172702706027,-0.7542360243987221,,
115-32-2,Dicofol,-1.3394728037940364,-1.3173951362994627,0.1843254808346146,-1.8055935017831917,-0.9474374198882676,-1.6915473035793083,-1.0269413453113119,12.0,-0.4922605344886674
115-77-5,Pentaerythritol,1.2254118481357648,1.1924452461730906,0.5813687036524864,-0.23434189435740385,2.7104596746659486,0.12096695604329119,2.1850020085192536,,
115-86-6,Triphenyl phosphate,-1.0542749290877282,-1.0629673031645956,0.1787379253541555,-1.6668957597586327,-0.572228301644297,-1.3894161272424959,-0.7141776392982004,6.0,-0.1717785312262159
115-90-2,Fensulfothion,-1.5418058865873627,-1.5595124441240809,0.23089606263803303,-2.1865759890183663,-0.7144086560821841,-1.9612984658405492,-1.0762926121607805,,
115-96-8,Tris(2-chloroethyl) phosphate,0.3429520340572306,0.382626163636948,0.3471915316271539,-0.6668761482545558,1.1114781084254333,-0.3237624388702653,0.9618034036346881,,
115104-28-4,MK-571,-0.9848262107502809,-0.9542853676889769,0.5934774843649855,-3.0305473309280213,0.44855165863111246,-2.258559305419554,0.15498084099246925,,
115550-35-1,Marbofloxacin,-0.24305127901873458,-0.25460580900309404,0.5748403844108245,-2.0033437253372552,1.0769091291233426,-1.2848173584039027,0.8250869640867975,,
116-06-3,Aldicarb,-1.1444925138439508,-1.1603031890140683,0.14750165453863484,-1.5281236059839167,-0.6549934384465411,-1.4330013530515093,-0.8353425046498006,13.0,-0.7770010894309951
116-16-5,Hexachloroacetone,-0.4413451908322563,-0.48316053511056495,0.5954442888511626,-1.9453745492890826,1.3421315421980131,-1.5706845118211004,0.9452715911855278,,
116-29-0,Tetradifon,-1.0916505665654523,-1.1035211525891757,0.23716348120299438,-1.9080824111235148,-0.4083290156373292,-1.5168637341254734,-0.6667067005622205,,
116-54-1,"Acetic acid, 2,2-dichloro-, methyl ester",0.04637810096096988,0.04059749731117548,0.5729631331154956,-1.430924780502558,1.7909650308163454,-1.1026450511504347,1.0406808919862707,,
116255-48-2,Bromuconazole,-0.906453557035089,-0.8752306223393636,0.30055033797574005,-1.7176085815201747,-0.28406184412699026,-1.5291093340332083,-0.39710721670078086,,
116714-46-6,Novaluron,-1.8751886082202183,-1.9544123596377603,0.5130913383090682,-2.890986070520176,-0.4859757002403669,-2.758507556265113,-0.814161630040194,,
117-10-2,Danthron,-0.6491584846801557,-0.6080787557626273,0.38679890025076674,-1.648702628812581,0.22181648133450912,-1.45836876584105,0.051737544831446075,,
117-12-4,"1,5-Dihydroxyanthraquinone",-0.45089965233688345,-0.44352129211482966,0.5201473258623298,-1.5970523356825197,1.1163587009413625,-1.5086037846565212,0.45446584115279376,,
117-18-0,"2,3,5,6-Tetrachloronitrobenzene",-1.0402418478863698,-1.0260788415607132,0.2642612996735337,-1.6719133429314077,-0.10395934884769097,-1.5060153252601909,-0.5774421405395804,,
117-79-3,2-Aminoanthraquinone,-0.5665950711624981,-0.6305441188472463,0.5841301206174256,-2.0291487493047557,0.9547774313617536,-1.6486049473827766,0.6136358857758533,,
117-80-6,Dichlone,-1.7686527858533494,-1.746057575467876,0.14436663667839314,-2.266223280783855,-1.4703203756865195,-2.0682792535588272,-1.54406108575896,15.0,-1.3266056962392017
117-81-7,Di(2-ethylhexyl) phthalate,-0.5112753962750749,-0.49547822394740765,0.35526716344339965,-1.579984339655392,0.30134200231005004,-1.2653209053604109,0.12708029118634576,,
117337-19-6,Fluthiacet-methyl,-1.518474513667452,-1.4999685913835945,0.37286370380601885,-2.598934539413466,-0.4199500885742835,-2.2903510706995327,-0.7810634518459932,,
117428-22-5,Picoxystrobin,-1.3002223712571566,-1.3017583874205743,0.608701963239324,-2.8849453892797956,0.21949089729429952,-2.5382405955896443,-0.1830694668145553,,
117704-25-3,Doramectin,-3.099862928111276,-3.1137997837753164,0.8687250362268626,-5.414068580899363,-0.5907140709111391,-4.609837563925027,-1.3370732588900953,,
117718-60-2,Thiazopyr,-0.765526336424428,-0.7449760390694355,0.3415989503253772,-1.9516213217939844,0.10542013545115657,-1.462147978878796,-0.11822636467671295,,
117932-73-7,"2,2'-Butane-1,4-diyl bis(4-hydroxybutyl) dibenzene-1,2-dicarboxylate",-0.8581906475609502,-0.843825250233599,0.727955984558237,-2.8178416410185987,1.1286764202456743,-2.2884023620153284,0.7039538189615697,,
118-41-2,"Benzoic acid, 3,4,5-trimethoxy-",0.14314722493044063,0.20006657847611714,0.6391252582522775,-1.653056624996755,1.982533615927893,-1.135440525756875,1.2683713264891683,,
118-44-5,"1-Naphthalenamine, N-ethyl-",-0.4562516772191487,-0.48958945524215736,0.5039000794282102,-1.7950018485781412,0.73851518362914,-1.384707543896746,0.510055033798597,,
118-52-5,"1,3-Dichloro-5,5-dimethylhydantoin",-0.6703272727355016,-0.6914892522092138,0.33027367829634185,-1.6203187553142384,0.33386192112482993,-1.2230556781545519,-0.07206220118546455,,
118-55-8,Phenyl salicylate,-0.8903463847620648,-0.879339436757822,0.32852096983889584,-1.7684540576877155,0.1123605612129996,-1.482327119589763,-0.2735392646413081,,
118-61-6,Ethyl salicylate,0.007062664649160179,0.01609146568393926,0.35412838418460185,-0.9855872620091313,0.8852572196565971,-0.7768146921933318,0.6989871516630576,,
118-74-1,Hexachlorobenzene,-0.7615142262689604,-0.7479671631364254,0.336855007936169,-2.1567024335821317,0.12862921165103944,-1.351122214595718,-0.11484798729992884,,
118-75-2,Chloranil,-0.46447201918330294,-0.4432693271295776,0.6078487656883621,-2.415494124066198,0.9763137802247951,-1.6450608332624221,0.6095390548386935,,
118-79-6,"2,4,6-Tribromophenol",-0.6941393602120891,-0.6686108585560915,0.35024436959606126,-1.7304425651158701,0.21570879187089662,-1.3041402130499269,-0.0750714348100697,,
118-91-2,2-Chlorobenzoic acid,0.14858846262048803,0.11297890564184251,0.5525694310268104,-1.387811294122416,1.6683237210121038,-0.9607005344360914,1.2293215160891777,,
118-93-4,2-Hydroxyacetophenone,0.41131420722096435,0.427880841723996,0.3927063577472163,-0.9289641813221281,1.5902218313300722,-0.3407109004435443,1.0684469030244879,,
118-95-6,"Isopropyl-4,6-dinitrophenol",-0.8845336970017894,-0.8927729761942466,0.41159076415786716,-1.790036526230545,0.5622133073091299,-1.6504218920305747,-0.07295116827158608,,
118-96-7,"2,4,6-Trinitrotoluene",-0.35765650392374837,-0.34180724638876947,0.1475454681947068,-0.8706593495002899,-0.002713339728474979,-0.6532876862641673,-0.09191765979616241,7.0,0.4583671003336456
118134-30-8,Spiroxamine,-1.4825808434050634,-1.4960508908860444,0.40968855005831867,-2.5774424728804592,-0.3156502566193558,-2.2066250095951685,-0.5255968777124451,,
119-12-0,Pyridaphenthion,-1.2525175324479776,-1.2809186703996045,0.448744963952928,-2.4401377933703974,0.2356529969277591,-2.110597308522757,-0.4267673227631845,,
119-27-7,"2,4-Dinitroanisole",0.0950979952206937,0.10863466028430266,0.4624750415059238,-1.2260139678766158,1.3815280442847262,-0.9126857458673773,1.0276657161279468,,
119-32-4,4-Methyl-3-nitroaniline,0.0981272647566157,0.11589191160675741,0.35282292437578433,-0.9281370063923694,0.9682720539276983,-0.6154793550344285,0.7782027008314796,,
119-33-5,4-Methyl-2-nitrophenol,0.2978447219610158,0.346996260340552,0.38847222151194805,-0.9080643481927303,1.1981805743915193,-0.4889607321983418,0.9791784338823767,,
119-34-6,4-Amino-2-nitrophenol,0.190532874476518,0.1943463797934549,0.36807328465019695,-0.9982332233719755,1.0314227374555158,-0.5969361906740343,0.9111604126143609,,
119-38-0,Isolane,-0.1190431816191822,-0.12020838147401672,0.46160673172689626,-1.2203446907729205,1.2778321793062624,-0.9976983192750326,0.7510936652488638,,
119-61-9,Benzophenone,-0.37261814648077896,-0.36456039275087654,0.31651524243652757,-1.2057241837176522,0.5526583877402123,-0.9750747184815934,0.24330381086690053,,
119-64-2,Tetralin,-0.05241984677633844,-0.032000401637729194,0.45460040592528883,-1.3526526751260923,1.2969282723907438,-1.0064139218341166,0.7592358468401722,,
119-65-3,Isoquinoline,0.14549459063016554,0.10206060803579399,0.4036164031668526,-1.0978899490728675,1.1691676430573825,-0.6908666323394412,1.0362512793113887,,
119-67-5,"Benzoic acid, 2-formyl-",0.15794866054469417,0.17519733553068975,0.4602563243855717,-1.5882813371157312,1.4576088307057191,-0.7222175908943761,0.9154328059183485,,
119-90-4,"3,3'-Dimethoxybenzidine",-0.4499154789738576,-0.4616668206300136,0.5293211867628994,-1.7617467217938283,1.2744528743925598,-1.5052271416393666,0.5588789606471201,,
119-93-7,"3,3'-Dimethylbenzidine",-0.4923151863766856,-0.5089817394719323,0.443075358559548,-1.723410875889666,0.9382131088075921,-1.3358266166452202,0.31388845220416967,,
1191-50-0,Sodium myristyl sulfate,-0.843866640362528,-0.8431630713860703,0.3696970083420232,-1.8710926190024542,0.33056888435258147,-1.6123606777076234,-0.10850833728240818,,
119168-77-3,Tebufenpyrad,-1.7856383003444936,-1.772449911693187,0.38552797327409083,-2.8774348127999123,-0.7734209420909357,-2.579212637271246,-0.9044381216485632,,
1192-52-5,"4,5-Dichloro-3H-1,2-dithiol-3-one",-0.9077258233272605,-0.9258225142939513,0.45839274204953007,-2.2231074382081966,0.7193449882376329,-1.757837206429193,-0.01760176871944863,,
1192-89-8,"Mercury, bromophenyl-",-0.6463469212155186,-0.6765365570733441,0.3545808400344005,-1.6971448042309503,0.52299473349182,-1.3168368235944596,0.04391977537689982,5.0,0.015680166161144204
1194-65-6,Dichlobenil,-0.05318137204241,-0.04360365297688194,0.15557385856154815,-0.4968996178718632,0.27960527157971354,-0.36867676061378124,0.21590017136329115,20.0,0.8635051781937906
119446-68-3,Difenoconazole,-1.6741552831625484,-1.655905028578845,0.3197405847176601,-2.5346165525546795,-0.702054540493644,-2.2873665143340562,-1.0398014373435895,,
1198-55-6,Tetrachlorocatechol,-0.8814429701254198,-0.8734707016399783,0.34205013163884695,-1.9885483426334254,-0.08109690198518994,-1.5263735994535539,-0.22913045954003303,,
120-07-0,N-Phenyldiethanolamine,0.3265584020570172,0.3320202943716165,0.6103163712820214,-1.4423053254266072,1.6011565751823311,-0.8079748964832737,1.4206178269833856,,
120-12-7,Anthracene,-1.7370648223072291,-1.7339443045644125,0.19708681197311673,-2.180142226788371,-1.224634654534526,-2.100149175455377,-1.327791441703842,,
120-18-3,Naphthalene-2-sulfonic acid,0.5110226627191203,0.5499630981129497,0.3807812789422486,-0.6480082801838298,1.5264878433742999,-0.2452262629862024,1.151198667717819,,
120-21-8,4-(Diethylamino)benzaldehyde,-0.10979822532174215,-0.1482162853599851,0.48276397135931937,-1.613784983051349,0.9889157766860234,-1.0253686654223624,0.8589411252585445,,
120-32-1,Clorophene,-0.9171030388411325,-0.9306919638331586,0.4031181574171927,-2.2652062580595813,0.28795140194755653,-1.748507133232531,-0.15418772526537952,,
120-36-5,Dichlorprop,-0.16307260131813883,-0.15834663122057846,0.3106652500017016,-1.1201553057741154,0.590068385047228,-0.8231155591566386,0.39827130691656143,,
120-47-8,Ethylparaben,0.03782729078428419,0.03430465948722792,0.36715932986680394,-1.548863054408961,0.9977882566556783,-0.6295466495726723,0.7934542544852096,,
120-51-4,Benzyl benzoate,-0.4665062779255223,-0.4762818531643453,0.43927324575573207,-2.0398104344941426,0.6007773044556933,-1.4613691745286435,0.4425258025027796,,
120-62-7,Piperonyl sulfoxide,-1.1418092788716094,-1.0974508523382869,0.6111882375665223,-2.5301057348148883,0.47674339601552207,-2.2220564356972248,-0.09866658383064791,,
120-72-9,Indole,-0.10164187897913905,-0.0884975955675649,0.5300905318408567,-1.4847998785060346,1.1430865543827207,-1.0045596248704425,0.8905877130522638,,
120-80-9,Catechol,0.01584579619803651,-0.013681582191669234,0.3442707454750466,-0.9890370241593578,1.0363753108048794,-0.6639945555483534,0.6562275918743059,,
120-82-1,"1,2,4-Trichlorobenzene",-0.49772519090083633,-0.5034504334960574,0.1566044618017186,-0.9205618077931073,-0.08690141823800086,-0.8191668973708407,-0.2135443072959682,8.0,-0.1388643283977884
120-83-2,"2,4-Dichlorophenol",-0.31136297991730266,-0.3000136367267325,0.15055738088577414,-0.6920944349519563,0.1572393292639309,-0.5923963711307421,-0.029967182800158153,11.0,-0.3692176514298141
120-92-3,Cyclopentanone,1.206713724143471,1.206521660388621,0.47977811759057326,-0.5484911530930995,2.459834210776331,0.2601327606357425,2.106453957776708,,
120-93-4,Ethylene urea,1.4844554344125418,1.5266639217303255,0.5047177196693309,0.05280785406387712,2.837832600661503,0.5523036689908678,2.3799349634764866,,
120-94-5,N-Methylpyrrolidine,1.1136597452817414,1.1230235760393832,0.3902875751057081,0.15255857986384228,2.031990362707266,0.2889498746282877,1.7979909103163034,,
12002-03-8,Copper acetoarsenite,-0.8768682935518626,-0.8763813715019492,0.6914784924658076,-2.947862457193258,0.8492925431696291,-2.2814234396147257,0.535055332276329,,
120068-36-2,Fipronil Sulfone,-2.5508100738287736,-2.557991641805555,0.401319960051335,-3.6099208720744396,-1.1725382447022186,-3.2682143466443727,-1.7913686055391822,,
120068-37-3,Fipronil,-2.469199639175194,-2.458553312762682,0.1477546862565547,-2.7991525207645043,-2.0779398837694774,-2.7502200398720675,-2.166972057271868,12.0,-2.5995859534482975
120116-88-3,Cyazofamid,-1.411841170220165,-1.4131581713903794,0.32253461966139624,-2.336107835885968,-0.613102242628136,-2.0102641169828965,-0.7916737189659679,,
1204-21-3,"alpha-Bromo-2',5'-dimethoxyacetophenone",-1.7060872155055387,-1.6837943989631587,0.30577263993665593,-2.7371629485837206,-0.8826428826985168,-2.3475194778194277,-1.170655259947642,5.0,-1.2755545096022436
12071-83-9,Propineb,-0.630481929876985,-0.6067295648573938,0.5330799672400693,-2.118092679502911,0.7323092153031893,-1.6324191289221548,0.3242584772159672,,
120928-09-8,Fenazaquin,-1.4419282532858277,-1.4513125555804454,0.3548098625519623,-2.3623085996206212,-0.6559990336131792,-2.142425392629517,-0.8581063085452382,,
121-05-1,"1,2-Ethanediamine, N,N-bis(1-methylethyl)-",0.31450059377349376,0.31133424852865044,0.6001907475255106,-1.093858707591314,2.092175645320721,-0.7556370787009264,1.4895038430244965,,
121-14-2,"2,4-Dinitrotoluene",-0.16324907402463723,-0.15677871068936036,0.16491750567191926,-0.6969216883435181,0.22444745887307316,-0.5208646249800809,0.14079687957395778,6.0,0.028503077342079908
121-19-7,4-Hydroxy-3-nitrophenylarsonic acid,0.011195740061332466,0.06296487095793643,0.4959464554609475,-1.1984097838832213,1.062664893407609,-1.0018657568341491,0.9425502481586528,,
121-32-4,3-Ethoxy-4-hydroxybenzaldehyde,0.23664385706520608,0.26550370992307404,0.4582660790781221,-1.095252916034971,1.363227476507512,-0.7087874119041788,1.1267866307350425,,
121-33-5,4-Hydroxy-3-methoxybenzaldehyde,0.41735678606714993,0.41088173546637113,0.3570870024634017,-0.7848742284894941,1.262283713671024,-0.2817504283810829,1.0512952053848545,,
121-34-6,Vanillic acid,0.646283081139317,0.6703242710060311,0.454573945694047,-0.5706452206044652,1.7901332621427315,-0.37804506164047236,1.5186114716677015,,
121-44-8,Triethylamine,0.7401988814188095,0.688308874948392,0.5439704130301107,-0.8163254190561133,2.2027795351396096,-0.1572596525878386,1.7316317054251442,,
121-46-0,"2,5-Norbornadiene",0.25643348367907093,0.2462193937897913,0.5454517457023806,-1.4068683560861328,1.6926549608782218,-0.8540719007370865,1.349370709480571,,
121-54-0,Benzethonium chloride,-0.7890310780187577,-0.8005702126842209,0.19488051817994417,-1.3893974067675936,-0.3191273535859877,-1.127466207271828,-0.4157288293614834,5.0,-0.4905475870967632
121-57-3,4-Aminobenzenesulfonic acid,0.3332475771161559,0.33612245091520204,0.4669337563936414,-0.8919304137887749,1.424689538531355,-0.6847369514003694,1.1959115038874808,,
121-69-7,"N,N-Dimethylaniline",0.35156487981765816,0.36518698289974544,0.21583753802395547,-0.38815104349701096,0.8942927587471032,-0.11262134162875219,0.7460789919877095,5.0,1.120292807377829
121-73-3,1-Chloro-3-nitrobenzene,-0.17821025984834996,-0.18830383249098584,0.2643621460445831,-0.9534602612932982,0.5559903901871538,-0.662945794121384,0.25228450835865845,,
121-75-5,Malathion,-1.5794461611603614,-1.5800589139869092,0.10275914635311299,-1.8455699035140816,-1.2760566538106282,-1.7808607261941716,-1.3935543053178492,94.0,-1.5264090904250174
121-82-4,Cyclonite,-0.6151323317126868,-0.6162664846685898,0.26765031688559093,-1.51508680925521,0.015902221742884196,-1.242833820506857,-0.1530546694447651,5.0,0.8279870441494867
121-87-9,2-Chloro-4-nitroaniline,-0.11747489194199591,-0.12165781558863467,0.31232453418521106,-0.8321433074362994,0.8284143506492904,-0.6998397972803803,0.40876247872359633,,
121-88-0,2-Amino-5-nitrophenol,-0.23946127612875198,-0.3011115765266641,0.6411765595858769,-1.8307013282977316,1.6480855256433815,-1.3246756894878386,1.2385652281760047,,
12111-24-9,"Calciate(3-), [N-[2-[bis[(carboxy-.kappa.O)methyl]amino-.kappa.N]ethyl]-N-[2-[[(carboxy-.kappa.O)methyl](carboxymethyl)amino-.kappa.N]ethyl]glycinato(5-)-.kappa.N]-, sodium (1:3)",2.115162170636541,2.1537993302172795,1.0075226469426835,-2.0038958380008403,4.6473663728513985,-0.11099588304907898,3.847467318364102,,
12122-67-7,Zineb,-0.3171309115770071,-0.3060799336405353,0.2540493542935404,-0.9738067117484926,0.3014718142975556,-0.8416572088321675,0.14169643925653652,,
12124-97-9,Ammonium bromide,-1.0925868062627941,-1.11289706122243,0.3692758908358544,-1.991582620952621,0.42888065991258456,-1.7253837606006799,-0.2863850393935844,,
12125-01-8,Ammonium fluoride,1.0496882146661124,1.051457679527267,0.36654772655952284,-0.09285994851107193,2.0293340988123383,0.33152172297292926,1.8510631373551374,,
12125-02-9,Ammonium chloride,0.5556686476646245,0.5605385177054711,0.11095966824412802,0.3063327858181307,0.825923679151945,0.33096838840685405,0.7597750537657851,45.0,0.7786083491741191
12136-45-7,Potassium oxide,1.4006568513817235,1.37561837199532,0.522246962707256,-0.08702339766644064,2.696971042331941,0.28592778743332037,2.3872960729932315,,
1214-39-7,N-Benzyladenine,0.021541800189382475,0.054416986033254525,0.42311258258237555,-1.2692675838244072,1.0802222417148521,-0.7755171361752353,0.7811574140572205,,
121451-02-3,Noviflumuron,-2.469028247427439,-2.521498085819952,0.7380736538570023,-4.300435395954272,-0.38514770191380165,-3.867851919296522,-0.9951162800598465,,
121552-61-2,Cyprodinil,-0.6755539223446866,-0.6530578107215299,0.32349009534505024,-1.3746286640318466,0.3153493107886225,-1.2611543279802404,-0.03818518921390657,,
122-03-2,4-Isopropylbenzaldehyde,-0.308567709449359,-0.2908057551232029,0.389734244526529,-1.5313429047332214,0.6996214392092175,-1.2232836502187254,0.41716950223556587,,
122-11-2,Sulfadimethoxine,0.31631472249818393,0.27942272899825515,0.4349465483097012,-0.7499082663340185,1.5191319024240493,-0.45128483395276897,1.1652115798511073,,
122-14-5,Fenitrothion,-1.9455555786002718,-1.9418190203660821,0.08731762612813616,-2.1522453409005817,-1.7256799145459985,-2.1139842738332715,-1.7837683285883807,38.0,-1.5082782753142074
122-34-9,Simazine,-0.001786916649078158,0.008266108516777148,0.144312387615852,-0.40087134469675484,0.3693391569675137,-0.28377000032050537,0.2717966477881969,21.0,-0.06469530819393032
122-39-4,Diphenylamine,-0.6227825359165331,-0.6120053543555799,0.26456633616230907,-1.6153744108964987,0.13670797197271398,-1.1758807783322613,-0.17729421990945196,,
122-42-9,Propham,0.31760989106192794,0.32843238432288036,0.21357726921732995,-0.201238362084084,0.8359180359171554,-0.11603242648322197,0.6933405384832492,5.0,0.952926127026024
122-60-1,Phenyl glycidyl ether,0.11885387285474672,0.10022569488509364,0.4920588204893485,-1.208765487273765,1.684422468760327,-0.9953879245243639,1.0323786427384447,,
122-66-7,"1,2-Diphenylhydrazine",-0.6537436063497861,-0.6502105098004454,0.3507285969161113,-1.621646506404855,0.6381967200322782,-1.352738659836259,0.0004554612742754873,,
122-79-2,Phenyl acetate,0.2665268902798367,0.2528216608595683,0.4771137571882661,-1.0038472490234436,1.5165314850066696,-0.7078394902715145,1.1984828355381578,,
122-88-3,4-Chlorophenoxyacetic acid,0.03386787142883188,0.043277866095433236,0.5115519798478683,-1.404720784079678,1.4066475008222448,-0.9881302465887769,0.9474860942210734,,
122-99-6,2-Phenoxyethanol,0.4988581781645008,0.4818137201540348,0.44272308196240234,-0.5838565170399813,1.8344163618716092,-0.35346958383709376,1.374317293789541,,
122008-85-9,Cyhalofop-butyl,-1.0268632656789354,-1.0259589111273462,0.3841520474493757,-2.364682397074872,-0.07256057532216317,-1.8338534953134893,-0.3312615142807986,,
1222-05-5,"Cyclopenta[g]-2-benzopyran, 1,3,4,6,7,8-hexahydro-4,6,6,7,8,8-hexamethyl-",-1.0148897876589849,-1.0219383661522268,0.20443615631196016,-1.6536441106409931,-0.43419953161355584,-1.3704805432880232,-0.5852937353316874,,
1224510-29-5,beta-Cypermethrin,-3.159961683012507,-3.1605708133182593,0.3090133327225324,-4.108603999787437,-2.2783549473285745,-3.7881460722242912,-2.6317631795088268,,
122453-73-0,Chlorfenapyr,-2.4005057626819397,-2.3941489661465587,0.2599837695020354,-3.0007417546301927,-1.8634119252945405,-2.9415124549052645,-1.9527735510135957,,
122454-29-9,Tralopyril,-2.5121433120393686,-2.4991950099841924,0.44799249724954165,-3.727630843538667,-1.1362558097087248,-3.326543963723868,-1.5846483623363954,,
122548-33-8,Imazosulfuron,-0.5410920053716497,-0.5076097573127694,0.5813427195446542,-2.6894986663501785,1.0860978601883955,-1.7696057198061759,0.502625444350115,,
1226-42-2,Anisil,-0.6384283835555703,-0.6319511600347731,0.5640616682346082,-2.3155468862224233,0.8961692301106352,-1.9058105342403806,0.46227972475052803,,
122836-35-5,Sulfentrazone,-0.40476727258350775,-0.37300376322818507,0.44029864163110927,-1.5537686043524135,0.9262113759029487,-1.366780213472613,0.28119402156138606,,
122931-48-0,Rimsulfuron,-0.2323327720823589,-0.17120908998010698,0.7480998571417885,-2.4685857401505427,1.4421182102654928,-1.7364222380180268,1.1706864881979133,,
123-01-3,Dodecylbenzene,-0.5880208802692105,-0.5374141222956041,0.6055931470784551,-2.535795324123075,0.9106862831033137,-1.7501681601218564,0.5235109824742714,,
123-03-5,Cetylpyridinium chloride,-1.5272182084717099,-1.5409710374501988,0.4033553436987349,-2.6596527709741333,-0.052262358506129286,-2.2220347744727027,-0.6530817089348775,,
123-05-7,2-Ethylhexanal,0.01861417835754705,0.04771168257573573,0.30267403151333766,-0.951293610970141,0.8615749925058783,-0.6108445023542273,0.610543156542692,,
123-07-9,4-Ethylphenol,0.00262589424835743,0.001951140142768574,0.40825792799187116,-0.9847788194246054,1.2221792238424636,-0.7277222329292344,0.8200931209398675,,
123-08-0,p-Hydroxybenzaldehyde,0.2723535309037365,0.257436953736368,0.42312426523145874,-0.9359887127247584,1.4100821406335164,-0.5856280455071632,1.1730266298277479,,
123-11-5,4-Methoxybenzaldehyde,0.21134186168744834,0.17641509386243953,0.515825251459206,-0.9900805960373888,1.898322112481309,-0.7354377972469904,1.245810683895096,,
123-15-9,2-Methylpentanal,0.24543919329162228,0.2704126917443376,0.5384326008919585,-1.5279174510672204,1.639046043358027,-0.749011883505686,1.2271706949485728,,
123-19-3,4-Heptanone,0.29141906277778634,0.3380922338781428,0.619366320709369,-1.9979000199521506,1.740698948650938,-1.0401814417477973,1.5092180784942362,,
123-25-1,Diethyl butanedioate,0.2369527181535298,0.23630037485956945,0.5167093746999448,-1.3422861472324632,1.7068627352741648,-0.7103632845070396,1.2186441497092426,,
123-30-8,4-Aminophenol,-0.3264629466116647,-0.3240998024598623,0.45994940029346176,-1.6314211886286227,0.8888265270938599,-1.3405472816560886,0.531823075364686,,
123-31-9,Hydroquinone,-1.3350966396860235,-1.3331583797214879,0.225242510222984,-2.0236122164208883,-0.8136854682234745,-1.7855916153993858,-0.9279395322801129,,
123-33-1,Maleic hydrazide,0.668824074291698,0.6662100882721749,0.3298923349263851,-0.23652193722986523,1.5125554979439426,-0.025152195819229162,1.283277371601748,,
123-38-6,Propanal,0.6851802465823634,0.6781111685004493,0.3552360883626004,-0.2560491338473905,1.6496385094156847,-0.034228447596490685,1.4782885438252047,,
123-42-2,Diacetone alcohol,1.3495270983713732,1.3595488650777956,0.3701161570424678,0.20594414672443404,2.162993375641804,0.603360700273048,2.009053444980331,,
123-43-3,"Acetic acid, sulfo-",0.6009858503767386,0.6014483724096173,0.536669368699071,-0.8884326139177325,1.9394644325523216,-0.5959197885767258,1.5546110843193208,,
123-54-6,"2,4-Pentanedione",0.7729915160279697,0.7655408006931781,0.18846514090802727,0.2576696116694824,1.3076730156481475,0.42662226542893306,1.129669148262146,9.0,1.8708772401634743
123-66-0,Ethyl hexanoate,-0.08576807892469514,-0.05542347492644749,0.4660654890045632,-1.4379972846962554,1.1946396991170636,-0.9081978840659111,0.7923869159675238,,
123-72-8,Butyraldehyde,0.4923131733925123,0.5043412392641076,0.31271506920847103,-0.4604448760501182,1.1450490443053343,-0.2324454627250374,1.0048041640989973,,
123-82-0,2-Aminoheptane,0.18374555495181927,0.23077610980504937,0.5896102028217013,-1.638426267722243,1.9128433460229262,-1.1088895266219208,1.2166224317909864,,
123-86-4,Butyl acetate,0.5468914486657934,0.5631451282787514,0.2748877740638486,-0.4570170011713113,1.2549280631986415,0.013375996629252346,1.0392660453568725,,
123-88-6,Methoxyethyl mercury chloride,-1.095718421639139,-1.0968240592687175,0.31685970947166386,-1.9531733188540266,-0.3583100630515599,-1.6550677583078435,-0.5109930628546882,,
123-91-1,"1,4-Dioxane",1.813409508066356,1.806046773154704,0.26703496345142996,0.6891718143490886,2.445670476338878,1.2953093365072232,2.314576056624067,5.0,1.723857619102922
123-92-2,3-Methylbutyl acetate,0.1809877573316666,0.15776794832404584,0.4691684757576508,-1.1916208841175124,1.4057184398128268,-0.775849252202284,1.075783885305522,,
123-96-6,2-Octanol,0.2692331551379927,0.27074026694654363,0.5289951437172387,-1.5410559332488576,1.551733617497251,-0.7784205353398762,1.3128296367780372,,
123312-89-0,Pymetrozine,0.21584290334200418,0.21728457033793963,0.45074266036909855,-1.1131179235595425,1.4448363609185542,-0.6523889404505334,1.0324084808879936,,
124-02-7,Diallylamine,0.16237551474857473,0.20093464094798164,0.43223240824734926,-1.179431289366464,1.2511161310454288,-0.7158150847791267,1.024484225565264,,
124-03-8,Ethylhexadecyldimethylammonium bromide,-1.204996460654343,-1.2321239931251604,0.6392156967225197,-3.232843696313669,0.4395064512138676,-2.420881359448523,-0.052681137918424124,,
124-04-9,Hexanedioic acid,0.5851638888498641,0.5926687809176359,0.30122477875513526,-0.27267501375013237,1.3341115472555756,-0.007632743517045251,1.126824020828304,,
124-11-8,1-Nonene,-0.23044877186444196,-0.2571312720742277,0.36765288079910774,-1.2965617815395332,0.742607143367368,-0.9018905281149563,0.5231989074046105,,
124-18-5,Decane,0.06657002520406702,0.06012016571180667,0.46359330948254296,-1.213894219582239,1.189243570576081,-0.8591898329950727,0.9674443056777411,,
124-20-9,Spermidine,0.34028201198001035,0.403379194443521,0.5746936547954853,-1.3092438004812315,1.7837711022607046,-0.8033005257987508,1.2628400912209796,,
124-22-1,1-Dodecanamine,-1.2760448695946982,-1.2800216589677964,0.44828804012105183,-2.7008407119807547,-0.04041705497557651,-2.0329338080045454,-0.2859458187109098,,
124-30-1,1-Octadecanamine,-1.036119621009141,-1.0088569867672001,0.5453552031493263,-2.712422882296582,0.41714310623754347,-2.055414967645401,0.1082163265892129,,
124-40-3,Dimethylamine,0.9380443251975921,0.953751625655512,0.3029100420921027,-0.364469689432077,1.7437137183758724,0.331593806699769,1.4714445376871486,,
124-48-1,Chlorodibromomethane,0.12137649759047062,0.15584858439599075,0.4060187091547773,-0.9470163549280579,1.1955858381120155,-0.7254924481435847,0.8969456072725861,,
124-58-3,Methylarsonic acid,0.4012731156376023,0.357055494325465,0.5077412140653316,-1.0232999830288536,1.498767298689328,-0.6223145212847252,1.3132839139014683,,
124-63-0,Methanesulfonyl chloride,0.2295853903136431,0.24063370122488761,0.45900044376547416,-1.177666619105969,1.68177787090243,-0.7207573422577136,1.0858293940658785,,
124-65-2,"Cacodylic acid, sodium salt",0.457665369736368,0.4624515867294161,0.36556799229494036,-0.9788716097238762,1.3652208391101306,-0.3617319651323092,1.0980253474823043,,
1241-94-7,2-Ethylhexyl diphenyl phosphate,-1.5341224215332687,-1.5524574300931202,0.4820434432221785,-2.7579016638154585,-0.4995332445791544,-2.4527419899846845,-0.6711667115157948,,
12427-38-2,Maneb,-1.117693829433609,-1.1075996286687833,0.1841451214239437,-1.7620304316345192,-0.42753484485590787,-1.4726279324850051,-0.7784691252499915,9.0,-0.38665906968582353
124495-18-7,Quinoxyfen,-1.3943593293336756,-1.3909782023313852,0.3508902926290039,-2.6593648413959143,-0.4384835231196468,-2.0177097910009256,-0.7508360110445828,,
125116-23-6,Metconazole,-0.8897819688845598,-0.9061530187370207,0.5698872296026714,-2.5033205223854003,1.1566026892902592,-2.079155551999187,0.1664754938344918,,
125225-28-7,Ipconazole,-0.914494595727567,-0.8723370278163887,0.5140357568948858,-2.2876751370988604,0.24828725714005292,-1.9271126945206134,-0.01888720508776029,,
125401-75-4,Bispyribac,-0.9415081660792572,-0.9305708579973808,0.6466084752257127,-3.102256808893397,0.5332112348297766,-2.3245583787641633,0.24160161234203437,,
125401-92-5,Bispyribac-sodium,-0.44398598357983543,-0.4187263012883732,0.6347930351970063,-2.1590433959417954,1.5634555796951826,-1.6833317376216541,0.9450433800732058,,
126-11-4,"2-(Hydroxymethyl)-2-nitro-1,3-propanediol",0.8542785382121306,0.8772924671994283,0.4096198329308842,-0.9731042938512372,1.7698590931466387,0.061216929797433095,1.5914169713004163,,
126-22-7,Butonate,-1.2088371916585323,-1.2242010418583202,0.5205276529330625,-2.5349199540330485,0.09063145198697035,-2.116651158621282,-0.05554010411188066,,
126-33-0,Sulfolane,0.9485771980384125,0.9731917170235536,0.30011394963983906,0.23461986540792965,1.623458724931532,0.3739747906609962,1.5384215167773816,,
126-72-7,"Tris(2,3-dibromopropyl) phosphate",-1.4633311511523643,-1.4370016866486466,0.36536022643961835,-2.678964168252303,-0.520879889341855,-2.1612413944489983,-0.7761436630238239,,
126-73-8,Tributyl phosphate,-0.35653159058873174,-0.36415273013999383,0.19356440167098174,-0.9326078498570954,0.09471204283686877,-0.7687333261216754,0.0033953977339523074,6.0,0.4741152199812967
126-75-0,Demeton-S,-1.1378304281258937,-1.1625478750345535,0.5762236593424576,-2.502609154182435,0.6243392874256285,-2.214893906818577,0.0030023399178303266,,
126-81-8,"5,5-Dimethyl-1,3-cyclohexanedione",0.4222156368805771,0.48695264678155514,0.6220936837336367,-1.3775402488132966,1.9034261157106116,-0.8706488133682638,1.541141401150951,,
1262-21-1,"Distannoxane, hexaphenyl-",-2.657306420448683,-2.656495613143374,0.4495518887345966,-3.865633865150173,-1.6612418660003847,-3.5830780620901015,-1.7708559950294076,,
1263-89-4,Paromomycin sulfate,0.8391719662482384,0.8160465666323392,0.5157758938554282,-0.5052132286102039,2.2923030538224114,-0.19550626319959688,1.9246355737624277,,
126801-58-9,Ethoxysulfuron,-0.7522056835759352,-0.7832989848988441,0.6070377724342483,-2.4394431417084,1.0891737037351545,-1.8882802350997445,0.36179263362837955,,
126833-17-8,Fenhexamid,-0.5189562911799027,-0.5251718822278549,0.2454364887484594,-1.1942933970714886,-0.006063619047426584,-1.046658921062022,-0.08283414056765681,,
127-00-4,1-Chloro-2-propanol,0.7304720480286977,0.6956493507310314,0.5243174936408183,-0.9578613703063193,2.0645769213473266,-0.2816741663428512,1.671121636971424,,
127-06-0,Acetoxime,0.8164692476901538,0.7931868479551882,0.5877301554074612,-0.6168838604358978,2.6813290208648866,-0.23122619463773877,1.8851051002669021,,
127-08-2,Potassium acetate,1.3383262915455552,1.3499244733714533,0.3829905038729893,0.3051906877867741,2.6121416459853513,0.6138544031127086,2.151269752820112,,
127-09-3,Sodium acetate,1.4596176319291247,1.4585629347637605,0.5540497538114714,-0.8921188476715379,2.8323084548169173,0.32156948523240453,2.5752818019212467,,
127-18-4,Tetrachloroethylene,0.013785971393502268,0.006858021178291589,0.1474202211115033,-0.4043883747323396,0.5562122310896634,-0.26062371818811375,0.31874513927092973,12.0,0.26182489659330066
127-19-5,"N,N-Dimethylacetamide",0.9211778232347443,0.9650247984304903,0.5258399050976128,-0.5684198766592401,2.6305581767743207,-0.18396277920258797,1.767791201810177,,
127-20-8,Dalapon-sodium,0.8729237089119346,0.9023795711402884,0.2975065850430007,-0.06444223168493005,1.548442099094923,0.20891479810698296,1.433601234195197,,
127-27-5,alpha-Pimaricacid,-1.219517652674725,-1.210487650193287,0.5400448682842799,-2.81111578487747,0.21495145796665596,-2.268930123236679,-0.2509658385737562,,
127-52-6,Chloramine B,-0.02298706626263211,-0.007103497954683867,0.5274166495670997,-1.7852699048084562,1.176921664045977,-1.0904397842973461,0.9493136105254325,,
127-65-1,Chloramine-T,-0.30284740308307706,-0.29035837513438484,0.20144287817364667,-0.8049265549645347,0.21292938936627645,-0.7095302978683112,0.04574241006014026,,
127-66-2,2-Phenyl-3-butyn-2-ol,0.32795892770478036,0.34833681543584116,0.5044357599637994,-1.0279947944466907,1.5784554565630187,-0.7077145170096634,1.2116956063157827,,
127-68-4,Sodium 3-nitrobenzenesulfonate,1.2503473560246143,1.318049086503208,0.47218946355520647,-0.011175339762535184,2.8570149897658097,0.2925577496914469,2.144448690867614,,
127-69-5,Sulfisoxazole,-0.25142012651829154,-0.24851963160968665,0.6344901948607442,-2.21385407517361,1.4891796708560536,-1.4788785974787517,1.084436887580983,,
127-79-7,Sulfamerazine,0.11464768235887585,0.1383372582090625,0.5144118243426811,-1.385437110459366,1.2455907991061064,-0.9593347570446493,1.1200442142713176,,
127967-03-7,"(S)-7-(3-Amino-1-pyrrolidinyl)-1-cyclopropyl-6-fluoro-1,4-dihydro-4-oxo-1,8-naphthyridine-3-carboxylic acid",-0.611020264238376,-0.6210677857077704,0.5389197359544454,-2.515099275068578,0.5771642028290112,-1.6764461755891733,0.32124921208001755,,
128-03-0,Potassium dimethyldithiocarbamate,-1.2132071478397708,-1.217191516122599,0.26232088210914584,-1.9010390088131435,-0.5317929165623368,-1.7532847523793487,-0.7420148531783628,,
128-04-1,Sodium dimethyldithiocarbamate,-0.44329662892742067,-0.46519204119892554,0.29348783589115324,-1.1643484657520515,0.5275711333498141,-0.9993517368561019,0.12711103261104176,,
128-37-0,Butylated hydroxytoluene,-0.5323719404039399,-0.4888718836966472,0.3656009082159501,-1.6670655372999583,0.46558745134876506,-1.3906491879481058,0.07092218357611679,,
128-44-9,Sodium saccharin,0.8802623959908646,0.8756841853051849,0.6208977980807513,-0.47024324816331636,2.745896636329814,-0.39208354962443653,2.106207813953294,,
128-46-1,Dihydrostreptomycin,-0.4029665933872556,-0.40899322902952284,0.7549355273407714,-2.4354408368334406,1.7769688595106694,-1.7600963354657868,1.123937017568158,,
128-95-0,"1,4-Diaminoanthraquinone",-0.7961566348699466,-0.8438410604301554,0.6324062079202922,-2.456978100227617,1.133836502498127,-1.788802562217073,0.6032950567822315,,
128606-48-4,Methyl 3-[(diethoxyphosphorothioyl)oxy]but-2-enoate,-0.8328910083916469,-0.8819660370947096,0.551901728695507,-1.9741987531170655,0.6956288207846993,-1.7105879210151826,0.2527601864774718,,
128639-02-1,Carfentrazone-ethyl,-1.0074953829185154,-1.026464973723236,0.3681405694524171,-1.9760512844630156,-0.0576913803883291,-1.6819547595605215,-0.2577346080896568,,
129-00-0,Pyrene,-1.688896675839331,-1.6757167625264922,0.2655038511067154,-2.2841626191247193,-0.9122167320509948,-2.185610802898582,-1.177132763926583,,
129-44-2,"9,10-Anthracenedione, 1,5-diamino-",-0.610858903190474,-0.6029025304498122,0.5320057673586791,-2.0146905483860196,0.6540714753097,-1.6815996997087872,0.4018554073050221,,
129-67-9,Disodium endothal,0.13295406487603598,0.12415794605497923,0.3005608851817431,-0.8533923651402215,0.9056017967597053,-0.41336493405582,0.7363470034529939,,
129453-61-8,Fulvestrant,-2.283836805909781,-2.3348862487570843,0.6811732225262239,-4.391231925956382,-0.5840264491742314,-3.4548283396914297,-0.966168871242561,,
129558-76-5,Tolfenpyrad,-2.783728515058508,-2.7904350902079376,0.4458678073143269,-4.209594973878628,-1.4226675906205626,-3.4681244458931455,-1.8603757868246522,,
129630-19-9,Pyraflufen-ethyl,-1.6197607762621766,-1.6145314522687686,0.36833202416270266,-2.845288160784855,-0.7047880437872424,-2.270824956599655,-0.977340244235677,,
129909-90-6,Amicarbazone,-0.25320825861780494,-0.26328920814934953,0.4008860288936121,-1.7588164222740177,0.8729879509780649,-1.1394624073119048,0.42661590210640365,,
130-15-4,"1,4-Naphthoquinone",-0.31851229328061065,-0.30494729916985985,0.6696384028020065,-2.110962090570395,1.2631041712885271,-1.6952982650112454,0.9295777527183443,,
130-61-0,Thioridazine hydrochloride,-1.3348246736251597,-1.287874459380725,0.44699005896991734,-2.5786480423127265,-0.1727607052158363,-2.2597784078073024,-0.5855073935270083,,
1303-28-2,Arsenic(V) pentoxide,-0.03663290368576414,-0.0375820208057216,0.29751329031183626,-0.8402136031885913,0.8863702156180329,-0.6070574936961262,0.560021404948347,,
1303-33-9,Arsenic(III) sulfide,0.28666788719960423,0.3185193784993364,0.4867141466236906,-1.3709867045227184,1.4104472110782023,-0.7987823631272785,1.1017239045433602,,
1303-96-4,Borax,0.9117698645398474,0.9182399907846818,0.49087197761664986,-0.6071195229618392,2.4373738420378794,-0.15861502805927769,1.8285683883582056,,
1305-62-0,Calcium hydroxide,1.0532985560955697,1.041785021682561,0.32285421833810374,0.2223273748547164,2.019420770452376,0.4783777521014003,1.6544726692896443,,
1306-19-0,Cadmium oxide,-0.008099213196439987,-0.04222226507737396,0.38754351274437704,-1.3143453605409003,1.18580534517596,-0.7137829934692191,0.7166150312455407,,
1306-38-3,Ceric oxide,0.16627188704396198,0.2131831788797383,0.49689837429733846,-1.0376553174904934,1.5749669312486534,-0.8352869171364283,1.0411490885460934,,
13067-93-1,Cyanofenphos,-1.0708384612613637,-1.0618881062380412,0.4572304655862002,-2.168067590386205,0.4466959683048054,-1.977631154633522,-0.16996248101682632,,
13071-11-9,Dexpropranolol hydrochloride,-1.5440753400186764,-1.5665084864509735,0.4615398663839325,-3.0181948465299424,0.02097582915414386,-2.324561362159623,-0.5466845408145163,,
13071-79-9,Terbufos,-2.733032597084836,-2.7326287937300293,0.13372550316586052,-3.168884054271965,-2.4769732830273545,-2.9997707242283798,-2.4932978745905183,,
1309-64-4,Antimony trioxide,0.3565867084767839,0.3674842959343498,0.3717815933349395,-1.5528817786114473,1.252106744173398,-0.30137210377298523,1.0275990639237562,,
131-09-9,2-Chloroanthraquinone,-0.5728660640546454,-0.5974916046521281,0.5061489770599316,-1.8331200927011946,0.553450062937556,-1.4763572923330222,0.3991239331718128,,
131-11-3,Dimethyl phthalate,0.7743953135944353,0.7884704494772952,0.18763133598884874,0.25304254220529193,1.181737614229123,0.4164824411735139,1.0946519188005768,8.0,1.6126802786281536
131-16-8,Dipropyl phthalate,-0.4537597192606268,-0.41922414040678707,0.5635452637414882,-1.8389151721002062,0.9459999241116339,-1.5460673679375656,0.7624705672008226,,
131-17-9,Diallyl phthalate,-0.676083659351992,-0.7148439660387524,0.35290220797000593,-1.4533881461040714,0.23315356506041196,-1.2963034377500597,0.15250726502507206,,
131-52-2,Sodium pentachlorophenate,-1.3909649806309372,-1.3828464887814218,0.09892045522577723,-1.676540131203706,-1.1771907743919123,-1.6012236651696576,-1.2078355375777496,33.0,-0.8952472751422675
131-56-6,"2,4-Dihydroxybenzophenone",-0.3290396500077588,-0.37048904739425526,0.5051862028702875,-1.6993060283827646,1.006609481769886,-1.250001128344769,0.6705843943259662,,
131-57-7,2-Hydroxy-4-methoxybenzophenone,-0.7047640577544336,-0.6828229738410789,0.539662033862979,-2.096253252461398,0.7448793345082511,-1.7094253867470859,0.3881653557607275,,
131-70-4,Monobutyl phthalate,0.15805959374053496,0.21846057977655772,0.49355651817251295,-1.2540269695655575,1.5525577394232029,-0.871275701880231,1.0845027619881262,,
131-74-8,Ammonium picrate,0.07531620853697157,0.049740258814875524,0.49047600664864965,-1.4251196777069908,1.3068530154622486,-1.0870655358896757,0.9913899445951491,,
131-79-3,C.I. Solvent Yellow 6,-1.2274559170315813,-1.2653714705424028,0.48152365649438633,-2.4354566266930764,0.1469603603450616,-2.1842621054139073,-0.2799328195707005,,
131-91-9,"2-Naphthalenol, 1-nitroso-",-0.8169703858347177,-0.8640940811782584,0.49618772845837344,-1.9614392996783527,1.0492429311884621,-1.7713725493154604,0.22442885436895077,,
1310-58-3,Potassium hydroxide,0.6707897795258491,0.6650560355891815,0.4436559739196807,-0.8348654086461585,1.917842422952717,-0.20347077745972902,1.5952283424628528,,
1310-73-2,Sodium hydroxide,0.6394882709298496,0.6270268292403273,0.2646151381837119,-0.29231513806583503,1.2648005294135218,0.13896819283459363,1.1560726994148234,5.0,1.70279034334598
13108-52-6,"2,3,5,6-Tetrachloro-4-(methylsulfonyl)pyridine",-1.01122657760929,-1.0144132824997225,0.5966659357927472,-2.6703746758537568,0.7819478034949574,-2.091774535565555,0.2171624687596428,,
1313-27-5,Molybdenum trioxide,0.990283288246404,1.0164917080652351,0.28169300592818686,0.0786868796094808,1.6439948236358375,0.3562177453738289,1.473220928410339,,
1313-82-2,Disodium sulfide,-0.22253053510464807,-0.22213862128638612,0.17911339204333407,-0.7600580693635325,0.3575096621500802,-0.5931718995141236,0.12307990464902487,13.0,-0.32848223924074726
1313-84-4,Sodium sulfide nonahydrate,-0.588905848786953,-0.6903652306554607,0.6573861050090308,-1.8498816358976422,1.615423474876051,-1.588961003744684,0.8377595951981948,,
131341-86-1,Fludioxonil,-0.9638481886795971,-0.9593104065709703,0.3179509350926972,-1.9734724751888446,-0.036056403870200815,-1.5437080560496228,-0.3800291005014555,,
13138-45-9,Nickel bis(nitrate),-0.118990895966976,-0.07885941847733638,0.2473555060077281,-0.8767884720162313,0.4759599829943512,-0.6384772571730678,0.330386098546544,10.0,0.48624380310020454
1314-13-2,Zinc oxide,-0.3219313755483571,-0.32413999432804375,0.2606463277921678,-0.9698410436997255,0.40085268206735186,-0.8462513052551236,0.22959175693774173,,
1314-62-1,Vanadium pentoxide,-0.18416787859454942,-0.19043094765247015,0.2565590219804347,-0.8886775536443998,0.5857002648039374,-0.6609775531591077,0.2843467646327037,5.0,-0.0005280363612841787
1314-87-0,Lead(II) sulfide,1.127532945030776,1.1568459578278434,0.45909184584567336,-0.4016010818982053,2.2450489737301695,0.16668040820127614,1.9339077958369257,,
1314-98-3,Zinc sulfide,1.0992629215801901,1.1053181893399164,0.49365118478452186,-0.2342293073058734,2.3988417225989287,0.1206779255897938,2.1051656430960874,,
13150-00-0,Sodium lauryltrioxyethylene sulfate,-0.40530524420513925,-0.398013853582006,0.4670021368472199,-2.0291479743446157,0.9807023534339709,-1.3532340778281744,0.5286989648343328,,
1315501-18-8,zeta-Cypermethrin,-1.9751879998682507,-2.0027317392298083,0.6639409425007987,-3.844793936340768,0.3972786394242394,-3.0881021829253394,-0.6921360296933686,,
1317-36-8,Lead monoxide,0.9743523137169025,1.0259668100577737,0.4407002859510636,-0.3140784395918192,2.4990215749939737,0.031283313684761095,1.76338672525662,,
1317-38-0,Cupric oxide,0.22794897953276433,0.2255582504624818,0.35405343752370405,-0.8951068728448952,1.2866107498722945,-0.5105815964757529,0.9227672565458827,,
1317-39-1,Cuprous oxide,-1.2126910082141855,-1.2112672518618983,0.3351018963398964,-2.1270103564108362,-0.1345574815165002,-1.869157040606627,-0.5407827133322797,,
13171-00-1,"1-(6-tert-Butyl-1,1-dimethyl-2,3-dihydro-1H-inden-4-yl)ethanone",-0.6936884859717359,-0.6941905444225063,0.4776835720733106,-2.0390834473059036,0.4497520138168209,-1.7059753909457125,0.2356227536195767,,
13171-21-6,Phosphamidon,-0.828876868032494,-0.8140085707567828,0.16958514143359493,-1.4092792714312514,-0.44042101038664494,-1.2131073684673965,-0.523742988013143,26.0,-0.8491575085673639
131807-57-3,Famoxadone,-2.1768977115904105,-2.2037066065268056,0.3734768653214221,-3.055550305136004,-0.5089677853192782,-2.896688159299119,-1.4888911701876604,,
13181-17-4,Bromofenoxim,-1.8242170153742177,-1.7966440232128507,0.3501293893406786,-2.826627990331282,-0.9893596946306504,-2.6533464201507075,-1.182946004358214,,
131860-33-8,Azoxystrobin,-1.270999122720121,-1.2721765481038685,0.29776338806779323,-2.312120652183481,-0.4701466527694761,-1.7860883306625288,-0.6542137809776368,,
131929-60-7,Spinosyn A,-1.5487557635771512,-1.531797014432621,0.6854661776187138,-3.5034065860653247,0.25026433424566563,-2.8922485057849174,-0.2679742270230014,,
13194-48-4,Ethoprop,-1.1422723802605697,-1.1526128040178463,0.23247657268848862,-1.6517894324705091,-0.6244165831456454,-1.5684834838927653,-0.7416750653237737,,
131983-72-7,Triticonazole,-0.6064464344702931,-0.6530375658047646,0.4751963810436176,-1.8304309556425853,0.9848839400524245,-1.5092525023059462,0.3845052005827213,,
132-27-4,Sodium 2-phenylphenate,-0.1267864707992587,-0.14505994690109492,0.4422628039280574,-1.1498273207000074,1.0621585742014483,-0.8623024139192977,0.645718377895206,,
132-64-9,Dibenzofuran,-0.4788363290212702,-0.4711608909839536,0.21585490265403612,-1.182574915555263,0.023985993270097435,-0.8620415136557762,-0.06042675396732389,,
132-65-0,Dibenzothiophene,-0.8671635414359955,-0.8430529856918614,0.40593007913057677,-2.120098479800229,0.13228250509837824,-1.679907305866627,-0.09490890405693925,,
132-66-1,Naptalam,-0.027286322622718504,-0.027056439340767194,0.52915303183798,-1.926458139482271,1.2990230278681156,-1.0885543286301425,0.9425096902610365,,
13209-15-9,"alpha,alpha,alpha',alpha'-Tetrabromo-o-xylene",-1.4702043871110824,-1.436524832899166,0.5803835563340701,-2.9721588906330854,0.07583571969601725,-2.5761537683348568,-0.29733765875420826,,
13231-90-8,Dichlorodiethylplumbane,0.12740210366696522,0.17263363797071107,0.6249174508449399,-1.8652079204464986,1.9442869664427957,-1.136650046302215,1.1285940989066043,,
1327-53-3,Arsenic oxide (As2O3),-0.22698531105299302,-0.22281381521827162,0.1290926007928085,-0.5661272345971221,0.07073735500070227,-0.4830171237861534,0.00384411613700795,14.0,0.936520803678349
13287-49-5,"Thiocyanic acid, (4-nitrophenyl)methyl ester",-0.49674345162397743,-0.4713617749472131,0.5806589438368043,-2.0062688791490157,0.8902103088971157,-1.628141450482633,0.44578937513237626,,
133-06-2,Captan,-1.1707377550125506,-1.1570243995195457,0.12453178154310315,-1.4916228957054674,-0.8980246665248195,-1.426234058440649,-0.9630839709262974,15.0,-0.8463188907279914
133-07-3,Folpet,-1.2621727661682554,-1.2642366833318248,0.15888438463500953,-1.8278473378877276,-0.8204585963149513,-1.6099528788353688,-0.9675005402480609,5.0,-0.5950159366284826
133-11-9,Phenyl 4-aminosalicylate,-0.4150474442453732,-0.407372479957257,0.5084141330309204,-1.8159117526498212,0.6987458596826904,-1.3762231157864355,0.5774009710961105,,
133-32-4,Indole-3-butyric acid,-0.09274394735954904,-0.11012814478840416,0.5140692548434239,-1.3874635318349524,1.447155539287534,-1.0906419001438228,0.8396769983118044,,
133-67-5,Trichlormethiazide,-0.38920359406211297,-0.4151079454417631,0.7545033777328707,-2.7490293949374593,2.0662256510484784,-1.7919259798797171,1.1141691834087843,,
13311-84-7,Flutamide,-0.5180974543626982,-0.5009048959498573,0.27567134905119767,-1.3281720744974186,0.14930054088410746,-1.0475804804632418,-0.01412978689556934,,
1332-65-6,Copper oxychloride,0.16878455699546446,0.2118155065514864,0.3709963536756458,-0.758592171559377,1.044577728101193,-0.5754658003836872,0.7929309450320117,,
1333-22-8,Copper hydroxide sulfate (Cu4(OH)​6(SO4)​),-0.9734189478462829,-1.0472406038339233,0.7080492232386113,-2.698710912338779,1.5182040135286905,-2.1528672063661642,0.5779587198956049,,
1333-73-9,Sodium borate,1.120673904605866,1.1195707298743305,0.40518211334792836,0.12490051131802334,2.3541797242363343,0.42615873776464813,2.0388969416097957,,
1333-82-0,Chromium trioxide,0.0697810302542114,0.062941870959769,0.2165589529969537,-0.48465437749852136,0.6946247376114796,-0.3093642975347261,0.4822268420810533,9.0,0.09829997524068546
13356-08-6,Fenbutatin oxide,-3.94306004575707,-3.9297823647524366,0.37937672526657845,-4.955554643591711,-3.074835033350429,-4.641527494341064,-3.2577170344451267,,
1336-21-6,Ammonium hydroxide,0.016317543017594225,0.00808749301775142,0.3572469026632155,-0.9076903641171341,0.966705043707236,-0.685158758909134,0.6491583440070551,,
13360-45-7,Chlorbromuron,-0.6802479383461904,-0.6631519832537294,0.2887441088470298,-1.6057179098682834,0.04157502889436797,-1.288211724193237,-0.15045557232229495,7.0,-0.09309382166178193
13366-73-9,Photodieldrin,-2.319216752139771,-2.331032189065387,0.31716796638163847,-3.228693580605066,-1.649105485978159,-2.999573146923634,-1.781786388448967,,
133855-98-8,Epoxiconazole,-1.3939349850433955,-1.3525977770246083,0.6308340680208036,-3.47994115480504,0.391878618841067,-2.702522208513308,-0.1721609041467297,,
13389-42-9,(2E)-2-Octene,-0.12566760230691085,-0.11070004704723116,0.22745722503236532,-0.8574115343786942,0.49670975479640084,-0.551371494105649,0.2998082159931486,,
13390-47-1,"Benzenesulfonic acid, 2,2'-thiobis[5-[(4-ethoxyphenyl)azo]-, disodium salt",-0.5825565987153294,-0.6091577190179256,0.511285527986691,-2.0179954779792153,1.0299995181849155,-1.592651843132815,0.33810946793420693,,
134-20-3,Methyl 2-aminobenzoate,0.17542713868591447,0.17784357491191144,0.24343268890685085,-0.44501783608269485,0.8643718520312719,-0.3530357737081568,0.631209580172315,5.0,1.09593388258358
134-30-5,8-Hydroxyquinoline citrate,-0.5747579977439028,-0.5306046392206623,0.5369282065213489,-2.497816873591904,0.8998823262371111,-1.6270378920881852,0.504378950150819,,
134-31-6,8-Hydroxyquinoline sulfate,-0.8527020946769781,-0.8674636201093191,0.5198785367694988,-2.098326480225327,0.8384309327884221,-1.7600623959228692,0.13950157984827824,,
134-32-7,1-Naphthylamine,-0.18854070557587113,-0.14857658899033058,0.4738981592627334,-1.466985781908617,0.8474356329017543,-1.2190770804447182,0.6743979400757751,,
134-62-3,DEET,0.42908256720617993,0.44383196243417433,0.32811199968221844,-0.3880955960425131,1.235861694942445,-0.17146954309547977,1.0781483527534246,,
13408-56-5,Ponasterone A,-1.255938784505836,-1.2685530469263213,0.572737756730296,-2.711944937525239,0.1489628713738059,-2.317817898294932,-0.14664490989113532,,
134098-61-6,Fenpyroximate,-2.873897917244131,-2.853175072406558,0.2460102802424173,-3.4372847606164387,-2.1932964229303407,-3.3789201266693283,-2.45370669759723,,
13410-01-0,Sodium selenate,-0.06550963774047674,-0.07359210665665342,0.15926974112517606,-0.47270730582630094,0.33229929443932843,-0.37464368222621947,0.24406331908990242,14.0,0.11248533250855919
1344-00-9,Sodium aluminosilicate,1.7697631790712627,1.7966385468973654,0.3466091188041009,0.8590676544888362,2.787006911428616,1.1335187809269045,2.4658235270825846,,
1344-57-6,Uranium oxide (UO2),-0.3621503867489838,-0.3825434214299077,0.5719721414773499,-2.0492512674162358,1.1974912140450265,-1.5271735034450742,0.8375343496278792,,
134523-00-5,Atorvastatin,-1.8764825865414312,-1.8936946281983724,0.6537837146928418,-3.8088936751426052,-0.029989730838923322,-3.205160824890562,-0.5431006031125833,,
13457-18-6,Pyrazophos,-1.0402291072026393,-1.0286670965763145,0.4154630911511761,-2.5371038932175196,0.01504402350172573,-1.7800771107681448,-0.29539782820076893,,
134605-64-4,Butafenacil,-1.0470095486037316,-1.0509512490076682,0.4539010600403671,-2.6514860185462887,0.0797441582692192,-1.9605477287848523,-0.2325637963863352,,
13463-41-7,Zinc pyrithione,-1.6245342896616852,-1.6369134665864538,0.1937552289983227,-2.2301316498744668,-1.0288566310332268,-2.0069683472245816,-1.2759847915508589,5.0,-1.1267850403628343
13463-67-7,Titanium dioxide,0.634386806828621,0.6319776034800214,0.3223441426813967,-0.23157072639448265,1.4000514902186671,0.01916051593009646,1.2673834630618919,5.0,1.1595057571072838
13464-37-4,Trisodium arsenite,-0.2876725025078053,-0.26862691884314066,0.29567328717625035,-0.9436408411956847,0.5944168822301575,-0.8430233867116783,0.24000190373260188,6.0,0.38771366045417965
13464-38-5,Trisodium arsenate,-0.03513627575621851,0.011159579452584487,0.4698719407034578,-1.3515866349913481,1.5389194305630522,-1.0689324788836818,0.927832523743443,,
13472-45-2,Sodium tungstate,0.5572962952280183,0.5377758232177302,0.46354913280843196,-0.763264499674729,1.7039771249345688,-0.35312144958846753,1.554841817656805,,
13473-90-0,Aluminum nitrate,-0.3822054846147153,-0.37798821771040003,0.5228323162839847,-1.969999742430621,1.6808063302209297,-1.459466740440976,0.5600873564040646,,
135-01-3,o-Diethylbenzene,-0.05541377457812775,-0.00434305014297936,0.5319213753011364,-1.7477519920611317,1.4177546966053312,-1.0153831074304664,1.038339741063742,,
135-19-3,2-Naphthalenol,-0.3692162327501373,-0.36880308948771723,0.30800459181815676,-1.1842870868163018,0.5003428946060561,-0.9421603048584652,0.2584272184724441,,
135-67-1,Phenoxazine,-0.45106564253811887,-0.4750773040786719,0.5353509038982271,-2.057028824443302,0.8487701129196166,-1.4067257286409027,0.5592977929777597,,
135-88-6,N-Phenyl-2-naphthylamine,-0.8702455176635578,-0.8774386028508625,0.6354599402090917,-2.462889161653558,0.8300998816639741,-2.1428511949734315,0.4682386508964703,,
13510-49-1,Beryllium sulfate,0.010204084442371513,0.0073080380969370905,0.21812988110886092,-0.6312237650704674,0.635313181238205,-0.410117430337997,0.40622703091224155,,
135158-54-2,Acibenzolar-S-methyl,-0.48076880779540404,-0.4948681922464129,0.30524308976439585,-1.397683618606697,0.2587045130207998,-1.1259579476795447,0.14442700934199576,,
13516-27-3,"Guanidine, N,N'''-(iminodi-8,1-octanediyl)bis-",-0.3417614311192318,-0.3535417169212553,0.5105402722213205,-1.8032727304420848,1.105106695630108,-1.3209765780930247,0.5763257959792102,,
13532-18-8,Methyl 3-(methylthio)propionate,0.08526639224431762,0.12255117035641741,0.5267532364951262,-1.654175568120395,1.4586153081586615,-0.8916511329515202,1.0319169562424182,,
135410-20-7,Acetamiprid,-0.4740218880119741,-0.4980532521709141,0.23420366625418002,-0.9700847269061451,0.1361841228661373,-0.8671244568368043,-0.030029518195502113,,
13548-38-4,Chromium(III) nitrate,0.05196122015129575,0.06410728540887384,0.34095481985211323,-0.908593433760894,1.088783720680357,-0.6017056822989603,0.7036335342151503,,
135590-91-9,Mefenpyr-diethyl,-0.6035995404875849,-0.6177683961824019,0.473463888393522,-1.8427710696852353,0.7339475253769048,-1.4864519615357716,0.30169864872192115,,
13593-03-8,Quinalphos,-2.0933744160273253,-2.1077706070744613,0.22791810502563953,-2.838692757744107,-1.6102870401684828,-2.515047083757682,-1.635252726632846,13.0,-1.7418735887070143
13597-99-4,Beryllium nitrate (Be(NO3)2),-0.017908321622249063,0.019732634690742525,0.5706673903171962,-1.56593235453796,1.4202284392399807,-1.2287624464344402,0.9935066088340052,,
136-25-4,Erbon,-0.6438005333157012,-0.6360588100618756,0.4360950883967333,-1.913725149100314,0.33999393067038064,-1.6622643719345966,0.11674194637830863,,
136-40-3,Phenazopyridine hydrochloride,-0.6983028011994372,-0.6646989993247874,0.5779197051337336,-2.7269055320018762,0.9344780200194395,-1.8739269040045463,0.3797896352344485,,
136-45-8,"Dipropyl 2,5-pyridinedicarboxylate",-0.5605204526746325,-0.5407211617450416,0.40996243287468853,-1.6792256647635904,0.6925241255408351,-1.4258032319838794,0.13348895365200297,,
136-85-6,5-Methyl-1H-benzotriazole,0.2780533875216482,0.2593995606958635,0.47874252559089825,-1.5874857546522125,1.8033739614402347,-0.6446135528781717,1.3000755575211311,,
13608-87-2,"2',3',4'-Trichloroacetophenone",-0.703128165413084,-0.6523416307230905,0.5458553607491657,-2.2380796354274737,0.9720889033475217,-1.6743655945322122,0.33485003601187874,,
13673-92-2,"3,5-Dichlorocatechol",-0.33909228495556093,-0.36039357041743814,0.5086220865922658,-1.6955041369039965,1.0692943027553117,-1.4667958816585405,0.6256055273754818,,
13674-87-8,TDCPP,-1.0838759090102348,-1.08950640128663,0.4700947231131753,-2.5316699588697023,0.0383108710279247,-2.196227692245367,-0.232933780721918,,
13684-56-5,Desmedipham,-0.748052112212281,-0.7236464355480438,0.3984809714505361,-1.8643927237763567,0.3290338146015433,-1.562080449416803,-0.05088061091194933,,
13684-63-4,Phenmedipham,-0.48075714610821557,-0.45238847688142225,0.29632330629079684,-1.1766601663752225,0.40605931612728474,-1.0614975250806573,0.10121454619574369,,
136849-15-5,Cyclosulfamuron,-1.4119082614449059,-1.4322220328911512,0.5655279320111416,-2.9700755907148415,0.19930297644703548,-2.560427714693693,-0.3317400587109809,,
137-19-9,"4,6-Dichloro-1,3-benzenediol",-0.26840550764429333,-0.301986565576223,0.5266554719660027,-1.78612921463966,1.4219441282250758,-1.3032141470913445,0.893769951222713,,
137-20-2,Sodium N-methyl-N-oleoyltaurate,-0.6146127086137998,-0.6204018822915688,0.6338274116976469,-2.6030730520816383,0.9010324004024546,-1.750862184757767,0.5232102091331826,,
137-26-8,Thiram,-1.6259587931666102,-1.633426644765033,0.1611399133469619,-2.1547735495688665,-1.1723510640974573,-1.9007072128565803,-1.3072842487909084,7.0,-1.9673727305758781
137-29-1,Copper dimethyldithiocarbamate,-1.2954136722814598,-1.2881944715454048,0.38928370164465126,-2.4091704358132757,-0.10604116774572936,-2.1372705983577305,-0.5758169153929159,,
137-30-4,Ziram,-1.6169184532150191,-1.623224172651605,0.189533978179578,-2.312234996303701,-1.072378657002379,-1.9689707773371763,-1.2455123541044477,9.0,-1.3472921314091049
137-40-6,Sodium propionate,1.2678902559321217,1.3075115730169347,0.6704754459588544,-0.6292607860611116,2.9921706284471905,0.03670538285423783,2.450521016358573,,
137-41-7,Potassium N-methyldithiocarbamate,0.36144260570596737,0.367722322776715,0.37170358013145055,-0.7171342650463591,1.302984493069157,-0.32932538454922305,1.104473121402197,,
137-42-8,Metam-sodium,-0.16861768988196935,-0.16364276609119416,0.4281508390661992,-1.3132671719965865,1.0260332410629838,-0.9777414346778851,0.7981722996773708,,
137-58-6,Lidocaine,0.04671960209488443,0.08339367468142445,0.6002539712789299,-1.9720230688852263,1.426069132008062,-1.240133663385309,1.0842643972993236,,
137-88-2,Amprolium hydrochloride,0.6568117191388538,0.6817810543225952,0.4003630539331479,-0.6604287855931109,1.6205842015284568,-0.14650393213976542,1.3941841668923212,,
13701-59-2,Barium metaborate,0.4635597742690527,0.4405920823049935,0.5033809033687777,-0.7849986001212964,2.3101962899587196,-0.47738289030605585,1.4431266144996315,,
13710-19-5,Tolfenamic acid,-0.49805911515313106,-0.4548877493274024,0.5189339957794575,-2.1962941169588914,0.6604903315259281,-1.5264810373222828,0.3734134119837178,,
13718-26-8,Sodium vanadate,0.05627424480666595,0.049704002813762596,0.14849924880904788,-0.32439326079279285,0.5431144705661851,-0.19159525175690292,0.3537297897494277,8.0,0.9692093777216473
13721-39-6,Sodium orthovanadate,-0.036077528965100115,-0.08628185554847169,0.4134875364591962,-1.1790502439304258,1.1585910788338005,-0.8599100000931901,0.7349262029279784,,
13746-66-2,Potassium ferricyanide,0.1946284272148099,0.22247780123505706,0.3550782208567133,-0.926132360775408,0.99142071382354,-0.47407749217533085,0.8499990817510785,,
13755-29-8,Sodium tetrafluoroborate,1.0242728359703528,1.0553076409357174,0.5784895952262942,-0.4961763681325717,2.3682710626275285,-0.06371525275496415,2.0331871687042775,,
138-22-7,Butyl lactate,0.6032911548510507,0.5627936355069452,0.4533735954045742,-0.9583222716111787,1.7062932412165555,-0.2038200855359573,1.5217463937339235,,
138-86-3,Limonene,0.3628133283157227,0.4075199084822596,0.28756667982906625,-0.46399969150035875,1.0092641392629766,-0.24653182361292392,0.9210214961160959,,
138-93-2,Disodium cyanodithioimidocarbonate,0.2555372740040694,0.26029050876744064,0.3915150088148406,-0.8180142139288781,1.500634553257009,-0.38922873682969655,1.1095615648934793,,
138261-41-3,Imidacloprid,-0.9215160621726278,-0.920087403930095,0.1585082412248523,-1.3429543723422006,-0.45478314803307873,-1.2240813496490999,-0.6210041557807986,18.0,-1.0218635528767304
13863-41-7,Bromine chloride,-0.9434167507849491,-0.9437223823900022,0.17111929754151964,-1.4856954655772932,-0.4897920177107999,-1.271616639763116,-0.6095633892192794,10.0,-0.6967209593922259
139-07-1,Benzyldimethyldodecylammonium chloride,-1.3469982089412122,-1.3526776399717377,0.3824866732986893,-2.6918621827258216,-0.09219393157115915,-2.04369448089065,-0.6523121796848991,,
139-08-2,Tetradecyldimethylbenzylammonium chloride,-1.4741652983159235,-1.4963349858513424,0.627102995229175,-3.0061358565523073,0.5721670516618719,-2.6783452451565486,-0.2134623034959223,,
139-13-9,Nitrilotriacetic acid,1.0206050096164936,1.0469474044905271,0.2924126115528206,0.1634787293072179,1.844840297757427,0.443707255280956,1.500231971750109,,
139-40-2,Propazine,-0.4276863866617277,-0.41751859275912073,0.41431544343347826,-1.7603445681666603,0.5837703532029213,-1.140812689536759,0.36925508272626706,,
139-89-9,"Glycine, N-[2-[bis(carboxymethyl)amino]ethyl]-N-(2-hydroxyethyl)-, trisodium salt",0.7661037768368891,0.7019454515510096,0.7829462383414241,-1.214381139470969,3.63538931564791,-0.8221203942267409,2.2269943773789085,,
13909-73-4,"2',3',4'-Trimethoxyacetophenone",0.3021565790307129,0.33851719542130815,0.4306774790272949,-1.1988249674925457,1.3502799178128393,-0.5407316169146299,1.1105635233843776,,
13952-84-6,2-Butanamine,0.7607698905699297,0.7628951813006438,0.622800731317643,-1.919716815406775,2.438432096898764,-0.4481998369975157,1.8602377928297837,,
139968-49-3,Metaflumizone,-1.4595079175834127,-1.4348744726289193,0.5185055739816683,-3.2782767431021718,-0.24471759549276892,-2.5160085403168466,-0.4758556713602463,,
13997-73-4,4-Chloro-2-allylphenol,-0.6053726072280402,-0.6096318899619918,0.5391330113831209,-2.0362430353306937,1.0581741612962114,-1.7276246994625277,0.4511082980420155,,
140-01-2,Diethylenetriaminepentaacetic acid pentasodium salt,0.7197340950998153,0.5692815805482532,1.218660230280424,-3.18215442860366,4.698865630188043,-1.3279818402789805,3.418163757989146,,
140-11-4,Benzyl acetate,-0.10336259247440668,-0.044905633115520364,0.4872702122199806,-1.5837029100291928,1.1036359504594124,-1.1959779294524362,0.8483556043384944,,
140-29-4,Benzyl cyanide,0.044408365569107246,0.079628430141584,0.5422545945912776,-1.3524912608942272,1.6245588038083165,-1.03724580002214,1.1876278058805243,,
140-31-8,1-(2-Aminoethyl)piperazine,0.7918796674257601,0.7202726030424889,0.583060989845075,-0.8154321737992382,2.1478953495354975,-0.290709274404039,1.8221842588444073,,
140-38-5,4-Chlorophenylurea,0.04743984143757661,0.03304042740127112,0.5240379965944513,-1.3254050185053152,1.5521856062549784,-0.9424107282671084,1.1084059639895063,,
140-41-0,Monuron TCA,-0.8170738532688264,-0.7643413765453686,0.37879744305448465,-1.9892876497094727,0.03401711052062915,-1.6675048990496313,-0.12789691607297624,,
140-49-8,4'-(Chloroacetyl)acetanilide,-0.45550119157948854,-0.43321156556465945,0.5865519111805935,-2.0117765175780424,1.1212331667638447,-1.6609709869856566,0.7743621147280438,,
140-56-7,Fenaminosulf,0.27042092170272913,0.2715258958442346,0.28564486442006587,-0.5105023125733622,0.922237202187703,-0.3186083757512298,0.7590690920761264,,
140-57-8,Aramite,-1.3921392608545238,-1.3878550527899827,0.24720016145579068,-2.0732600134766512,-0.7453641462051794,-1.8913909251500516,-0.96171436550403,,
140-66-9,"4-(1,1,3,3-Tetramethylbutyl)phenol",-1.3471209076921644,-1.3609108143102224,0.18996615900847807,-1.766895091837256,-0.8701344594997714,-1.7099381839634376,-0.9647035181733505,5.0,-1.165954058986407
140-72-7,Cetylpyridinium bromide,-0.7172509963522907,-0.6600814031322031,0.6278123525100695,-2.496007818694984,0.7856339227116563,-2.0569134191805847,0.573046682666395,,
140-88-5,Ethyl acrylate,-0.19142753942689716,-0.19768227969053467,0.3430444604125605,-1.2429008719768433,0.6929164730659223,-0.8264001120069063,0.5153402070914558,,
140-89-6,Potassium ethyl xanthate,0.2661835522088471,0.2989210508311734,0.3412379019525469,-0.9095617703091501,1.0914306144131827,-0.41731033949865387,0.8575552249056058,,
140-90-9,Sodium O-ethyl carbonodithioate,0.03902061926471167,0.055852512311522606,0.3517283170976923,-1.0500511837687057,0.8800353273097394,-0.6343922665407359,0.6949857332784278,,
140-93-2,Proxan-sodium,0.3840287277204632,0.4039397638340042,0.3733013614037028,-0.741382978292799,1.2423006158781449,-0.33214609121226973,1.068287981139163,,
1401-55-4,Tannic acid,-1.8276019936468708,-1.7886565328166775,0.3644601789261871,-3.054864409304182,-0.8400896662972015,-2.593791429991658,-1.1964714863486068,5.0,-0.7121684044159945
1401-69-0,Tylosin,-1.377284036192587,-1.3029268695491862,0.7279506157544061,-3.5395448025259793,0.2913357040886908,-2.7934006322055858,0.04371524632815971,,
14062-34-1,3-Aminobenzoyl hydrazine,0.10059556298762776,0.13010835034397206,0.45827996719042674,-1.1132217926582233,1.6180116538401792,-0.7985062669383652,1.029742265353042,,
14064-10-9,Diethyl chloromalonate,-0.5998038638443041,-0.6315664942629435,0.4543032554100567,-1.7489887902262715,0.8980864675036878,-1.4023871668210532,0.33472094198298336,,
14088-71-2,Proclonol,-0.969169183991507,-0.9633792756800044,0.47852587174295114,-2.411393822697179,0.44985441307254526,-1.8879191086283413,-0.02790043590626921,,
14089-43-1,Potassium asulam,0.7071091613233432,0.7143441235127097,0.5247462051480635,-0.9004677319130163,2.010214237883073,-0.21180075638992463,1.729297134571506,,
141-03-7,Dibutyl butanedioate,-0.5305424685884457,-0.5090599204156391,0.41099063857148227,-1.764306714031088,0.5818422896601845,-1.4254289424390822,0.26622233920182814,,
141-05-9,Diethyl maleate,-0.007213968647656586,-0.02598085230630191,0.5017178400506453,-1.2942972418558292,1.2861018601179088,-0.9552510935572307,1.0239285369386197,,
141-28-6,Diethyl hexanedioate,-0.09722482271993005,-0.08715259909796474,0.3834870960842617,-1.1754649678518092,1.086326068852842,-0.9115655284835692,0.5731502709702703,,
141-32-2,Butyl acrylate,0.3775504678378009,0.360498945284179,0.5110894900020997,-1.0407983062815922,1.898504170029429,-0.5175855966351094,1.3360843976221395,,
141-33-3,"Carbonodithioic acid, O-butyl ester, sodium salt (1:1)",0.4541743424146509,0.44951240766966916,0.4964274641994461,-1.2667079037016942,1.6107665103616406,-0.4861735393889395,1.3816473114078769,,
141-43-5,Ethanolamine,0.9363857501600379,0.9476733435065148,0.2338207108319489,0.2556969019410116,1.5132483537338286,0.4630519806148126,1.3683264967410607,,
141-53-7,Sodium formate,1.8643595267040904,1.8652784916353293,0.3861253067376719,0.9077079802755706,2.7611980435429424,1.1748267752326065,2.5109859209186505,,
141-66-2,Dicrotophos,-0.6067514420886942,-0.618653957856317,0.20267948534054683,-1.1247532143991459,-0.11818130114262296,-0.9976722305274223,-0.21498689524922843,8.0,-1.2581727080518759
141-78-6,Ethyl acetate,1.4355887544449086,1.4329383459144092,0.16786612263800288,0.9842107036371802,1.8297610927460262,1.111561715772094,1.728391469742724,12.0,2.3882468198011395
141-79-7,4-Methylpent-3-en-2-one,0.5406379664148279,0.5359098345906483,0.5477054782998381,-0.6465243694531991,2.073190876627304,-0.45694869650474507,1.6768851333454133,,
141-82-2,Propanedioic acid,0.748890943149997,0.8219996164852399,0.46070460830735455,-0.6409282410889425,2.032406090846684,-0.19557404984931903,1.4815084751224845,,
141-90-2,Thiouracil,0.16592207661773323,0.14136378308869935,0.5025051261446837,-1.3317083151500801,1.749486481224612,-0.7019185452032544,1.2063076256293552,,
141-91-3,"2,6-Dimethyl morpholine",0.5526588898831608,0.5377168007479873,0.5314678499683012,-0.7932883067498435,1.7712461752935666,-0.4568670887108133,1.5208734013770628,,
141-93-5,"1,3-Diethylbenzene",-0.18001332551961352,-0.2071852267849955,0.5425005336792497,-1.733119606538421,1.3790536269708433,-1.2535880949562523,1.0306287256416011,,
141-97-9,Ethyl acetoacetate,0.4728428166716856,0.5191980938997873,0.5280652600661758,-0.9542495894975366,1.5782499127412513,-0.7689270358100551,1.3566082416848562,,
141-98-0,"Carbamothioic acid, ethyl-, O-(1-methylethyl) ester",0.286769932144007,0.23213934287650104,0.505146654670997,-1.194403625054952,1.8643847382980465,-0.6074645001918456,1.2370439200820633,,
141112-29-0,Isoxaflutole,-0.7504282812327334,-0.7425658244625511,0.5171818727023983,-2.1923096163035924,0.7583824955276739,-1.8755163474244623,0.13820629340307145,,
14124-68-6,Selenate,0.5313538663264804,0.5285499834458909,0.45897365668433665,-0.5443646141735107,1.7467609830197768,-0.3405084968136904,1.4035907632017732,,
14150-71-1,Vinylene bisthiocyanate,-0.18978467304406904,-0.20000856139564613,0.5018549324550268,-1.6938119743739446,0.9740283509157301,-1.1798195210495965,0.6823849048245716,,
141517-21-7,Trifloxystrobin,-2.0277704254310724,-2.016655677989606,0.26613231810744936,-2.9339021300016146,-1.2778955115899047,-2.5066122100384467,-1.5750031310829922,,
142-28-9,"1,3-Dichloropropane",0.770609870269934,0.749324597040818,0.1965858681950804,0.2485753209111649,1.341852128563019,0.42679571335156,1.1819233697379816,6.0,1.5293059602091639
142-59-6,Nabam-sodium,-0.7817271907112365,-0.7835246726973877,0.2153116254050469,-1.3753101203408602,-0.12432517839348876,-1.1721947849898497,-0.34955925666672627,,
142-62-1,Hexanoic acid,0.5974113478447713,0.6271529918593288,0.3492180925322776,-0.5474162017263817,1.4966507537533662,-0.1941130597682093,1.1965839125261712,,
142-71-2,Cupric acetate,-1.0992157068750545,-1.1158930898321362,0.26805262435068705,-1.7805394481836585,-0.3116522446460465,-1.5834584608251956,-0.5583784171770472,,
142-82-5,Heptane,0.999836126865837,0.9993207805825505,0.33546765116642707,0.027661808569265884,2.2097779806504763,0.33665938324214234,1.6892230774654982,,
142-87-0,Sodium decyl sulfate,-0.05791683339498498,-0.043954009020909665,0.5193488745548696,-1.76905824974435,1.1766933267743205,-1.0890165695631786,0.8941614156495381,,
142-92-7,Hexyl acetate,-0.34373243698506883,-0.3656670225734825,0.4260307419759525,-1.6012047654063917,0.9058275065899101,-1.1782937428109972,0.46036888003614346,,
142-96-1,Butyl ether,0.6296045423191589,0.6515948172990575,0.27006357269652154,-0.24951891959897834,1.215023927141799,0.0038586107643805425,1.0851964570162542,,
1420-04-8,Clonitralid,-1.5456587646887698,-1.5381299942517983,0.08763178692901347,-1.814330494077627,-1.3643363443004477,-1.738165278929563,-1.3959904788665127,26.0,-1.26569155269512
1420-06-0,Trifenmorph,-1.2936505221124117,-1.2694297596345265,0.28151536362866764,-2.1630300221551653,-0.5331940093785719,-1.862641592991323,-0.8103047743027628,5.0,-1.0192408760107703
1421-14-3,Propanidid,-0.5992374282421479,-0.5750813867850255,0.5340488737614657,-2.177092932571717,0.7443038697197659,-1.652739008960681,0.40919164402732217,,
142459-58-3,Flufenacet,-0.7784536846090332,-0.7780353234423751,0.26621741187190023,-1.700659731058287,-0.03873976822249544,-1.31253872032379,-0.24543121368744256,,
14255-88-0,Fenazaflor,-1.5008832644247005,-1.5397779561883782,0.37154947491785945,-2.78258883216521,-0.6396893186342988,-2.175965906192265,-0.8066915012436565,,
14277-97-5,L-Domoic acid,-0.5052056152383004,-0.5330850534670155,0.6130043819067583,-2.2708723892744906,1.2446654015806602,-1.8121921648485575,0.7825215053815012,,
143-08-8,1-Nonanol,-0.15394796642447908,-0.1200437046104103,0.33648999226031,-1.1250601933292417,0.7817583811709835,-0.8408276094103807,0.510742446628958,,
143-10-2,1-Decanethiol,-0.5268642558827517,-0.5031052318748006,0.6023143651803808,-2.0423508687106713,1.049895486172466,-1.8627889668587267,0.5038179309558635,,
143-16-8,Dihexylamine,-0.8733746726745476,-0.8692861797658975,0.35080939133485534,-1.9966551769822625,0.361490721755972,-1.5750558873565126,-0.21995341748009978,,
143-18-0,Potassium oleate,-0.21945198491074563,-0.2173887661735437,0.4583693558539085,-1.4541181666605498,1.1946870659870699,-1.023050250719579,0.7039084166355474,,
143-27-1,Hexadecylamine,-1.7659913537877292,-1.7578958120536017,0.5049119226902703,-3.0783631438425383,-0.5132401263058912,-2.7851437340311374,-0.7884325028221012,,
143-33-9,Sodium cyanide,-1.2354036759230291,-1.2233872438622613,0.15161914572004648,-1.6441899184981859,-0.9138881919932219,-1.564578935149044,-0.9504089775159738,9.0,-0.865379683321401
143-50-0,Kepone,-1.648003559086293,-1.6344501114331176,0.15766332136998742,-2.149034898648962,-1.2553797529451822,-1.9913492504028336,-1.36274915991945,17.0,-1.29996025392306
14309-41-2,"Benzoic acid, 4-amino-, octyl ester",-0.8247396041347932,-0.8659743031244109,0.6247263263535243,-2.7438153319171246,0.9435774453453659,-1.9935977444917061,0.403080693350334,,
14315-14-1,5-Methylbenzo[b]thiophene,-0.16484252445322445,-0.17932822504730045,0.5186025461802841,-1.6151272188628711,1.2133914919748896,-1.152492525344427,0.7376148546713488,,
14321-27-8,N-Ethylbenzylamine,0.14559047932091862,0.18397160060997747,0.5078116258737523,-1.172224035768026,1.339612304418735,-0.9334985581796605,1.089668453279736,,
14324-55-1,Zinc diethyldithiocarbamate,-1.1408192685249627,-1.1615582399051347,0.4815502238063228,-2.3647562875318546,0.3107424860681933,-2.0235480049945758,-0.1579283006323085,,
14338-32-0,2-Chloro-1-methylpyridinium iodide,0.3238306453919947,0.3459369096960859,0.5609655909884111,-1.7065861654895873,1.7586225972068263,-0.8639942562883779,1.2627707465735907,,
143390-89-0,Kresoxim-methyl,-1.4018360161670969,-1.4094912421534502,0.24863122849664263,-2.0611458030293206,-0.7365370465740787,-1.869937748433254,-0.8760984975389964,,
143545-90-8,Cylindrospermopsin,-0.562770413499432,-0.5670319082635322,0.5747898770865607,-1.917940719018332,0.8259205397970736,-1.5595982886309814,0.64016975972,,
144-21-8,Disodium methanearsonate,1.0592308088159084,1.074681274797776,0.4300189955729286,-0.17088867119001636,2.3342635329829773,0.25510089832375116,1.7651357238416887,,
144-41-2,Morphothion,-0.5612915522284005,-0.5502939740871023,0.5807110849795432,-2.0610259580145596,1.3059409012095067,-1.7067282287779173,0.5599741948150389,,
144-49-0,Fluoroacetic acid,0.44667154229333006,0.4247756709046424,0.5275994744702279,-0.971104117195318,2.0779692153153144,-0.41091468212350424,1.477026545500474,,
144-55-8,Sodium bicarbonate,1.811567291093569,1.788309510962239,0.22969276878221548,1.2516536409624814,2.500757313006647,1.387595941969549,2.285195910260181,6.0,2.9761177643745107
144-62-7,Oxalic acid,0.8194153789411048,0.854219983814166,0.5347721931280025,-0.962989387354966,2.0879136700263867,-0.34907524789959526,1.800069814834981,,
144-74-1,Sulfathiazole sodium,0.320314887153731,0.31291595408312955,0.40933996642897297,-0.7996981847045528,1.4579474976383873,-0.45932563329891996,1.06794262531283,,
144-82-1,Sulfamethizole,-0.21226382410266953,-0.2719696531024832,0.6352985600704903,-2.4813860811523263,1.3195741987118637,-1.4427348813087317,0.9179783609404676,,
144-83-2,Sulfapyridine,-0.11237723104428902,-0.06257640428646533,0.5603435247520472,-1.2783229855132279,1.5295426182130922,-1.1751447806912643,1.0815689905512353,,
14402-89-2,Sodium nitroprusside,0.42995523688102305,0.4224869591290344,0.5716399709973118,-1.3802874626565445,1.9711830002073323,-0.6021293082964967,1.7403563555715353,,
144171-61-9,(+-)-Indoxacarb,-1.7839903522526566,-1.7865162731612498,0.5464971976827202,-3.0617095445532017,-0.29554031657140106,-2.8254357430378207,-0.7913285850024719,,
1443-80-7,4'-Cyanoacetophenone,0.12400500312943061,0.13993686510516373,0.6244990557569448,-2.0557059138675404,1.6624653742185354,-1.121377064729515,1.1697819663707476,,
14433-76-2,"N,N-Dimethyldecanamide",-0.23293566088579135,-0.19899316816684076,0.5002052421015577,-1.69330731289524,0.9467412816635731,-1.1906476271350324,0.7202167899000884,,
14437-17-3,Chlorfenprop-methyl,-1.9889464161194887,-2.0213063046792925,0.4406099371098283,-3.210390379693737,-0.2994442599754079,-2.713775480844809,-1.107530868611093,7.0,-2.7909763656145103
1445-75-6,Diisopropyl methylphosphonate,1.202050732982154,1.211070730665051,0.22923057971798286,0.5318532192407401,1.7152194951894904,0.7586042518520054,1.6200507423679187,7.0,2.669565219190197
144550-36-7,Iodosulfuron-methyl-sodium,-0.44395324121733426,-0.4269832245038714,0.675193821621737,-2.81671963408517,1.2302317370971847,-1.849125047604778,0.7026565732335924,,
14484-64-1,Ferbam,-1.5202273988966815,-1.5149116365194333,0.24530782631466205,-2.269762892948674,-1.0031127155602353,-1.9879814363730626,-1.080317087144209,9.0,-0.9520481216632941
145-73-3,Endothal,0.8023971354397296,0.8119501533977442,0.18997658153892302,0.25448257471766345,1.2621682373171688,0.39224237952849683,1.1125382048407908,6.0,1.036215823837634
14507-19-8,Lanthanum hydroxide (La(OH)3),0.23589001198688564,0.20551093819422278,0.49116034482868687,-0.8272678502709578,1.8811761859627227,-0.6938906411886223,1.2607053591641528,,
14548-45-9,4-Bromophenyl 3-pyridyl ketone,-0.47594266031679516,-0.4394682689460594,0.5695790117154133,-2.0506946804942507,0.9710115044893405,-1.5644031353894114,0.5758899123215535,,
14548-46-0,4-Benzoylpyridine,-0.0921525226000878,-0.12328867125502527,0.48420458489400076,-1.414503207128424,1.28754786779441,-1.0126615733414257,1.0003305356939898,,
1455-18-1,3-Methylbenzo[b]thiophene,-0.2485200833500941,-0.2535597544721554,0.5494313860398153,-1.724267438892405,1.6674232755130323,-1.2136599962154937,0.7778814165057774,,
1455-21-6,1-Nonanethiol,-1.1634235821865868,-1.1839233033552419,0.45003725217872936,-2.3234413406218604,0.16197465355992136,-1.9647451594973777,-0.26061546605324964,,
145701-21-9,Diclosulam,-0.8980329155917026,-0.8746040364418864,0.5634687056469858,-2.8551288477741164,0.692812097093642,-1.9352903074712289,0.2808142689410779,,
145701-23-1,Florasulam,-0.4829731487864868,-0.47683922429109304,0.6709620998307426,-2.358238417195856,1.505979257969691,-1.8588695839883016,0.7755127482950093,,
1461-25-2,Tetrabutyltin,-1.8292190587261035,-1.84644880208173,0.39179825514786265,-2.790879660726486,-0.6360026572522073,-2.6916326277579667,-0.9931046586526269,,
1464-42-2,Selenomethionine,-0.9728939159058198,-0.98715300480508,0.4007476631287153,-1.868051683406629,0.33609897882764966,-1.69999251052254,-0.08966758863586081,,
14644-61-2,Zirconium(IV) sulfate,0.1382885341206977,0.15893883376848433,0.49868873657578966,-2.1062534100347894,1.215943256978611,-0.7574769540833749,1.0407776897938326,,
1468-37-7,Dimexano,-0.7340672073856254,-0.7483160016024579,0.4894766697474952,-1.9759618108978205,0.3654968615802429,-1.719881164335511,0.16297476248756096,,
14698-29-4,Oxolinic acid,-0.20988553951069547,-0.21430436703354994,0.4209516137951804,-1.770003813032594,0.7091911064576288,-1.03488449809915,0.5374881143115058,,
147-24-0,Diphenhydramine hydrochloride,-1.8673214456464715,-1.9340942543665935,0.6273483040788461,-3.4714755054430806,0.9276281228156499,-3.152415098767721,-0.5844878552287189,,
1471-17-6,"3-(Prop-2-en-1-yloxy)-2,2-bis[(prop-2-en-1-yloxy)methyl]propan-1-ol",-0.1732677225028307,-0.16783508009830045,0.4607025868534246,-1.302817362598291,1.1898786136816926,-1.044467082441699,0.6669792510590172,,
147150-35-4,Cloransulam-methyl,-1.043290727391504,-1.0304328665604618,0.6244669403093668,-3.360365503138164,0.7823741697948364,-2.0680089273393487,0.18226526712637353,,
1478-61-1,Bisphenol AF,-1.0771994685376096,-1.0848944265106932,0.3498037663677491,-1.9257968222404382,-0.05212924332695815,-1.7338090893433336,-0.3547432854053096,,
14798-03-9,Ammonium,0.2754066523710625,0.27166321610270605,0.278872592743485,-0.7089549361732339,0.997494310689156,-0.2685886790231401,0.7525331653758762,,
148-01-6,Zoalene,0.42245906150547696,0.447749192725049,0.4467389160182278,-0.8226010820832217,1.8589094994043327,-0.41777437245272,1.268019015115673,,
148-18-5,Sodium diethyldithiocarbamate,-0.23094294122998316,-0.23637910640606205,0.43320849168924513,-1.3343331285382445,1.1538643575802157,-1.0139129318253974,0.6099454746929305,,
148-24-3,8-Hydroxyquinoline,0.054664801502397393,0.08695806553405386,0.4007006771354184,-1.1681408542507314,1.0232706987587643,-0.7344467814469496,0.7605698587946305,,
148-53-8,2-Hydroxy-3-methoxybenzaldehyde,-0.39452057370427723,-0.33918421016751205,0.3833880668267066,-1.4571987987663164,0.49306510315533214,-1.2474856186709604,0.3193847464985098,,
148-79-8,Thiabendazole,-0.31057836092476904,-0.30280921420911117,0.26175174796669926,-1.018277219539378,0.35881625085290064,-0.8404247930720228,0.16855040157499815,,
14816-18-3,Phoxim,-1.7218183097071948,-1.718576880640634,0.2736783182387753,-2.515712330851747,-1.2108892787620362,-2.31650625477703,-1.2607330412522424,,
1482-15-1,"3,4-Dimethyl-1-pentyn-3-ol",0.6719278133731095,0.686252076902058,0.42990330088281553,-0.8308746697891273,1.6637622982480624,-0.1368307443644527,1.460439601717908,,
1484-13-5,N-Vinylcarbazole,-0.8994416449392567,-0.9183661168512485,0.6461727802324203,-2.8864890440041013,0.691714182176406,-2.1890497900918433,0.2870010129296174,,
1484-26-0,3-Benzyloxyaniline,-0.35988518996059526,-0.28626961425100106,0.4867774256623428,-1.7329991096380826,0.7411030613038148,-1.4368024773763162,0.42454653178984686,,
14866-68-3,Chlorate,1.0337110127234483,0.9916349236353925,0.6365370697487736,-0.7954241277951175,3.4073712075052494,-0.22556087483974355,2.360064956026414,,
148788-55-0,Didecyl dimethyl ammonium carbonate,-2.373959007081601,-2.335982795460542,0.3586568335344758,-3.513846465979355,-1.5733315852688343,-3.1470242709329903,-1.7825203228877822,,
149-30-4,2-Mercaptobenzothiazole,-0.521968315487702,-0.5154527894402904,0.23709974354695856,-1.3131860066356231,0.03829147096022756,-1.072543287734222,-0.10883411833277731,6.0,-0.11941601717756123
149-31-5,"2-Methyl-1,3-pentanediol",1.9888970246181819,1.9929303177277948,0.2712326526947866,1.2063232400472312,2.8093238166792993,1.4412584571841143,2.467428797499101,,
149-57-5,2-Ethylhexanoic acid,0.21224756059414482,0.20746510154193576,0.5030764417844904,-0.9881791915062957,1.6121886283879057,-0.8703976162745767,1.1076922427476261,,
149-91-7,Gallic acid,0.18965756006947257,0.1869224559061194,0.4050999306594967,-0.8346939300057407,1.1817617010577766,-0.7051636243900401,0.9662261898558147,,
14938-35-3,4-Pentylphenol,-0.6563699391700232,-0.6577728271323438,0.3013593565189039,-1.6589803291997014,0.04702498193117109,-1.2342595525449,-0.09950348319229661,,
14986-84-6,Hexasodium tetraphosphate,0.38641399312596375,0.31773227643307045,0.8108148364927481,-2.2243625662458366,3.4916555926956625,-0.9317764416023856,2.058853468287687,,
149877-41-8,Bifenazate,-1.0422825904998738,-1.0317281604721695,0.2712851425736725,-1.8354633461766137,-0.2819650615269336,-1.5896375007455807,-0.43919545051609515,,
149961-52-4,Dimoxystrobin,-1.1935325406743578,-1.2112047447805536,0.5961920758397915,-2.708700185222839,0.6022408139322027,-2.3930254690873403,-0.08940526705668417,,
149979-41-9,Tepraloxydim,-0.4447579417418846,-0.42726700662034756,0.3691760946549136,-1.3354765450489188,0.5145872891912349,-1.2150821881640967,0.25969314666402854,,
150-13-0,4-Aminobenzoic acid,0.6237667076347111,0.5960523918362539,0.5584584740467635,-0.8095623629545127,2.1142283398840043,-0.47817148734542037,1.7232221612633156,,
150-19-6,3-Methoxyphenol,0.46450652063092873,0.4749104802173576,0.3547707947639419,-0.5608483365816365,1.5305400684416448,-0.21506519417265738,1.153870217197722,,
150-50-5,Merphos,-0.6033559255503446,-0.5556010498615793,0.3555893290656253,-1.6704707435891604,0.1142537214113033,-1.3508127324587171,-0.006804781572853353,,
150-68-5,Monuron,-0.06013919286824084,-0.07595283532233063,0.2769371546438837,-0.9559355428815944,0.5378985451795295,-0.6079431398314157,0.44086875033296025,5.0,1.3082108286352394
150-75-4,N-Methyl-p-aminophenol,-0.23056807550261385,-0.2722747253519718,0.571539100234342,-2.258145195373192,1.7071465234267722,-1.195895359003192,0.8204577777261878,,
150-76-5,4-Methoxyphenol,0.3586418549023273,0.3410038242818021,0.35760334771993146,-0.9303239101414598,1.3986577380740646,-0.2809158991233599,1.0650825976133487,,
150-78-7,Hydroquinone dimethyl ether,0.3214442555656612,0.3678447178876625,0.4910689595979799,-1.3997961100868561,1.736075712612967,-0.545242043841945,1.2929487487023295,,
150114-71-9,Aminopyralid,-0.10210059173180436,-0.12247544483036035,0.5585353385098574,-1.519478952919512,1.463296747665679,-1.1480384131878152,0.9428693970124113,,
15045-43-9,"2,2,5,5-Tetramethyltetrahydrofuran",0.2764629474430142,0.24197249830519854,0.550948361575558,-1.2004196941061107,2.2703363054268286,-0.7270000332588492,1.6065341170843714,,
150824-47-8,(E)-Nitenpyram,-0.40291204837134303,-0.40028900697126707,0.5543739650598388,-1.7969209785052358,1.1632371154024954,-1.4993003132315241,0.6360521477203342,,
151-01-9,O-Ethyl hydrogen carbonodithioate,0.3504592161165055,0.396141210404984,0.5389844717012433,-1.0732952765163668,1.6201080337971994,-0.730038253651829,1.2774212097510051,,
151-21-3,Sodium dodecyl sulfate,-0.012943834778095863,-0.0037993988276945317,0.11023859797192573,-0.33616710531210137,0.23110889899075157,-0.23544001853932472,0.18096150772990666,41.0,0.5350386705311885
151-41-7,Lauryl sulfate,-0.578518087241604,-0.5372027900972784,0.5597580549938181,-2.2604499803511184,0.7221517301679352,-1.6037844309987153,0.48770100874189826,,
151-50-8,Potassium cyanide,-1.4498658737552819,-1.4442340644311975,0.15002554060837597,-1.8722206695499126,-0.9444527317912114,-1.7116583234081189,-1.150374098463709,8.0,-0.733956052420391
151-56-4,Ethyleneimine,0.3529821941017113,0.2677419064319049,0.5983986274214984,-1.236911850257408,2.4311375451046615,-0.5398361615815427,1.7731112339877193,,
151096-09-2,Moxifloxacin,-0.5057483748292392,-0.4929714460526846,0.46838680515533954,-1.6861688924141505,0.6074802771325971,-1.5504583075992682,0.4496138538828674,,
15118-60-2,4-(P-aminophenyl)butyric acid,0.10845315408802111,0.11473208892565574,0.6123773265860337,-1.6307395976251378,1.64556106737876,-1.0934623206665615,1.2080182666067558,,
15120-17-9,Sodium metaarsenate,0.40466695504104494,0.44476976340942587,0.5313648428336054,-0.8723051773997212,1.7489527942952965,-0.6469685461517395,1.4230276041996253,,
15128-82-2,3-Hydroxy-2-nitropyridine,0.3409213909567522,0.35735100667042313,0.4973493222866064,-1.0258937116898224,1.9392177525119563,-0.608127182268731,1.295777128355669,,
1516-32-1,"Thiourea, butyl-",0.2628702425418367,0.2359925793259149,0.48531498428806247,-0.8603274564825191,1.903356547295054,-0.5163950051469969,1.4368320145677482,,
15165-67-0,Dichlorprop-P,0.088535388385845,0.11548729036962824,0.5341685816008729,-1.4430580643848163,1.3730157250951245,-1.044610455618393,1.0517322907056064,,
15165-69-2,"Dichlorprop, (-)-",-0.3479965387308803,-0.295370617972509,0.6039299277218649,-2.3443482173054107,0.9775440722661509,-1.4783326962668755,0.7845804577977208,,
152-11-4,Verapamil hydrochloride,-0.6373951652719326,-0.6335873558891392,0.3932064697306973,-1.8751842779686023,0.39131527097555796,-1.4497725367616738,0.06570017342646119,,
152-16-9,Schradan,0.3528977235840778,0.38736635099156946,0.3616122344212229,-0.711280725033702,1.2291527276043108,-0.3849275195841039,0.9636184779619782,,
1520-77-0,"Plumbane, dichlorodimethyl-",0.31456000600942874,0.2631911577006987,0.5969319929303548,-1.4957916056399418,1.9578882699372222,-0.7993901083604195,1.5780090443251802,,
1520-78-1,Trimethyl lead chloride,-0.22320217610743412,-0.19649817896235292,0.5076290745418749,-1.6439685420753325,1.2019680307768286,-1.2334361733284083,0.7790862894045864,,
15263-52-2,Cartap hydrochloride,-1.2233771594440677,-1.2463659243992897,0.2850084531370245,-2.1009917061816403,-0.3384338521882897,-1.70226687906047,-0.7155639074578132,,
15263-53-3,Cartap,-1.3786680035215335,-1.379697375492072,0.2962805822066616,-2.1298189763469773,-0.2618969516276085,-2.0067163420637106,-0.831102928072069,7.0,-1.2446892520334976
15271-41-7,Tranid,-0.2505033816204196,-0.21258713844733176,0.4037144788731017,-1.366367749611421,1.0370622837270045,-1.0405976063520528,0.6680301252548382,,
15299-99-7,Napropamide,0.014731294229554534,0.03628134844263543,0.21906981617608623,-0.5875665943079328,0.46359720566585416,-0.47181652751943853,0.40809958143207975,,
15307-79-6,Diclofenac sodium,0.37799722195485125,0.4015658817657738,0.31609175726789396,-0.5557494970041542,1.091743620931774,-0.26146687246651606,0.9039154148815707,,
15307-86-5,Diclofenac,-0.1825459192945164,-0.18937421033548857,0.2850592206898839,-0.9006606471933813,0.5351655894949019,-0.7793954149262824,0.34108294490422114,,
15318-45-3,Thiamphenicol,-0.2699467038576545,-0.21018744917983945,0.6522824298422936,-2.433558219055983,1.7597789773985617,-1.590057718748207,0.8253640673189342,,
15323-35-0,"1-(1,1,2,3,3,6-Hexamethyl-2,3-dihydro-1H-inden-5-yl)ethanone",-0.8951681396511333,-0.8968612531486344,0.5500751303834743,-2.470475556786566,0.702092627727219,-1.9079362620317504,0.3123832307895959,,
153233-91-1,Etoxazole,-1.8459004608245697,-1.8562742644934405,0.5482672019352147,-3.429472529452044,0.15834374670581333,-3.068907220435083,-0.781601639483607,,
153719-23-4,Thiamethoxam,0.1996730649987287,0.21607809981225,0.22526581683502878,-0.6768302819486847,0.7553369374643197,-0.2450323682466235,0.6171724701038688,5.0,0.5496118588471477
154-21-2,Lincomycin,-0.3769703160694023,-0.39703078231259126,0.4654561662797906,-1.6098664921137014,1.0946185994338808,-1.3331974495923298,0.45690770060188635,,
15457-05-3,Fluorodifen,-1.2802550406401587,-1.2633691737645818,0.43174605636299074,-2.483858342198953,-0.14091700149480196,-2.1586279511721855,-0.468063349788059,,
154592-20-8,Copper Pyrithione,-2.0139959986542793,-2.0251260391795447,0.22393536785752463,-2.725091125563518,-1.4225753324086239,-2.4583891642531466,-1.5457186573715078,,
15467-20-6,Nitrilotriacetic acid disodium salt,1.0880214486798914,1.0667083159963733,0.547150743125416,-0.5047222858691461,2.4486963460837003,0.01329078329255755,2.19988351508814,,
15498-87-0,"Selenious acid, sodium salt",-0.12836392422621581,-0.14069368504700477,0.28301622610750726,-0.8681102164843423,0.6742892844981345,-0.7504602723606875,0.3897478533213412,,
15502-74-6,Arsenite,0.552764402507197,0.5427666944734828,0.523578963405172,-0.9168401337772767,2.065649512924225,-0.547736498776052,1.5397361487361265,,
15541-45-4,Bromate,0.9384165438544548,0.9266613384852238,0.4732787590547751,-0.4511854627877514,2.209891165102607,0.09250862256958381,1.8383584783385685,,
15545-48-9,Chlorotoluron,-0.4733880190519475,-0.43987333274289453,0.33138158818308155,-1.432178540075276,0.2779427810475056,-1.1971633257775272,0.08734848770837358,,
156-54-7,Sodium butyrate,1.3179383315891138,1.3556747008248071,0.4826636400818811,-0.28936508849897424,2.680942807874941,0.2460598028473017,2.1464253206607986,,
156-59-2,"(Z)-1,2-Dichloroethylene",0.3783785555224079,0.4060031551386045,0.6310043107081423,-1.4223735012516152,2.530982856143624,-0.7456697790054795,1.6091255531022883,,
156-60-5,"(E)-1,2-Dichloroethylene",0.6833508512142705,0.671612572993878,0.4641284586963193,-0.5684544575320508,1.9309493031084979,-0.20205924523944171,1.5517741012924946,,
156052-68-5,Zoxamide,-1.4197115917159369,-1.4335108148678823,0.4366239476634636,-2.7064532342944037,-0.007007512057940527,-2.1357387693533765,-0.5539350328559,,
1563-66-2,Carbofuran,-1.6266379417167565,-1.620697034290892,0.09896855252619038,-1.9253194399328866,-1.3664598199493545,-1.829697879798994,-1.4646489294143448,33.0,-1.1552517087363863
15662-33-6,Ryanodine,-0.7044245324231119,-0.6839724599752789,0.36495109415687216,-1.7255572100652732,0.12709357431559065,-1.3868375019710886,-0.0814086482973978,,
15673-00-4,"3,3-Dimethylbutylamine",0.6444418947671757,0.6710225170009659,0.5433262798326303,-1.506334952243969,1.7966309077766534,-0.43003423057601237,1.6067401824105427,,
15687-27-1,Ibuprofen,0.3799156148974657,0.3856127293227538,0.3582163618381531,-0.6924024648805611,1.2544764334137988,-0.3480542008872051,1.0158858499245975,,
1570-64-5,4-Chloro-2-methylphenol,-0.6029420816850767,-0.6272152240588014,0.2899997550981414,-1.3236987747459306,0.20811356507977138,-1.1383331463061201,-0.06618912215633528,,
1570-65-6,"4,6-Dichloro-o-cresol",-0.6277190139516443,-0.5983977811620675,0.38500972611386697,-1.6814296887691365,0.5656672355460313,-1.3545761056576808,0.1316761483875331,,
1570-76-9,"4-Chloro-2,3-xylenol",-0.45369484359543205,-0.4640198493746694,0.5178103500241007,-1.7292494900251114,1.1314362550658341,-1.4977673615837308,0.5497287586808299,,
15708-41-5,Ethylenediaminetetraacetic acid ferric sodium salt,0.5807510752118543,0.5717696968936825,0.5412543361880507,-0.5562863171415365,2.558208548443444,-0.26376856261924997,1.88891262843965,,
1573-92-8,9-Oxo-9H-fluorenecarboxylic acid,-0.7558348555532145,-0.7888418611744787,0.5152006078693536,-2.0750109277075506,0.8318291809665845,-1.713240595424925,0.24347786243951303,,
1574-41-0,"(3Z)-1,3-Pentadiene",0.5243129045358341,0.5648140059764282,0.5946324618164153,-1.3341378231242254,2.768692935535418,-0.5680203702444436,1.7055334640171251,,
15773-35-0,Copper pentachlorophenate,-2.1705129236796,-2.1388695284405155,0.4465967007218985,-3.4917576562124912,-1.0317365902415918,-3.0864183101963896,-1.3625920394955917,,
158062-67-0,Flonicamid,-0.04592743266086529,-0.06757864763238819,0.5249723595076674,-1.3364930941118465,1.2849041639579124,-1.0052309179849952,1.0912436827543786,,
1582-09-8,Trifluralin,-1.3275400846140448,-1.334996394892372,0.11554526929585451,-1.5917418731979383,-0.9954757247388482,-1.5614435521149708,-1.0677908691571625,22.0,-1.0544101563796096
15862-07-4,"2,4,5-Trichlorobiphenyl",-1.0532934296051704,-1.0760022815615768,0.5354203147590868,-2.7277059087451874,0.3929287420028037,-2.2268453426684465,-0.14498988614719333,,
15905-86-9,"Nitric acid, uranium salt",-0.4524076281984547,-0.4892559585957197,0.5577406132165535,-2.452392322909407,0.9906794955779233,-1.489095232218057,0.6135493296426787,,
15920-93-1,beta-N-Methylamino-L-alanine,0.0624298808318436,0.07940272406744966,0.5478814476475524,-1.4683380294492578,1.851087648340127,-0.9838835146321828,1.0729843699645232,,
15922-78-8,Sodium pyrithione,-0.7544527064431421,-0.7494360630488045,0.350718563831757,-1.915562574792348,0.20989976487904988,-1.4774318692830803,-0.09919008601280797,,
15950-66-0,"2,3,4-Trichlorophenol",-0.6090014788032501,-0.602963089832255,0.307998075797814,-1.4836967079183152,0.10904202102899427,-1.2310014730964942,-0.06647780544667171,,
1596-84-5,Daminozide,0.7214716086980387,0.7388215038081168,0.42838096674249276,-0.5795458386445083,2.0379140451111923,-0.06015139918162054,1.540769941159414,,
15972-60-8,Alachlor,-0.8115876564450605,-0.816969178924358,0.14431031393266988,-1.129300740526572,-0.3406524229231795,-1.0873309525897048,-0.5331823779858296,15.0,-0.6804742854626483
1600-27-7,Mercury(II) acetate,-1.7188359651253426,-1.718452985739771,0.24713618638308205,-2.468110249554343,-1.1341910444669312,-2.153708413471355,-1.266672284843454,,
16022-69-8,"2,3,4,5,6-Pentachlorobenzenemethanol",-1.0770595907421587,-1.0835224114411066,0.47763144606866015,-2.472418646007641,0.330660053828202,-2.139291867971206,-0.11465162895465153,,
16060-78-9,"1-Cyclohexene-1-carboxylic acid, 4-[(1R)-1,5-dimethyl-3-oxo-4-hexenyl]-, methyl ester, (4R)-",-0.7855607072935782,-0.7796293235698504,0.5314447101894335,-2.6817628211428133,0.5648989522749411,-1.9417077915754717,0.22966250754357515,,
16079-88-2,"Bromo-3-chloro-5,5-dimethylhydantoin",-0.6720151870746711,-0.6604978786460028,0.23068801600814157,-1.3436916674741295,-0.14194770024983652,-1.1973204638493506,-0.23261605391290693,,
1610-17-9,Atraton,-0.31958461790944526,-0.3431414096320826,0.5891330285497552,-1.7894474732214707,1.1272224485994375,-1.4213870627023162,1.0052946617470566,,
1610-18-0,Prometon,-0.008319408692355788,-0.00859217215152765,0.18147168309895564,-0.4828877943822534,0.48759873474738685,-0.3737387193558958,0.3623352173778022,7.0,0.5557932762779862
161050-58-4,Methoxyfenozide,-0.8472174354582068,-0.7864010639126342,0.44089380513213366,-1.866799277125872,0.04039813975365222,-1.7300207433215014,-0.06510142617900636,,
16118-49-3,Carbetamide,0.031034865364125776,0.03830279205264844,0.4694198877118993,-1.4093074221001147,1.3896642295394104,-0.8883233673344567,0.8955272737295378,,
161326-34-7,Fenamidone,-1.1793054386245787,-1.1664130044608245,0.31745860615299004,-2.211303585711255,-0.2978697275385747,-1.7839975358265907,-0.6202492984708688,,
1615-70-9,"2,4-Pentadienenitrile",0.4983537530107046,0.46158254961940476,0.5627497983734628,-0.9677542094396313,2.5383958885994273,-0.6834494289273956,1.5866721447605654,,
16182-04-0,Ethyl isothiocyanatoformate,0.18058281363531706,0.19001150131642877,0.5441209868127557,-1.1803523566000618,1.5315473379933107,-0.9667782746220386,1.2037702222122422,,
16245-79-7,4-Octylaniline,-1.5775796826735877,-1.5849437276149083,0.33885835467357045,-2.3941159770626466,-0.4775803292448664,-2.1930049319589187,-0.8685007173314517,,
1629-58-9,Ethyl vinyl ketone,0.0697669892750346,0.031083312544347975,0.6536113715041033,-1.568647642145129,1.8193516676576862,-1.3658614060555108,1.2594050034329658,,
1629-60-3,1-Hexen-3-one,0.03643886466844871,0.03781558202967147,0.5870266885759708,-1.75158341950518,1.6760800567706804,-1.1764859780826482,1.1837669452246582,,
163269-30-5,Bethoxazin,-1.4236263020291664,-1.453819549399237,0.4037053682761457,-2.6196867482001123,0.4172280074873176,-2.1329242281462184,-0.6338200331284464,,
1634-04-4,Methyl tert-butyl ether,0.7001635982256431,0.7255318068865221,0.5481170181681739,-0.4235979669682795,2.0845319954843617,-0.31207638997862946,1.8477358871313598,,
1634-78-2,Malaoxon,-1.6600146648774652,-1.7170738877041025,0.4419749306859524,-2.668081499242185,-0.32007918700640847,-2.3550207590501753,-0.7074218345514957,,
163515-14-8,Dimethenamid-P,-0.29075357815694985,-0.2779819053865559,0.34339734594393184,-1.4818842688935276,0.6997221263742844,-0.9435292786026991,0.3390565279626277,,
163520-33-0,Isoxadifen-ethyl,-1.1430615971919145,-1.131033511751909,0.47786535803453245,-2.7012249964506005,0.5481012314405137,-2.0703078348283506,-0.32010886650263015,,
1639-60-7,"(2S,3R)-(+)-4-(Dimethylamino)-3-methyl-1,2-diphenyl-2-butanol propionate hydrochloride",-0.5482045027181637,-0.6063810078160707,0.45954760836829034,-1.707211419122942,0.8913260973411496,-1.3886998875224497,0.42559525865734116,,
1639-66-3,Dioctyl sodium sulfosuccinate,-0.5684632488359532,-0.5527243267977987,0.5523344832417404,-2.058478951926211,0.9145261423510345,-1.6293402709053957,0.5043140155914161,,
16423-68-0,FD&C Red 3,0.13406849366078732,0.17822180306271362,0.49581430196279264,-1.2283913291187927,1.4160626032062669,-0.85235803604208,1.035051093702679,,
1646-87-3,Aldicarb sulfoxide,-0.7028047450698359,-0.7031778895319724,0.4272476261119068,-1.9146152376303531,0.7259113226758971,-1.5098071857292283,0.16460630319279523,,
1646-88-4,Aldoxycarb,-0.15498183347164016,-0.1562045920057145,0.2894579850801874,-0.8126357700505296,0.8077217899513018,-0.7057686078383505,0.4080670362488957,,
1647-16-1,"1,9-Decadiene",-0.5501080521121341,-0.5540500479063015,0.5706291957322235,-2.762353462623325,1.0459569281526322,-1.684745028693437,0.5675370340241558,,
16485-47-5,"Ferrate(1-), [N-[2-[bis[(carboxy-.kappa.O)methyl]amino-.kappa.N]ethyl]-N-[2-(hydroxy-.kappa.O)ethyl]glycinato(3-)-.kappa.N,.kappa.O]-, sodium",-0.6543839025887825,-0.7209016232743656,0.6011387416710905,-1.9860736733843978,1.1856367763498201,-1.642665351534455,0.7420000566522941,,
165252-70-0,Dinotefuran,-0.4066962074045843,-0.4003837933247272,0.3097853648924976,-1.1847452997975718,0.34592238440123196,-0.9238896562226525,0.1662567489356243,,
1653-40-3,6-Methyl-1-heptanol,-0.04265630994405528,-0.04946753552064265,0.43659581245200113,-1.2994948100035961,1.35007378525872,-0.9079082708823296,0.7233584272198758,,
1655-45-4,"Disodium naphthalene-2,6-disulphonate",0.5868232450982598,0.6160188793100378,0.7258410999523394,-1.5706657627599498,2.3301413105122744,-0.8757205977871919,1.916493745501852,,
1656-48-0,"3,3'-Oxydipropionitrile",1.6259717773106848,1.6699400232873653,0.3350605777124074,0.6523893258058648,2.5553760456368853,0.9417129075903252,2.175928123468682,,
16606-02-3,"2,4',5-Trichlorobiphenyl",-1.1838558312589345,-1.1435271425439892,0.5694721234121048,-2.4883504364721083,0.33783986136088057,-2.3142266098830446,-0.05162445926319425,,
1663-39-4,tert-Butyl acrylate,-0.0014313931864952134,0.014227657112071853,0.5517721481809785,-1.2860423795019884,1.4930048371905713,-0.9813645240195246,1.1521625807070044,,
16672-87-0,Ethephon,0.8428707306279094,0.8581034417258757,0.2433265138903084,-0.004341196928748194,1.5566897981035417,0.3721512049407063,1.2678123247246378,,
166812-75-5,"1,1,1-Trifluorooctadec-13-en-2-one",-1.5778658385189852,-1.5924985033239265,0.4668182185561438,-3.0371100032847793,-0.2475722572817608,-2.4292261215077042,-0.6222716219373222,,
16721-80-5,Sodium sulfide,0.7914454751658497,0.784749632184119,0.5229926053343923,-0.6138480596499325,2.407602414527116,-0.08692778420093786,1.8492210596933594,,
1674-38-0,Dodecanophenone,-1.1997271578539148,-1.1720108418223818,0.6058358755487407,-3.270759955317545,0.015988591404806206,-2.396478147086484,-0.09172360451414018,,
16752-77-5,Methomyl,-1.2247727283903556,-1.2231162797764012,0.0990266369656352,-1.5014777013450442,-0.9729589882952746,-1.4350122546448587,-1.056168448647853,20.0,-1.7424460888790108
1678-91-7,Ethylcyclohexane,0.10246635335891253,0.08730505349220535,0.4677523414343984,-1.1991069165950392,1.1885738380860449,-0.8438726860041023,0.9399414562178409,,
1686-59-5,Pimarol,-1.1393453721469513,-1.1308029701835052,0.5788914324717954,-2.4072935120960683,0.8413494306022894,-2.1663367486527974,-0.044526264106107334,,
16879-02-0,6-Chloro-2-pyridinol,0.4871870498845594,0.49330887330105744,0.5507277908988398,-1.0874642769229883,1.755253606686437,-0.6072091628709764,1.5238530526496534,,
1689-64-1,Fluoren-9-ol,-0.5331057809756301,-0.5664215965931918,0.5596051369761704,-2.360852557954121,0.7866681846618513,-1.5419730312680446,0.5815004799294045,,
1689-82-3,p-Phenylazophenol,-0.8691092012823332,-0.8805239069979256,0.37822089271208553,-1.833882630331816,0.255379727549847,-1.5730991856383898,-0.0829752043721113,,
1689-83-4,Ioxynil,-0.922191044434909,-0.9388565897972094,0.44007107079486396,-2.024471768970179,0.1798326370113912,-1.780805422854063,-0.03719568495766389,,
1689-84-5,Bromoxynil,-0.029153115899792404,-0.02208318269507819,0.23765311882985918,-0.6601365161666908,0.49041674612862124,-0.525639790739009,0.4239906309068261,,
1689-99-2,Bromoxynil octanoate,-1.7139836831878492,-1.722134226825729,0.22471785285480098,-2.327825644974634,-1.0617836716273994,-2.1606404581384324,-1.2932787393909655,,
1694-09-3,Benzyl Violet 4B,-0.6531633735222404,-0.5715689165141574,0.7454129202624281,-2.8191337281856113,1.288268097930313,-2.0968698486903934,0.747582435923275,,
16941-12-1,Chloroplatinic acid,-0.4244338285070618,-0.42300932746826236,0.5886448749875726,-2.2289794921313137,1.1759556723359108,-1.4368689679979654,0.6746791230120874,,
1698-60-8,Chloridazon,-0.17024050819528988,-0.158220538509124,0.4150421118938656,-1.6526055421621741,0.8790068654011151,-1.0033860887178594,0.6103635607183886,,
1702-17-6,Clopyralid,0.37516512519937323,0.4316608482779935,0.5196274237869173,-1.3248124936922137,1.3433530853032758,-0.6408248686720622,1.1652830766498048,,
17109-36-3,"3-tert-Butyl-2',5-dichloro-4'-nitro-2,6-cresotanilide",-3.062723897179511,-3.0639877932575335,0.24314204064878397,-3.7476215838376534,-2.493839561835766,-3.4961930269756967,-2.6093353911348887,,
17109-49-8,Edifenphos,-1.1151293184858189,-1.101671037218832,0.37512346068923225,-2.6617412433802703,-0.14988147135450122,-1.8905239933871598,-0.5191385322390781,,
1715-40-8,Bromociclen,-1.3321845913660355,-1.3202128126974715,0.5923890172521185,-3.014548722563651,0.14670856401319782,-2.6266545366491787,-0.3074410686549685,,
173159-57-4,Foramsulfuron,-0.5376560107717127,-0.5027552579760469,0.6158569049074738,-2.6410837110009986,1.226164221426977,-1.7867792199844865,0.6009596192805163,,
17321-77-6,Clomipramine hydrochloride,-1.076536191259661,-1.0427761488120444,0.5702503222035435,-2.5364801594955155,0.5797281712167739,-2.270296593563149,0.005378355212718471,,
173584-44-6,Indoxacarb,-1.3678488967098992,-1.3626363620589763,0.26256589991922874,-2.0362165326010864,-0.735124938381868,-1.9094330075930246,-0.8652316928237839,,
17372-87-1,Eosin,0.3681216906936551,0.3581576476740309,0.48390435552273103,-0.7715769212376049,1.5480194205240259,-0.5399783139461506,1.2674221311031693,,
1740-19-8,Dehydroabietic acid,-0.7020711805171049,-0.6696897764638916,0.250221197982102,-1.4557685609841147,-0.20683260068370146,-1.2607250757878121,-0.2914711840213217,,
17439-94-0,"Endothall, diammonium salt",0.29442051734418717,0.2676884559489102,0.33371910066609456,-0.6550947492021956,1.2866450637145292,-0.4929708396232853,0.8738124137724784,,
1745-81-9,2-Allylphenol,-0.01647039430187639,-0.026575061979490146,0.2696781742345361,-0.7067837280103472,0.7008861225159377,-0.5875008880856377,0.5473524691602351,,
174501-64-5,1-Butyl-3-methylimidazolium hexafluorophosphate,-0.7684230203793578,-0.7082761937268977,0.5531217957929356,-2.312899376736466,0.7647392667664745,-1.9092737775748712,0.10676999646794604,,
174501-65-6,1-Butyl-3-methylimidazolium tetrafluoroborate,-0.2811257718505375,-0.2732765058124718,0.49548053301669914,-1.856912379002055,0.9951480826986492,-1.2060537995042235,0.623663834118198,,
1746-81-2,Monolinuron,-0.11883120186634702,-0.11638041305878025,0.27403611757938573,-0.924260417298384,0.5924415881806632,-0.6638785813930302,0.4284269111697384,,
174630-05-8,Reversin 205,-1.156485287655004,-1.1062303012416648,0.6342104714933549,-3.316194767657062,0.21356530939940516,-2.434451838126953,0.0018958585594275978,,
175013-18-0,Pyraclostrobin,-2.097741778998174,-2.0828156712072836,0.2206290824790324,-2.739199328751096,-1.5916728675846332,-2.550750711171029,-1.6697691272710766,,
1758-68-5,"9,10-Anthracenedione, 1,2-diamino-",-0.6837249403595027,-0.7138905845409874,0.5680044397042158,-2.027697431948953,1.2179489399601113,-1.7827923773902936,0.44731490204070445,,
17584-12-2,"3-Amino-5,6-dimethyl-1,2,4-triazine",0.6149231133227049,0.6631427626693339,0.637545825389028,-1.1265388418481306,2.413355636979931,-0.6788559308946885,1.7981014059157188,,
17606-31-4,Bensultap,-0.6835284733452613,-0.6587119360443026,0.5157460584897242,-2.054022790691457,0.9467051752998328,-1.5888199562173355,0.39748398299999493,,
1761-61-1,5-Bromosalicylaldehyde,-0.671891258358781,-0.6973897227448966,0.4718559028072373,-2.4309245743353918,0.5776164119906315,-1.484000302890138,0.1851290183721764,,
1762-95-4,"Thiocyanic acid, ammonium salt",0.7567896023273295,0.7125608810667488,0.4718580205555021,-0.3826368996125135,2.3657647954680607,-0.16651661278135976,1.6982672131927858,,
1763-23-1,PFOS,-0.14768791211715182,-0.1547651016050458,0.39922257497521124,-1.451084527378694,0.7892227043648554,-0.9740492279673879,0.5493182328192708,,
1770-80-5,Dibutyl chlorendate,-1.3539654687165728,-1.4086582412479587,0.6252142920078629,-3.55426360263404,0.776983267402873,-2.5667495971201513,-0.22756817642827573,,
17700-09-3,"2,3,4-Trichloronitrobenzene",-1.031618368471755,-1.0693505141908521,0.5587023202416542,-2.1583379994443814,0.884923964178752,-2.0009258981057805,0.08468640425269751,,
1773-89-3,Chlorendate dimethyl,-1.051506843986529,-1.0336714556266058,0.340622184315732,-2.1643649305515167,-0.22272617498572028,-1.6846313174646181,-0.3746317303655672,,
17754-90-4,4-(Diethylamino)salicylaldehyde,-0.349342862935001,-0.3539183333853351,0.47219579091033087,-1.7600253574394218,0.8364265134291751,-1.3713774018395297,0.6012260084224874,,
17757-70-9,Carboxin sulfoxide,-0.29619934289972405,-0.3044100338510607,0.5057902049308192,-1.522808996889052,1.1020578318878296,-1.27061272622646,0.5773203836087412,,
17781-31-6,Parinol,-1.181936848090291,-1.1691595717257834,0.5601477050317046,-2.691549647562716,0.30533297053743425,-2.241301125452643,-0.059241133911069346,,
1780-40-1,"Pyrimidine, tetrachloro-",-0.6335788265350831,-0.6533861759934765,0.5839491896750711,-2.522452503317934,1.1102705022743953,-1.7324409308395732,0.5289445905172477,,
17804-35-2,Benomyl,-0.9220790753221028,-0.9240058075243245,0.16092693064254088,-1.33668394529026,-0.5080958242093668,-1.2217106723937519,-0.6035786429534048,,
178928-70-6,Prothioconazole,-0.816713677808575,-0.8021714718149258,0.24447501975908512,-1.4632586704165476,-0.011960446197823988,-1.2830071112061814,-0.3705988185638986,,
17904-27-7,(+)-Juvabione,-0.825723849621825,-0.8097977907597715,0.4992577872429003,-2.4531581131819054,0.6723103567919847,-1.8300144086740702,0.15460481637179366,,
179101-81-6,Pyridalyl,-2.3014939516064805,-2.3211657517744104,0.38342154407980494,-3.1566910969150666,-1.2914764232903835,-3.008614963477817,-1.5781555552643536,,
17924-92-4,Zearalenone,-0.6781460229979109,-0.7049659862792865,0.5273240846629739,-2.021209854434425,0.9630956401407164,-1.6432367210420629,0.5324925662311595,,
181274-15-7,Propoxycarbazone-sodium,-0.17859268282512808,-0.15357524727578248,0.665972213182867,-1.9148435921706668,1.8468096184978635,-1.591081339022478,0.9596674716170355,,
181274-17-9,Flucarbazone-sodium,0.018043992012576903,0.04482572205156944,0.6711306273607397,-1.762893133787179,1.8835040147212045,-1.4384371595550407,1.1959278547974295,,
18172-67-3,(-)-beta-Pinene,-0.7913530021954892,-0.8065680233966495,0.3594729338733362,-1.7477822417245745,0.36486595096934255,-1.44172030811445,-0.05335690056763854,,
18181-70-9,Iodenphos,-1.8567705275523718,-1.8979545757943792,0.34422497510331335,-2.778415410908563,-1.0201371620620334,-2.5071783970619577,-1.2210453155462424,,
1820-81-1,5-Chlorouracil,0.39465519787072495,0.36499151206658154,0.5501634500190115,-1.0875898980720324,1.9082163349612369,-0.7528214090805961,1.4905892127998372,,
18240-68-1,"2,2-dichloropentanoic Acid",0.14472079135007881,0.19687304701277042,0.5556722385600663,-1.2687156413161202,1.5958419674490567,-1.0067594299900793,1.1453896688280525,,
1825-21-4,Pentachloroanisole,-1.3797717049659217,-1.3607354318399036,0.5005694486309773,-2.512924925890504,0.1318533487275094,-2.307707201342328,-0.3023868195906459,,
18268-69-4,"Benzaldehyde, 2,3-dichloro-4-hydroxy-5-methoxy-",-0.3640497432302686,-0.30684689598541903,0.5618091939287263,-1.6975179042492246,1.4190088903095086,-1.377933207912919,0.7952496727201129,,
18268-76-3,"Benzaldehyde, 2-chloro-4-hydroxy-5-methoxy-",-0.3486673030657064,-0.3564217095717266,0.4948538562791499,-1.7598931013378907,1.015604990467276,-1.4298320104634723,0.635451233319085,,
18292-97-2,"Benzene, 1-methyl-2,3,6-trinitro-",-0.9807151017762172,-0.9955821043995059,0.5082065236729513,-2.2589519422269686,0.6905059236515942,-1.8572150667883185,0.17022579809960398,,
1836-75-5,Nitrofen,-0.9739293324676226,-0.9748408276369345,0.17353796429749035,-1.4911292276575872,-0.5158093177833017,-1.3635089848274067,-0.642927940908586,12.0,-0.5242730737942861
1836-77-7,Chlornitrofen,-1.4745895336769355,-1.4602459943388444,0.26843787457500645,-2.2983865773378827,-0.7554845947813058,-1.962571117058678,-0.9603325110729312,,
183675-82-3,Penthiopyrad,-1.0592344439155057,-1.058011646012775,0.2705048111826922,-1.8871862319084605,-0.3592722227143298,-1.657897713963941,-0.5730093361659417,,
18368-63-3,6-Chloro-2-picoline,0.26898046214236004,0.3127166334282534,0.48630363136059734,-1.1548588767387866,1.8480370316585224,-0.6047156244471283,1.1754793142730713,,
1837-57-6,Ethacridine lactate,-0.9081429910922981,-0.8904858314248172,0.42199812347535937,-2.1106094210744506,0.20727390463334233,-1.731536040121738,-0.08574497096465078,,
18402-10-3,(Decyloxy)trimethylsilane,-0.5840886600980775,-0.5829225095689031,0.5421797529770327,-1.882181372383243,1.4349897805536596,-1.6163757004836652,0.409060886272285,,
18496-25-8,Sulfide,0.6757244121131188,0.6610581930074939,0.7432316887248983,-1.4634345401663988,2.433703505686765,-0.6327920127383767,2.1009357826363284,,
18530-56-8,Norea,-0.4814956682028857,-0.5251267280311378,0.4491329132634409,-1.5356095060314043,0.629242013692963,-1.3178719402492916,0.3375378204897276,,
18540-29-9,Chromium (VI) ion,-0.17132335494482676,-0.15576716328531776,0.3803656151249739,-1.3475359720986633,0.7174396429247075,-0.9087505954509096,0.5789260418018147,,
1861-32-1,Chlorthal-dimethyl,0.08535038888980681,0.0837530259507469,0.2729063320082408,-0.5349550158556721,0.8976143633145225,-0.42906002179318603,0.6662458891682922,,
1861-40-1,Benfluralin,-1.3212973451704773,-1.3141724550266405,0.24208997850679356,-2.0650908188624486,-0.6655367744493637,-1.7634431595193196,-0.8364194046824893,,
1867-73-8,(N-6)-Methyladenosine,-0.13236700329093531,-0.15980374302403866,0.5840683079006187,-1.7924806269796176,1.535457013700469,-1.29543581324234,0.9751148183357993,,
18691-97-9,Methabenzthiazuron,-0.8522675056434609,-0.8424528506878829,0.5060474668440834,-2.816315370358982,0.42778211570863733,-1.901526795634198,0.04887504020328451,,
187022-11-3,Acetochlor ESA,-0.4673802178971661,-0.4467144134977615,0.6282487784612162,-2.021362967739159,1.0731713615476788,-1.71354962101987,0.6627726132141833,,
1871-57-4,3-Chloro-2-chloromethyl-1-propene,-0.2855368574402628,-0.26569506101431695,0.603181934268331,-2.063468381449471,1.5775919143420127,-1.4681334241763908,0.8916386164482936,,
187166-15-0,Spinetoram L,-2.216153650110653,-2.172749632869198,0.649629841939665,-4.177110185436869,-0.5561498757848873,-3.622194208757141,-1.0080170245581128,,
187166-40-1,Spinetoram J,-1.8250943922543166,-1.7793479625057085,0.5174068262964767,-3.5771337450352805,-0.4501963056686947,-3.0375717278189542,-0.9803995935694407,,
188425-85-6,Boscalid,-0.8839150121982184,-0.8553600986842365,0.42644164959751546,-2.1876814537443887,0.11581658576901546,-1.757878739680292,-0.09998976230200268,,
188489-07-8,Flufenpyr-ethyl,-0.7998922485040145,-0.7708442003581792,0.3860708759470392,-1.9145718695177902,0.2650578214874823,-1.5729266350731166,0.03524993532087463,,
18854-01-8,Isoxathion,-1.6210454663725609,-1.6198214436199283,0.4385062778079424,-3.01930237397111,-0.5362762667494134,-2.514523146230048,-0.800983122364539,,
189-55-9,"Dibenzo[a,i]pyrene",-2.0884932096124764,-2.141569545356295,0.5870838230764786,-3.4887830640427855,-0.2624980609368481,-3.2115766897702005,-0.8557631777932615,,
189084-64-8,"2,2',4,4',6-Pentabromodiphenyl ether",-2.141350907114656,-2.1460825841380666,0.5657596701029964,-3.871579009035026,-0.8768229666500497,-3.2738799716590656,-1.1826453494961866,,
1891-95-8,Chloroxynil,-0.13441163229065226,-0.07905093485117956,0.5113781035856059,-1.3095682964841768,1.097196672340106,-1.073612260054633,0.8590400782208674,,
1897-45-6,Chlorothalonil,-1.8522691758104377,-1.8485897842094055,0.10660430545332886,-2.13717346607022,-1.5951989864740255,-2.070925731628352,-1.6663371729269356,20.0,-1.4737520699698625
19044-88-3,Oryzalin,-0.9447011125624186,-0.9322651694802022,0.274866950379562,-1.756445403855084,-0.27202501280740005,-1.5561644787228042,-0.4347972048595226,,
19078-35-4,"4,10,11,11-Tetramethyltricyclo[5.3.1.01,5]undecane",-0.9699642855158507,-0.9476524133038702,0.5551670989064827,-2.5255739133137887,0.842209276718842,-2.0635826341039083,0.13331224672077915,,
191-24-2,"Benzo(g,h,i)perylene",-1.9294169679683486,-1.9558287833225316,0.6358863783665628,-3.4485727140630718,-0.12748888983931173,-3.2163563443039123,-0.6549674330713339,,
1910-42-5,Paraquat dichloride,-0.8137067693847214,-0.8013068402335395,0.17529519822502018,-1.442185865115266,-0.3506109637430292,-1.251145571979285,-0.4933762745701908,25.0,-0.743668153961377
1912-24-9,Atrazine,-0.42916783558307303,-0.4307314031799735,0.0741237610912059,-0.665244377042649,-0.2486444946966382,-0.5813065305014492,-0.303161285641509,54.0,-0.40547423062173005
1912-26-1,Trietazine,-0.6621636014803975,-0.686537202334976,0.33606491842655356,-1.4605141732622962,0.49742062038471785,-1.2467867717809098,0.07905843191466778,,
1918-00-9,Dicamba,0.47967401886219085,0.47451588794904276,0.2432713544571563,-0.1450181039308596,1.11977975824865,-0.05336092826748479,0.9232616284545959,5.0,1.3877439302399839
1918-02-1,Picloram,0.15249906089050275,0.15676903014306798,0.12754594397555583,-0.25588669808015113,0.4489619348449337,-0.10962787431028657,0.38556390296064985,,
1918-13-4,Chlorthiamid,-0.18176468475389143,-0.1555702402481945,0.46628721301380405,-1.6139260342903579,1.0815157176396675,-1.2644650574860845,0.6678109748459455,,
1918-16-7,Propachlor,-0.8187103285560785,-0.8346702712418659,0.25683664218420965,-1.4413479762298302,-0.05937777335151068,-1.236927213495687,-0.28488231679242654,,
1918-18-9,Swep,-0.6175477188462365,-0.5910377160944187,0.3694550947252766,-1.7145224942147288,0.3614669964578977,-1.3777749491202749,0.03314157375265773,,
192-97-2,Benzo(e)pyrene,-1.8478970536069546,-1.9086849377620907,0.6587185338339684,-3.4762543097914778,0.19974571960294757,-3.0253838525028343,-0.4198516733215937,,
1928-43-4,"2,4-D 2-EHE",-0.8271813660267046,-0.8132820949002753,0.4404405623932713,-2.2077440556108843,0.24403900854562263,-1.7181157168270236,-0.05964229910271623,,
1928-45-6,"2,4-D-3-butoxypropyl ester",-0.6214188594494827,-0.6205016031446372,0.4146355596383928,-1.9343953011468145,0.8008961390923904,-1.470213549156959,0.08742527391312502,,
1928-58-1,"2,4,5-T 3-(2-butoxyethoxy)propyl ester",-1.0612846456100626,-1.0457960404513618,0.5669652030410767,-3.056354120960303,0.3492699753088467,-2.3197791600596958,0.05794080034813897,,
1929-73-3,"2,4-D-Butotyl",-0.6712672961124866,-0.6612749047371667,0.16307899036369103,-1.1371772784665075,-0.24962326208670668,-0.9980591390295042,-0.3674110361375668,17.0,0.00576201237575541
1929-77-7,Vernolate,-0.33447395196965135,-0.33778988336835636,0.18449714695530325,-0.8909472252050153,0.051929455862001046,-0.677079387030334,-0.0016877684893047086,8.0,0.1091122052010216
1929-82-4,Nitrapyrin,-0.39929825082385606,-0.40516043974530735,0.19596957904004753,-1.0831859784415296,0.08989141272507457,-0.7958254393952715,-0.03654415390151173,,
1929-86-8,Mecoprop-potassium,0.24826363627237114,0.26005191246308956,0.5074483637186645,-1.3710919939450437,1.6333237215682783,-0.8527539293286854,1.1224285670398009,,
1929-88-0,Benzthiazuron,0.32885432532877745,0.334366825919315,0.5163053145600898,-1.4724644210498794,1.7539975586571013,-0.7040828783229076,1.2670639223271383,,
193-39-5,"Indeno(1,2,3-cd)pyrene",-1.6476952090220625,-1.6493928395957629,0.6006182825649476,-3.067611359818837,-0.22755049460428997,-2.8613433868483,-0.5257043147260259,,
1930-72-9,"Benzonitrile, 4-chloro-3,5-dinitro-",-0.5359458688054994,-0.4852058734732141,0.5932557712896225,-2.043686403498969,1.0167639291049364,-1.867782438323912,0.6227227149342712,,
19329-89-6,Isopentyl lactate,0.2468853396903654,0.23178249724956546,0.5300679570459876,-1.3275622056429701,1.9751080469556903,-0.8561716625484462,1.2962151344048947,,
1934-21-0,FD&C Yellow 5,1.3102251781122016,1.3057745558147196,0.7010796851348959,-0.5797059819049083,2.9034852545206475,-0.03918392609021059,2.6388858024519917,,
19381-50-1,Acid green No. 1,0.030917180271812724,0.07921698443131028,0.6134117749717088,-2.5368775814879667,1.433364959666735,-1.3169975566675125,1.0694005656803245,,
19398-13-1,Fenoprop-butotyl,-0.8471719851003001,-0.8343802251231154,0.21471321892177883,-1.6871903834118713,-0.23323325109389884,-1.2979879662827098,-0.4842609358377223,9.0,-0.20748196234141836
19406-51-0,"4-Amino-2,6-dinitrotoluene",-0.10187128179313089,-0.1135688116034766,0.3230059451696805,-0.9929731727806401,1.0628979046084195,-0.699063327284139,0.5247801606992104,,
1945-53-5,Palustric acid,-1.2176301364989714,-1.2304477061984436,0.4976778105879487,-2.672498060774204,0.4985809570039662,-2.245896339499038,-0.3536486794448693,,
1948-33-0,tert-Butylhydroquinone,-1.1331864404513226,-1.1722372046905962,0.3630585838646863,-2.63418818446534,0.12190911970353809,-1.7056858033097118,-0.36225737121225,,
19480-43-4,MCPA-butotyl,-0.8402251317887263,-0.8332903591603741,0.44706660093230555,-2.4592461994217465,0.19350478554211095,-1.709218052108974,-0.028609012657376837,,
19549-98-5,"3,6-Dimethyl-1-heptyn-3-ol",0.1966412477611471,0.1975408217283483,0.4148815255801682,-1.001193187353853,1.4906809245327424,-0.6538551132632324,1.091821503469196,,
1962-75-0,Dibutyl terephthalate,-0.9762253902193403,-0.9884338935567724,0.5104051850509909,-2.168032057604112,0.5385620608143387,-1.9948851206420588,0.210441936343519,,
1965-09-9,"4,4'-Dihydroxydiphenyl ether",-0.4225410537342394,-0.39791307779721785,0.5045857220062077,-1.9606818748712012,1.0621497150896981,-1.3678619917253734,0.5774231839328452,,
19666-30-9,Oxadiazon,-1.008436388509851,-1.0167424662950832,0.22180003033318643,-1.6118514582559251,-0.4174665821841433,-1.447818288054331,-0.574751604808563,7.0,-0.3944775840986616
19750-95-9,Chlordimeform hydrochloride,-0.4371663171838712,-0.4597676766013902,0.5061631375792476,-2.0737014499744166,0.9173279438473928,-1.4912717703117337,0.5046348343692872,,
1982-42-9,"Acetamide, 2-(2,4-dichlorophenoxy)-",-0.5559656290729847,-0.5363882010074537,0.422672090792691,-1.9150538086023636,0.5676555800093818,-1.3895344594320145,0.1955217053321941,,
1982-47-4,Chloroxuron,-0.642391575870869,-0.6455026116988878,0.3303408786259033,-2.0168294745529494,0.08518246974290443,-1.2160794765883527,-0.023589270000721346,,
1982-49-6,Siduron,-0.16996167157598702,-0.18287836645704142,0.3120790800893969,-1.204648921609015,0.6008370931622511,-0.7781774044184465,0.43537056404178287,,
1982-69-0,Sodium dicamba,0.6753723505443477,0.65716261940135,0.4278524384050645,-0.720729294139739,1.711675767107233,-0.10653436491027485,1.5130777785627245,,
1984-06-1,Sodium octanoate,0.6762868082824744,0.6650099992500034,0.5875010240039781,-1.019722703544212,2.1758444483687325,-0.4617867587878955,1.846745021118666,,
1984-59-4,"2,3-Dichloroanisole",-0.3898071929780474,-0.3924545476939134,0.5546853807582995,-2.066487562764702,1.251695657735032,-1.4578607183964636,0.751501639774142,,
1984-65-2,"2,6-Dichloroanisole",-0.39806806201181205,-0.38610004143684945,0.5334912399456877,-1.8251395950955829,1.2473750070840373,-1.377212388054787,0.5411110286127242,,
1987-50-4,4-Heptylphenol,-0.7431822636371302,-0.7586066941029084,0.5169217306529297,-2.0237428915123314,0.8710855916472351,-1.8474406113670057,0.16878381239787973,,
19902-04-6,2-(Digeranylamino)ethanol,-1.4741975419062998,-1.455729104932711,0.18511805096182096,-2.059358897321441,-1.0537298196937337,-1.8674571570027243,-1.132521396616525,,
19932-84-4,"6-Chloro-2,3-dihydrobenzoxazol-2-one",-0.0821746991684064,-0.10774302614228258,0.4900753641847986,-1.2620360052521626,1.6136381219238594,-1.0982058673567883,0.7672486791900894,,
19937-59-8,Metoxuron,0.4681279340552815,0.4584985141518119,0.3166081443937132,-0.5253683824352238,1.3816774697435859,-0.14385935770859376,1.0256565202577312,6.0,1.8464449593280488
19984-57-7,"1-(Tricyclo[3.3.1.1~3,7~]decan-1-yl)pyridin-1-ium bromide",-0.19004885416517736,-0.2216126932368776,0.5970754225784458,-1.9528086252771524,1.7354120127549044,-1.299970370738602,0.9292040778691681,,
20018-09-1,Diiodomethyl 4-methylphenyl sulfone,-1.3526255595023242,-1.3741118996947237,0.4024094650896034,-2.3229557021903804,0.20500299177432857,-2.070943636720484,-0.5793198658462119,,
2004-70-8,"(3E)-1,3-Pentadiene",0.46764417629962396,0.5131799754446189,0.5663985301082186,-1.1186343872317792,1.8158344708551633,-0.6829562081546885,1.5267348881235046,,
20056-92-2,"7-Dodecen-1-ol,(7Z)-",-0.4789165906873225,-0.4559904118924224,0.3557547836299393,-1.7738409011530134,0.37292849771707826,-1.155561064858057,0.14486850280850333,,
2008-39-1,"2,4-D, Dimethylamine salt",0.9680893331537745,0.9557684791939842,0.15904283593652827,0.5874467193120624,1.4206135309005128,0.6817482705488042,1.2623390070823812,12.0,1.8203319433406167
2008-41-5,Butylate,-0.4215423080891126,-0.41450471896462715,0.24157670497840922,-1.1404340282352141,0.1456946973672228,-0.8740880888146908,0.022525240405441713,,
2008-58-4,"2,6-Dichlorobenzamide",0.8154925217456137,0.8355032559955295,0.3363025426286761,-0.22964597027417694,1.6545934301405132,0.06799390861508463,1.3700237416944774,,
2016-42-4,Tetradecylamine,-1.5004534972362027,-1.5178151553825625,0.44855331166326284,-2.451045646452275,-0.013018460726132115,-2.2632425378402607,-0.5132919918251365,,
2016-57-1,1-Decanamine,-0.8597512672249721,-0.9007530168681882,0.3214619617835334,-1.6254270589235909,-0.12073175513257221,-1.4103912375128047,-0.16299176150439468,,
202120-08-9,PUBCHEM_71312476,-1.3653130916569893,-1.3918784746327444,0.8546403152156242,-3.6373547797545074,1.11896214005206,-3.0600042548481943,0.4257506830757169,,
2028-63-9,(+/-)-3-Butyn-2-ol,0.4673012074724347,0.5344064658421206,0.5612237844465656,-1.4610011464062298,1.9551082925940615,-0.6454551511264985,1.51093678548482,,
203-12-3,Benzo[ghi]fluoranthene,-1.1216005018174342,-1.1038514088242342,0.587793595928221,-3.0583731775500613,0.20269281926065502,-2.3204210462665196,-0.0017101291508135844,,
20301-63-7,"Phosphorodithioic acid, S-(2-(ethylsulfonyl)ethyl) O,O-dimethyl ester",-0.35746176674426955,-0.3754788054076854,0.5171453230403118,-2.2658562101722004,1.216090328051301,-1.3008868700695893,0.582754356032719,,
2032-59-9,Aminocarb,-0.8891390581816216,-0.8910474440760624,0.19439738709549503,-1.4207255246602208,-0.2580795421815222,-1.2757159170454153,-0.5075557901936184,5.0,-1.5974677896881468
2032-65-7,Methiocarb,-1.2867924604299754,-1.2825254902846335,0.2056957872764267,-2.080266432632231,-0.7830228597073681,-1.7091821003092587,-0.9166188273021075,6.0,-1.1451767492874114
203313-25-1,Spirotetramat,-0.5550768264176021,-0.5426933629714944,0.26448277454764485,-1.5816363052074165,0.42540263561623104,-1.212528814809205,-0.1504349783743831,,
2034-22-2,"2,4,5-Tribromoimidazole",-0.6703211074598474,-0.6596036166721075,0.5135689791142521,-2.2453009228588727,0.678684923339608,-1.8074978227885843,0.28395008740068206,,
20354-26-1,Methazole,-0.46798170171878395,-0.45388008630097293,0.2611825107054885,-1.2139982322504332,0.37444412805275595,-0.9466111942844069,0.014306195873808736,,
2039-46-5,MCPA dimethylamine salt,0.08638184939610735,0.125361580663503,0.38319269803979195,-1.6934582446716915,0.9616815916264673,-0.7574127099063488,0.7253175587813901,,
2040-96-2,Propylcyclopentane,-0.06209890370679471,-0.08458202354022218,0.49496042689478514,-1.6083787434626695,1.3827600915250655,-1.073064257505109,1.0226179887568254,,
20427-59-2,Copper(II) hydroxide,0.6941912714684583,0.6681503477971477,0.4313177467623853,-0.7574539205709148,1.736138497726983,-0.12530821563457556,1.4765398481684369,,
205-43-6,"Benzo[b]naphtho[1,2-d]thiophene",-1.00356484364454,-1.0175553708106,0.5243599894235683,-2.2235834459887824,0.24499701735451507,-2.0827490178260364,0.0845754514757488,,
205-99-2,Benzo(b)fluoranthene,-1.306443123391698,-1.32175640591853,0.6241973487818826,-3.2405808349862815,0.28886032531049766,-2.5234235833796452,-0.07073499851526512,,
2050-47-7,"4,4'-Dibromodiphenyl ether",-1.188648974488128,-1.1922878594316204,0.5751340432647518,-2.532246397917201,0.3477338973140831,-2.2694123616586035,-0.15135404192828752,,
2050-68-2,"4,4'-Dichlorobiphenyl",-1.1287793058456066,-1.1265665437096732,0.44428550536151185,-2.6907622401938363,-0.1936503728419479,-1.9460934019751073,-0.31137808772812703,,
2050-76-2,"1-Naphthalenol, 2,4-dichloro-",-0.755634091690639,-0.7753982463067056,0.5635471426716687,-2.394073839941731,0.6916949687903491,-1.853570967683539,0.30167005422064225,,
2051-60-7,2-Chlorobiphenyl,-0.7582714341625224,-0.7528223322530361,0.2690481714185169,-1.544021763294561,-0.17503532879350725,-1.2822895272796806,-0.29128028767893555,,
2051-61-8,3-Chlorobiphenyl,-0.6952664498733699,-0.7031956975137463,0.3024588092437389,-1.5138160213265448,0.2618688942291374,-1.2101848405534132,-0.12666762198235276,,
2051-62-9,4-Chlorobiphenyl,-0.8086816076132299,-0.7959988027558229,0.3358292248796417,-1.723601449924084,0.1760813839919863,-1.4739036318560694,-0.05707508169000103,,
2051-79-8,"N4,N4-Diethyl-2-methylbenzene-1,4-diamine hydrochloride",-0.9259626299019987,-0.9366991066650814,0.38303149885351945,-2.1443258505848637,0.38842732659486273,-1.6812513872422756,-0.20538565729034422,,
205650-65-3,Fipronil-desulfinyl,-1.8480113825076279,-1.8231206461543756,0.5913313107151951,-3.1937563982091284,0.23211489526767282,-3.010940771440485,-0.6337695532010008,,
2058-46-0,Oxytetracycline hydrochloride,0.2970811772026344,0.3025789353635594,0.2611615334913657,-0.34651515394497107,0.936534503279919,-0.2014969319308064,0.7749073624984223,,
2058-94-8,Perfluoroundecanoic acid,-0.7017681083507223,-0.6970315630279816,0.5340895759710358,-2.451485342123532,0.6540654402321446,-1.7476904102581314,0.20394314239932215,,
206-44-0,Fluoranthene,-1.7297909397058355,-1.7077038008664074,0.16774618936110025,-2.2350117836384342,-1.293077668048608,-2.0790054133884657,-1.4492085554983085,7.0,-1.4816781776626056
20662-84-4,"2,4,5-Trimethyloxazole",0.5557925699578206,0.5685427984125926,0.551134840609359,-1.5663669940517533,2.0478155588211693,-0.5679842201195439,1.6411417792352525,,
20668-33-1,"6,7-Dimethylquinoline",-0.13598609926659733,-0.17729074742125772,0.5240803974012143,-1.840048110829631,1.361735604603257,-1.0585414440114718,0.8697905994094263,,
207-08-9,Benzo(k)fluoranthene,-1.3406347815283386,-1.2932782616345144,0.6432083281391913,-2.9855436935975943,0.28979724001110796,-2.5949309624275596,-0.08547403116620757,,
2074-67-1,bis(hydroxymethyl)phosphinic acid,0.3402444500955653,0.32641959083744443,0.5325567545900582,-0.9420211345763039,1.8810903675214692,-0.48284930430107237,1.3983954151728564,,
20762-60-1,Potassium azide,-0.2012024289416947,-0.20408288941479216,0.25322180649751636,-0.9727555323615602,0.46757262301744346,-0.686161810969836,0.23360806318800426,,
20816-12-0,Osmium tetroxide,-0.8457034574235294,-0.8927315293456637,0.7678517936414752,-2.503758988304862,1.3331636720152609,-2.2387578453214667,0.6875928626294409,,
20824-56-0,"Glycine, N,N'-1,2-ethanediylbis[N-(carboxymethyl)-, diammonium salt",0.28215420934037566,0.3235675344948199,0.6513214709035313,-1.7200438547305075,2.047261599973541,-1.062934708560087,1.4021083184172924,,
20830-75-5,Digoxin,-0.7962683087661887,-0.7769045037990809,0.5879656178605799,-2.5460355496773417,0.7656236819614123,-2.0889522916624412,0.2597072351770672,,
208465-21-8,Mesosulfuron-methyl,-0.6183562252417493,-0.6008012977147099,0.6742731261991681,-2.783141671245386,1.1419654744494676,-2.009914752343259,0.5738263522727393,,
20856-57-9,Chloraniformethane,-0.8646880196755083,-0.8599481928286599,0.45715021072102846,-2.1911725743683106,-0.022444115911146555,-1.8645383617106899,-0.10932869390514881,,
2104-64-5,EPN,-2.187746959633783,-2.1813080918511085,0.16029710858256271,-2.6521485226411516,-1.7272681916165187,-2.5476211819401287,-1.8762538841109715,13.0,-1.9390613760135076
210631-68-8,Topramezone,-0.14447007805182677,-0.17004682406038232,0.46688593464665645,-1.3988808319172779,1.040783528605353,-1.0905208316286255,0.7744994150915832,,
21087-64-9,Metribuzin,-0.35534938342923417,-0.36309772898040893,0.18079068385629493,-0.8320516881710774,0.05225097611285917,-0.7185411601125989,-0.028185622016459,8.0,-1.095570900219097
210880-92-5,Clothianidin,-0.5896992907669969,-0.6006925598849799,0.29870521766675956,-1.6148199885074914,0.3742171687688551,-1.2032916293380707,-0.04624963828827617,7.0,-0.011162428210036102
21145-77-7,"6-Acetyl-1,1,2,4,4,7-hexamethyltetralin",-1.0637620107180645,-1.0500906616894015,0.38126536423051927,-2.177898995314602,-0.09685921496722799,-1.7482861098414848,-0.28001492342477374,,
2117-11-5,(+-)-4-Pentyn-2-ol,0.42023070234003235,0.3723524373718192,0.4345979223557314,-0.914637584438336,1.8079052406835103,-0.40670294135627677,1.2031443405759186,,
2122-70-5,Ethyl 1-naphthaleneacetate,-0.19558312845431267,-0.2021969985349306,0.38194284573269244,-1.1568464650869408,0.8157207262966137,-0.9014277749756444,0.5568777090864533,,
21259-20-1,T-2 toxin,-1.427288894984579,-1.4328289663674663,0.6746636400858435,-3.527617847761848,0.743115330772326,-2.638858283615885,0.04696896562750671,,
21265-50-9,"Ferrate(1-), [[N,N'-1,2-ethanediylbis[N-[(carboxy-.kappa.O)methyl]glycinato-.kappa.N,.kappa.O]](4-)]-, ammonium, (OC-6-21)-",0.17058497847332674,0.16721942880696433,0.5475526724886421,-1.3241281647366672,1.9078495935710456,-1.0246341845936162,1.1781980561223326,,
213464-77-8,Orthosulfamuron,-0.5001596670967298,-0.431178506341546,0.5479223706547995,-2.2130029561452145,0.9243631393690163,-1.653398123207189,0.5495245201130914,,
21351-39-3,"Urea, sulfate (1:1)",0.43496746375866524,0.451531947321442,0.5479882451598636,-1.414356951345845,1.863774520654845,-0.7686801118401384,1.3802523805289437,,
2138-22-9,4-Chlorocatechol,-0.22187385843066657,-0.24161451172195825,0.5327096800316544,-1.5949009725158907,1.0875103800836394,-1.2555390402359237,0.7828355198144644,,
2150-47-2,"Methyl 2,4-dihydroxybenzoate",0.19437399209438097,0.19175732350218028,0.3697509721425116,-1.3924197904862226,1.1951856894350361,-0.5055330559501476,0.8895771001356383,,
21564-17-0,2-(Thiocyanomethylthio)benzothiazole,-1.798167767989617,-1.796931332289199,0.17026796728261878,-2.34171757043284,-1.3669500777601797,-2.1221082417336907,-1.4593947415532778,5.0,-1.7923344370130443
21609-90-5,Leptophos,-1.723614438192773,-1.6949827248150218,0.29878538145226996,-2.622954401881257,-0.800940245774286,-2.3585731275275243,-1.139227835312957,,
2163-68-0,2-Hydroxyatrazine,-0.09311553085930413,-0.0899086582697681,0.5309146610547804,-1.3935218289498912,1.4332846278250628,-1.1299146166938006,1.1232982701909433,,
2163-79-3,"3-(Hexahydro-4,7-methanoidan-5-yl)-1,1-dimethylurea",-0.26585102766906454,-0.25509814892356886,0.29956307435577734,-1.1855465719067038,0.597494983853516,-0.8621613147412348,0.29878361402574893,,
2163-80-6,Monosodium methanearsonate,0.8227851011169071,0.8263866402681861,0.2267580079971745,0.23957907730053604,1.4097391230157976,0.3617257236694906,1.2149427276449163,9.0,1.8484404331181734
2164-07-0,Endothal-dipotassium,0.7523916766756236,0.7456586090557407,0.21758744408387995,0.05001188088483793,1.4493523325226565,0.33630474652243514,1.114868729960002,5.0,1.796580558228394
2164-08-1,Lenacil,-0.5508541024073086,-0.5369365601727536,0.5934419800357431,-2.0536845098323573,0.9167946754913403,-1.7105148302705075,0.6788531076268941,,
2164-17-2,Fluometuron,-0.16481760179211796,-0.16469171955667053,0.17630693343627843,-0.5735158703430477,0.3636340922447305,-0.5043047750251889,0.2004228212308709,8.0,0.8128238933969588
21689-84-9,Cyanatryn,-0.11112854274322062,-0.10113371069543695,0.41702568956060027,-1.4108093552268415,1.2204780346556612,-0.8425024735342473,0.6365267487180157,,
21725-46-2,Cyanazine,-0.3783625547599324,-0.3757783863741445,0.144990467234316,-0.7531950289104746,0.005317285547733981,-0.6411186805387566,-0.08648727361003121,,
2176-62-7,Pentachloropyridine,-1.089134320016957,-1.0992347585599629,0.4898874861527496,-2.3846172337631217,0.06855026420021902,-1.976145523980442,-0.12167351669278191,,
2176-98-9,"Stannane, tetrapropyl-",-0.9596568307779587,-0.9633929588862684,0.5487828339394425,-2.2588776047962864,0.4937591446837033,-2.035106249330098,0.15390785287405673,,
2179-57-9,Diallyl disulfide,-0.16686941086019533,-0.13405328311203402,0.6032207434656721,-2.067200864530578,1.233966089292753,-1.3621595668966382,0.876949096580606,,
21923-23-9,Chlorthiophos I,-1.6710466720562216,-1.676817580550806,0.6403102062547493,-3.231043592950627,0.27992241339468615,-2.871920695253641,-0.4418409749954546,,
219714-96-2,Penoxsulam,-0.9855442124198308,-0.9820095406529711,0.7221211655659551,-3.2446467961736962,1.002222544562935,-2.3844445909778584,0.41886974437704383,,
2201-15-2,"Cyclohexanamine, N-ethyl-1-phenyl-",-0.24305504525593108,-0.21978978138992195,0.4911802322479482,-1.7859385817920186,1.3594280995301429,-1.3520556236441024,0.7314524870989121,,
22037-97-4,"4,7-Dithiadecane",-0.36545257323356894,-0.3846687337679887,0.4578274335665971,-1.7144962402892185,0.6241118161878528,-1.2668663283565722,0.41088281890529926,,
2207-01-4,"(Z)-1,2-Dimethylcyclohexane",-0.05763052285669643,-0.06841105308618559,0.4783368192035453,-1.963662003856103,1.0902123044937941,-0.9756081057429138,0.8633091697306232,,
220899-03-6,Metrafenone,-0.9964762440374654,-1.0154729857839802,0.4507298710116771,-2.1465156319749292,0.08548278177516766,-1.8960547094704583,-0.17709692502177976,,
22104-62-7,4-Dimethylamino-3-methyl-2-butanone,0.05450290479035742,0.04855661183193327,0.471323114922412,-0.9955111444253603,1.2053152118672028,-0.8450651364947817,0.9702968783171618,,
2211-99-6,"Benzenesulfonic acid, 4-(1-methylundecyl)-, sodium salt",-1.0402666566169925,-1.1021322243319576,0.5326539531791354,-2.2634220959093243,0.9954679368816806,-1.9672590984049614,0.09593396024947562,,
2212-53-5,"2,4-D, octylamine salt (1:1)",-0.843062330760133,-0.7828443841403976,0.5597323551548724,-2.2979773313028717,0.4166235954066123,-2.0031984909622342,0.22374761208382843,,
2212-59-1,"2,4-D-N-oleyl-1,3-propylenediamine salt",-1.6138882601806785,-1.5675536149415388,0.41861429083999835,-2.6368225525078035,-0.4967253623674199,-2.421617628124097,-0.8156258289363951,,
2212-67-1,Molinate,-0.09255950965102278,-0.08734732570931336,0.11853013309049124,-0.46261851147825817,0.18893065879471443,-0.3466019261817526,0.12349129827535144,17.0,-0.14416244749134832
22134-07-2,"2,4,6-Trichlorophenyl isothiocyanate",-0.8928232328180623,-0.9056014406732665,0.5483987017838987,-2.3573497477748,0.8312293780300506,-1.9471451262637123,0.3380807693174149,,
2216-51-5,"(1R,2S,5R)-(-)-Menthol",-0.05891383194063929,-0.04327283455544013,0.4788513022695105,-1.3566637064739784,1.0893981661505319,-1.1133754104076763,0.806113214582,,
2218-52-2,"Acetic acid, difluoro-, sodium salt",0.8297344105217792,0.8863498024592045,0.5590702998283674,-0.5943617400820776,2.774455854263436,-0.29028014421383214,1.9340110436896172,,
22204-53-1,Naproxen,0.2455878312786116,0.2767682034351658,0.4327114417983702,-0.8701616760635557,1.1380402059191101,-0.6025151102973468,1.0503058350906493,,
22212-55-1,Benzoylprop-ethyl,-1.2797595476050787,-1.2608026668131642,0.3235452129370584,-2.4767893092106683,-0.5941181249168354,-1.9196408116870953,-0.6968700335247907,,
22224-92-6,Fenamiphos,-1.9786363311242272,-1.9751430025100245,0.20519297580220985,-2.5156891307585703,-1.4116545010830448,-2.426976804256253,-1.5778352679433976,,
22228-82-6,Ammonium isobutyrate,0.8725964673289305,0.9008998689516337,0.43655479519188906,-0.5433350409683351,1.9657834699032648,-0.14956150822950484,1.584414275800853,,
2224-44-4,4-(2-Nitrobutyl)morpholine,-0.6330066966993013,-0.6140270800433958,0.3898997438727003,-2.1819428396413523,0.6459383544654514,-1.3399576959778579,0.2658959921646554,,
22248-41-5,Pyrenophorol,-0.41263548319479326,-0.41988074374301465,0.6026624236001644,-2.1159033314463844,1.289948395723709,-1.5802648889583875,0.8135753634522233,,
22248-79-9,Z-Tetrachlorvinphos,-1.2135464797725863,-1.1680911657143094,0.3920406084250006,-2.267949126513424,-0.19481363179549874,-1.9859219811240534,-0.45712709290274534,,
22259-30-9,Formetanate,-0.9879082211972471,-0.9657128973554856,0.43205384048203244,-2.214242398117263,0.06919050571057969,-1.7784678281344422,-0.15535135270877695,,
2227-13-6,Tetrasul,-0.7260614014465532,-0.7272324204600062,0.536102343811781,-2.1896626481256307,0.7059478052690739,-1.7945993691206341,0.30664001077409486,,
2227-17-0,Dienochlor,-1.7793486266167124,-1.7548929853131114,0.46147195588644735,-3.256904567534395,-0.21562849681158464,-2.65326309123248,-0.922700220209313,,
22296-58-8,NSC322762,-0.6668559769395078,-0.6478282390863934,0.5790196802644856,-2.14731748098475,0.8797410747125678,-1.7443751713534859,0.4393907987836441,,
2232-08-8,1-(p-Toluenesulfonyl)imidazole,-0.1700199245763562,-0.21657989023643381,0.4833227349742507,-1.7617485274170963,1.5125513677230873,-1.116468509368451,0.8192911696540347,,
2234-16-4,"2',4'-Dichloroacetophenone",-0.3232946935866942,-0.3253502340497252,0.5341024449790844,-1.7880744554298995,1.2924666147863977,-1.3830408322493024,0.7741399466689494,,
2235-25-8,Ethylmercuric phosphate,-1.0363923993609647,-1.0523659104266545,0.3976675985886641,-2.0984800105155847,0.1042220570617415,-1.8274604535984373,-0.1329571424857877,,
2243-27-8,Octyl cyanide,-0.39398679027248534,-0.3622690025552152,0.3883479884170593,-1.688438938628764,0.6632283304885853,-1.189189427032454,0.30222375498442666,,
22431-62-5,RU-11679,-3.704083881006302,-3.680371704511676,0.2705910871892995,-4.647941100305872,-3.208907741282568,-4.26358956722546,-3.282101576490731,,
2244-21-5,Potassium dichloroisocyanurate,-0.9021972681080777,-0.9203802680478554,0.30430460424422795,-1.9040642416958204,-0.12339798658553539,-1.5125437684315466,-0.33407851360743573,,
2245-38-7,"1,6,7-Trimethylnaphthalene",-0.5276440699876206,-0.5241237526362669,0.49550422781470543,-1.8663019941818817,0.8898469474154834,-1.5431114727486663,0.41159126330603746,,
22473-78-5,"Glycine, N,N'-1,2-ethanediylbis[N-(carboxymethyl)-, tetraammonium salt",0.10872874843106181,0.1402032324279559,0.5726463010081724,-1.5971456338679249,1.2582649253332718,-1.0280276573026217,1.1105008389290374,,
225-11-6,Benz[a]acridine,-0.8364042716755535,-0.7778297849189799,0.5034540777806341,-2.1123818163272037,0.18457447947121455,-1.893071033766683,0.010562162647702355,,
22515-51-1,Triethylplumbyl 2-methylprop-2-enoate,-1.0590036292990326,-1.0783773809821093,0.6356489495480858,-2.644579616460716,0.7880786470187104,-2.260545935750422,0.2455409051389564,,
2253-73-8,Isopropyl isothiocyanate,0.03008952212914763,0.05648132232324425,0.5964413561421713,-1.5325288660869967,2.166524479475364,-1.0929190682662555,1.0765847837307672,,
2255-17-6,Fenitrooxone,-1.427545418795803,-1.4422453930461874,0.37167483189825573,-2.523899029555298,-0.5429287959300805,-2.260690582146849,-0.6434975751382283,,
2257-09-2,Phenethyl isothiocyanate,-0.49449094454080494,-0.4938947966587114,0.49824530185137456,-1.800711140826312,0.7030710183386513,-1.5510078442243143,0.5014508385028115,,
225789-38-8,Aluminum diethylphosphinate,-0.5786211911374531,-0.5225362575918615,0.5529698978552112,-2.3611733976607474,0.8172297663165974,-1.7380303898998395,0.4732995737975133,,
2259-85-0,Decanohydroxamic acid,-0.61403048103274,-0.6083812349507994,0.47709307857073924,-1.9419313890248087,0.6346931254003891,-1.5942856318673047,0.3003696130128634,,
22726-00-7,3-Bromobenzamide,0.27426383810486515,0.3089430643009578,0.40158064585907965,-0.9275267773555158,1.6448329805547386,-0.5916039968618247,1.0222653354646845,,
2274-99-9,"Phosphorothioic acid, S,S'-benzylidene O,O,O',O'-tetramethyl ester",-1.7419020679697672,-1.7253546616068476,0.3723952512688788,-2.5482176603206477,-0.7406830453948313,-2.4554285538854606,-1.0270979241159273,,
2275-14-1,Phenkapton,-1.2468882333047406,-1.2841648465330733,0.4627924590998987,-2.5671788628836962,-0.0032340651079544574,-2.2006023667944206,-0.3001266805026094,,
22781-23-3,Bendiocarb,-1.2668362137105247,-1.2677014832110252,0.21610394118956278,-1.8961166111496413,-0.7115052428740614,-1.6649153686570337,-0.823444167044712,,
2282-34-0,m-(1-Methylbutyl)phenyl methylcarbamate,-2.1221080671311006,-2.106569588127449,0.28513655739353877,-2.804301340911734,-0.975884864108057,-2.641108980944053,-1.5711012698482103,,
22898-01-7,Fluopropanate-sodium,1.1567432204894927,1.1369532361886714,0.5766889692466978,-1.4149590169716733,2.794735436709374,0.06681634360971656,2.381183352586325,,
229-87-8,Phenanthridine,-0.279806311805419,-0.3253935363237559,0.5562188371826867,-2.0494692094921647,0.9385193548410731,-1.4038670852024904,0.7670330870288117,,
22936-75-0,Dimethametryn,-0.8100063571220886,-0.7851796432625403,0.2587619624263386,-1.564116577847554,-0.14855618363075504,-1.3234324429835198,-0.3461082356580183,5.0,-0.8113131351748617
22936-86-3,Cyprazine,-0.45134180125378826,-0.4690587375055036,0.33649942921868153,-1.2535233519776645,0.6721082548885221,-1.123556692772982,0.2924563988936814,,
230-27-3,Benzo[h]quinoline,-0.3129732765777524,-0.3039696606507559,0.5557797909457127,-1.8638756787227853,1.3911742200107886,-1.3941702226958819,0.920005130005045,,
2300-66-5,Dicamba-dimethylammonium,0.24093543574845852,0.2792895043005753,0.4281814829698286,-1.4594829139920424,1.2888360664828693,-0.8080933224875668,0.9709060359450318,,
2303-16-4,Diallate,-0.6653266599237609,-0.6590595071873345,0.5647374600829186,-2.0412268925833663,1.0447541517397831,-1.782761347972667,0.24821223861288186,,
2303-17-5,Tri-allate,-1.1298141367097758,-1.1142503703016502,0.24891999708956503,-2.0738892094301913,-0.574003337321715,-1.6557530473650004,-0.7261000493960368,,
23031-36-9,Prallethrin,-2.0325253736593054,-2.0735347527888064,0.36967479951528764,-2.8003144189337545,-0.2251261548846777,-2.6680603848939,-1.3107443556149172,,
2306-33-4,Monoethyl phthalate,0.42685795023202333,0.43142222691750975,0.5097244287157314,-1.6099888028849967,1.888894772606508,-0.5160556141317155,1.426952630820675,,
23060-14-2,2-Mercaptosuccinic acid diethyl ester,0.06996129476409069,0.08461013973453638,0.4667970014363256,-1.28847737489374,1.6178192278872636,-0.8954960988808806,0.9744711398606382,,
2310-17-0,Phosalone,-1.5657580336432624,-1.5586243622932323,0.19436334055607973,-2.062780799383846,-1.1599150051509757,-1.9647713794580715,-1.2260038322450058,7.0,-0.7493992969673811
23103-98-2,Pirimicarb,-0.11873338968603007,-0.11979441366919491,0.2642514759820528,-1.0660846778739137,0.7367395087511802,-0.6631332167182721,0.35982166297159135,5.0,-1.1720389242896958
2312-35-8,Propargite,-1.4001868333475422,-1.4011018806614253,0.23376683290574227,-2.102230161689255,-0.8647718091487193,-1.818012400101259,-0.9454132140174502,,
2312-73-4,N-Benzyl-9-(tetrahydro-2H-pyran-2-yl)adenine,-0.6567581754206069,-0.6765712644225507,0.39564686863022386,-1.84251492534348,0.5659937799211817,-1.37778455122127,0.1083055669840025,,
2312-76-7,"Sodium 4,6-dinitro-2-methylphenolate",-1.2497409522692038,-1.248543318408443,0.3897640932007469,-2.474041837857187,-0.13483976800391717,-2.00510256035383,-0.5876588899043355,,
23135-22-0,Oxamyl,-0.4677969647889056,-0.43544083343256756,0.20816318172238046,-0.9216668005355682,0.07184869849839078,-0.8614817764488348,-0.08052838124334409,,
23184-66-9,Butachlor,-1.054112025058766,-1.0608031187252864,0.14974268423610795,-1.4904999989790895,-0.6424766027059029,-1.2982772503371924,-0.7377298686678353,19.0,-0.608255975726569
23210-56-2,Ifenprodil,-0.8267957979337077,-0.8542480497828046,0.44729866447679245,-1.8655513194300315,0.4464148361092777,-1.610605848853974,0.11343897783995105,,
23422-53-9,Formetanate hydrochloride,-0.5723285629331984,-0.5427473199576796,0.31405361174863217,-1.8129318224048345,0.17009636125181427,-1.2297808786164577,0.04933876926469705,,
23505-21-7,"2,6-dichloro-N'-hydroxybenzenecarboximidamide",0.20285959256147584,0.2572140590494971,0.5520229812701767,-1.26110370907672,1.7341444808481885,-0.9375270616712144,1.283513341743391,,
23525-22-6,"Arsinous cyanide, diphenyl-",-1.2697224198907078,-1.2434075694727778,0.4383698470997281,-2.328660354470054,0.06604714957513332,-2.1127265076459993,-0.44967539307570764,,
23526-02-5,Thuringiensin,-0.18835602190545483,-0.17474405399450332,0.6245611009159193,-1.5662113347427615,1.542224296503621,-1.3901702305561259,1.0190580685155246,,
23564-05-8,Thiophanate-methyl,-0.152154959984354,-0.13183042079291307,0.19780220559585895,-0.728921143252917,0.28122303033466073,-0.5433940778379246,0.19077549776838967,7.0,0.9023328300275855
2357-47-3,"alpha,alpha,alpha-4-Tetrafluoro-m-toluidine",-0.15744467853976427,-0.11867287813855115,0.5388721693565193,-1.9130217088144326,1.1421043526582662,-1.2198526165814698,0.8083110275666577,,
2362-61-0,trans-2-Phenyl-1-cyclohexanol,-0.08684397940698727,-0.03330629382340777,0.54358018317275,-1.3430134142578494,1.2024074572082513,-1.2402063348604426,0.9050341735193315,,
2370-63-0,2-Ethoxyethyl methacrylate,0.07814449577917976,0.06529479008703445,0.45134829489502903,-1.208578463594969,1.2676821659369273,-0.8424468804030448,0.9916887584728049,,
2372-82-9,"1,3-Propanediamine, N-(3-aminopropyl)-N-dodecyl-",-1.0953690232000393,-1.107524108196158,0.41936313863602015,-2.1855613483103555,0.04254427253559431,-1.8669647185337737,-0.3668673536735795,,
2385-85-5,Mirex,-0.9946314815215621,-0.9630706322209615,0.41249942764035097,-2.2882514294769662,0.12178852844600926,-1.9417625668233873,-0.27149613228242425,,
2386-53-0,Sodium 1-dodecanesulfonate,0.1659107540353218,0.20843604718892217,0.5032055661723349,-1.2100146929137368,1.235786523911703,-1.0188608832430386,1.09942402779565,,
239110-15-7,Fluopicolide,-1.1120181051129734,-1.0961895204674885,0.2930723736825628,-1.9613719754921792,0.05419279870449945,-1.7073378293636874,-0.5603493064050173,,
2395-96-2,9-Methoxyanthracene,-0.7282144506166146,-0.7201010272207717,0.5380126227015313,-2.1625625718087913,1.374458835679277,-1.7685403139421627,0.25148847022467313,,
23950-58-5,Propyzamide,-0.04242851465424499,-0.02421286487853854,0.3327849571551734,-1.0519838704630005,0.705176569237088,-0.7395238714814227,0.5918414797251405,,
24017-47-8,Triazophos,-1.6256843076394136,-1.6458047304471115,0.337635403703632,-2.4962817132828583,-0.6630746043772594,-2.2463693098501336,-1.0060049727027416,5.0,-1.4190802182699938
240494-70-6,Metofluthrin,-2.234173845063718,-2.331395576912086,0.6268720102814901,-3.586510300702913,-0.34165504297106847,-3.243896921682654,-0.9272252257698113,,
24096-53-5,"N-(3,5-Dichlorophenyl)succinimide",-0.42840820400014623,-0.4681662074269387,0.56081690411979,-2.0295119636695675,0.940347061398117,-1.484943848626888,0.6656006112116046,,
24151-93-7,Piperophos,-0.7766434152188768,-0.7584900428270951,0.3416765240240054,-1.940053226689659,-0.00870259808921861,-1.456339934965075,-0.20240099354931476,,
2416-94-6,"2,3,6-Trimethylphenol",0.008206316589397085,-0.017036766363249113,0.41447340926633985,-1.3087422186174291,1.1195610420840842,-0.820592276959394,0.8050093821350429,,
24233-81-6,"3,6,9,12,15,18,21,24-Octaoxatetratriacontan-1-ol",-0.8439454577710344,-0.8327128700229138,0.6985198543117894,-2.4600584795263876,0.80013303728606,-2.204194616414752,0.46391116000417465,,
2425-06-1,Captafol,-1.8664989497508468,-1.8659234306944488,0.19138921696880848,-2.336929603537101,-1.3950006792775693,-2.250829960413925,-1.4893795605242661,9.0,-1.5534556421053856
2425-10-7,Xylylcarb,-0.6282171930828055,-0.6069227129279511,0.3474157102429026,-1.496419658487718,0.24879006034536397,-1.3756381080568192,0.02004885809151622,,
2425-66-3,1-Chloro-2-nitropropane,-0.9510654754763166,-0.9575511195940939,0.34425925407461816,-1.7199085063847537,0.1954442605762236,-1.5771072667141597,-0.2820394639736951,,
2426-08-6,Butyl glycidyl ether,0.2636191864449014,0.3058785190748988,0.39512073270195314,-0.8951776348948144,1.0675985141493938,-0.5507329984754871,0.9027172961860975,,
24307-26-4,Mepiquat chloride,0.8587717545539411,0.893341538549036,0.4578663911169007,-0.6057185525414543,2.054349127293331,-0.18820154428434055,1.6809269971621228,,
2437-25-4,Dodecanenitrile,-0.8635858740158028,-0.8995908261769432,0.435099356248224,-1.8254209646194048,0.49827382514385454,-1.6100645133741869,0.16642489990489812,,
2437-29-8,Malachite green oxalate,-2.467839279105177,-2.444118358567912,0.374244055618937,-3.5357985509101137,-1.5246207301065353,-3.16493907369327,-1.8254477259143695,,
2437-79-8,"2,2',4,4'-Tetrachlorobiphenyl",-1.6377954554062535,-1.6410365868943615,0.40121705321916756,-2.830179104144201,-0.5731176776360727,-2.4193263882382476,-0.8761028433261288,,
2439-00-1,"2,3,6-Trichlorophenylacetic acid sodium salt",-0.14512116379398365,-0.14793596415714236,0.25549379118667637,-0.9090639230114893,0.4712766370681438,-0.6493686241013928,0.3256853075969029,5.0,0.7426346650532325
2439-01-2,Chinomethionate,-1.575893676926466,-1.6058369938173427,0.283727551495262,-2.578148703379002,-0.8388090862753952,-2.169394498914247,-0.9260449258498664,,
2439-10-3,Dodine,-1.0048374256188044,-0.998381727420951,0.25512847531687854,-1.5937734431818424,-0.10958020836900001,-1.4876431313372847,-0.457621383308037,,
2439-35-2,2-(Dimethylamino)ethyl acrylate,0.5707966530680947,0.5367019449170884,0.4726851094526726,-0.7866854125895323,2.0268337896490873,-0.4136800363941554,1.4968108034061367,,
2439-77-2,2-Methoxybenzamide,0.23182041644888116,0.3107260674715606,0.5593030346128546,-1.283520870732453,1.570335141585843,-0.9695031026661083,1.1600323279740825,,
2439-99-8,Glyphosine,0.29144186210491413,0.29478776501721066,0.5134974107716442,-1.3210358183058108,1.4649403546605455,-0.6572560305571276,1.2085284871867998,,
243973-20-8,Pinoxaden,-0.36872891803944347,-0.36621243545311744,0.27725418685732217,-1.2475564066150098,0.3083604396055766,-0.9782546102461861,0.11247215528857403,,
24448-09-7,N-Methylperfluorooctanesulfonamidoethanol,-0.9655897940024954,-0.9068857011874786,0.816196779472198,-3.3571773487109327,1.1004111238306844,-2.5308315004731248,0.6397730590822075,,
2446-69-7,"Phenol, 4-hexyl-",-0.717821342091948,-0.6994311819987943,0.4920703154888992,-2.2026904923667465,1.0825419625718402,-1.6210773274158523,0.1200189102917564,,
2447-79-2,"2,4-Dichlorobenzamide",0.13560084385984114,0.17663045714405393,0.4702052681225167,-1.3440839761998908,1.3506664855966883,-0.7272650013701868,0.8778734240439078,,
24544-04-5,"2,6-Diisopropylaniline",-0.029411820169851347,-0.015700586198222944,0.32060242935066313,-0.9970559695989027,0.8721199849938504,-0.651126563005159,0.5822686523657016,,
2455-24-5,Tetrahydrofurfuryl methacrylate,0.08935819930033789,0.06219886276187733,0.4542963823243786,-1.0483936663373519,1.5553689810599918,-0.9164302395371388,0.9400111170893184,,
2457-47-8,"Pyridine, 3,5-dichloro-",0.06921657326104053,0.04529354390566877,0.5221412992615628,-1.1658175172155578,1.3173369962943204,-0.942600241349404,1.2064939987067413,,
2460-49-3,"4,5-Dichloroguaiacol",-0.24239331085179533,-0.2342059055618449,0.33238194779814667,-1.2356513785405965,0.6941642033785475,-0.8320338722133251,0.38260091190880285,,
2461-15-6,2-Ethylhexyl glycidyl ether,-0.3194697051606958,-0.3123787567410281,0.4659489588885401,-1.3755388486657247,0.8814364943979897,-1.241879792610303,0.6007996356743993,,
2463-84-5,Dicapthon,-0.8642487024086666,-0.8563352394308901,0.5389697068361787,-2.3748892880984305,0.8750556714777428,-1.9015889042404068,0.19127786389877277,,
2465-27-2,Auramine hydrochloride,-0.9271805474306709,-0.9221258863969624,0.4922363310956134,-2.8388000854764783,0.4149700263124517,-1.8214220641122572,-0.06006177540280585,,
2465-65-8,"O,O-Diethyl phosphorothionate",0.07796005672896736,0.10998637818785045,0.5186809423210591,-1.2783353113486597,1.560432225896066,-0.9417346491538405,1.045635066580282,,
2467-02-9,Bisphenol F,-0.26738041643240185,-0.29021532447573994,0.5068836748664268,-1.6092187354219594,0.9164281091090277,-1.1994024269729526,0.7374604027921466,,
2475-46-9,C.I. Disperse Blue 3,-0.8311464415072025,-0.810321186012005,0.5570966940643718,-2.2878521299632495,0.7338402357832214,-1.9880900869591107,0.1650546033012801,,
2487-90-3,Trimethoxysilane,1.0028843644983143,0.984132833375147,0.3653253860407296,0.09806943458071644,1.8689735930535487,0.30856862535393015,1.7419713730098707,,
2489-77-2,"1,1,3-Trimethyl-2-thiourea",0.7090585938093503,0.7036282937980189,0.5819904189737514,-1.0759452113601973,2.3901944263681747,-0.5320691301775837,1.7155569466273954,,
2491-38-5,2-Bromo-4-hydroxyacetophenone,-0.5362179599348467,-0.5147813393259315,0.32886075338175463,-1.4388494244457173,0.5151303934849312,-1.268268497643241,0.07249808249859346,,
2492-26-4,Sodium 2-mercaptobenzothiolate,-0.2934033691164732,-0.3291124563769916,0.2726373668868089,-1.0235255073923855,0.5525261875367885,-0.7485725222142473,0.29078829951043556,,
24934-91-6,Chlormephos,-0.8646150875778542,-0.8837092390665103,0.3848854748068107,-1.781324679331889,0.30752406806011817,-1.4692175561280456,-0.013910685228200066,,
2495-37-6,Benzyl methacrylate,-0.3143407390066788,-0.24639129157862197,0.4357138766087696,-1.6229390366694991,1.1336708822940516,-1.2465107883681035,0.41828828406019,,
2497-06-5,Disulfoton sulfone,-0.9011285357989084,-0.971309597337487,0.6074157637368178,-2.382602105012404,0.9700620320902943,-2.051746983045943,0.3208935527226325,,
2497-07-6,Oxydisulfoton,-1.1391370800540868,-1.1697233471123467,0.5564173636830985,-2.4051989182476925,0.4157938394756874,-2.1121121170386803,0.06184738633800167,,
2498-66-0,"7,12-Benz(a)anthraquinone",-1.1617012117157302,-1.2114895631055198,0.6540543458324872,-2.5581445430354215,0.3632273786162925,-2.3412795180165498,0.2112509321911898,,
2499-95-8,Hexyl acrylate,-0.6149315895101574,-0.5797211983272814,0.3904380356411225,-1.7322030775519788,0.7458032042829128,-1.3608874577812542,0.09228729405871637,,
25057-89-0,Bentazone,0.4344350051210689,0.4664807050896539,0.4064478201934272,-0.8432916541653264,1.3752879252070878,-0.41786387217096904,1.2145908420553118,,
25059-80-7,Benazolin-ethyl,-0.3766433187596144,-0.36470191607693603,0.5360228753508424,-1.9118729230708689,1.221070088251997,-1.3621841079476151,0.6442151567340368,,
2524-09-6,"O,O,S- Triethyl dithiophosphate",-0.3215078499303192,-0.27525369233164076,0.5381963562383566,-2.2790484724655995,0.8719347926017319,-1.4645441718060244,0.6577640595383263,,
25268-61-5,"N,N,N-Tripropylhexadecan-1-aminium bromide",-1.344569363687869,-1.3472272655213966,0.6026622984692903,-3.0904306433163526,0.9645617844571773,-2.450825884642847,-0.16907588858502864,,
2527-66-4,UNII-81PV9X5Y68,-0.6470453992802703,-0.66380640591301,0.2977819898642464,-1.4277885120794722,0.3341501810126115,-1.1765974827405512,0.017822073645267767,,
2528-16-7,Monobenzyl phthalate,-0.3935881723301742,-0.3814621561204254,0.5797822739601137,-1.793083824487741,0.9429721481660059,-1.5315034366465763,0.7435984753632017,,
2528-38-3,Tripentyl phosphate,-1.204317623016256,-1.2317483671935154,0.43408662526725,-2.3728242957790453,0.03694956556930642,-2.1872069689570046,-0.35916451178307485,,
253-52-1,Phthalazine,0.484287052750169,0.4982991854042216,0.44730068862656525,-0.7442914568930112,1.7850080359673384,-0.43268722041612795,1.3783297743833967,,
25311-71-1,Isofenphos,-1.639643644087203,-1.5924848907631932,0.30299367118642945,-2.632636228902842,-0.8576457839104534,-2.3370224954633865,-1.1469564173288245,,
25319-82-8,"S-Ethyl (2,4-dichlorophenoxy)ethanethioate",-0.9523516858947658,-1.008887643313157,0.5211073064813483,-2.382475251690799,0.45448347708301745,-1.950587889493095,0.10458158346027623,,
2533-82-6,"Arsine, methylthioxo-",-0.3890529032621169,-0.38596896880163833,0.41957851538958796,-1.4306662102956986,0.8009440885273184,-1.15735614321294,0.39587929836982894,,
2536-31-4,Chlorflurenol-methyl,-0.7831768708030654,-0.7578556525076849,0.3443078300857927,-1.9990739620113636,0.2478788817642511,-1.4774360672120392,-0.15249183043852743,,
25366-23-8,Thiazafluron [BSI:ISO],-0.10424426046434351,-0.1201396029852357,0.5419224276102154,-1.6623958489847013,1.273068798836738,-1.1291833053160059,0.937159147524939,,
2539-17-5,"3,4,5,6-Tetrachloroguaiacol",-1.0289976607814517,-1.0127053403492887,0.3235554742292997,-2.1632610559247887,-0.2561635011434458,-1.6384650289591394,-0.5141308208491862,,
2539-26-6,Trichlorosyringol,-0.7163399168919017,-0.6943175888500184,0.39137738971475133,-1.9456192297773987,0.2663305782327195,-1.5855427081709608,-0.04026503865763062,,
2540-82-1,Formothion,-0.33469019414742135,-0.2880095881905456,0.4764950061881804,-1.7220194694219022,0.9655496402203688,-1.2844136321978328,0.6163700910670507,,
2545-59-7,"2,4,5-T-butotyl",-1.0820563444891058,-1.0634196666790066,0.24503041933665307,-1.8221604050422104,-0.35052171620314765,-1.5577752191996506,-0.621070491896215,,
2545-60-0,Picloram-potassium,0.31256524484880116,0.31593741251492197,0.2512605486490514,-0.48503097492389136,0.951256940673183,-0.19076959518628434,0.780447707342288,,
25482-49-9,"1,2-Dichloro-3-(2-methylphenoxy)benzene",-0.8009764629799383,-0.7981712200623993,0.5435832888401501,-2.3051040999278767,0.713354665740106,-2.01922895265161,0.12270675595640804,,
2550-26-7,Benzylacetone,0.07873414679785318,0.09747200643893712,0.5570264196096613,-1.515650691032808,1.6658268920397055,-1.0573823522882135,1.0991392251661096,,
2556-42-5,"Disulfide, bis(dipropylthiocarbamoyl)",-1.1994479525221156,-1.2108080439949824,0.44348960853502356,-2.493818416060201,0.09465025699932245,-2.0142147683686873,-0.31027068118703227,,
25606-41-1,Propamocarb hydrochloride,0.6714607255691009,0.7346872572327194,0.3648276477321589,-1.095027843951178,1.396150871059694,-0.139153627187955,1.2567582069248018,,
25637-99-4,"Hexabromocyclododecane, mixed isomers",-0.40021049174290346,-0.3965862384480193,0.29176774522787474,-1.176042185083458,0.5009239432132595,-0.9905860797529537,0.2206066017635233,,
256412-89-2,Metamifop,-1.7319185762417222,-1.6808976325212053,0.46397912008463127,-3.136480288248239,-0.4890120457759104,-2.684762833984146,-0.8811006027819733,,
25646-71-3,"Methanesulfonamide, N-[2-[(4-amino-3-methylphenyl)ethylamino]ethyl]-, sulfate (2:3)",-0.9532884256594142,-0.8929032104903989,0.4897841805950983,-2.5098732479734642,0.6893937815062228,-2.0174449967240315,-0.01067137149930948,,
2569-01-9,"2,4-D, triethanolamine salt (1:1)",0.3532545518196342,0.3491145099349666,0.3288207322253443,-0.4026616172890352,1.2532670112708943,-0.29063864567064884,0.9308121936274587,,
2570-26-5,Pentadecylamine,-1.6584144654438868,-1.704385719231731,0.5687270793828825,-3.237460063785469,0.6948356543606499,-2.5934438385663756,-0.44155506097685326,,
2581-34-2,4-Nitro-m-cresol,0.001204875251784283,0.015224714609701463,0.3718449343835745,-1.1208054244984982,0.9760914248176443,-0.7791303797580951,0.7228907376932485,,
25812-30-0,Gemfibrozil,0.37802059044778846,0.41868637327133096,0.32622297211734336,-0.6164076516309389,1.338164676232279,-0.2822256464473103,0.9358328264062206,,
25875-51-8,Robenidine,-1.6733350413406631,-1.6927248100431291,0.35869427006946353,-2.5068550197423463,-0.21613623695052278,-2.360934056752052,-0.8762834133125667,,
2593-15-9,Etridiazole,-0.5093139240004559,-0.46761850821573325,0.320453662099529,-1.7750394367884985,0.30875514131440934,-1.184176771451151,0.12790495952458356,,
2595-54-2,Mecarbam,-2.073100812941241,-2.094361362046314,0.5037350108395716,-3.342899690120414,-0.6288708117659608,-3.0545289152552773,-0.9864644898609802,,
25954-13-6,Fosamine ammonium,1.284459591360501,1.297337115917264,0.3042056580302492,0.4247500121495809,2.0570654512149655,0.6868166638528791,1.838261389714714,,
2597-03-7,Phenthoate,-2.359938420665298,-2.3555388714283785,0.19262918117778585,-2.8805768592852052,-1.7036753580153277,-2.758348025527485,-1.9891627237596579,15.0,-2.2729613361998733
260-94-6,Acridine,-0.5855505245039339,-0.5898480511430365,0.19777901910511256,-1.1457855289008,-0.038783343874764106,-0.9831761785451295,-0.23165524775481663,,
26002-80-2,Phenothrin,-2.8267633918781714,-2.852792637546249,0.23825508007802737,-3.370914309311096,-2.14165073325038,-3.2986876322374608,-2.375625092878684,,
26040-51-7,Bis(2-ethylhexyl) tetrabromophthalate,-2.316064137830475,-2.2869102929955734,0.7152079568872941,-4.46773803058734,-0.3202696226069745,-3.738563837788277,-0.997828077432059,,
26087-47-8,Iprobenfos,-0.5145200265007027,-0.48739332557159926,0.2549536122232254,-1.3400395748299034,0.07797512304445983,-1.0352439323210334,-0.029553946629942623,7.0,0.8126220183327332
2610-61-9,Propan-2-yl (3-hydroxyphenyl)carbamate,-0.26281508916278223,-0.2451751022560113,0.5692829315596838,-1.979885789464204,1.4518183989649538,-1.3918610818688526,0.7129767493492253,,
26159-34-2,Naproxen sodium,0.4216430465373595,0.43672936047426847,0.4757643067811592,-0.9474909761594967,1.6574126580580963,-0.5656288098033794,1.4821160105076596,,
26172-55-4,5-Chloro-2-methyl-3(2H)-isothiazolone,-0.8589701488432309,-0.8612317443630393,0.21013557053868032,-1.6288278997175698,-0.28041689543471715,-1.23869633148541,-0.4474323977578899,,
26225-79-6,Ethofumesate,0.007756003403066295,-0.0030743425651386276,0.23621876037464037,-0.8425609605113082,0.5880223358047912,-0.48113124577982325,0.4517955660696875,,
2623-87-2,4-Bromobutyric acid,0.2367088283170862,0.2924572878972409,0.6052887605087229,-1.5517407525313227,1.742529507579413,-0.932383593816743,1.3331261192160104,,
26259-45-0,Secbumeton,-0.20016211902383296,-0.20344351591329896,0.381536298100002,-1.5492935821052718,0.7898865689119695,-1.1230728260821836,0.544439436811072,,
2626-52-0,3-(Diethylamino)propyl isothiocyanate,-0.2975989191801976,-0.29348526842030803,0.5832097980500989,-2.0420701003137625,1.066224896876668,-1.4854469783073228,0.7814237532410954,,
2626-83-7,p-(tert-butyl)-Phenyl-N-methylcarbamate,-0.31398648526807554,-0.3241155389036868,0.41060882771058566,-1.4862265081016814,0.6297481789215892,-1.1489840253303825,0.47360140645858845,,
2631-40-5,Isoprocarb,-0.4544767045807194,-0.4349362392232151,0.32541203832011617,-1.3696425334276605,0.524974077598016,-1.2207724818931898,0.060724736586125094,,
2634-33-5,"1,2-Benzisothiazolin-3-one",-0.3117861431493687,-0.3347962309612297,0.2447082505829876,-1.0872436571596067,0.39785584390049666,-0.755480774793013,0.1746805615330337,,
2636-26-2,Cyanophos,-0.38969079653529975,-0.3658200061379937,0.48957712280300936,-1.9095261692303864,0.7438523122396675,-1.389803367503102,0.46380128133423904,,
2642-71-9,Azinphos-ethyl,-2.5252623413917212,-2.543768827900272,0.2709437841115177,-3.2771984625422217,-1.772713202116611,-3.004811632270812,-1.9539467589218684,5.0,-2.662611610577824
26530-20-1,Octhilinone,-1.6907149769635623,-1.6943817675568782,0.21139231134291897,-2.2420941061232815,-1.2288854216490512,-2.1243380337514526,-1.300700645276434,,
2655-14-3,XMC,-0.03801792552269952,-0.06358129895671019,0.4562933183829931,-1.9774137348899667,1.4592371450028112,-0.8978201824270552,0.926003500838186,,
2655-19-8,Butacarb,-1.038262048817513,-1.0378180021600505,0.5397032497527531,-2.3389958325866473,0.44694440170581695,-2.048072371733478,-0.0011032765359410969,,
26628-22-8,Sodium azide,-0.432258843465392,-0.42644068108800626,0.19681170366817263,-0.9311989049632173,0.13369921320334105,-0.8088335253114088,-0.0583744907643647,,
26644-46-2,Triforine,-0.13131964025359083,-0.1196431285252344,0.3377144561458715,-1.2430493417294517,0.6153274055904889,-0.9222783694749048,0.5038312297331102,,
2668-24-8,"4,5,6-Trichloroguaiacol",-0.6790553511781048,-0.6729315799683918,0.34521325962087146,-1.844485188510015,0.19841040361727386,-1.3022150281409364,-0.08099293185286827,,
2675-77-6,Chloroneb,-0.3381894283906903,-0.2753080021995804,0.37765717920550285,-1.4423415831586464,0.8513654438898497,-1.1278675142783747,0.36776734504526326,,
26787-78-0,Amoxicillin,-0.3289332292647464,-0.31925822872444476,0.6793364792862265,-2.888698873025938,1.2967688503771095,-1.6404952573052276,1.020700641422243,,
2682-20-4,2-Methyl-3(2H)-isothiazolone,-0.6558572695761066,-0.70026665443723,0.5043409503526077,-1.7232907052547128,1.186718532435941,-1.5184382656779083,0.6599329840690623,,
2687-12-9,"Benzene, (3-chloro-1-propenyl)-",-0.09774747329808652,-0.1343754929711654,0.5681975221725891,-2.145935686187535,1.4487088223936084,-1.2305837522902807,1.0134900125424058,,
2688-84-8,o-Phenoxyaniline,-0.34106042144735566,-0.3752667034718093,0.5535944845824127,-1.8438816052600195,1.4606807955188934,-1.3413838706418004,0.7534285238005226,,
2691-41-0,Cyclotetramethylenetetranitramine,-0.12746921324251687,-0.09568167496283855,0.46474323374844595,-1.1629554315464232,1.3606236703997383,-0.9451885806823094,0.7723594719795189,,
2698-41-1,(2-Chlorobenzylidene)propanedinitrile,-0.5068526486521736,-0.464519073000863,0.31121639388894556,-1.9072569313146812,0.26555841912354,-1.1974892858420878,0.04634598207029265,,
2702-72-9,"2,4-D sodium salt",0.8374857628078013,0.8284208300225389,0.2406310688674351,0.226978739239869,1.4735359306408895,0.4066360611290813,1.2652607965464717,8.0,2.4375953336796243
2706-90-3,Perfluorovaleric acid,-0.15746234324364491,-0.13817569924112877,0.4952816585522201,-1.7933010244235112,0.9709711687681613,-1.1913834669830463,0.7124255435131904,,
271-89-6,"2,3-Benzofuran",-0.00913306357750255,0.020040813892855724,0.5416419044036438,-2.007791385760373,1.286535574838839,-0.9775708483181551,1.0376915140243725,,
27176-93-8,2-[2-(2-Nonylphenoxy)ethoxy]ethan-1-ol,-1.1086202286371407,-1.1021865689443953,0.5058399864489312,-2.825479858483571,0.6189836493968054,-2.069189560314396,-0.11270632086053944,,
2720-73-2,"Carbonodithioic acid, O-pentyl ester, potassium salt (1:1)",0.12495673297235373,0.13658542741063293,0.39435380609510895,-0.9157004096799134,1.044871968907962,-0.6780348545685659,0.8702321582458683,,
272451-65-7,Flubendiamide,-2.472183615711003,-2.4288336779651023,0.462368643507368,-3.461629007617281,-1.1875172344785885,-3.329734959239506,-1.684676937661475,,
27304-13-8,(+/-)-Oxychlordane,-2.333226767106795,-2.343374542390883,0.40748442717901523,-3.282322966485811,-0.7617141181558023,-3.0754714157890697,-1.5169885709428834,,
27314-13-2,Norflurazon,-0.633755719286608,-0.6357935525733569,0.3373874946537359,-1.527434428121912,0.3122207550631779,-1.2658773489467658,0.08778802109586828,,
27344-41-8,"Disodium 4,4'-bis(2-sulfostyryl)biphenyl",0.16235918476633088,0.17739174354883425,0.356363734757726,-1.1795831186698211,1.038904579486309,-0.5262007175991706,0.7776690249269662,,
27355-22-2,Fthalide,-0.23717700564372898,-0.21105958588852924,0.5268491033229866,-1.8547901446893682,0.9723877807339437,-1.3347496743446998,0.65632248208164,,
2741-06-2,"Thiourea, N-ethyl-N'-phenyl-",-0.014338244704449549,0.019372546576387824,0.5115009399106872,-1.3765515515610969,1.4192349613966941,-1.1111424168959982,0.9238139970405382,,
275-51-4,Azulene,-0.11459563118841536,-0.12619484152871072,0.36448164838431824,-1.0261342359561418,0.8988969511688502,-0.8377689065496438,0.6435618641373702,,
27519-02-4,(Z)-9-Tricosene,-1.584987620876712,-1.5665789789458238,0.5204302315219512,-3.176551544927649,-0.36790160821137924,-2.6802047416223296,-0.5705336478507138,,
27541-88-4,Quinonamid,-1.0246642450551802,-1.0463329682392901,0.4915670335992663,-2.7441409034356576,0.05095178399955833,-1.8816271164949554,-0.06433941714028156,,
2758-42-1,"Dimethylamine 4-(2,4-dichlorophenoxy)butyrate",-0.3048734268401963,-0.316474958599675,0.32336030877872235,-1.1569686908003647,0.6409726455040653,-0.9564550031161333,0.3579878416223119,,
2759-28-6,1-Benzylpiperazine,0.04779238987681686,0.056629858295907526,0.525524800530919,-1.1222952640654456,1.418362683886298,-0.9423192947271631,0.9701689295212728,,
2764-72-9,Diquat,-0.2858145908075657,-0.2954534614983573,0.19735219689469147,-0.9015625997103274,0.1944093469309966,-0.7250080720232359,0.06776624116472618,5.0,0.2830735417842005
27774-13-6,Vanadyl sulfate,-0.008482022142197211,0.02160304945224314,0.3542165956770703,-0.8986807788166483,1.073771007070925,-0.7097044526665758,0.6573906890790304,,
2782-70-9,"S-{4-[(Dimethoxyphosphorothioyl)sulfanyl]benzyl} O,O-dimethyl phosphorodithioate",-1.554441222004581,-1.5838684171051867,0.36998772628933857,-2.4624765235462083,-0.5140282278702718,-2.2545218100852806,-0.8399697877969673,,
2782-91-4,"1,1,3,3-Tetramethyl-2-thiourea",0.8449801106747568,0.8294361004433669,0.557004799674951,-0.7756436990771962,2.0120535091861615,-0.30062858893438604,1.8673348638492273,,
27854-31-5,"Decanoic acid, 3,3,4,4,5,5,6,6,7,7,8,8,9,9,10,10,10-heptadecafluoro-",-1.0512917049088772,-1.0288973568748592,0.4875322805359335,-2.3480697964871897,-0.011665348395524808,-1.9870584130093851,-0.14348539856244014,,
279-23-2,Bicyclo[2.2.1]heptane,0.09522994381538626,0.10841758580498649,0.5421111056985105,-1.3938068088391684,1.6866268280666217,-0.98299563494643,1.0779017694042177,,
2795-39-3,PFOS-K,0.139795797970263,0.1657058213871117,0.1619173420699134,-0.4150424704107843,0.5875983977557245,-0.21711898245775274,0.4447528343350976,8.0,1.304043354735
280-57-9,"1,4-Diazabicyclo[2.2.2]octane",0.78106278309962,0.795534671289517,0.5603038851274705,-1.2116080434203282,1.9817547290789768,-0.30325410062538033,1.7890386167360148,,
28001-58-3,Phenyltrimethylammonium methosulfate,-0.009115979037828523,0.006021335913499841,0.5706652849311736,-1.468824058444704,1.658642088081129,-1.1837393026889065,1.0524817140369354,,
281-23-2,Adamantane,-0.4209286212656708,-0.4524001248154439,0.5384937998206494,-1.8307789894531536,0.9224498250558019,-1.3776098548925377,0.5641708207827428,,
2814-20-2,2-Isopropyl-6-methyl-4-pyrimidone,0.42160686924691715,0.4609009240482619,0.5933257020610182,-1.217613169335097,1.6897791347169224,-0.7071965345001022,1.444898187984811,,
28159-98-0,Cybutryne,-1.6544014385380317,-1.6621505225965323,0.16782388964665132,-2.0602261778463524,-1.1693754553190625,-1.9405423239840727,-1.3119023152999865,,
2818-16-8,Fenoprop-potassium,0.08968261698411385,0.09375226111831855,0.3713369315273056,-1.0519438779013481,1.180185235305497,-0.7339070878597582,0.8340229702264241,,
28249-77-6,Thiobencarb,-0.8131662008939179,-0.8102999816028056,0.10355682948087958,-1.0465397067170175,-0.5599244783981181,-1.016804799634341,-0.6187465416600986,19.0,-0.11812196209865322
28288-05-3,Butethrin,-1.4959375195092854,-1.506726655559528,0.468115884941308,-2.771167259726342,-0.14182127141996811,-2.3946345312407296,-0.5542975069980425,,
28300-74-5,Antimony potassium tartrate trihydrate,-0.35717376786407506,-0.39220819355281256,0.3362896567490932,-1.1655359785964103,0.47077743725897025,-0.9787086377974688,0.27510663471877883,,
28343-61-5,"4-Hydroxy-2,5,6-trichloroisophthalonitrile",-0.3943340804145973,-0.3691434410776073,0.4166171094455144,-2.0038540259437427,0.5603994851310582,-1.1721274630150338,0.39901732178739996,,
2835-99-6,4-Amino-m-cresol,-0.11468809312378678,-0.07937807906903949,0.575269349014039,-1.863002563149462,1.1067325345613792,-1.2776528519940904,0.9197529307568753,,
283594-90-1,Spiromesifen,-1.4108804466584948,-1.3950005827536254,0.38375917627300904,-2.786313073731033,-0.1665281823132754,-2.044594915269604,-0.663397560729871,,
28382-15-2,"Maleic hydrazide, potassium salt",0.8982989817793171,0.8442244562965251,0.590738943010655,-0.488756231863565,2.500693444612289,-0.21032351587592393,2.0831329251939814,,
28434-00-6,S-Bioallethrin,-2.057749810529645,-2.062659244490783,0.3123907635872689,-2.852925473878678,-1.3283317858174883,-2.66418519044247,-1.4544494325271315,,
28434-01-7,Bioresmethrin,-2.830381563428728,-2.8485728484398924,0.38192618237709614,-3.8501981587532375,-1.586239916478237,-3.5715079493367954,-1.992500184817905,,
2845-89-8,"Benzene, 1-chloro-3-methoxy-",-0.03816373675554636,-0.0321625528265364,0.4935632801867902,-1.5220544650871455,1.6387456939003058,-1.0014306301075493,0.8907022065781409,,
2855-13-2,Isophorone diamine,-0.02265909570313167,-0.04881546064608562,0.4715122155880991,-1.198717312064266,1.1508215699962938,-0.950664946801103,0.8227665052026695,,
2859-67-8,3-(3-Pyridyl)-1-propanol,0.4413938655891299,0.4632781020073284,0.4704711460760034,-0.7367864424600689,1.6197853724630202,-0.46066160934655115,1.205786690200144,,
2866-43-5,"2,2'-Thiophene-2,5-diylbis(benzoxazole)",-0.7355891426148343,-0.7447540726641373,0.6762636678483069,-2.4714604996240146,1.3082159296841072,-2.085841002505161,0.45246402098817473,,
2869-34-3,Tridecylamine,-1.5061701919096289,-1.5196066689413152,0.48129073653180315,-2.8260503188182415,-0.08312151028018788,-2.359868774919475,-0.49310310371990723,,
2870-32-8,C.I. Direct Yellow 12,-0.2592560294028026,-0.22907680010548348,0.5882910016846301,-2.4342051979771444,1.3882804083070566,-1.3374156338186343,0.6724069789554495,,
28772-56-7,Bromadiolone,-1.4193374071491593,-1.4247533212373376,0.4152666352824768,-2.5376614779955546,-0.22703262913956798,-2.201065980297012,-0.6004870415433073,,
288-88-0,"1H-1,2,4-Triazole",0.9630808151257872,1.0165863139017977,0.6245259244562605,-0.616674042170107,3.010152979914743,-0.3190110525528727,2.027612047028234,,
2893-78-9,Sodium dichloroisocyanurate,-0.9010768609556884,-0.8913549417634125,0.24506586225691745,-1.7903235595074054,-0.27325074770635155,-1.3527363988557344,-0.4498046375599297,,
2894-51-1,2-Amino-4'-chlorobenzophenone,-0.6303473330635259,-0.6218582691685504,0.5437785210386331,-2.391950904358458,0.7640695305083901,-1.773946693315587,0.5040539718217338,,
2896-70-0,"(2,2,6,6-Tetramethyl-4-oxopiperidin-1-yl)oxidanyl",-1.1756529012959902,-1.1873288234678372,0.44883832362231924,-2.356963888266103,0.20238541444657895,-1.9031048584913997,-0.25118493130977165,,
290-87-9,"1,3,5-Triazine",0.7912573037942902,0.7989402606806699,0.6196232727605409,-1.4959980177698755,2.802449681132176,-0.3943193591148329,1.8993010276581335,,
2905-69-3,"Methyl 2,5-dichlorobenzoate",-0.23782430062938253,-0.17649821939635996,0.40512816245455446,-1.5208971220582685,0.740816621856795,-1.0593813397876988,0.5201356526754951,,
29081-56-9,"1-Octanesulfonic acid, 1,1,2,2,3,3,4,4,5,5,6,6,7,7,8,8,8-heptadecafluoro-, ammonium salt",-0.7245800937965534,-0.6993376927632151,0.6185156871201712,-2.689729911298259,0.7467768888564594,-1.9851480444076097,0.32920303738179,,
29091-05-2,Dinitramine,-0.9374070281451539,-0.9326695556194144,0.2335396870848673,-1.6349435583417473,-0.38535236756122293,-1.43309713582322,-0.5082020140758984,,
29091-21-2,Prodiamine,-0.4570614418046793,-0.4457816232072399,0.3821912521923102,-1.8637328787687695,0.46711127704715827,-1.1947915764643762,0.22789326338986604,,
29096-93-3,Dibromothymoquinone,-0.7370028461872978,-0.689934298707814,0.6187214784273642,-2.485141849548073,0.8977695166650081,-2.084251119858018,0.4424245609937638,,
291-64-5,Cycloheptane,0.5321045391295335,0.5310630871071653,0.473456332852707,-0.7764158178234251,1.7630926871627877,-0.41900898250812263,1.3767200592617876,,
29118-87-4,cis-Thiocarboxime,-0.4502457747888947,-0.4611096276487464,0.3096995073826734,-1.338033923297438,0.4937583294900474,-1.1135601746439772,0.16230269459207294,,
29122-68-7,Atenolol,0.3330865731920033,0.3472759392736835,0.46240639507391873,-1.7002417407932542,1.7219946563142812,-0.5619731669854349,1.104493442177487,,
2916-14-5,Allyl chloroacetate,-0.007143650250334992,-0.004315867142606971,0.5398582148790764,-1.7030335858145693,1.2493952337565235,-0.9959560604721335,0.9992143023895844,,
2921-88-2,Chlorpyrifos,-2.815393529743226,-2.8238082987705235,0.100488354110915,-3.08635740424667,-2.542704973339903,-3.005581221980041,-2.62143942150301,64.0,-3.0291496949514007
2923-18-4,"Acetic acid, trifluoro-, sodium salt",1.2214820740326178,1.234053423621467,0.5449368783071628,-0.25052200373713157,2.4093357442620595,0.10882173917820542,2.2619458617727153,,
29232-93-7,Pirimiphos-methyl,-1.9283960243067788,-1.9191029093183245,0.2773381912618749,-2.6544146843543635,-1.081117897498886,-2.4723821827239796,-1.4526417146452069,9.0,-2.2371312119309774
29235-71-0,"4-Morpholinepropanamide, N-(4-hydroxyphenyl)-, monohydrochloride",-0.3886093958703048,-0.36331187805992626,0.5586755807460205,-1.9225894389809066,1.0755701371898396,-1.5921499088689397,0.5374452529352886,,
29245-51-0,"4,6-dinitro-2,1-benzoxazole",-0.7808548441438813,-0.8596232460341604,0.5095426313454945,-2.0539254707566625,0.9057068190406539,-1.9477892084144826,0.28109982336359834,,
2937-53-3,"Thiosulfuric acid (H2S2O3), S-(2-aminoethyl) ester",0.21363368215962922,0.20694076255319027,0.44095916111509814,-0.9697883646466271,1.7781236471721644,-0.7285573015033104,0.9969125774006057,,
2939-80-2,cis-Captafol,-1.3675258718853325,-1.3560210465480933,0.2895808654902643,-2.216544453697184,-0.649233723149518,-2.0430591746018663,-0.8380267913346008,,
294-62-2,Cyclododecane,-0.2771191986740337,-0.27745687444057787,0.5590181253730879,-1.8541655890045852,1.4622612515963567,-1.408685163385009,0.8165131915623779,,
2941-78-8,2-Amino-5-methylbenzoic acid,-0.19653995189274498,-0.18278931038921464,0.581511018159387,-2.2602400363820525,1.2976887847698007,-1.3993582233791253,0.9597281997483359,,
29420-49-3,PFBS-K,1.521044133476848,1.5524409691923495,0.2587379474334768,0.7723244022730473,2.1491217352161853,1.0173469005781515,1.953737727226496,5.0,3.005067293904082
29450-45-1,MCPA-2-ethylhexyl,-1.054771177880129,-1.0479022885917544,0.35268588222053426,-2.105367106763808,-0.14019339407113396,-1.6954180833409414,-0.41043441220866667,,
29457-72-5,Lithium perfluorooctane sulfonate,-0.1078327457306662,-0.08385134065579247,0.3978198915648914,-1.407307279840321,0.9372219657109933,-0.9674545829010108,0.731703976632188,,
29553-26-2,"2-Methyl-3,3,4,4-tetrafluoro-2-butanol",0.27442442539514356,0.25957284853279683,0.5461989593417254,-1.391965087570485,1.5488779115150733,-0.893233341491174,1.2670988618643129,,
29587-92-6,"cis-1,2-Epoxycyclododecane",0.04841105673644057,0.059219909279098745,0.5259928730575135,-1.505613474236782,1.4443573990718264,-0.9357653590564314,1.0647208382420645,,
2961-62-8,Ioxynil sodium,-0.5059637757650196,-0.5061978729802414,0.47690867455068314,-2.188145828728526,0.4575130300147065,-1.520102911492091,0.3291265742459176,,
2961-68-4,Bromoxynil potassium salt (1:1),-0.3630350450503363,-0.3388649809061639,0.5115797797796019,-1.9147949880257231,0.7594288937379245,-1.2600134598827208,0.5800077938484359,,
297-78-9,Isobenzan,-3.035028288642084,-3.023610796677253,0.38372560176232134,-3.9432165797220793,-1.7426437223684732,-3.7248838471710792,-2.289053422131438,,
297-97-2,Thionazin,-1.0006753442587728,-1.0249084203209813,0.5046149614347478,-2.3249883741970048,0.4200023608231604,-1.9594141520827468,0.0012568772945899891,,
2973-76-4,5-Bromovanillin,-0.2205921844164836,-0.23411174448023808,0.5696602191920227,-1.9624865483979241,1.4006790246497633,-1.4730967473831473,0.9065551111265937,,
298-00-0,Methyl parathion,-1.8533089844138388,-1.8480951683522504,0.10485325526199718,-2.140107899845324,-1.538677886124242,-2.079578314605651,-1.6913074051416694,49.0,-1.3192098555481717
298-02-2,Phorate,-2.4312699657999657,-2.4260761818158247,0.1738961851208991,-2.90111967116911,-1.9534395812524181,-2.7366478820722184,-2.0888819504438607,6.0,-2.827603845046505
298-04-4,Disulfoton,-1.4638717197411444,-1.4494464921874886,0.20024198031077076,-1.9184060589236265,-0.9201065603569536,-1.8570790818061047,-1.0427513510973125,10.0,-0.887395222279729
298-06-6,"O,O-Diethyl dithiophosphate",-0.4327196455205778,-0.47702078462913455,0.512327347467143,-1.658065914135388,0.9847086300072223,-1.4793192968399902,0.7108834061431039,,
298-07-7,Bis(2-ethylhexyl) phosphate,0.03301695986423923,0.015340322952817877,0.2720456185512646,-0.8428252418310452,0.6731216982148632,-0.568801968660277,0.5469968781698972,,
298-46-4,Carbamazepine,0.2687360504112178,0.27655980227394494,0.2506238852371601,-0.7409165679383756,0.94346022651588,-0.20994216041722444,0.7600586216427937,6.0,1.5112990756518252
29812-79-1,O-Decylhydroxylamine,-0.6499791087080747,-0.6801298980087491,0.5511063037941003,-2.1567495124453138,1.2018257962427876,-1.5917668735503248,0.42118139842138175,,
29878-31-7,4-Methyl-1H-benzotriazole,0.47703607807391213,0.5303598952918644,0.45993405924530567,-0.7578537894054296,1.4882593124512355,-0.5797428319434433,1.306409725469437,,
299-84-3,Fenchlorphos,-0.9924200906796465,-1.0116897835267769,0.21297769775123374,-1.5025993350073699,-0.39644771182154603,-1.3913711984140142,-0.5562630265986851,9.0,-0.39084710704863374
299-85-4,Zytron,-1.5229969258602052,-1.52970751901052,0.5420085781013307,-3.1267364590973536,0.4182480410344165,-2.51198060385093,-0.4621801205622266,,
299-86-5,Crufomate,-0.33607995526255846,-0.3216944628531917,0.2813656255472485,-1.0800777557997374,0.28282618342330323,-0.9121090353940168,0.1757079997454573,6.0,1.4450167190399814
300-76-5,Naled,-1.8063890352246912,-1.8034331814771236,0.13451401411061797,-2.206122018789611,-1.3933976527594465,-2.074279402751785,-1.5380828095546635,13.0,-2.2404579054016938
30043-49-3,Ethidimuron,-0.07819080187822353,-0.025171836894907835,0.5359565269879568,-1.804707462480028,1.1877437318804724,-1.1310925504209013,0.9263664332324296,,
301-04-2,Lead(II) acetate,-0.2295526165380744,-0.23751443192712102,0.20170998785985,-0.7388832930010562,0.2572965802586781,-0.6167317224214175,0.13834020593543003,9.0,0.3007599444223755
301-11-1,2-Thiocyanatoethyl dodecanoate,-0.6852690332667727,-0.6895981749140392,0.4889856257615272,-2.051176129429911,0.6017392440854455,-1.646175677648733,0.3560132868824799,,
301-12-2,Oxydemeton-methyl,-0.5082725004683095,-0.5121778483587558,0.2135743813576218,-1.0651386738356083,0.09803846826569552,-0.9320360578802659,-0.08597806586421339,,
3018-12-0,Dichloroacetonitrile,0.11769525409092624,0.14684731741694007,0.5695954391801816,-1.3202007237116329,1.752401396299989,-1.0458647881991254,1.1231157118235113,,
302-01-2,Hydrazine,-0.9347776083321833,-0.9415824768347834,0.17244904675471756,-1.4223877960132152,-0.4633693120283578,-1.2496255320047445,-0.6043163855839604,6.0,-1.0153822119367102
302-17-0,Chloral hydrate,0.7255703744783366,0.7226927049789658,0.39465548630681985,-0.7221888398913537,1.7745956045906741,-0.19307826239144293,1.511704894428119,,
302-95-4,Sodium deoxycholate,-0.009119156901588179,-0.04214259193083051,0.4493703755523204,-1.0983868273492081,1.1363236149990485,-0.80531806177732,0.9415916499641583,,
303-07-1,"2,6-Resorcylic acid",0.18164205545913095,0.20114237347340874,0.4428857428497594,-1.3437234545241457,1.4799367527158989,-0.7491667862876599,0.9882713761023663,,
303-38-8,"2,3-Dihydroxybenzoic acid",0.6636747292174596,0.6906565241869816,0.41474903869713053,-0.5091617626141409,1.799320113230959,-0.06889418066782771,1.418980707403271,,
3033-77-0,"N,N,N-Trimethyl(oxiran-2-yl)methanaminium chloride",1.0470162126234925,1.040040390844073,0.4932403635165779,-0.14921554500533413,2.504157364681774,0.02329541679504892,1.966440298876235,,
30388-01-3,2-Hydroxypropyl methanethiosulfonate,0.2441003606532794,0.24355880113741424,0.2883737000578182,-0.698126717751654,0.9853229598739724,-0.24089384947852835,0.7936839152209259,,
30406-18-9,"Heptanamide, N-hydroxy-",0.21724704553805593,0.23634449188632117,0.5025064337272127,-1.1899575302115681,1.4062064286950666,-0.8219998858089375,1.2532104935654864,,
305-03-3,Chlorambucil,-0.20159491550135336,-0.1722608332749332,0.4453837531151227,-1.1962160512168043,0.832343747192845,-1.0503836879405253,0.6089616440315548,,
3055-93-4,2-[2-(Dodecyloxy)ethoxy]ethanol,-1.0707546797763154,-1.078879707247698,0.6155277002593816,-2.5392314805584517,0.5609592518055118,-2.2357669252104837,0.07934108565286968,,
3055-95-6,Pentaethylene glycol monododecyl ether,-1.2446431418743669,-1.2081813661321568,0.5723216963521677,-2.886550181704154,0.5282050531170844,-2.3907941812681646,-0.13288397161987958,,
3055-97-8,Heptaethylene glycol monododecyl ether,-1.3762367050924609,-1.3908722707673746,0.5866723199068884,-2.832149154103621,0.06392327696933521,-2.5301911373951778,-0.2934457072035324,,
30560-19-1,Acephate,0.3832813356016937,0.37741847410692386,0.23913282197692634,-0.3404397442750778,1.042475968091583,-0.0978190900409626,0.8209900755874181,10.0,-0.14917457969898051
306-52-5,Triclofos,-0.15558807636898675,-0.13633239277001233,0.46833657513022725,-1.445905077137898,1.4440489071283933,-1.0181505358208012,0.7094279699671953,,
306-67-2,Spermine tetrahydrochloride,0.3528246163562393,0.3316548941628527,0.2774912085135661,-0.40664180407402994,1.0882169800448454,-0.20528138193721956,0.9276125199178601,,
3060-89-7,Metobromuron,-0.14782425497774315,-0.10898201767962612,0.30228732115529355,-1.1710727402336225,0.5235910644651502,-0.7617801786589015,0.39224500891381303,,
3064-70-8,Bis(trichloromethyl)sulfone,-1.061868516314464,-1.0635252312379824,0.3558255589427093,-1.9573516241251172,-0.03911596271710002,-1.7100442106653226,-0.385126791808524,,
3066-71-5,Cyclohexyl acrylate,-0.3936410224213901,-0.40415776508607654,0.5355420722811555,-1.7394383333472272,0.9574915659231383,-1.3616616452107004,0.6471847660602301,,
307-24-4,PFHxA,0.2686819750082796,0.35679762347857613,0.5897855854318016,-1.4153099428238856,1.6261287817262498,-0.9007481686141845,1.288430881136502,,
307-55-1,Perfluorododecanoic acid,-0.6583319820626824,-0.642868555333695,0.47965967346239413,-2.20651920524959,0.3889536649489776,-1.5807532345036712,0.176205365676428,,
3073-66-3,"1,1,3-Trimethylcyclohexane",-0.20336492873529252,-0.21289826262626071,0.5137022582846175,-1.6584980224750745,1.423989246242466,-1.1808675378509477,0.9085669019017915,,
309-00-2,Aldrin,-2.2442617331190946,-2.2289005174382575,0.126180964686926,-2.6109063897976967,-1.9778057297085385,-2.5196292292796136,-2.018356327923617,44.0,-2.1648383476440656
309-43-3,"Secobarbital, sodium salt",0.011190904475680963,0.03473308253568615,0.5148872540108489,-1.5580661331427605,1.1895817571885576,-1.0192005041522016,0.9690589670549121,,
3096-70-6,"3,5-Dimethyl-4-aminophenol",-0.740480050758181,-0.7260095874349519,0.3178997319525249,-1.5280086490123188,-0.029521522099538927,-1.3717727510432118,-0.1843470659692496,,
311-45-5,Paraoxon,-2.173470686764006,-2.144608649763,0.3273464466718292,-3.128505491815214,-1.3921963686139247,-2.8925534417154948,-1.5951620898160823,,
31121-93-4,Ibuprofen sodium,0.5591710493766354,0.5641692065333193,0.45773133508583486,-0.6812567542968323,1.8498154964038167,-0.30566295271990523,1.3307570399273403,,
31218-83-4,Propetamphos,-1.2714604711643032,-1.2704373093411858,0.31545595111210434,-2.030820670951842,-0.5360319468810799,-1.9029698023923296,-0.6818164922283958,,
3126-90-7,Dibutyl isophthlate,-1.0760746323737285,-1.073017197387378,0.44141630676222615,-2.297472531402525,0.18389796558263075,-1.9051221363588504,-0.2457856145712024,,
314-40-9,Bromacil,0.23782065015973305,0.25570348094974893,0.2639803417753443,-0.6703027413601552,1.0450622124013753,-0.2929431656580047,0.7319758944748244,,
31430-15-6,Flubendazole,-1.2935831875262795,-1.3057544009295396,0.3928895389760707,-2.4179427180147868,-0.3251067851185183,-2.1061858710680528,-0.575830965453879,,
31431-39-7,Mebendazole,-0.8275404347784743,-0.8402830239487451,0.5831398861619305,-2.4832741575162216,1.105753099283172,-1.9908838605248695,0.17372991005431046,,
315-18-4,Mexacarbate,-0.9475117503748234,-0.9258616045806503,0.17220279970169178,-1.3628861927237466,-0.5332553120893629,-1.28163772571773,-0.6067665589591701,6.0,-2.0552679076557396
31502-57-5,2-chloroethyl-N-cyclohexyl carbamate,-0.04481228238106888,-0.044201977894621346,0.42730015506319785,-1.1984165285315582,1.1249491714776558,-0.9395744084877056,0.8192734776441132,,
31557-34-3,"2-Methoxy-3,5,6-trichloropyridine",-0.43468747274690744,-0.40156459803948974,0.34453783290651513,-1.4233669122579122,0.38866961940918926,-1.140484623833834,0.2254923614580761,6.0,0.32485383068277784
3179-90-6,C.I. Disperse Blue 7,-0.044702708823423,-0.07503757112890942,0.44870808732311657,-1.5172556756489632,1.5144103460709049,-0.8675235797947433,0.7507500548566204,,
318-98-9,Propranolol hydrochloride,-0.9446438512546704,-0.9284552021234251,0.40303835753519657,-2.047953686834292,0.3612551462988338,-1.7238861090259725,-0.15038746408438058,,
319-84-6,"alpha-1,2,3,4,5,6-Hexachlorocyclohexane",-1.1418642948903712,-1.1324819654811447,0.25038236718168494,-1.8400000612261564,-0.5172559231274152,-1.6388847822232202,-0.6648939087136028,8.0,-0.7276420813892881
319-85-7,beta-Hexachlorocyclohexane,-1.0445076258291326,-1.0362669777201186,0.2952802251085958,-1.767450306414858,-0.20554841043506575,-1.6393515510338357,-0.49311070601863555,,
319-86-8,delta-Hexachlorocyclohexane,-1.180924422576314,-1.1778581599938862,0.2722082762021453,-1.8985532215276568,-0.3152919448268531,-1.6950445206799325,-0.6347428717886537,,
319-89-1,Tetroquinone,0.22685997058523885,0.2240671796998406,0.5450028803344151,-1.017114028859942,1.3302737973737488,-0.8084142250726539,1.2415307183020383,,
31934-88-0,5-Chloro-3-methylcatechol,-0.17969474030481072,-0.20081617963548787,0.506065571313045,-1.7440575669216607,1.0763589869464305,-1.0850856915991045,0.7014837054966223,,
3194-55-6,"1,2,5,6,9,10-Hexabromocyclododecane",-2.216533123033825,-2.227762310401836,0.632807059132128,-4.263095804832148,-0.3100982200599833,-3.2869368764371867,-0.980993560163736,,
31972-43-7,Fenamiphos sulfoxide,-1.6343555643074341,-1.6670120914038578,0.5053899194605821,-3.0088211870389174,-0.13136476393922003,-2.5196241910789494,-0.5153824816394518,,
31972-44-8,Fenamiphos sulfone,-1.7632711208211302,-1.7796762633969703,0.5394422444824128,-3.1195283067667927,-0.18610087156947583,-2.6905240474607393,-0.6359446659076837,,
3204-27-1,Dinoterb acetate [ISO],-1.4762297045213058,-1.5198987993436819,0.5117926295167643,-2.812015671689042,-0.08395996897844712,-2.385949937655136,-0.38347323410461276,,
3206-31-3,Triethyl nitrilotricarboxylate,-0.3069253042486443,-0.29842826584499105,0.5019441261370337,-1.8879241126330808,0.9307738118576303,-1.2069692145375122,0.6096539329347477,,
3209-22-1,"2,3-Dichloronitrobenzene",-0.35826909638645943,-0.3375807905063862,0.32284554983966873,-1.2323499299044038,0.5359990387270572,-1.0177653053482105,0.19002375842172475,,
3214-47-9,"C.I. Direct Yellow 50, tetrasodium salt",0.19165394250419093,0.2242680994635614,0.6340389175830448,-1.9317724953247453,1.8610819156559215,-1.24983030601456,1.4184858325657872,,
3218-02-8,Cyclohexanemethylamine,0.34555389100145284,0.36649153014938113,0.39810433788408,-0.8180190968307017,1.3353768113193931,-0.30075137919371775,1.1752826643811234,,
32273-77-1,Octahydro-1-methylpentalene,0.02350989852308056,0.04759421337588593,0.47632226096421154,-1.1410105943710946,1.0699226934583517,-0.8731588866203162,0.8315403798048333,,
32426-11-2,Octyl decyl dimethyl ammonium chloride,-1.267488657731842,-1.3266792217720558,0.5538367024747629,-2.5905171062114785,0.20405235537632957,-2.3269369035898575,-0.15635576057988707,,
3244-90-4,Aspon,-1.9367484633918302,-1.9186964531132538,0.37098247937966855,-2.836955473631818,-0.8353790085850072,-2.5988884273992534,-1.2821199070291778,,
3251-23-8,Copper nitrate,-1.4453264877294416,-1.4459993222855216,0.12788273839478054,-1.8003235338630346,-1.0621354669540581,-1.6924270962521684,-1.2171128865607395,15.0,-0.8808954694403788
3252-43-5,Dibromoacetonitrile,-0.8439432909566688,-0.8608691668732222,0.42731263671819825,-1.975345547258632,0.2050429319175978,-1.7943773171962465,-0.015437666056631718,,
3254-66-8,Diisopropyl paraoxon,-0.9462919652031837,-0.9470035165260124,0.575518574929337,-2.5386652146806736,0.48442758545393827,-2.0156215134764395,0.22109971958670585,,
32598-14-4,"2,3,3',4,4'-Pentachlorobiphenyl",-1.6612076998320928,-1.695092072239746,0.6915129194358016,-3.8512145397555884,0.3163722872246044,-2.9938917723302634,-0.30156018487430497,,
3260-87-5,3-Chloro-o-cresol,-0.22182593755127047,-0.2206567902722616,0.5477449351150864,-1.9643987846578952,1.6283507136119397,-1.245776144513352,0.7169519957644738,,
327-98-0,Trichloronat,-1.4268360877604522,-1.4095029956582588,0.31243716012031225,-2.2772540067185756,-0.41808303284012005,-2.0527753137082025,-0.8363826673618308,,
328-50-7,alpha-Ketoglutaric acid,0.4949513395268812,0.4600097098349778,0.5917749895046754,-1.057132100962609,2.1844618487369116,-0.5015823263807557,1.6203725196919632,,
32809-16-8,Procymidone,-0.8934690232034961,-0.8770659158075234,0.5976150510263654,-2.950214254205422,1.063588589330835,-2.170169481775157,0.3516945420722748,,
3282-73-3,Didodecyldimethylammonium bromide,-1.2145838754011333,-1.2249688592360184,0.5795623738553404,-2.5536639350234482,0.23511264095299717,-2.373502858817713,-0.15915894505185568,,
329-71-5,"2,5-Dinitrophenol",-0.33710064671430956,-0.37583952979536583,0.49859279156346664,-1.8640209627416162,0.8530319343686632,-1.2944235120935599,0.6529951984372554,,
3296-50-2,trans-Octahydro-1H-indene,-0.10131485087802834,-0.10515439769392212,0.5135667834628244,-1.745733692761985,1.4560190311393026,-1.0135838377433664,0.8801375285985711,,
330-12-1,4-(Trifluoromethoxy)benzoic acid,-0.19091342183250923,-0.13285966622005785,0.5894912710673914,-1.9957237531255967,1.111008085465334,-1.399820966534323,0.8766392059826983,,
330-54-1,Diuron,-0.8306773923912109,-0.8283826879601262,0.09862176268645617,-1.043629073910248,-0.5997425779870944,-1.004079616641496,-0.6403111583643188,28.0,-0.6314447148251022
330-55-2,Linuron,-0.9985536363240981,-1.0059214074095508,0.18978585528099579,-1.4743556285124277,-0.3209724063721827,-1.3508746693361993,-0.6793987892132772,,
330-93-8,p-Fluorophenyl ether,-0.7483040315827614,-0.7523554506292836,0.4812676869992022,-1.9424134193202272,0.31026921152242254,-1.627352105014482,0.14085377475393582,,
33089-61-1,Amitraz,-0.7504745978761708,-0.7500869813324885,0.254757598790732,-1.4983895507732732,-0.03493683214165972,-1.284697389901056,-0.22457539519574307,,
3309-68-0,"Phosphorodithioic acid, O,O-diethyl S-((propylthio)methyl) ester",-2.273665632363452,-2.2789199658496617,0.2654751402812452,-3.2326723914022697,-1.6552295578548537,-2.8963288242924037,-1.7967747875115492,,
33125-97-2,Etomidate,-1.1309813782690668,-1.1109317121183007,0.2851760405654951,-2.0346301101547013,-0.5287783032724686,-1.7692093622659844,-0.6101083687060292,,
33213-65-9,Endosulfan II,-2.448520188883502,-2.4521552295971567,0.2773672023388249,-3.154405435672213,-1.6244091755562078,-2.9635277861821385,-1.7675249920213012,6.0,-2.1394728208726246
33228-45-4,4-Hexylaniline,-0.4886482005314349,-0.5493056865478492,0.5484964277529943,-2.30201839955306,0.8922563748723675,-1.4607237814881486,0.5586169219069644,,
33245-39-5,Fluchloralin,-1.9061149270288171,-1.9217950875442034,0.2466911082713809,-2.4855925541533184,-1.2613742115546844,-2.3983615001487912,-1.4020534817715573,,
33284-50-3,"2,4-Dichlorobiphenyl",-0.9483524267366146,-0.9679566768889408,0.5165018700475528,-2.084077340137634,0.4173336380053362,-1.8688633717848249,0.17214581305820129,,
33286-22-5,Diltiazem hydrochloride,-0.9647142032571552,-0.9922824377751871,0.6813473593217666,-2.7190602462374707,0.6483380242030703,-2.332033407186457,0.257122475673939,,
333-18-6,Ethylenediamine dihydrochloride,0.1947199318653626,0.1679837542188264,0.49859817009542834,-1.1311033377406476,1.8573106846743839,-0.7235789904770953,1.047072656147332,,
333-20-0,Potassium thiocyanate,0.7666970353384996,0.79094369709448,0.3005245630906316,-0.15972139392643,1.4274083244039601,0.07809223141761676,1.2842329003082442,,
333-41-5,Diazinon,-1.7323944782715222,-1.728626021767116,0.125287674734862,-2.073195613007118,-1.4286620605867617,-2.022588838510967,-1.4951598026503932,61.0,-1.5703929926296738
333-43-7,O-Ethyl S-(4-methylphenyl) ethylphosphonodithioate,-1.4614745498472985,-1.4497563122521648,0.5438695364889891,-3.150201028187785,0.10615251352728351,-2.5159147991495274,-0.3562011409266984,,
3337-71-1,Asulam,0.013308440354615203,-0.0004452943072047697,0.45068656499542525,-1.231531525457522,1.3832301846847332,-0.9064737647272921,0.9588007467846303,,
3344-12-5,Isomalathion (metabolite of malathion),-1.6383636695121861,-1.65760175365772,0.5711609845762773,-3.0111755376096356,-0.020177554915756513,-2.8586342711487926,-0.5659439547311772,,
3347-22-6,Dithianon,-2.198706857652141,-2.158580852388698,0.2813994178702577,-3.146948180083665,-1.4917631906051905,-2.875752734255963,-1.7222818440120053,,
335-67-1,PFOA,0.7082142876933757,0.7218776097505712,0.17020710603920627,0.25312663704111277,1.2011824899804857,0.37594978866218076,1.0329342778816064,7.0,2.0444471358391594
335-76-2,PFDA,-0.07917393455126423,-0.09558331142007734,0.31251480964526657,-1.002941851811789,0.8279994202969255,-0.7122888717424359,0.5472919407711702,,
3351-05-1,Acid Blue 113,-1.0868524778638515,-1.0861941041572059,0.46124042047110936,-2.918563339314715,0.2818420936944119,-2.0679289879830898,-0.21239661448666458,,
335104-84-2,Tembotrione,-0.8236444904111064,-0.7906908381478632,0.4728630450866039,-2.01840800837065,0.3940326169646388,-1.8329721667913983,0.0439543634450242,,
3352-87-2,"N,N-Diethyldodecanamide",-1.0353773386385248,-1.0349354043750565,0.5577533083039162,-2.5632120371332485,0.46441247396362395,-2.1451338505142408,-0.07363466412890954,,
33629-47-9,Butralin,-1.0483783272163878,-1.0534803273343676,0.3534237929178205,-1.8645830455381582,0.561870437497811,-1.6858469904370719,-0.22632509163975803,,
3369-52-6,Endosulfan ether,-0.9513182503219594,-0.9322413520570495,0.40819776318013873,-2.251897409065302,0.49538012337237125,-1.7641175922212298,-0.24862974744122493,,
33693-04-8,Terbumeton,-0.26460319405095495,-0.2669544117191365,0.2507362354233269,-0.9221785706902926,0.5922568989018971,-0.7183081166527938,0.2239581396713765,,
33704-61-9,"Dihydro-1,1,2,3,3-pentamethyl-4(5H)-indanone",-0.4553909793441596,-0.4278642468745203,0.5391961039600515,-2.191751152878629,0.8411358681826974,-1.5376291746130253,0.4584780336809052,,
33719-74-3,"3,5-Dichloroanisole",-0.25707369121478924,-0.26280747697514983,0.5167302040438553,-1.8997846869936437,1.255888769944601,-1.2157418373590734,0.7600967990994684,,
3380-34-5,Triclosan,-1.6514844373451092,-1.6489669249527708,0.19121581912544372,-2.124636031533346,-1.1697342732771705,-2.0111874382328048,-1.3153657072713527,5.0,-1.0069918537648825
33813-20-6,ETEM [BSI],-1.050681697172874,-1.0624946464360834,0.3200601768235455,-2.0322606052360412,-0.24458777161223172,-1.7352808443847438,-0.5188121019694971,,
33820-53-0,Isopropalin,-1.2389675871933716,-1.2344194777022244,0.32577081736736246,-2.008707472062513,-0.19607494357726388,-1.8465156826763056,-0.6163883573284087,,
3383-96-8,Temephos,-1.7519837492477421,-1.7386449982829064,0.21260785052326808,-2.4536385380675423,-1.2615458130005646,-2.1620471446852045,-1.3703707523916508,15.0,-1.5338868232247107
33878-50-1,"Ethyl (S)-N-benzoyl-N-(3,4-dichlorophenyl)-2-aminopropionate",-1.1879904155523868,-1.1836276294833894,0.3273519214003455,-2.5301978225521817,-0.3353138160436416,-1.805494373370602,-0.5714996730940607,,
33904-03-9,"2,4-Dimethoxyphenyl isothiocyanate",-0.422934545639756,-0.4205165562654411,0.5420979830056979,-2.5262651942789183,0.9358269789171179,-1.4125751764434349,0.5412434412232598,,
33956-49-9,Codlelure,-0.36921340476080755,-0.3242457612094469,0.5129243225566346,-1.8709837536644933,0.8039980708987398,-1.418706872638384,0.5347291612854007,,
33963-45-0,"3,4,6-Trichloro-5-methylbenzene-1,2-diol",-0.551400813157459,-0.6041601362205062,0.5145013860972321,-1.8080554537514002,0.8176738039444891,-1.5103579452505884,0.4680227983439472,,
3397-62-4,"2-Chloro-4,6-diamino-1,3,5-triazine",0.39641860695244957,0.40671482460148267,0.5249731385678459,-1.2499379833424307,1.9441538842370183,-0.7195666584506215,1.439275144378647,,
33979-03-2,"2,2',4,4',6,6'-Hexachlorobiphenyl",-1.5118035711685263,-1.542583026102613,0.45577934911886303,-2.64225136162445,-0.22591299228455392,-2.426724544389949,-0.6151091171109833,,
3399-73-3,1-Cyclohexene-1-ethanamine,0.20433863232975216,0.2826797702600923,0.5329390709023236,-1.4935436114254677,1.392580029033528,-1.0614064654194828,1.089135707121731,,
3400-09-7,Chlorimide,-0.8285073324557795,-0.8586310548985518,0.3949098194890861,-2.0249679752754743,0.2302889854592742,-1.5017630938697326,0.006889362053735629,,
34010-21-4,(Z)-11-Hexadecenyl acetate,-0.9353329595719296,-0.8857753571009911,0.5689310253926149,-2.7731631762488873,0.6702355353084573,-2.0867752648939235,0.05901626451264543,,
34014-18-1,Tebuthiuron,0.19582002628685838,0.1780413403444584,0.32333716378215416,-0.5775123338339626,1.1996683710512048,-0.48540296197594945,0.8538925990299672,,
341-69-5,Orphenadrine hydrochloride,-0.7469415146260997,-0.7801919768488994,0.5594153068837945,-2.606177720647045,0.7701648888787515,-1.833423439777507,0.4827062776731555,,
34123-59-6,Isoproturon,-0.9311583363813276,-0.9560805499300333,0.307127591454227,-1.7769068236199652,-0.08959334447244187,-1.4929209784867443,-0.3284664177014488,,
34256-82-1,Acetochlor,-0.7930979568444676,-0.7945232450468418,0.20445464873364844,-1.344265222408126,-0.16607010168175568,-1.1705815624049916,-0.3963823338747631,7.0,-0.936678061897705
34274-04-9,"N-(3-Methoxypropyl)-3,4,5-trimethoxybenzylamine",-0.15001556338997368,-0.12272741147970839,0.6015279474592031,-2.0861106952906145,0.9856869368659377,-1.4156125480130484,0.8597604167258561,,
3428-24-8,"4,5-Dichlorocatechol",-0.6449429568083409,-0.6431223167101239,0.32482060530025003,-1.5021160875891977,0.3435364925541447,-1.3984389309849405,0.06367408608656143,,
34375-28-5,2-(Hydroxymethylamino)ethanol,0.5889013637574168,0.5842885282999031,0.5002603066452229,-0.765607849228782,1.8935537846255306,-0.4063628981961404,1.5460046192778543,,
34381-68-5,Acebutolol hydrochloride,-0.5894331667641345,-0.5677358225949525,0.6352994748291139,-2.6326975210548307,1.015315654883656,-1.7680686432759203,0.6301038970412846,,
3452-97-9,"3,5,5-Trimethyl-1-hexanol",-0.18497720379970872,-0.15216141813442702,0.5386742610146995,-1.6381209856388994,0.8796436815979294,-1.4288317265297985,0.7342270867854782,,
3454-66-8,Potassium diethyl dithiophosphate,0.3810931100722625,0.39133100151504835,0.5686826802563512,-1.2436488242037638,1.765974017004507,-0.8403579884881446,1.4796379072602617,,
34643-46-4,Prothiofos,-0.9379920237980158,-0.892879208247574,0.4235858004524051,-1.9943013320612493,0.10078000404007205,-1.7597170006997502,-0.24565757491881166,5.0,0.4973874172757685
34723-82-5,2-(Bromomethyl)tetrahydro-2H-pyran,0.08890329026187083,0.10609932668603,0.5377685234567531,-2.065218944012935,1.5068824632510762,-0.8724143246266861,1.0671757941533506,,
3478-94-2,Piperalin,-1.1358537424687227,-1.1372741693153066,0.4366123778606706,-2.3132296144054694,0.37000906353074553,-1.9044805531031372,-0.2595210650135431,,
3481-20-7,"2,3,5,6-Tetrachloroaniline",-1.3024929318713572,-1.3037883544743367,0.38896028294176876,-2.3499182447460396,-0.3468719454645767,-2.0412391251789925,-0.5913214933603913,,
34825-93-9,3-(Bromomethyl)cyclohexene,-0.15761531371879303,-0.16000725545254763,0.5233941503508289,-1.491234212138417,1.170655479129856,-1.1791023438285757,0.915395695863407,,
3483-12-3,Dithiothreitol,0.2569285578268237,0.23977646153218662,0.5460916972767197,-2.1636864647851803,1.7825000001851503,-0.737675465429355,1.3794924159403157,,
3486-35-9,Zinc carbonate,0.28769535956207243,0.24213415549570358,0.4753955509611756,-0.7649593947453897,1.5900436483246518,-0.5618773632440364,1.28711197680512,,
34883-43-7,"2,4'-Dichlorobiphenyl",-0.9656995428538301,-0.9378103989275248,0.5358296377284346,-2.473750443429755,0.42665792109108897,-2.1171159998464986,0.048980463837836406,,
34911-46-1,2-(4-Hydroxyphenyl)glyoxylohydroximoyl chloride,-0.4739014873621509,-0.43047448135856803,0.46176150051321035,-1.729250201517113,0.6218327889261143,-1.407815602009845,0.39546234135726105,,
350-46-9,1-Fluoro-4-nitrobenzene,0.07252936825050424,0.06653125570207855,0.3952116118612677,-1.1750364922311358,1.138045662366768,-0.7252617204964656,0.7880525149743672,,
3522-50-7,Iron(III) citrate,0.41095356804874966,0.3871859678509676,0.502073126788573,-0.9236006173186181,2.298202202850277,-0.5403341406291386,1.4333485852814538,,
35367-38-5,Diflubenzuron,-1.195343791594623,-1.1764269272541172,0.2072378958076236,-1.8602285956120936,-0.5942762011238059,-1.5842305377471648,-0.8528759061643105,6.0,-3.4401658306822425
35400-43-2,Sulprofos,-1.3286459777038062,-1.3146974256816661,0.34573950490671285,-2.133159803408649,-0.5191634307400709,-2.049169719767602,-0.6875559678418204,6.0,-1.050296105519551
3547-04-4,"Benzene, 1,1'-ethylidenebis(4-chloro-",-1.2176299300294897,-1.2574228740633577,0.5839435693835245,-3.1057447855988953,0.2044821869895362,-2.322924060438495,-0.13601844576100908,,
3547-33-9,2-Hydroxyethyl octyl sulfide,-0.6083870656061136,-0.6008577413556185,0.4351363753113122,-1.837752485790554,0.8749665581454507,-1.4948824513965546,0.3166100074581347,,
355-80-6,"1-Pentanol, 2,2,3,3,4,4,5,5-octafluoro-",0.3606861384137968,0.39425569335473265,0.47834297104514156,-0.8257668399661211,1.5645014960854338,-0.6357380783524798,1.2392868098484142,,
35554-44-0,Imazalil,-0.7959835300894136,-0.7610452526144534,0.37010948191649173,-1.781050313003412,0.2818695482436357,-1.6243549771577515,-0.039205071730358254,,
35572-78-2,"2-Amino-4,6-dinitrotoluene",-0.2177362029605874,-0.19729834141063304,0.2924525825232809,-1.0763730197534713,0.6145281024608171,-0.8092525082286774,0.3340855746315205,,
35575-96-3,Azamethiphos,-2.879181833204982,-2.8880295328436922,0.3029944300079283,-3.573057049693962,-1.9899153639942226,-3.4293415953968602,-2.2140526479230687,,
3558-69-8,"2,6-Diphenylpyridine",-1.019104548760832,-1.0244105650173736,0.5204335434113351,-2.6290171818314354,0.6386522790982863,-1.9305746776492072,-0.0545845671795257,,
35597-43-4,Bilanafos,-0.3575097748709723,-0.41736809743668124,0.5542212009091785,-1.8941231855310225,1.4637256468192579,-1.3635536440343925,0.6732573112786179,,
3567-25-7,Sulcofuron-sodium,-0.704676570472476,-0.670322955938305,0.3556099303792621,-1.7037217635831055,0.21390134858711607,-1.411284411696505,-0.08632480229929954,,
3567-62-2,"N-(3,4-Dichlorophenyl)-N'-methylurea",-0.7159948309306609,-0.6648857026578356,0.605843564099714,-2.481141757540115,0.6325541351010427,-1.9132873587992094,0.3736581672039067,,
35691-65-7,"1,2-Dibromo-2,4-dicyanobutane",-0.24213455833963737,-0.23123637462304258,0.2507687608214125,-1.01773287742849,0.3884611305705224,-0.7090679699062985,0.22489474773390813,,
357-57-3,Brucine,-0.4542344864708693,-0.44775003987315276,0.5295580652902615,-1.7529115557338666,0.9710165122177793,-1.5934562632637352,0.49476231337957705,,
3572-06-3,4-(4-(Acetyloxy)phenyl)-2-butanone,-0.12066080945447083,-0.11057036665436601,0.34750339111805084,-1.198961832202484,0.8717043157340352,-0.7564357316941409,0.5499364876426716,,
35832-11-2,Picloram triethylamine salt,0.035675350815957255,0.04509984265195692,0.3813164992219325,-1.6960067429512966,1.0202022757734284,-0.6754278309605114,0.7446838592463121,,
35948-25-5,"6H-Dibenzo[c,e][1,2]oxaphosphinine 6-oxide",-0.10208260037225529,-0.0010657003336841712,0.6247077577412137,-2.0385117056054742,1.4538014193371247,-1.5187841668805484,0.9450946994003048,,
36001-88-4,Amiprofos-methyl,-0.8817126782371577,-0.8965905970856184,0.5545396832627696,-2.1451209954912227,0.7282972868830527,-1.9426858792039523,0.09479262941788308,,
36082-50-5,"5-Bromo-2,4-dichloropyrimidine",-0.6026172756941457,-0.6117879126401297,0.5808098226723338,-2.3507530098174034,1.1473100801914853,-1.7405877188325922,0.6032451556404389,,
361377-29-9,Fluoxastrobin,-1.3011250165606816,-1.2996852827512262,0.27685090536619444,-2.13852626451494,-0.6514211233202943,-1.8833450080707377,-0.7922254530384074,,
36157-40-1,"1-(2,5-Dichloro-3-thienyl)ethan-1-one",-0.355587036760627,-0.36366788889989216,0.6316647967131522,-1.9162182422160383,0.9572781784483445,-1.6014624006206575,0.7912162051935072,,
36282-47-0,Tramadol hydrochloride,-0.3563603403474647,-0.37636018702757545,0.5450189214561827,-1.9108193951793846,1.0377392225661908,-1.423430599158656,0.562312939260222,,
36335-67-8,Butamiphos,-0.85306151442262,-0.8602458815993855,0.43880258680035195,-2.130087535248137,0.1916951303018732,-1.7622983461088062,-0.04150395207752242,,
36362-09-1,2-(Decylthio)ethanamine hydrochloride,-1.5855366082648374,-1.6216689890491787,0.4092083921402514,-2.4923889739450895,0.49842497748884146,-2.3003787932319266,-0.7951565489879583,,
3648-20-2,Diundecyl phthalate,-1.2162573908756718,-1.1606257267513787,0.5661700771391085,-2.6461738547734917,0.0002546517230959096,-2.310442998465112,-0.18650369458131738,,
3653-48-3,MCPA-sodium,0.85350997967136,0.8627208374184874,0.2525283026905524,0.11892662385650758,1.595239683426319,0.2658089457520072,1.3452771872488938,,
365400-11-9,Pyrasulfotole,-0.20101116603698638,-0.22036534733899732,0.39332468653482905,-1.3269516782330717,0.8426005905089304,-0.9384261072613371,0.7138059876065648,,
367-25-9,"2,4-Difluoroaniline",0.07080930529594594,0.09658723148329335,0.510508666091438,-1.224540935641601,1.8142346807921317,-0.85655005085424,1.0905613602967654,,
36734-19-7,Iprodione,-0.504043228577547,-0.4881120792332423,0.22182147731585689,-1.2705667089661439,0.030983872392659026,-0.9717824420689983,-0.09348471776907699,,
368-77-4,"alpha,alpha,alpha-Trifluoro-m-tolunitrile",-0.064780905089813,-0.021010821166660858,0.5007101167339237,-1.7044139593599712,1.1977481347531438,-1.0551497945829553,0.8879136309548089,,
36861-47-9,Enzacamene,-1.0482981170171464,-1.0213946767851199,0.4717979570175583,-2.300996706542867,0.12582694595466362,-1.9098544889877365,-0.14959071839815663,,
3687-13-6,"Phenol, 2,4-dichloro-, methanesulfonate",-0.6205069628250456,-0.6306900312341692,0.39597936998383604,-1.8577886537909443,0.5522860609028246,-1.3905298619493378,0.12479871157308713,,
3689-24-5,Sulfotepp,-1.9633939625938126,-1.9745696547406988,0.45730088706614197,-3.1204851453821143,-0.5832134210104003,-2.8455756225070883,-0.9548540379805607,,
3691-35-8,Chlorophacinone,-1.3296915396268745,-1.3353571585691744,0.3116129290322284,-2.3976477507812124,-0.35624592740062894,-1.9173975757621344,-0.7570264808666354,,
3698-83-7,"1,3-Dichloro-4,6-dinitrobenzene",-1.877115913314495,-1.8487503620587278,0.3194042852318047,-3.0150834181019097,-1.1472429204158674,-2.541284339281036,-1.3766040788143101,5.0,-1.4072512229323695
371-40-4,4-Fluoroaniline,0.14935162121714027,0.1378730439576355,0.4316042163459134,-1.2089204468789387,1.6245159197907308,-0.804096450098673,0.9488753296312755,,
372137-35-4,Saflufenacil,-0.6193368393539985,-0.5400254147734045,0.4673675052993718,-2.314047524946034,0.5148576100268725,-1.6075615782298092,0.1468104784911574,,
37228-47-0,"Phosphorous acid--ethane-1,2-diol (1/1)",0.3922088222180243,0.36508988294591355,0.5476876420738958,-0.841122176210725,1.8654121385683717,-0.6457873044483581,1.4755462362479506,,
37262-61-6,"Propionic acid, phenethyl ester mixed with eugenol (7:3)",-0.4565534390592141,-0.4277675243198982,0.4168316605754218,-1.4776718045635293,0.5462852484303378,-1.2943233291275498,0.3601355088662006,,
373-02-4,Nickel(II) acetate,-0.07059615721057094,-0.026336845309676962,0.4044739866182913,-1.6054114737819014,1.121150414928343,-0.9009265403748491,0.6620092473775113,,
3734-48-3,Chlordene,-1.3464980597768403,-1.3345102629640224,0.5785323035722024,-3.162336053572995,0.2671679069264192,-2.457072119827978,-0.27845497913480827,,
374726-62-2,Mandipropamid,-0.6632796367181606,-0.6421613117067393,0.37430220996597274,-1.6064249630939937,0.6984795450981319,-1.3629969157557564,-0.05389196561745522,,
375-01-9,"1-Butanol, 2,2,3,3,4,4,4-heptafluoro-",0.0038668460472050504,-0.023362549618548507,0.5859529857052614,-2.252359897185342,1.317313333620818,-1.1318712662068706,1.0002809920166078,,
375-22-4,Heptafluorobutyric acid,0.9336884494476496,0.9263110087725375,0.4363748470784455,-0.43406117147494333,2.0347501028232,-0.03594435368206873,1.708588342701872,,
375-85-9,Perfluoroheptanoic acid,-0.39341449783804777,-0.3831252773940167,0.592255858693203,-2.1682912154125993,1.1877057689815822,-1.8138114353527077,0.7334113665542098,,
375-95-1,PFNA,-0.049948174053057126,-0.05514266523676527,0.3367345612072997,-0.9255702820259282,0.7165991376802395,-0.7123355895470364,0.60273087874811,,
37529-27-4,p-Heptylaniline,-0.6476066318583511,-0.6483037964052236,0.5598070086181155,-2.4487949913102574,0.9283206266971367,-1.6547463028124034,0.4865879393882837,,
37529-30-9,4-Decylaniline,-1.746756920455357,-1.769104733457378,0.45805767692153354,-2.7872665856209498,-0.313781346242893,-2.52826018779908,-0.7699937792420034,,
3759-92-0,Furaltadone hydrochloride,0.01724463058448535,0.013115028699875478,0.5034061722988663,-1.604773340065971,1.2019254506723773,-0.9671879158763671,0.8690403590975034,,
376-06-7,Perfluoromyristic acid,-1.93548871299409,-1.9409761094247941,0.6931504738655724,-3.909259157333266,-0.12525953486754274,-3.404042628478744,-0.5691546219381398,,
3765-57-9,Glenbar,-1.1140384368290552,-1.1076282534809943,0.4321096332750449,-2.276088976448951,0.09353085015584804,-1.8905162987056596,-0.2359428379128751,,
3766-81-2,Fenobucarb,-1.2051739994670774,-1.208272130880239,0.2607930709479032,-1.9560263472256774,-0.5249018907971663,-1.704638567541197,-0.6620489109645492,9.0,-0.8044508073914056
37677-17-1,1-(Bromomethyl)cyclohexene,-0.1435327621817366,-0.1431335334659503,0.49132813543731046,-1.6804891361952314,1.1615894566364926,-1.054889000237495,0.7718739212986787,,
37680-65-2,"2,2',5-Trichlorobiphenyl",-1.3617421053827012,-1.3225191798096825,0.6182428249925741,-3.1130509577673346,0.4276644851190462,-2.6197055285237356,-0.1800363634772605,,
37680-73-2,"2,2,4,5,5'-Pentochlorobiphenyl",-1.3520659731352629,-1.3769793220817519,0.4722715087910707,-2.4595985843415713,-0.03599548746166747,-2.2238277458174727,-0.4446794697981607,,
3772-55-2,Dehydroabietol,-1.0539837588282868,-1.0387001223850993,0.5498834282839731,-2.8017027535958507,0.16488130394307843,-2.125021938481178,0.003283022197041046,,
3772-94-9,Pentachlorophenyl laurate,-0.48119103726250173,-0.4594707807187489,0.3955655463984381,-1.8734716739453616,0.6929264626602788,-1.2719912322390141,0.2605870067592707,,
37764-25-3,Dichlormid,0.17531998765091011,0.18549220954979873,0.46750803688533377,-1.3835572773140088,1.4686166590874783,-0.8319378879526337,1.0327024795756619,,
3778-73-2,Ifosfamide,-0.15556865701392925,-0.19102687622632344,0.584934282465696,-1.467188288386321,1.3894659989272464,-1.2857735816593208,1.1191272376609644,,
37841-25-1,"2,4,6-trinitrobenzonitrile",-0.4998158666731935,-0.5085592185480561,0.4666983131397162,-1.836979786086293,0.805461049197673,-1.4465413140238272,0.36713300407358657,,
37853-59-1,"1,2-Bis(2,4,6-tribromophenoxy)ethane",0.36753467430189474,0.33874661590007904,0.4292488677457303,-0.9043390545859603,1.6706613084714699,-0.3984422654338525,1.2210243253732604,,
3810-74-0,Streptomycin sulfate (2:3),0.1667128771229092,0.1348657009675152,0.5293383824315026,-1.6304424357233613,1.6946015710898858,-0.8825580092868216,1.2311999052811704,,
3811-04-9,Potassium chlorate,0.9124893964430351,0.9188898174150735,0.5205953601948388,-0.6833891159403502,2.2528082663241236,-0.046524535315960264,1.811126147371735,,
3811-49-2,Dioxabenzofos,-0.5191736010681248,-0.5422947437885712,0.4781053847393814,-1.7015867081151406,0.9712399887233926,-1.3790823221127786,0.4009742402883747,,
3813-05-6,Benazolin,-0.016928591315616956,0.0014648463348471085,0.5587765488612316,-1.6409488389940463,1.5008914442806454,-1.1147996612433029,1.029984809383184,,
3825-26-1,"PFOA, ammonium salt",0.8971106407903097,0.8975169771189482,0.2560282379980774,0.13730825799064875,1.7235189777509399,0.38962180778486255,1.4095177956959757,,
38260-54-7,Etrimfos,-0.6853217794578161,-0.6820895083414473,0.33875280433104477,-1.6777661710566518,0.12233765596802458,-1.382356236896781,-0.013228370257190694,,
383-63-1,Ethyl trifluoroacetate,0.39445933138462025,0.4108125971397929,0.6291442258112552,-1.5081630557267818,1.9069302072391485,-0.80970279989529,1.5301741065907184,,
3844-45-9,FD&C Blue No. 1,0.6215602836772022,0.6261162607946469,0.40223231645733404,-0.43498048184470756,1.7974480120668563,-0.16540136580184325,1.43761491852637,5.0,2.5939536292935768
38444-85-8,"2,3,4'-Trichlorobiphenyl",-1.3248648114555397,-1.2814286573040636,0.4450784200436592,-2.5440168362206195,-0.17234762919788987,-2.161329879323267,-0.41876710991323335,,
385-00-2,"2,6-Difluorobenzoic acid",0.026137789360284838,0.050480390101855906,0.5524786669933138,-1.5366474819976108,1.7072681473675335,-0.9594171905430524,1.2073301735524917,,
3861-41-4,Bromoxynil butyrate,-1.6645056216132748,-1.6576815185658158,0.4354644636724281,-3.3345108329485,-0.5684187780120936,-2.4986003541576767,-0.8553163037861458,,
38641-94-0,Glyphosate-isopropylamine,0.18633588074918542,0.18217192093378337,0.1280907204151008,-0.17797875755554937,0.46727725026751327,-0.06339278528047573,0.43317727094864217,33.0,0.6837304189503628
3868-61-9,Endosulfan lactone,-0.5731879797726995,-0.5797473773364065,0.3950396025087822,-2.389715452440113,0.4315276509972643,-1.2865513184702377,0.14710584056770884,,
387-45-1,2-Chloro-6-fluorobenzaldehyde,-0.09143010685966045,-0.1100282315300243,0.5356736809429024,-1.28702634768147,1.4466667627608807,-1.1736319344037722,1.0762743762626545,,
38727-55-8,Diethatyl-ethyl,-0.7715105640363978,-0.768685119390619,0.475069756192924,-2.157608957355137,0.43645838653702507,-1.8325807638900031,0.09251992839019263,,
39145-47-6,p-Chlorophenyl-o-nitrophenyl ether,-0.8447854918449238,-0.8099770639491808,0.43099055021120025,-2.0907321018420335,0.2294389928590982,-1.7057598846283815,-0.05351991428503297,,
39148-24-8,Fosetyl-Al,0.27953296887302964,0.27120402501416374,0.21976813850325908,-0.4820190125123212,0.8012483045068153,-0.10540169363118035,0.7451271189891409,,
3923-52-2,"1,1-Diphenyl-2-propyn-1-ol",-0.31240623809674756,-0.28311177534347887,0.39971672217586107,-1.3524004113192951,0.869829232675759,-1.1163178883325442,0.3929055088875329,,
3926-62-3,Sodium chloroacetate,0.6676156001817952,0.6375069412776868,0.5032490911677582,-0.6015648766438001,2.141432142110553,-0.3591401699944445,1.772512804835038,,
393-39-5,"alpha,alpha,alpha-4-Tetrafluoro-o-toluidine",-0.20194276068136666,-0.17930275320904726,0.518459240759952,-1.6049907487338588,1.0278888631956085,-1.2150349384747448,0.6910439571523499,,
39331-45-8,"1,3,5-Triazine-2,4-diamine, 6-chloro-N,N'-diethyl-, mixt. with 6-chloro-N-ethyl-N'-(1-methylethyl)-1,3,5-triazine-2,4-diamine",-0.9987088645963401,-0.9862243841763525,0.5835424181164958,-2.407436127381933,0.3363832763938799,-2.16706694229628,0.01832942548090736,,
3938-12-3,"4-Chloro-5-methylbenzene-1,2-diol",-0.042604108510745836,-0.05660060431889788,0.5109602818039565,-1.6782401420236246,1.3379791330264277,-0.9960668468934124,0.9898138194827356,,
3944-76-1,"2,3-Dimethylpentanal",0.09978514152158041,0.13981354528773204,0.5218356858796454,-1.5750877881846863,1.7485525348958322,-0.7566393804425016,1.1401140952298308,,
394730-71-3,Pyriprole [ISO],-2.242100284836991,-2.2423373019019444,0.7089111640522039,-4.23864065197015,-0.37302434637304355,-3.7403570306400558,-0.8914367106194441,,
39515-40-7,Cyphenothrin,-3.0294585078193865,-3.0400808782605875,0.33366076019284463,-3.992546197910078,-1.7291485556353638,-3.6949086552480996,-2.414405244830211,,
39515-41-8,Fenpropathrin,-2.8825290291350685,-2.9064853783688234,0.2764203590440717,-3.6023901308915067,-2.2925460519490333,-3.4174262143409013,-2.377954438947298,,
39515-51-0,3-Phenoxybenzaldehyde,-0.6208733029721946,-0.5950085115030734,0.5541785958036148,-2.2092609436676436,1.1746315340086366,-1.695694467575056,0.2889912129475654,,
39634-42-9,"Phenol, 4-[4-(trifluoromethyl)phenoxy]-",-0.7480788336504677,-0.7132232953464364,0.5607466782393494,-2.420397431880436,0.5094999585099441,-1.8512240059074805,0.2024445610284153,,
39765-80-5,trans-Nonachlor,-1.7520535766791803,-1.7511865563494795,0.5942846948590743,-3.8141708264445047,0.32295957495982747,-2.9342220834903547,-0.6482131291418737,,
3978-67-4,"3,4-Dichlorocatechol",-0.45196162198266315,-0.4443855152215188,0.540193353719929,-1.8478313773206205,1.0437155220968481,-1.5268274589792348,0.5850730270661552,,
39807-15-3,Oxadiargyl,-0.5335689417393265,-0.461583266226563,0.6186015273645303,-2.549101335145919,0.8331469809781531,-1.9939860653275339,0.5077217466561428,,
39905-57-2,4-Hexyloxyaniline,-0.690938049912903,-0.6846383788824889,0.30479255834750546,-1.6516367014622912,0.25531649815043533,-1.254634337244728,-0.12520383628564533,,
4005-51-0,"2-Amino-1,3,4-thiadiazole",0.5884634650831871,0.5629136572627786,0.5642206097006545,-1.120903798125343,2.2895345781222134,-0.43652868667560907,1.6712458868257043,,
400852-66-6,Mesosulfuron,-1.2917831175776058,-1.3046878424988297,0.5539043684408437,-2.708787250876009,0.5937588759129818,-2.290705660190504,-0.17195227678423086,,
402-45-9,4-(Trifluoromethyl)phenol,0.31674520528910927,0.2994084249933295,0.5001325229359316,-0.9298805172858344,1.4806930344975862,-0.7074078847757984,1.2618000846905408,,
4044-65-9,Bitoscanate,-0.6708626387503669,-0.6896307378958285,0.545391251967158,-2.4908697626981176,0.8993578158651733,-1.6722901333482938,0.3520202156291233,,
40487-42-1,Pendimethalin,-0.7229223255172207,-0.7125270922986091,0.19120391038605256,-1.3082161919585635,-0.1650874239190453,-1.1491696950505517,-0.3853329180167082,,
40596-69-8,Methoprene,-0.7350394875588393,-0.7170298329048588,0.23235271504413527,-1.3323892053193953,-0.18668324470199457,-1.1971964591473265,-0.29122296579836404,5.0,-0.5593966391375824
40716-66-3,trans-Nerolidol,-0.6491970178386075,-0.6631947208494751,0.5545120090272085,-2.8265064922457164,0.9331609260088388,-1.6812499142391317,0.3555222196354987,,
4080-31-3,N-(3-Chloroallyl)hexaminium chloride,0.14032188307933344,0.1745038644257132,0.29982889838056653,-0.7989911643569596,0.9915860425766754,-0.49114356513766894,0.660716888753496,,
40843-25-2,Diclofop,-1.139283888136938,-1.1111592962999743,0.641990745980091,-2.8050777439610113,0.6311136014174766,-2.509582173106133,0.1353050122219415,,
4104-14-7,Phosacetim,-1.3744764232132411,-1.4022441231618465,0.39524260269721356,-2.320759144417208,-0.14921543640504206,-2.0534134385363947,-0.6111418507653028,,
4104-75-0,1-Methyl-1-phenylthiourea,0.21749900661586508,0.24009190605715686,0.5291812434061609,-1.1338870316840814,1.4429643919961894,-0.8981478321450236,1.3382922703322757,,
4117-14-0,2-Decyn-1-ol,-0.556480064988759,-0.5899618257582602,0.44927284750793156,-1.844878625476173,0.6058799602512814,-1.5305880914741365,0.34597731361499334,,
41198-08-7,Profenofos,-2.4589606648821114,-2.4598195707160233,0.13164984524094947,-2.859115103336347,-2.1662166310909368,-2.7315327679367845,-2.2081623663726817,11.0,-2.7229980501397986
41318-75-6,"2,4,4'-Tribromodiphenyl ether (BDE 28)",-1.6450880890100905,-1.6451266628712564,0.5376126988899084,-2.91775462968631,0.014894225615948666,-2.732839889305348,-0.6173371795846587,,
41394-05-2,Metamitron,0.07442328662429713,0.09329543728864453,0.4205995027424568,-1.1516360721176906,1.1928892363879742,-0.823413815370079,0.7749861952523183,,
4147-51-7,Dipropetryn,-0.7079503662542129,-0.7177649144474231,0.4544382395377653,-2.119295543163711,0.48242489817902057,-1.601581871540147,0.12348461483322283,,
4151-50-2,Sulfluramid,-1.2618664876977213,-1.2618003684653005,0.5172971478116585,-2.6967775025511505,0.16274424704717402,-2.329452144491166,-0.2835564075731429,,
4170-30-3,Crotonaldehyde,-0.5434807534874495,-0.519432073281413,0.2565765782059703,-1.2085495951920286,0.04470701735499003,-1.0925592641430701,-0.08968301845542648,,
4180-23-8,(E)-Anethole,-0.19528789010836176,-0.20776689322954994,0.3179526279393093,-0.9006198476509053,0.8617812142914507,-0.7960046160933928,0.4587199544145755,,
41814-78-2,"2,7,8,9-Tricyclazole",-0.5169474251840777,-0.5005778884571745,0.36969288832623565,-1.4956992212579205,0.4070785094936534,-1.3265935279919756,0.07594282535428898,,
41859-67-0,Bezafibrate,-0.06909980578658997,-0.04178724636001881,0.39665151798899173,-1.1805363286058743,0.9676116293490066,-1.0248761448568138,0.6359606088915182,,
4189-47-3,2-Hydroxypropyl bromoacetate,-0.22855316269264708,-0.20266269976796486,0.5360333580029093,-2.4637388667649436,1.472546413779543,-1.196021483771158,0.8958409389208483,,
4199-10-4,(S)-Propranolol hydrochloride,-1.5829434222176275,-1.6277824093689053,0.4745086742551179,-2.7224568250500374,0.04130886647493395,-2.3627523145158498,-0.44869722015371705,,
420-04-2,Cyanamide,0.4706657093714411,0.46556172666829637,0.3457613155560482,-0.5397224003519913,1.7711380734938018,-0.2045791608605569,1.1117908452200231,,
4200-95-7,Heptadecylamine,-1.3269798374819899,-1.3356120341287983,0.5134958271253584,-2.653374231429902,0.585195716786488,-2.3071849605529824,-0.3656326317679002,,
42017-89-0,Fenofibric acid,-0.642516985715888,-0.6417598630283289,0.50651030686845,-1.803212909426692,1.1036722275336546,-1.6284146086700313,0.3725947202378677,,
42087-80-9,Methyl 4-chloro-2-nitrobenzoate,-0.08697270471003252,-0.09559156288473927,0.41872198107838815,-1.3560171826928418,1.0022459063805684,-0.8956046942886747,0.5948305518080433,,
4214-79-3,5-Chloro-2-pyridinol,0.5400201753007351,0.6075598867449064,0.580998542503195,-1.1060601224846693,2.0515420364468775,-0.5082956077289376,1.5939224141448167,,
422-64-0,Pentafluoropropionic acid,0.06458125144390069,0.05629348340308144,0.5691657300569215,-1.6998731775291962,1.3200933744932077,-0.9527202671912601,1.0482550868106433,,
42200-33-9,Nadolol,-0.07814539772934966,-0.058540531146340176,0.5552427982432073,-1.7437022207303476,1.473502103998333,-1.171708816845016,1.0416028998935938,,
4224-70-8,"Hexanoic acid, 6-bromo-",-0.13359951815375784,-0.13434972709613513,0.557276281134212,-1.7188274638920409,1.6663025675219159,-1.1777827194315478,0.9283456932889217,,
422556-08-9,Pyroxsulam,-1.0315090372406401,-1.0286588846305649,0.6435101057477152,-2.7464605119338286,0.6661421383812662,-2.2454690005404543,0.12222929808618833,,
42399-41-7,Diltiazem,-0.4775500958271352,-0.47053929233887387,0.44764900971794286,-1.9006803947304585,0.9723787856893399,-1.3910103545743702,0.3001660383108597,,
42454-06-8,5-Hydroxy-2-nitrobenzaldehyde,0.11555510588617883,0.14160692686946683,0.4603759814252106,-1.7097485268676598,1.0600078208958683,-0.7122032791775676,0.8875189180716616,,
42509-83-1,Isazophos-methyl,-2.246819816581072,-2.26354520366384,0.2884474469331392,-3.029113104516248,-1.4816346384443548,-2.8071362510462854,-1.6937405767627964,,
4253-89-8,Isopropyl disulfide,-0.20111380437610005,-0.14923301667075567,0.4912645267919483,-1.571581378059946,0.9568179076350551,-1.165687825056831,0.8720411961721503,,
42576-02-3,Bifenox,-0.9283250616738613,-0.9049850489927708,0.36399982939690884,-2.09327596847732,0.36379271372753963,-1.6291820501255032,-0.22708853936385853,,
42588-37-4,Kinoprene,-0.589953437873999,-0.5312979973022813,0.5093965848608616,-2.3774289911313105,0.6087225538766217,-1.639236581097314,0.24286045432249412,,
4264-83-9,"Phosphoric acid, mono(4-nitrophenyl) ester, disodium salt",0.9212307165501892,0.901384221151138,0.6686237159832891,-1.108601304097696,3.070052461175404,-0.3904596908163395,2.16256157381829,,
427-51-0,Cyproterone acetate,-0.9273835101393714,-0.9223051835231357,0.46876982532758815,-2.12090931453714,0.4188234944290677,-1.7998433605822213,0.06332809868871696,,
42835-25-6,Flumequine,0.04528707847876118,0.03831051377523054,0.3901411557828612,-1.5522075444780807,0.9884265784229013,-0.781274311924278,0.7959088513622687,,
42874-03-3,Oxyfluorfen,-1.510835485405021,-1.4880103817503514,0.3290154090989423,-2.457175280950644,-0.527622100969622,-2.236314891240205,-0.9897636442142578,,
4292-10-8,"1-Propanaminium, N-(carboxymethyl)-N,N-dimethyl-3-[(1-oxododecyl)amino]-, inner salt",-0.5274167968474093,-0.4836913971885196,0.4181756236320768,-2.2835169698860316,0.5401047741219778,-1.4942775177167313,0.16659966765754325,,
4299-07-4,"1,2-Benzisothiazol-3(2H)-one, 2-butyl-",-1.1108642259573562,-1.1379487975228648,0.34545009744202126,-2.2089824678075574,-0.11391015033964642,-1.8145945682426494,-0.4238277682241547,,
4301-50-2,Fluenethyl,-0.8520824186432949,-0.8674946546556659,0.4392584528690972,-1.9433520004276215,0.46277986001135235,-1.6496125580676404,0.06396038390277262,,
43121-43-3,Triadimefon,-0.14388602069800915,-0.145415348524954,0.21043753240773627,-0.6409385676889204,0.4542674121874435,-0.5346203302387704,0.3267921753722915,,
4316-42-1,1-Butylimidazole,0.10779245022195169,0.13460093285408542,0.42547167382285495,-1.2672187833077664,1.347958218742712,-0.7063287228905663,0.8504773057277583,,
4316-93-2,"Pyrimidine, 4,6-dichloro-5-nitro-",-0.20055482133093114,-0.18902059064013293,0.573372051081014,-2.4014742559647098,1.0383111271484373,-1.2294737469651298,0.8571289689951569,,
43210-67-9,Fenbendazole,-1.5825002856486898,-1.5630967328713636,0.37760636244235113,-2.661113502981946,-0.8082667909233211,-2.424470794011275,-0.9284111877397571,,
43222-48-6,Difenzoquat metilsulfate,-0.021039862296542325,-0.013225097432300097,0.4236336028427311,-1.647512586376403,1.2711315344536467,-0.7944534551954512,0.8006108325058372,,
4329-03-7,Ethoxychlor,-1.8127124059865136,-1.8532750464657943,0.5476931101447956,-3.9974244324004733,-0.04211701247059358,-2.8121307701513154,-0.7211086143252969,,
434-64-0,Octafluorotoluene,-0.36501108963975737,-0.33495487419125647,0.588859199504967,-2.402457235235517,1.4833033195382963,-1.6049265547381975,0.7025891261876656,,
4376-18-5,Monomethyl phthalate,0.6492691856994841,0.6774948636625835,0.550179367294967,-1.23795768262378,1.9996747680116906,-0.39321576739372305,1.6060004616797159,,
4376-20-9,MEHP,-0.5231916059834998,-0.529282730961824,0.4119391693575945,-1.7497720102355232,0.6210272989494756,-1.341813491420476,0.19947317611627238,,
439-14-5,Diazepam,-0.3771321958326601,-0.3650787428033394,0.31807392852109734,-1.318184611693591,0.6892316058793455,-0.9957069997440936,0.2551401742027774,,
4403-90-1,D&C Green 5,-0.8135143253666943,-0.7980172324633348,0.5246378314790199,-2.286228614283155,0.6165137545496862,-1.8092646566230406,0.10966706123785089,,
4410-99-5,Phenethyl mercaptan,-0.12062134833385907,-0.1261605425447213,0.5979114998541563,-1.7455086319084527,1.6948631243438719,-1.3420872764096132,0.987447389649657,,
4412-91-3,3-Furanmethanol,0.8581401935092839,0.8923480678258224,0.45255361484062157,-0.3069833619447387,1.7926111665228694,-0.004185589572116618,1.7117006366227114,,
443-48-1,Metronidazole,0.9266634310797438,0.9064731374713557,0.4000374349743368,-0.39904474093059,1.869554665087995,0.0746220604906114,1.7101273567228341,,
443-72-1,(N-6)-Methyladenine,0.28468474817408046,0.3397359736705519,0.5605165792715616,-1.0874521209438937,1.838602922800423,-0.7855667858023931,1.3059926187703117,,
4437-85-8,Butylene carbonate,0.9191368258918502,0.9064456335362601,0.41187818589969943,-0.17562189882336476,2.0548492440473605,0.10562990859531998,1.733942554394069,,
4441-63-8,Cyclohexanebutanoic acid,-0.11070541181334197,-0.04687709563374761,0.5335163545779663,-1.782246020310638,1.2319496959055383,-1.2282663997893861,0.8290749921994791,,
4455-26-9,N-Methyldioctylamine,-1.3819381181666188,-1.366541204605933,0.4836930323586085,-2.753450265349427,0.13196265759489326,-2.332184065278297,-0.39475162441394773,,
446-52-6,2-Fluorobenzaldehyde,-0.3370927459561045,-0.35718449195389257,0.44556634117040095,-1.383340430866871,1.7473820944173633,-1.2301407637676616,0.4860865611297585,,
4460-86-0,"2,4,5-Trimethoxybenzaldehyde",-0.07139216343320913,-0.03774097618335644,0.5164717389783303,-1.4647138328671183,1.2250678670302384,-1.2552826331273577,0.8926984685036086,,
447-53-0,"1,2-Dihydronaphthalene",-0.03867973371272026,-0.055090430824044995,0.5018817597635465,-1.3408773221302666,1.2881428207279437,-0.9585010476926124,0.9525389176182055,,
447-60-9,"alpha,alpha,alpha-Trifluoro-o-tolunitrile",-0.0961839664400686,-0.031515596192402295,0.5516102476909303,-1.9503547523416034,0.8627198267800441,-1.3585390396880217,0.7746411718205342,,
451-13-8,"Benzeneacetic acid, 2,5-dihydroxy-",0.04059787697896588,0.0773187989796694,0.5515067702540456,-1.4247763384491237,1.3222455428957751,-1.0500656213213229,1.1488161536160169,,
452-86-8,4-Methylcatechol,0.22280972487309156,0.2325410814151571,0.48236123449165474,-1.3223959906083638,1.531514226587811,-0.6503457634337879,1.155984550245684,,
45298-90-6,Perfluorooctanesulfonate,-0.2782300271490225,-0.2868539571261362,0.27470158841420195,-1.1002771329817163,0.4621778414158781,-0.7559183594246398,0.31115599899758356,,
454-89-7,"alpha,alpha,alpha-Trifluoro-m-tolualdehyde",-0.7297848917757586,-0.6968264831212169,0.39719254139064925,-1.8833204971136015,0.14148177091818911,-1.5611026007148203,-0.036519749191584974,,
4549-32-0,"Octane, 1,8-dibromo-",-0.7207778078244007,-0.7134238636392775,0.575001573618966,-2.289106201442925,1.205293469269318,-1.7842435664087801,0.3490354594724772,,
4549-44-4,N-Ethyl-N-butylnitrosamine,0.1714260581922806,0.19344721953483213,0.5439163569733865,-1.4630593230394493,2.1840552028825915,-0.8770114388823305,1.0627296422702828,,
4559-79-9,"N,N,N',N'-Tetramethylbut-2-enylenediamine",0.24535523087384503,0.28143845877628054,0.4625683199079464,-1.0241018609000143,1.2234402289572566,-0.8341531140869921,0.9957631745144823,,
456-22-4,"Benzoic acid, 4-fluoro-",0.2037552324538671,0.2205738284330801,0.580759818613122,-1.2713676125480176,1.610097543344492,-1.0458991564990072,1.2138068768990433,,
459-59-6,4-Fluoro-N-methylaniline,0.16447565036408726,0.132408025886137,0.4724337248110383,-1.215080742513656,1.1780859715494278,-0.8309658133119711,1.0622978062950497,,
4602-84-0,Farnesol,-0.6680677366980683,-0.6442530863031493,0.48284546771524545,-2.1147570306966608,0.6687161336597316,-1.6773426875057058,0.28506747638878654,,
462-06-6,Fluorobenzene,0.18303660407023387,0.19212268638945873,0.6342462649020066,-1.9444582680096045,2.1922862759566297,-1.0669036960540184,1.2409322021061533,,
462-18-0,7-Tridecanone,-0.62416079396627,-0.6518109111260046,0.5888039289060266,-2.075063836064022,0.8594277681185574,-1.81283883583654,0.47772313256306104,,
462-94-2,Cadaverine,0.5971276937609907,0.6078207478223466,0.6432079529866079,-1.1939640888327843,2.148270191810852,-0.6868827158928529,1.9592408884509525,,
463-40-1,Linolenic acid,-0.9226715509982063,-0.8620788030230068,0.5427580053040645,-2.4183256012731222,0.43815055186051854,-2.1135525094529966,0.14194528401074308,,
463-56-9,Thiocyanic acid,0.18802922685776519,0.19665449655722012,0.39441123704538383,-0.9189361457950503,1.145774658127646,-0.5376348509576138,0.9511712338591148,,
464-45-9,[(1S)-endo]-(-)-Borneol,0.12159146973980026,0.12521709538130688,0.4943897366106571,-1.7652870547315953,1.381308636252594,-0.7745378673528762,1.0647997367779038,,
464-48-2,(1S)-(-)-Camphor,-0.0897991522177292,-0.08408445886812382,0.531968146084615,-1.710587093653787,1.4425059130827145,-1.2234549626308413,0.9912215820280869,,
464-49-3,D-Camphor,0.31621518728501274,0.33090015662772365,0.42198363017545365,-0.8679180967272656,1.53286048082427,-0.44750398818478426,1.0854978094311507,,
465-73-6,Isodrin,-2.0766866605574354,-2.1288341414476024,0.5365830768302118,-3.5199904656636583,-0.6254013247513479,-3.0270358434042635,-1.0314511641501392,,
4655-34-9,Isopropyl methacrylate,0.21108431293926144,0.19399231426692246,0.5038244239859547,-1.2839381487801267,2.1793988768894392,-0.709983138529272,1.0657988975227124,,
4658-28-0,Aziprotryne,-0.11978894165302285,-0.0857183725856773,0.5259608814577271,-2.1921882788761575,1.307081337559405,-1.21495360261634,0.8577348577672782,,
4680-78-8,FD&C Green No. 1,-0.5912939816637912,-0.6175101654070482,0.7314254216392753,-3.035218211948619,1.4397852086098943,-1.896441439887071,0.8529948457535825,,
4684-94-0,6-Chloro-2-picolinic acid,0.04580980001371219,0.06860225913824133,0.24270819946300398,-0.8134914054848237,0.6350341789837367,-0.4574412685785812,0.49259575649732085,,
4685-14-7,Paraquat,-0.8708566990784027,-0.8536427272364572,0.20587293807450924,-1.3974175412596266,-0.3120907434321226,-1.3082145257231863,-0.48761797285921316,17.0,0.45739066403440914
469-61-4,alpha-Cedrene,-0.9758933592709244,-0.9964234891749139,0.5196792076094431,-2.562509990914211,0.6158451556635746,-1.9445254422534666,0.032691547968573674,,
470-82-6,"1,8-Cineol",0.0325745802374175,0.0558530814356656,0.5388028480403144,-1.1613548464453263,1.316508410408125,-1.0031800138166829,1.1393009919075472,,
470-90-6,Chlorfenvinphos,-1.9134881585994565,-1.9195321473636964,0.23813212966682676,-2.5757360627581347,-1.434606807879597,-2.381770442636503,-1.4541945356182995,10.0,-1.896841302330945
471-77-2,Neoabietic acid,-1.1013030091227762,-1.0849358418939838,0.4664392354548885,-2.271073300243345,0.2389266575169381,-2.071344415798523,-0.10812395632073558,,
4719-04-4,"1,3,5-Triazine-1,3,5(2H,4H,6H)-triethanol",0.3206494509219013,0.32257782315133854,0.2770720274144096,-0.4935879476159475,1.3797729637090042,-0.20085603704050958,0.7652604368428751,,
4726-14-1,Nitralin,-0.6672397124027516,-0.6636988098968768,0.3603465863065898,-1.607736348653551,0.4874676976264104,-1.3493812816702726,0.013925459898238747,,
473-55-2,Pinane,-0.17210008353472028,-0.16111850163401917,0.4815478321394257,-1.7258843466722824,1.2954393328254066,-1.1322229002781532,0.7274162292607058,,
475-20-7,Longifolene,-0.8276454313024234,-0.8407678244535748,0.37512640768750005,-1.6983693999747167,0.377385198899658,-1.559081571165142,0.0613301421665428,,
4779-86-6,"1-Butanethiol, sodium salt",0.1562317024190056,0.14381371591956033,0.5026367366858022,-1.4042277156421352,1.3449565223802407,-0.7348018237462182,1.2548747071672102,,
4780-79-4,1-Hydroxymethylnaphthalene,-0.09164404998270839,-0.1077402940197527,0.5995297257179087,-2.17769697623491,1.3741010466717132,-1.1626544675775639,1.0391975313696633,,
479-45-8,Trinitrophenylmethylnitramine,-0.6219890995664961,-0.6269279979448631,0.4058930072045921,-1.7518642663187405,0.28982514601959636,-1.4648140502574623,0.1074848638252616,,
4798-44-1,1-Hexen-3-ol,0.32724204559729503,0.3365311871124738,0.48071473659389563,-1.116766264171056,1.6283107524397695,-0.698179154486702,1.2034888772215007,,
481-39-0,Juglone,-1.805873752776917,-1.7911828097710574,0.22094965645834608,-2.6431728306817432,-1.2358901351600726,-2.2580172672391927,-1.3770735235594482,9.0,-1.469264040761134
482-89-3,Indigo,-0.41649274695049393,-0.42271979831602874,0.5063521472046271,-2.103501079774665,0.7326236958014395,-1.3921251232131018,0.4397500228716846,,
4824-78-6,Bromophos-ethyl,-1.231834173424651,-1.2333408048397412,0.39606956280004557,-2.238955907894806,-0.21379074626265554,-2.0750848174593517,-0.4790203068187002,,
4839-46-7,"Pentanedioic acid, 3,3-dimethyl-",0.4271696199446803,0.4410963223742544,0.6251893029137892,-1.55165493967622,2.2688978197287937,-0.9236927602417506,1.4805417806421421,,
485-31-4,Binapacryl,-2.062791649345202,-2.046547462920957,0.26024377747441385,-2.6494317162178374,-1.4464481927339925,-2.5653705955253705,-1.5692450780522293,,
485-49-4,Bicuculline,-1.010647563936037,-0.9911210919565724,0.557061763782172,-2.463843402176239,0.7414690987455385,-2.1148459649614946,0.07234552440951696,,
486-25-9,9-Fluorenone,-0.19923343066125773,-0.2087061630781999,0.46514439476610514,-1.4331685917017505,1.1599292323184285,-1.0581278089853565,0.6715003595916907,,
490-79-9,"Benzoic acid, 2,5-dihydroxy-",0.6415855031644648,0.698770033087923,0.4137519540790986,-0.7776122778155602,2.017508754590821,-0.22601714711492593,1.3676850398382343,,
4901-51-3,"2,3,4,5-Tetrachlorophenol",-1.0488257121982931,-1.0593410169764335,0.21416063965852108,-1.7423010812616015,-0.5028207299695836,-1.5111985210367693,-0.651689700320449,,
4904-61-4,"1,5,9-Cyclododecatriene",-0.44984458149465745,-0.43275102084500355,0.5448657698419949,-1.9840162352308224,1.0955013714857167,-1.6020180171684044,0.5182154974267615,,
4916-57-8,"1,2-bis(4-Pyridyl)ethane",-0.06330861260080616,-0.025731684569317903,0.5520436829007741,-1.6445550511494313,1.62996364918747,-1.1709209279111485,0.9665322825657868,,
4920-77-8,3-Methyl-2-nitrophenol,0.0965265052818731,0.07141342145255182,0.4462165969932704,-0.9411565465439278,1.2036259097728572,-0.7852403853117481,0.9728429411581384,,
4921-49-7,8-Chlorocaffeine,0.1691647485179457,0.17026665717896386,0.5530556204142664,-1.4864329833681007,1.5177035443700393,-1.1423975687526344,1.1315959156715159,,
493-09-4,"1,4-Benzodioxin, 2,3-dihydro-",0.2868020166160875,0.35358507859804056,0.5060741984113585,-1.0031117111308416,1.532217128881291,-0.805661883759914,1.0947872579771811,,
493-52-7,Methyl red,-0.2463634489473403,-0.24298672874514715,0.4202652841461775,-1.7558391754961655,1.061009504936404,-0.9873563880162438,0.5874130481149523,,
494-99-5,"Benzene, 1,2-dimethoxy-4-methyl-",0.2936318346407528,0.26969020994508386,0.5552312731085797,-1.248160448285428,1.5861687397695057,-0.7486883583356633,1.3320632324260762,,
495-54-5,C.I. Basic Orange 2- parent (Chrysoidine free base),-1.024568975440608,-1.0273572898069943,0.5361815419794034,-2.400452806527433,0.9759432978551338,-1.9607206004659339,0.08775612204211405,,
49562-28-9,Fenofibrate,-0.6871568222166634,-0.6618424573570378,0.585077593115585,-2.5014435439137084,0.7030717564299802,-1.9496967852087006,0.33669817479247255,,
496-11-7,Indan,-0.030462446155631036,-0.027412366651186668,0.3835493108354036,-1.3042926003216877,1.293756469389676,-0.7804909685219432,0.6125614236569408,,
496-16-2,"2,3-Dihydrobenzofuran",0.29503099187909176,0.3014846006465115,0.5045811023495211,-1.0068886236631192,1.7938629360708842,-0.672309694923711,1.2245154470372346,,
49625-21-0,Golden Yellow,-0.5462051313812171,-0.5519687036421768,0.5437609111110062,-2.259255443073101,0.8695462548849014,-1.7415020096869125,0.40944673945946375,,
497-19-8,Sodium carbonate,1.2605847304410838,1.2568783934256178,0.23682987195279412,0.5763544992360223,1.9064014450594857,0.7797815541290387,1.7810502281535223,,
497-37-0,exo-Norborneol,0.42728498110781177,0.48253477910954073,0.5277807033005152,-1.0203939240099407,1.7047096806673363,-0.5998627620191349,1.4176381920787122,,
498-66-8,Norbornylene,0.1510044196317616,0.11282595711830734,0.49330214619038215,-1.1701791399644952,1.563902111898736,-0.706902784091909,1.25667780782519,,
499-83-2,"2,6-Pyridinedicarboxylic acid",0.28842241358437354,0.32447280683265534,0.5414619945594481,-1.3501785079031052,2.0446939338164065,-0.7495219906245524,1.3527143314546692,,
50-00-0,Formaldehyde,0.5121686990652337,0.5175137036455979,0.12414921341540816,0.22299085969339033,0.8125636590064322,0.28545950979730256,0.7354096799458715,28.0,1.3015998442277166
50-02-2,Dexamethasone,-0.42861863741012607,-0.36497705304741257,0.573046614780441,-2.1011953705080173,0.9949637042543327,-1.8164420573168671,0.5354593675939018,,
50-06-6,Phenobarbital,0.6156748729124295,0.5841005599180864,0.5066529002077876,-0.8173278018866615,1.8337212103901916,-0.31534164744002136,1.5896409954287232,,
50-07-7,Mitomycin C,-0.6240911831098672,-0.6397131291472475,0.6842087973939773,-2.577242878966789,1.2811544821868979,-1.9379562163552575,0.656855849006016,,
50-18-0,Cyclophosphamide,-0.08259409369055053,-0.07537437100337734,0.6499973941785573,-1.5900450995702455,2.0382118166787424,-1.3299443296479552,1.1514030202560215,,
50-21-5,Lactic acid,0.9830016069606035,1.0046926220735455,0.5334145919566955,-0.762735278469236,2.1987925030879945,-0.13283873299988558,1.8969442234196234,,
50-28-2,17beta-Estradiol,-0.99639277806509,-1.007349713105612,0.37269348567598753,-2.043435851886771,0.2810606585554787,-1.7190875403116719,-0.35486119977088665,,
50-29-3,"p,p'-DDT",-2.7736829859811114,-2.7667049784960147,0.08500431523343462,-3.010766327955616,-2.553047750142102,-2.939704150513583,-2.606783676713,71.0,-2.599007126021976
50-30-6,"2,6-Dichlorobenzoic acid",0.4046816205000572,0.3667081535246247,0.376127540797546,-0.7512497858448874,1.4285608993376333,-0.22265613154565722,1.1161433080809655,,
50-31-7,"2,3,6-Trichlorobenzoic acid",0.47059112914007806,0.5060432292959463,0.38115570417602107,-1.4029430084798662,1.6633465509543393,-0.21245370108181275,1.053549884576714,,
50-32-8,Benzo(a)pyrene,-1.9383096098139445,-1.9085096031858484,0.3086062936761293,-2.8416375370434652,-1.1032269165986006,-2.5639809776128972,-1.3784512870637022,,
50-44-2,6-Mercaptopurine,0.2718182868820738,0.31552414979823773,0.5199961291851471,-1.4960427508252847,1.431873104176175,-0.9324225063242576,1.0677809859275313,,
50-48-6,Amitriptyline,-0.8317382677360666,-0.8457010420415925,0.4065902842127065,-1.8644911821980874,0.16516127225740468,-1.641084570644251,-0.010364091361217135,,
50-63-5,Chloroquine bis(phosphate),-0.4553642195615778,-0.4566540598649259,0.3786159489915818,-1.5629068991167145,0.7225887631095554,-1.175044723814421,0.3152357653579449,,
50-65-7,Niclosamide,-1.7332944369117278,-1.7248191447788712,0.2788830159348952,-2.3729000378321543,-1.0936253777931226,-2.2717139645279447,-1.2035142918713058,,
50-71-5,Alloxan,0.7264757433154142,0.7213557179244183,0.6362169416896657,-1.1789148572939698,2.3775845072420805,-0.37735957530201797,1.8115909746653436,,
50-73-7,"2,3,5-Trichlorobenzoic acid",0.09154672602286838,0.12109692620313148,0.43426594023528037,-0.9034666240382471,1.034960209518894,-0.7953786678250512,0.9545375355475838,,
50-78-2,Aspirin,0.937431316493847,0.9597680367118062,0.3117283423785069,0.07464420202524609,1.6716465215685712,0.21051652931834697,1.4796664716160406,,
500-22-1,3-Pyridinecarboxaldehyde,0.22377089525069357,0.23527733554981597,0.508226921436222,-1.4438636871361257,1.7896120921324916,-0.7583804373007912,1.1400968446886437,,
500-28-7,Chlorthion,-1.0104762304723733,-1.027524110986936,0.2732361327361476,-1.7808813167154827,-0.3729569465520711,-1.5591916277279076,-0.4698888780494762,5.0,0.1020698614022236
500-85-6,"2,5-Cyclohexadien-1-one, 4-[(4-hydroxyphenyl)imino]-",-0.7595397657337131,-0.7495368322977223,0.5512066042389401,-2.736123155430218,0.5336639672204485,-1.8283347239979963,0.3203148780857326,,
500-99-2,"Phenol, 3,5-dimethoxy-",0.04532714843149975,0.010707342284709223,0.43963245871892576,-1.4281773187417701,1.217780301464747,-0.7868809208375652,0.9968934513294139,,
500008-45-7,Chlorantraniliprole,-1.7859952552575225,-1.801040683005093,0.4002721858642021,-2.8232228057949227,-0.543391310958986,-2.47706623948175,-0.8635323944375952,,
5015-75-8,"Benzenesulfonic acid, 4-bromo-, sodium salt",0.7945918624277258,0.7707580650271162,0.4954173542941261,-0.6164798691731641,2.147549796581916,-0.2015235680770583,1.7822894763999704,,
502-39-6,Methyl mercury dicyandiamide,-1.1801730660130187,-1.2208301895445806,0.579618029897369,-2.2601773112205885,0.7919072736217413,-2.1416106020842283,0.11656401568772345,,
502-56-7,5-Nonanone,-0.03503547026316376,-0.0664368727417162,0.5421471642907215,-1.5810645128109992,1.5601522973081494,-1.1276439937133877,1.0602841705106123,,
503-87-7,"4-Imidazolidinone, 2-thioxo-",0.4146309971226947,0.4486966882007996,0.5323483648662926,-0.9066813594111354,1.8064834122465259,-0.586369257481949,1.396067934862153,,
50375-10-5,"2,3,6-Trichloroanisole",-0.6831471976148912,-0.6487724535392023,0.5432366598631257,-2.7603042121789367,0.5651925923396818,-1.6717285757521154,0.4355935986595396,,
504-20-1,Phorone,0.0478885746008528,0.0578975317764087,0.5273552224449677,-1.4849393800534283,1.6813135060408457,-0.9050772228292516,1.1533364995993778,,
504-24-5,4-Aminopyridine,-0.2653002178801653,-0.2578140995106755,0.1961704577642733,-0.7652295325780589,0.2612548214474564,-0.6233888687318401,0.122998969513613,,
504-29-0,2-Aminopyridine,0.08611561559234536,0.08314634247162453,0.5019530834061876,-1.2819776273375618,1.622931708366899,-0.8914667877665313,1.0043544853928827,,
504-63-2,"1,3-Propanediol",1.292320755050424,1.3406183044043065,0.6603499088234487,-0.5858152854037656,3.312952443369816,0.06682685011026192,2.4763850167076455,,
50471-44-8,Vinclozolin,-0.2563488009015345,-0.2615200678667646,0.31709699485518267,-1.2604913883941133,0.40665019011666464,-0.8373470438769602,0.3217703229523371,,
505-23-7,"1,3-Dithiane",0.3827262537970354,0.40325203852319647,0.6547942098120797,-1.4038203746465276,2.0595719306151863,-0.8162059594568748,1.6085371305032656,,
505-29-3,"1,4-Dithiane",0.22712450829068367,0.22667966019118574,0.5162606844386285,-1.3711069268075042,2.0646798528239305,-0.6711341314448442,1.2871877502984195,,
50512-35-1,Isoprothiolane,-0.5801866845298852,-0.5897648584235673,0.44016808492052584,-2.0948695507210395,0.47040580718245756,-1.3823357544906818,0.1966893608624146,,
50540-61-9,"Phenol, 4-bromo-2,5-dichloro-, sodium salt",-1.0339279842079292,-1.0047440885962033,0.41446980345815515,-2.13300667430515,0.19808934433880546,-1.8079051778814355,-0.21383744371273905,,
50594-66-6,Acifluorfen,-0.8388516863560008,-0.7867536065818381,0.6222924715402504,-2.5169539510914247,0.3941388807282276,-2.077838569701689,0.2270514147144565,,
506-32-1,Arachidonic acid,-1.1347472648421877,-1.140695188434326,0.510920186966536,-2.466806203262042,0.4554103160020914,-2.096861934929272,-0.14918950832996913,,
506-68-3,Cyanogen bromide,-0.28513301320045187,-0.3753790469464082,0.5249682201861181,-1.59868679416481,1.1601646657029678,-1.106732986543353,0.7859565440502467,,
506-77-4,Cyanogen chloride,-0.6478079650918184,-0.6425305326959957,0.5006552348876848,-1.8373330159469479,1.432536578173548,-1.655310324251727,0.27000373470167444,,
506-87-6,Ammonium carbonate,0.577990299616768,0.5532520075613682,0.4669662784240455,-0.8045759810809718,1.731817960759686,-0.2728793986869871,1.4445428129063802,,
506-96-7,Acetyl bromide,0.27926842228820736,0.2765526499297525,0.5550498985431119,-1.3989479561830385,1.6883390399585148,-0.8700029757669671,1.372166298997681,,
5064-31-3,"Glycine, N,N-bis(carboxymethyl)-, trisodium salt",1.2819907558424422,1.2736832085242131,0.20341573789482217,0.7563124622250373,1.8709663967947092,0.8994268967797409,1.6653665116585683,,
507-20-0,t-Butylchloride,0.40308838055317536,0.432099824835098,0.519358893267012,-0.9887348195154754,1.9749196893092678,-0.5591453668653839,1.4641871893116283,,
507-36-8,"Butane, 2-bromo-2-methyl-",0.18314383732097522,0.24336210568869546,0.5707849308935085,-2.067345230814037,1.763924846893919,-1.0039874600093577,1.1632846321242474,,
50723-80-3,Bentazone-sodium,0.6999438413901785,0.7150538932961601,0.3600803358439281,-0.8266693334033969,1.7715870670221396,-0.1100813162137416,1.3278357770316749,,
508-32-7,"1,7,7-Trimethyltricyclo[2.2.1.02,6]heptane",-0.17056274586908543,-0.18599042870142152,0.4886512352313497,-1.8139389454213604,0.9454660987728817,-1.04291693845515,0.7520616148844129,,
51-03-6,Piperonyl butoxide,-0.3753747585886641,-0.3790772282052322,0.13233731157438045,-0.778976854548482,-0.046999047317103956,-0.6405345005270617,-0.11530697129115108,,
51-05-8,Procaine hydrochloride,-0.22912539694847667,-0.21031436657711883,0.6360574704341918,-2.045782768707003,1.3723065428654042,-1.4849166602226829,0.895286627344127,,
51-28-5,"2,4-Dinitrophenol",-0.13534211530737494,-0.13331993489078958,0.11172385132225263,-0.4294366515525078,0.22479853388994964,-0.34789572494568655,0.07518493111366473,13.0,0.49775534244100805
51-79-6,Urethane,1.1893519995774529,1.1967029438534675,0.4744273053235392,-0.23255045321515805,2.2482803303015797,0.04602124270031746,2.03389665122642,,
510-15-6,Chlorobenzilate,-0.9816236921012989,-0.9617944851919454,0.28831464374593274,-1.6518592515506376,-0.27176234017632617,-1.578752316891494,-0.44858683297197915,,
5103-71-9,cis-Chlordane,-2.2563962639627135,-2.2533113995635716,0.4973691081135191,-3.939949031239549,-0.7032674040969362,-3.1628012574472817,-1.2912227165608914,,
5103-74-2,trans-Chlordane,-1.8708094739266499,-1.8548775288332693,0.48214637263178484,-3.1860769205399513,-0.7080526646418086,-2.8536735822508783,-0.9414355921593911,,
512-56-1,Trimethyl phosphate,0.4351182035453526,0.4028050164058716,0.6234139097140435,-1.3620008585146859,2.6053862964353462,-0.7793815478207026,1.5431007273444324,,
51200-87-4,"4,4-Dimethyloxazolidine",0.725435866159697,0.741643594260829,0.3345183838056074,-0.22132879699134764,1.5296209409088874,0.01562632610044458,1.3131406299411867,,
51218-45-2,Metolachlor,-0.35668670354133963,-0.3578296380799473,0.17187028435906032,-0.8394021940557485,0.1513434697545918,-0.7250914542196704,-0.024156025901710797,7.0,-0.6055775248859003
51218-49-6,Pretilachlor,-1.441349912842162,-1.4343413905612428,0.38606867938574024,-2.6256532191724054,-0.3733702992450427,-2.1365906046613774,-0.7420622256951728,,
51235-04-2,Hexazinone,-0.02134866658107934,-0.012360151122464403,0.1464320137595542,-0.43435939505782156,0.31860362525782826,-0.2909822483174156,0.25417072835211607,14.0,0.19348040144747647
51276-47-2,Glufosinate,0.11208297322661984,0.146918786841137,0.5275948603325101,-1.4861474616002266,1.4218306783329329,-1.1283892208915216,1.0558662442527538,,
513-08-6,Tripropyl phosphate,-0.09558785937297054,-0.07396794988997987,0.5420408714675073,-1.6025413738236962,1.227226836261116,-1.1607171379318835,0.8955012127273572,,
513-36-0,"Propane, 1-chloro-2-methyl-",0.6119776148905605,0.6610369400668517,0.5436606686844585,-1.0653692090503066,2.2041675862330736,-0.6623210761240774,1.4588242947326417,,
513-48-4,2-Iodobutane,-0.16064991686569058,-0.14217000752270642,0.5142830934446563,-1.7316222113726663,1.4134773321837921,-1.1728009422203887,0.9056751792847635,,
513-81-5,"2,3-Dimethyl-1,3-butadiene",0.19706526293171353,0.25293951669520265,0.5449077269014662,-1.3498612901272797,1.8823489537225029,-0.8699027635379402,1.2595717284348737,,
51338-27-3,Diclofop-methyl,-1.3446676917291733,-1.3199913973247597,0.2919952937854113,-2.441958893387277,-0.738311784548334,-2.0519303828901085,-0.8039927312508024,,
5137-55-3,Methyltrioctylammonium chloride,-2.115499379574099,-2.1020129682466244,0.2740962376318662,-2.894702798440643,-1.52169196460126,-2.6589819071400727,-1.6397513999017834,5.0,-1.3728728891060409
51384-51-1,Metoprolol,-0.07413059976080974,-0.06611568352998437,0.43170665519255796,-1.2788288299410113,0.8813503525130846,-0.8846187271787355,0.6987140367714172,,
514-10-3,Abietic acid,-0.9634370845184098,-0.9853066650327359,0.44480529416042086,-1.9765286938433366,0.12647493808562596,-1.856695703817508,-0.17945416415779064,,
5141-20-8,FD&C Green No. 2,-0.17757364677337834,-0.09705100855999396,0.6753236895643838,-2.519965905658579,1.6741525457696602,-1.712254265836406,0.9062347199748306,,
51481-10-8,Deoxynivalenol,-0.8159038157251417,-0.80991265991788,0.5319180403275784,-2.104814111349185,0.718315072322797,-1.848930789924474,0.25673520062038074,,
51481-61-9,Cimetidine,0.3127311689977745,0.3268590985111377,0.4948571131639355,-0.810133239532025,1.704072234422837,-0.6718949738476337,1.224691733345535,,
51580-86-0,Sodium dichloro-s-triazinetrione dihydrate,-0.9709472600789009,-0.9639022489854594,0.3617281019639457,-1.8393183185387656,0.9553234713926038,-1.6952313180018235,-0.21565812364833936,,
51590-67-1,Monobutyltin oxide,0.008471101925313944,0.02632014134230191,0.5277066196009839,-1.2667163958988337,1.4459340272373984,-1.0211606741991228,1.0853249088761798,,
51596-11-3,Milbemectin A4,-2.396053722786368,-2.421899572552091,0.4136490727644988,-3.459496541927262,-1.2497183721830236,-3.2331914866820113,-1.5844348325282434,,
51630-58-1,Fenvalerate,-3.669483397171983,-3.652243353598772,0.14961655066953145,-4.109565779050615,-3.343146541988865,-4.01991021716839,-3.4183768169081823,26.0,-3.226405833706128
51707-55-2,Thidiazuron,-0.2943214712659298,-0.2964096612356209,0.3056600868426968,-1.1455918369676057,0.4714136745759238,-0.9249011341868553,0.22133920046424344,,
518-47-8,Fluorescein sodium,1.2361121934519272,1.2303233583186102,0.29248210075211134,0.4446498231907817,2.0512064697991836,0.724442455745487,1.8204021201678169,6.0,2.9137092865090986
518-75-2,Citrinin,-0.9663980921471708,-0.9175784682942956,0.6750343444431919,-3.431643567512042,0.5326350905260847,-2.2952301440487703,0.21350823796929763,,
518-83-2,"9,10-Anthracenedione, 1,3-dihydroxy-",-0.3528139775254752,-0.34434834141947324,0.5243188471862534,-1.7071718463781025,1.5211591365664199,-1.4477276048832148,0.5181348698621864,,
51892-26-3,"2,4-Dichlorodiphenyl ether",-0.909666638528403,-0.8942909700158641,0.48455379785764996,-2.3133304244972486,0.576823941640642,-1.9457052988499066,0.07246757062036407,,
52-51-7,Bronopol,-0.30699298702202293,-0.30167210514605514,0.2272277615706041,-0.9458226557552112,0.3719220937282959,-0.762994007703862,0.1370239954214866,,
52-53-9,Verapamil,-0.8145703218114219,-0.8464894613188066,0.43975409414452976,-2.0069634957054,0.293649640648163,-1.7065729176065962,0.04822127622811409,,
52-66-4,DL-Penicillamine,0.33438711462476184,0.38064864880335203,0.5601772910255725,-1.2425667085404635,1.8621666619671144,-0.7016524563765533,1.4125214912971462,,
52-68-6,Trichlorfon,-1.1751577728597042,-1.1714198980848742,0.16241830912433877,-1.741470722748847,-0.6506133779168838,-1.4785694718163214,-0.855813916452485,35.0,-0.889636315554477
52-86-8,Haloperidol,-0.9410565757835458,-0.9525183476105579,0.674223042540192,-2.411616475957576,0.8090302131798435,-2.1779967696601545,0.4916696862281318,,
521-78-8,Trimipramine maleate,-1.146487944853264,-1.1518059119290947,0.6209757373153383,-2.5931615186663257,0.8415863237710469,-2.3627104003394455,0.08065311998129794,,
5217-47-0,"1,3-Diethyl-2-thiobarbituric acid",0.2491673455889924,0.24087821210299593,0.5741695149692314,-1.2611120672241296,1.8783428144658918,-0.8982549162242514,1.3236866278635948,,
5221-49-8,Pyrimitate,-0.7745458555876243,-0.7881849348718846,0.5098895189716824,-2.088940134760442,0.5878395488516568,-1.9322236695220663,0.2321850246670616,,
5221-53-4,Dimethirimol,0.03238633978047212,0.04655412300394798,0.531151168001792,-1.4808029129006905,1.6393216310108065,-1.0811653440775582,0.9506854695841013,,
52315-07-8,Cypermethrin,-3.7656651917741355,-3.7754963188944446,0.11101936080199175,-4.103209092764572,-3.4835909732466095,-3.9845915094016906,-3.56031219212895,35.0,-3.6138919464843653
52316-55-9,Lignasan BLP,-0.40991253451369075,-0.4467033209915906,0.5634924089627991,-1.7355305284913534,0.9585593834013519,-1.5050057232553091,0.7480256027029976,,
5234-68-4,Carboxin,-0.17800960966580803,-0.18097888034182194,0.2180639225797364,-0.8028499078351714,0.39530381213106186,-0.5610480369800506,0.2423042838482704,,
524-42-5,"1,2-Naphthoquinone",-0.42743231265357884,-0.4175905134888819,0.590388642865318,-1.9175663387886202,1.3243323879369562,-1.4415634893093312,0.8050061643054648,,
525-66-6,Propranolol,-0.11219403899491259,-0.07357418662115592,0.28917543594863054,-1.0544988261967068,0.7178105287691913,-0.6958857610552723,0.4295322108370528,,
525-79-1,Kinetin,-0.42132928627786187,-0.39348434479289296,0.4797730864268976,-1.5921181013957635,1.0166962075325305,-1.380758793578703,0.4908937843426333,,
525-82-6,Flavone,-0.6017615054644438,-0.6217583208734832,0.5653675546669666,-2.171123842017742,1.1093975058505847,-1.6575795745310056,0.465016373690915,,
52508-35-7,Dikegulac sodium,0.5324419508267556,0.5859197263929526,0.6414807874939383,-1.7151673438155621,1.995708364880431,-0.6616974324790538,1.7415294037466427,,
5259-88-1,Oxycarboxin,0.04894733029092433,0.07198709792445922,0.36665146474566745,-1.106753032029581,0.9118353152178171,-0.7226681070573682,0.6559909893619419,,
526-75-0,"2,3-Dimethylphenol",0.0500445711141915,0.04000441650908053,0.39136825572170775,-1.039491440837981,1.0546459478814596,-0.8005155053434561,0.8371758506761571,,
52645-53-1,Permethrin,-3.071082303963759,-3.0692150668089546,0.11342721767597366,-3.3286249237932113,-2.769111759616139,-3.295083467785898,-2.842845324586483,36.0,-2.65102799092145
5267-27-6,"Benzenamine, 4,6-dinitro-3-methyl- (9CI)",-0.44670720923272383,-0.4491135736431445,0.3868585312567332,-1.6430599938933748,0.6219029156352874,-1.2418892780905335,0.28120176110492107,,
527-60-6,"2,4,6-Trimethylphenol",-0.011397174856197796,0.0035432907221068623,0.3301296633051484,-0.9272802167650712,1.0679751605018872,-0.6935754342377661,0.5888596486122992,,
52756-25-9,Flamprop-methyl,-0.764624913609353,-0.7977901131217324,0.35390912751771864,-2.078187445620143,0.15083680189986556,-1.4625257096725628,-0.08824924107259882,,
528-29-0,"1,2-Dinitrobenzene",-0.6466196245531127,-0.6865102877220983,0.5930505512350135,-2.0399885713134798,0.748450688097152,-1.7311168862640347,0.4646236356309237,,
5289-74-7,20-Hydroxyecdysone,-1.059673720990458,-1.0442192885167345,0.4800521547902588,-2.473086949312776,0.34189011192460655,-2.0058355749077554,-0.21431668788335734,,
529-19-1,2-Tolunitrile,0.2593144583549827,0.2493827454852654,0.42258549929921124,-0.9372275847034336,1.2689898194911393,-0.5440123716805999,1.0555819589457343,,
529-20-4,2-Tolualdehyde,0.3224188319355581,0.3160916721875906,0.4108483793161935,-0.8241737703134449,1.6703747887495317,-0.5062411844457623,1.0657605537405552,,
529-69-1,Isoxanthopterin,0.07557910563073347,0.0744996964888607,0.5118681812449896,-1.626545135473973,1.3529071442608387,-0.8082946042576636,1.073230518477091,,
52918-63-5,Deltamethrin,-4.087048352620446,-4.0922797900303305,0.1370830117945416,-4.4391144691857045,-3.6966378519497938,-4.354898289461041,-3.8109825804575426,26.0,-4.221563717353087
5292-45-5,Dimethyl nitroterephthalate,-0.3341810269836529,-0.32886734112489435,0.5389544274993937,-1.9141531588666165,1.2504119083136072,-1.2769194443579261,0.722021073236284,,
53-70-3,"Dibenz(a,h)anthracene",-1.7602999585757055,-1.7717642805924063,0.48041766026391075,-2.9682935077581134,-0.2527983291660892,-2.7095743195197226,-0.8357060275192008,,
53-86-1,Indomethacin,-0.551083066546652,-0.5555662940749615,0.5453799434467327,-2.5052852969801327,0.8973176659573265,-1.5271307301997061,0.517329505005363,,
53-96-3,2-Acetylaminofluorene,-0.5685518857222501,-0.5634264221222314,0.6091147458244891,-2.5731794718233147,1.007286062449453,-1.6025489544699065,0.6480102954079949,,
530-57-4,Syringic acid,0.5974365422453881,0.6574341995547728,0.4810881977138496,-1.3689058707952815,1.5883226417612786,-0.43623804896258683,1.3410301128356095,,
53042-79-8,"Hexadeca-7,11-dien-1-yl acetate (Z,E)-",-0.735445173362207,-0.7415219245798412,0.4229015771256718,-2.140029075047982,0.1976121865567284,-1.4310745875223865,-0.01641715092031544,,
53112-28-0,Pyrimethanil,-0.14380168098071025,-0.16046138828789946,0.2339744987826773,-0.8356343782406437,0.5632621447122242,-0.6239448347564371,0.24748902717392265,,
532-02-5,Sodium 2-naphthalenesulfonate,0.3385140479968983,0.34010552969809066,0.6033013940842814,-1.1631287748806058,2.3607824989322768,-0.7487049897629761,1.495562167725163,,
532-27-4,2-Chloroacetophenone,-0.6037693126954742,-0.6042901213950321,0.44919158409053594,-1.825820594272043,0.7920205025912149,-1.522799859371787,0.24218106195686157,,
532-32-1,Sodium benzoate,0.727753762139915,0.7326742933939092,0.5469138772955988,-1.0077151690483397,2.066941512433264,-0.45279246038886095,1.7798087836424714,,
532-34-3,Butopyronoxyl,-0.28099465820937675,-0.27635460827031666,0.5115844083156833,-1.7146825408638882,1.0964362101993301,-1.3206679152723055,0.7024702343697654,,
532-55-8,Benzoyl isothiocyanate,-0.04159052073500679,-0.04930134341480339,0.5135880149170575,-1.7637081341822904,1.108686295130386,-1.0439988567951322,0.9582494333611676,,
5324-84-5,Sodium 1-octanesulfonate,0.44587395073285063,0.4733077491281066,0.6034203274817133,-1.2794993198564164,1.7807908998198905,-1.007945993498837,1.5711249728249568,,
5328-01-8,Ethyl 1-naphthyl ether,-0.5226510693365841,-0.47717687255055447,0.5468197766884532,-1.7752187140224251,1.5556644312737955,-1.562341969894733,0.5081446678817614,,
5329-14-6,Sulfamic acid,0.4464114014926343,0.44161504535585444,0.47314712231317013,-1.113189505670818,1.7255459953118828,-0.3757709029204874,1.2935277247101122,,
533-23-3,"2,4-D-ethyl ester",-0.9115923225250502,-0.8711053092379419,0.3147390500539728,-2.028552108766263,-0.2866968942314176,-1.5717555644026824,-0.33767945590818776,,
533-74-4,Dazomet,-0.612527638018958,-0.6059036554697972,0.24564551421348726,-1.644805528881721,0.09414512241312761,-1.1028886715257455,-0.12792327999645575,,
5331-91-9,5-Chloro-2-mercaptobenzothiazole,-0.6040969743527848,-0.5808246529468809,0.5566025261761782,-2.0017461092931366,0.7135556623771107,-1.7755709887270112,0.41109259547481775,,
534-13-4,"N,N'-Dimethylthiourea",0.47812659100456145,0.4934631221591215,0.5112962728057506,-1.1274796872262156,2.1016843436406383,-0.4836078368375493,1.3676226789380483,,
534-22-5,2-Methylfuran,0.8819932235660533,0.8660970270162343,0.4091800961143003,-0.25085893016156285,1.907939288101245,0.10564633181860374,1.650597105729885,,
534-52-1,"2-Methyl-4,6-dinitrophenol",-0.9048348105847643,-0.9135435501349258,0.1600251183673344,-1.31310423971491,-0.5201329566307965,-1.2396018505931004,-0.6286834436200053,6.0,-0.5866889951098342
53404-31-2,Dichlorprop butoxyethyl ester,-0.9906990611425431,-0.9798554872043393,0.2827225187735661,-1.7414361020221596,-0.3556495292905038,-1.56182302776776,-0.49503207357230267,7.0,-0.14738548475646787
53404-74-3,"Silvex, triethylamine salt",-0.5903329962870395,-0.5718701417807884,0.4457156052344983,-2.045596250336706,0.5923140459125703,-1.5933990529769093,0.10502320549923086,,
535-80-8,3-Chlorobenzoic acid,0.19904826074118462,0.2353990895968782,0.4456202440973532,-1.1364243151124083,1.188167307662537,-0.6363089899997498,0.996193726423374,,
536-90-3,3-Methoxyaniline,-0.34100222817837705,-0.33025774479572,0.5257799804778464,-1.5788732023790717,1.1813358778188119,-1.3095923310431716,0.6335236938112223,,
53716-50-0,Oxfendazole,-0.9241360604956583,-0.9427334575713286,0.45248117307150876,-2.129768999893243,0.1281681464170515,-1.879476956817502,-0.08448693751425077,,
5372-81-6,Dimethyl aminoterephthalate,-0.23718150348921718,-0.28629514595190075,0.512267257130602,-1.8404289676973313,1.3949485024796988,-1.2129876768350736,0.671002638288641,,
5377-20-8,Metomidate,-0.5373192273284453,-0.5327660759079249,0.5140289160380178,-1.9049957635608694,0.796209808942131,-1.5314920866357096,0.48763460032766437,,
53780-34-0,Mefluidide,-0.35876739041735334,-0.34119103269203277,0.6347374072510673,-1.9469831224195282,1.1856674435046235,-1.6358910758421006,0.7547052492043412,,
53780-36-2,Mefluidide-diolamine,-0.2865974896706367,-0.2441044985630794,0.6405620465490992,-2.4466020603932037,1.1249358934205822,-1.6602513574829205,0.9108581213011281,,
538-62-5,"Diazenecarboxylic acid, phenyl-, 2-phenylhydrazide",-0.7232323503489126,-0.7104377214791846,0.5421394579554595,-2.0889807890284606,0.5434329604409813,-1.8593542721803609,0.3249639168400106,,
538-68-1,Pentylbenzene,-0.4187315161298601,-0.4149326156025901,0.5538949337943774,-2.188345831304367,0.841827349220283,-1.5495318636550877,0.7146361742311592,,
53826-12-3,"Octanoic acid, 3,3,4,4,5,5,6,6,7,7,8,8,8-tridecafluoro-",-0.819436375681308,-0.821537584147227,0.6233793886975036,-2.3227710445037753,0.6972498013698415,-1.95844592696735,0.469186847290643,,
5395-50-6,"Imidazo[4,5-d]imidazole-2,5(1H,3H)-dione, tetrahydro-1,3,4,6-tetrakis(hydroxymethyl)-",0.17106829545368754,0.15743607742856275,0.5545893576716574,-1.432381343163599,2.3303805577834744,-0.9837591023642634,1.1237056210970633,,
5395-75-5,"3,6-Dithiaoctane",0.07827000390579947,0.10580586496058159,0.4313268899483185,-1.1108893496968881,1.311029418515812,-0.7743148562468193,0.8264349057152804,,
54-11-5,Nicotine,-0.23792470562103843,-0.20576971486015364,0.3575951675797161,-1.314021897869899,0.745119885942262,-0.9767825067578555,0.38605740004930517,,
54-21-7,Sodium salicylate,1.00070304171713,0.9954371325030983,0.4194541643337524,-0.26809646331022996,2.267298854935742,0.1132754688137083,1.923240600336638,,
54-36-4,Metyrapone,-0.05964414361073718,-0.06429253104252494,0.5792601831181989,-1.5787646645554858,1.5516198463437219,-1.2224395957603589,0.9562042236310478,,
54-64-8,Thimerosal,-0.2542427399188596,-0.25596113712224017,0.3392191102130836,-1.1960173689345244,0.7260912555781261,-0.9001779189981096,0.3364015304353963,6.0,0.7683520112999648
54-85-3,Isoniazid,0.40318890760854587,0.40362042201932874,0.4389774574207433,-0.6942325481975699,1.3978149123153714,-0.46981389331523626,1.2272903799782184,,
540-54-5,1-Chloropropane,0.6849161146251787,0.6893075034104967,0.5917090052878503,-0.7781709266572981,2.48152429519773,-0.3780657042757631,1.8507827482169836,,
540-59-0,"1,2-Dichloroethylene",0.44702770290073973,0.42299309666037976,0.41522482115874604,-0.6870769000779696,1.6104783473538655,-0.3492464023322986,1.28330873921214,,
540-72-7,Sodium thiocyanate,0.62264156656604,0.6223442584662338,0.35027468975403314,-0.3396579991715786,1.6690890222065855,-0.16107108935717684,1.3314098911529846,,
540-88-5,tert-Butyl acetate,0.8806194406958794,0.9091756310892674,0.43737769770103174,-0.7958280020713422,2.21683541585973,-0.1581476905425665,1.5486115691695723,,
5407-04-5,Dimethylaminopropyl chloride hydrochloride,0.19627668862933823,0.23486155757433674,0.5216142781714619,-1.5577962816373907,1.2382828976409306,-0.763268307733598,1.1417301866320801,,
5407-87-4,"2-Amino-4,6-dimethylpyridine",0.20742357500225586,0.19122184155926802,0.47946870879671566,-1.0943408545796964,1.4537970135051548,-0.7695609504448684,1.2053855067395944,,
5407-98-7,Cyclobutyl phenyl ketone,-0.17292694279029788,-0.14113916212166427,0.5756335547584944,-1.7631670916046234,1.677656907526167,-1.347171061149112,0.8424560432552772,,
541-09-3,Uranyl acetate,-0.3051913898506333,-0.32013021515559725,0.4414960793620492,-1.291069556058881,0.9917537943410487,-1.1088128060421554,0.6316776901380046,,
541-22-0,Decamethonium bromide,0.07111174862356708,0.02804042783470441,0.7229630230140442,-1.7946553223674562,1.9385242995486403,-1.24861363559023,1.5146168476853654,,
541-28-6,"Butane, 1-iodo-3-methyl-",-0.20419060615556314,-0.1446407226455742,0.4609209738752024,-1.4745764766953964,1.0033624772287295,-1.1664923620394156,0.642708575115934,,
541-73-1,"1,3-Dichlorobenzene",0.06986633073879724,0.0924542275103462,0.19287854672987467,-0.5755929112843288,0.7113541499608158,-0.33696953716436473,0.43402087996966016,7.0,0.7834387463732959
541-85-5,5-Methyl-3-heptanone,0.15611231731815287,0.1991967657827673,0.5115966219247918,-1.2998533803550725,1.186899325612059,-0.9330554307255742,1.1164532059317054,,
54135-80-7,"2,3,4-Trichloroanisole",-0.7722129992863213,-0.7906313467512494,0.5482098124128761,-2.57340994449289,0.5407833816940683,-1.8026683323844876,0.21230237847834035,,
542-18-7,Chlorocyclohexane,0.05558220630163909,0.0932775671134423,0.5332775221674044,-1.4952163578081403,1.4028714702378837,-1.0873832040364306,1.048004832638971,,
542-75-6,"1,3-Dichloropropene",-0.3016124873166317,-0.2893591709465178,0.19130337071981085,-0.757592595289805,0.17725077036895268,-0.681393525347085,0.04679139001374362,6.0,0.21807541005033446
542-76-7,3-Chloropropionitrile,0.5759619489200878,0.584228197349592,0.6090691441691992,-0.9992684242646785,2.059495047719977,-0.5563827150403551,1.669905582739647,,
542-85-8,"Ethane, isothiocyanato-",0.07453544114518282,-0.022751336441624165,0.5737806762346511,-1.2221237527315982,1.7216362444058022,-0.8613886427438918,1.2860155287810913,,
543-82-8,2-Amino-6-methylheptane,0.13239970875490253,0.14684602975323624,0.5774220008213024,-1.5410694770184719,2.0468604934768377,-1.0428301756819205,1.2071924312546136,,
543-90-8,Cadmium acetate,-0.5774070307322,-0.5872166056099025,0.3374387817067168,-1.5505802230102157,0.22401747036662353,-1.2434305673568138,0.03959496165376031,,
5436-43-1,"2,2'4,4'-Tetrabromodiphenyl ether",-1.6841237773176079,-1.6987487205715315,0.34374831219258056,-2.653133157059251,-0.699917645362762,-2.3668257436354465,-1.0245024309044855,,
5437-45-6,Benzyl bromoacetate,-1.3778212855140486,-1.3769841135556018,0.3144382238399929,-2.1017365272847632,-0.3425460555438436,-1.9637919705806033,-0.7394015984534731,,
54381-16-7,"2,2'-[(4-Aminophenyl)imino]bisethanol sulfate",-0.5490411102675626,-0.5470593393650649,0.4522410487807569,-2.04332738390858,0.9120403939534169,-1.3606758851058305,0.42744836751031895,,
544-25-2,"1,3,5-Cycloheptatriene",0.12544598742219912,0.1903093589135884,0.5762583470328758,-1.352182226444169,1.5244064263925041,-1.0525196887622117,1.2223088382524196,,
544-40-1,Dibutyl sulfide,-0.4536167200181673,-0.46244739208019636,0.4410315622586181,-1.5438346840135833,0.747508302009734,-1.286039265997482,0.4353947888053126,,
544-77-4,1-iodohexadecane,-1.4914786988208615,-1.4830482491327779,0.47699953649199195,-2.7527453233583237,-0.25919203053701173,-2.5713007013959506,-0.6245306781616287,,
544-92-3,Copper cyanide,-0.49272569603132305,-0.4855272232904905,0.653253140157151,-1.929876339631999,1.2301646893563771,-1.6996172192142318,0.7514741861777773,,
545-06-2,Trichloroacetonitrile,-0.27327451352613336,-0.2319777693080069,0.581486855837199,-1.8697709464962995,1.1619306424062006,-1.5872142808685081,0.7929211995525723,,
54576-32-8,"3,8-Dithiadecane",-0.35852876214883567,-0.35418619519633676,0.4996875769584301,-1.7018114420932862,1.0440498829936593,-1.2798964440460001,0.5993908399437247,,
54593-83-8,Chlorethoxyfos,-2.6316732160416216,-2.6713923858288195,0.4012900382321481,-3.60948431936754,-1.1498567820749044,-3.2856894894859505,-1.8282337877751047,,
5464-71-1,Octyl 2-hydroxypropanoate,0.029697363626423216,0.06282792693593746,0.4062418084703517,-1.1377039962803677,1.0944855522564085,-0.78974994029156,0.6720472289993213,,
5465-65-6,4'-Chloro-3'-nitroacetophenone,-0.37355230884057183,-0.39465416138040055,0.3985047760964781,-1.599740698657734,0.6502326810955179,-1.157387766528336,0.36857234834983166,,
5466-77-3,Octinoxate,-1.0260070246802773,-1.031470916394043,0.5092684117557242,-2.3763018100046462,0.3277192230103311,-1.9707148092615439,0.023175581723220297,,
547-32-0,Sulfadiazine sodium,-0.23192275884057253,-0.21739335982575886,0.6536304218109091,-1.9454301018597822,1.9365875974588003,-1.3169626862685149,0.9437593773982013,,
547-64-8,Methyl 2-hydroxypropanoate,0.9387410968545743,0.9866522688628647,0.5210643981609686,-0.7565385698784007,2.1247252582966416,-0.05986374963714069,2.003093630657863,,
5471-08-9,"Benzeneethanamine, sulfate (2:1)",-0.6627984734128816,-0.6699985184119917,0.5592120809279377,-2.07504877710504,0.6847434454736815,-1.7583180816588646,0.279759030130402,,
54739-18-3,Fluvoxamine,-0.9442037238251656,-0.940175325423777,0.4163748486152905,-2.2741318818430485,0.1314891255589002,-1.7936058821925824,-0.1750192490166689,,
548-62-9,Gentian Violet,-1.4717870968506184,-1.47209453354112,0.6256818190711511,-2.902638718595681,0.4477508811854179,-2.5880107921004534,-0.1535998975101545,,
549-18-8,Amitriptyline hydrochloride,-0.8415382159534388,-0.8570450189715801,0.5345774578833186,-2.4588827387189713,0.5966432148797819,-1.9291173070265428,0.23041290026673447,,
54910-89-3,(+/-) -Fluoxetine,-0.7092848705103484,-0.7620838606156912,0.43741210860038326,-1.6971617078078625,0.37253971049532647,-1.5561595130361217,0.06224218113768309,,
54965-21-8,Albendazole,-1.342768177272039,-1.3717910662189943,0.44988706128680983,-2.6722460325243054,-0.28084491600142975,-2.1220732650476473,-0.44839246187030485,,
55-06-1,"3,3',5-Triiodo-l-thyronine sodium salt",-1.550756623162626,-1.5593366233385177,0.6765962190604041,-3.561568183208696,0.5797124975172774,-2.7960274077535368,-0.31158852364207534,,
55-18-5,N-Nitrosodiethylamine,0.799199525650753,0.8043901837790468,0.42517086787221087,-0.3638580354143392,1.869341276614708,-0.044339796057091874,1.604895044530715,,
55-21-0,Benzamide,0.4738756309659625,0.446218842095314,0.5953623790886641,-2.0259647723416365,1.9561633606131297,-0.6040561777930522,1.5914961159849743,,
55-37-8,"Phosphorothioic acid, O-[3,5-dimethyl-4-(methylthio)phenyl] O,O-dimethyl ester",-1.1328229739776867,-1.1604578374108223,0.4402442251076506,-2.3045872200543687,-0.005953755200541978,-1.9489333458430276,-0.36986826947548407,,
55-38-9,Fenthion,-1.797112019863038,-1.7994721292939242,0.12223885830338926,-2.117988166531193,-1.4893652028372957,-2.0397022865743555,-1.528009854904633,45.0,-1.6305380614885574
55-43-6,N-(2-Chloroethyl)dibenzylamine hydrochloride,-0.7287416868348368,-0.6905892558165088,0.6426162655513622,-2.2697567788644513,0.8212800849884607,-1.9336673455619253,0.45209448474585257,,
55-48-1,Atropine sulfate anhydrous (2:1) salt,-0.11009992960179979,-0.08028088086386188,0.5962467303747695,-2.637534066918306,1.6237896014083926,-1.3065117004014901,1.118450164456719,,
55-55-0,N-Methyl-p-aminophenol sulfate,-1.3027984738963132,-1.3509587127300424,0.6159376362821135,-2.5510128073523517,1.4959676427749007,-2.2965109086087296,0.02933825730913024,,
55-56-1,Chlorhexidine,-1.5625082780627448,-1.53283973295152,0.6207973381483549,-3.216290577111545,0.2732817595166743,-2.7972878373945513,-0.23134298162389255,,
55-63-0,Trinitroglycerin,-0.2600929182754392,-0.2554876889617956,0.16871903168969357,-0.7751972358838395,0.241464422472554,-0.6269464369014097,0.014291536603326912,10.0,0.47649274695951577
55-81-2,"Benzeneethanamine, 4-methoxy-",0.18091075208986326,0.2389275730772728,0.574319157486598,-1.3255333630373805,1.644053306110122,-1.025576549966636,1.3216216543845998,,
55-86-7,Nitrogen mustard hydrochloride,0.012289401012814078,0.02150679090600006,0.3013411324571328,-0.9279676611510902,0.6817575666943986,-0.6656372042310339,0.6365945554642837,,
55179-31-2,Bitertanol,-0.7045318780763636,-0.6847698835010261,0.3800645274623944,-1.6767906546620843,0.6069141549060273,-1.478457832890144,-0.014690386026783102,,
552-41-0,2'-Hydroxy-4'-methoxyacetophenone,0.2034989767426022,0.18829356865563618,0.3819989690220214,-0.9032243757366792,1.379622853768396,-0.5007871249371577,0.9625047638535086,,
552-89-6,2-Nitrobenzaldehyde,0.014209148585190134,0.014238820167929931,0.40045712957657115,-1.2914571055078894,1.0376758327709834,-0.8385435917572309,0.7790559413272884,,
55219-65-3,Triadimenol,-0.288340633235855,-0.2591478209040463,0.3054657325215832,-1.2699706134579434,0.42965328198942276,-0.8226636892707214,0.29622915126946986,,
55268-74-1,Praziquantel,-0.4516761747058699,-0.462655976293871,0.5123236141261868,-2.070176156436356,1.0731007848522822,-1.298023670238269,0.6387218797047468,,
55283-68-6,Ethalfluralin,-1.523069884749188,-1.5190852317760029,0.26549767707736904,-2.3258803585098895,-0.8159401737257085,-2.048154651674392,-0.9422950080180801,,
55285-14-8,Carbosulfan,-1.6815023593361553,-1.704482136257198,0.2589556391252637,-2.442706648371561,-0.9133461574105091,-2.2034763874664267,-1.1925181353727259,6.0,-0.8588098995392393
55290-64-7,Dimethipin,-0.023771834865630746,-0.03453761409226726,0.47292794732150684,-1.4990432473201933,1.5042604149219052,-0.9728886884926797,0.9575410023231684,,
553-97-9,2-Methyl-p-benzoquinone,-0.11525883300467969,-0.12224874675018685,0.6166255301813256,-1.7300231735491527,1.4997079683841654,-1.3646147389632974,1.1288311952929517,,
55303-98-5,Avarol,-1.4244834627608316,-1.3909632102785583,0.5916878385826737,-3.188811979992651,-0.06993489579193428,-2.715666355010191,-0.35080776650950607,,
55335-06-3,Triclopyr,0.3186095772952025,0.31175136122029523,0.26351589800923825,-0.4729654091035374,0.9994044893028774,-0.19048010497939025,0.8065744209943354,8.0,0.7432569815710057
554-00-7,"2,4-Dichloroaniline",-0.11927399789352396,-0.12148412245187926,0.15860432398531724,-0.4928203831515176,0.3966065647355382,-0.40751845334284054,0.19023581558234254,7.0,0.48778749287142714
554-01-8,5-Methylcytosine,0.7242872887141565,0.7354788364347374,0.5779350019492459,-0.7996538360045745,2.083691482665971,-0.4618509397293193,1.771450347954455,,
554-12-1,Methyl propanoate,0.797353383781064,0.8284022768818966,0.5602552520417904,-0.7204452196888914,2.192508970358399,-0.2764734766591867,1.8195451365954218,,
554-13-2,Lithium carbonate,-0.05022298562438599,-0.0439675367403711,0.41387343443352953,-1.0807887855284763,1.062888459716919,-0.8565301330365669,0.7233712705886456,,
554-84-7,3-Nitrophenol,-0.2180823356943603,-0.21161687547523084,0.3646125720771524,-1.0305057342798194,0.7796247152343981,-0.8966155276454064,0.4890753120040499,,
55406-53-6,3-Iodo-2-propynyl-N-butylcarbamate,-1.2134569061326028,-1.2380739821055564,0.21399992561717104,-1.9316309174760304,-0.7224484116438118,-1.6403397177862058,-0.7738268760707678,,
555-16-8,4-Nitrobenzaldehyde,-0.04533800053445866,-0.051045343689993854,0.49309574756982716,-1.2321625451490916,1.1998634803892476,-0.9589430241768064,0.944638012681766,,
555-37-3,Neburon,-0.9348578300747118,-0.9168014959764121,0.41782712753792495,-2.055764026117508,0.14999270882053312,-1.8763996362045487,-0.20092648214193556,,
555-60-2,Carbonyl cyanide chlorophenylhydrazone,-0.028335536188722723,-0.0186782572722839,0.5344542941197212,-1.6171865520154853,1.3432189855162717,-1.1428479685990607,0.921871009178908,,
555-89-5,Bis(p-chlorophenoxy)methane,-0.39258643416412325,-0.38581749929754006,0.48491334634845357,-1.973619540959778,0.7285174668244732,-1.3963202794602736,0.48482058465445566,,
55512-33-9,Pyridate,-0.8852309293526052,-0.8580007696881968,0.4885191462430531,-2.337253123023601,0.2779502356913398,-2.021599060586382,-0.049590368814928364,,
55543-68-5,Crezacin,0.47678031283601285,0.4898461859072316,0.6011936182922637,-0.9997852514048926,2.148496863241198,-0.8579519270569209,1.6297227362854778,,
55566-30-8,Tetrakis(hydroxymethyl)phosphonium sulfate,0.06972179245496543,0.1388423409912059,0.5077641612122519,-1.2286176240588278,1.696808648546448,-0.9774116402872879,1.0862991080262172,,
556-22-9,Glyodin,-1.2026491373765817,-1.2169091213895418,0.5040651034967909,-2.7659110531171436,0.2979345896375305,-2.0851471381437237,-0.260641309972045,,
556-52-5,Glycidol,0.784530901673866,0.7451009344197665,0.5436567490885933,-0.8701375190048988,2.1258569738493187,-0.3084642968527857,1.8450246131587797,,
556-56-9,"1-Propene, 3-iodo-",-0.13740318102003612,-0.1384825339713383,0.5674486067232556,-1.7931806640627956,1.3193923361294744,-1.1657327904424235,0.9394365632084363,,
556-61-6,Methyl isothiocyanate,-1.1075452601354394,-1.1240481582127908,0.30268104772573634,-1.931535848282305,-0.1704448510965075,-1.6297454349874574,-0.443854795472088,,
556-67-2,Octamethylcyclotetrasiloxane,-0.48137321761163016,-0.4656299472520533,0.5605489133303785,-2.3511574518217175,0.9804961927006012,-1.6462029344141171,0.45737318889495343,,
556-88-7,Nitroguanidine,1.3796471009380502,1.3937169277985495,0.40915158299009,0.29301500371620165,3.0064513216522153,0.5180963384712017,1.9882237211448488,,
55635-13-7,Alloxydim-sodium,0.5549775869175037,0.5616270564879986,0.3564422676695468,-0.6080886342519806,1.386575162034442,-0.20010925065204255,1.2537966896992152,5.0,2.2549513368689875
5567-15-7,C.I. Pigment Yellow 83,-0.8622175509644141,-0.8346452744455602,0.4625923357023633,-2.2249714890394934,0.13767990714943681,-1.8392088036845768,-0.13420147310162495,,
557-31-3,"1-Propene, 3-ethoxy-",0.31992505736243887,0.31762766170968026,0.5878716277982373,-1.5359249271456545,1.7389738286500929,-0.7886873925816423,1.3658654203064198,,
557-34-6,Zinc acetate,-0.5251770496268385,-0.4861547481644308,0.3129405566777495,-1.538196187047899,0.23583503459149976,-1.153355098415334,-0.008698158243385254,,
55723-99-4,(3-Chloro-1-propynyl)cyclohexane,-0.26480545143791534,-0.24419956469910936,0.5410744417660792,-1.6804657204384161,1.2667630649358494,-1.3933191785700016,0.7859782634915609,,
55792-61-5,2'-(Octyloxy)-acetanilide,-1.0278306231038703,-1.085911336509462,0.5725115696957037,-2.3700139187514897,0.22219581669128352,-2.096691026453632,0.10480558707389019,,
558-17-8,"Propane, 2-iodo-2-methyl-",-0.446442378004474,-0.45222679361653517,0.5228647616562297,-1.6449682457002786,1.1263324459680815,-1.3718895273089227,0.5416565107893985,,
5598-13-0,Chlorpyrifos-methyl,-2.177328277647916,-2.1640834702481753,0.24718603638212971,-2.852332534330633,-1.4680615348254549,-2.5981405923177943,-1.694038775670421,8.0,-3.305577071035932
5598-52-7,Fospirate,-2.658438173351483,-2.6568810533137612,0.36843696226611156,-3.6755874828264643,-1.6644919816279122,-3.29346288018263,-1.8961105173713924,,
56-06-4,"2,4-Diamino-6-hydroxypyrimidine",0.704010757456949,0.7432489586336224,0.6580209517629215,-1.3404233510882786,2.1267692761161707,-0.633857127350923,1.939115901349869,,
56-12-2,4-Aminobutanoic acid,0.5846173938717791,0.5773940115172842,0.5415768899086855,-1.0629691548223177,1.7691971717473702,-0.4590425488286076,1.6242332684714915,,
56-23-5,Carbon tetrachloride,0.676031434068202,0.6718073724063494,0.21540836971611693,0.15601820030193572,1.2805243780327165,0.2738231159224894,1.088707671338584,6.0,1.449949501691518
56-34-8,Tetraethylammonium chloride,0.5540495201801042,0.5687928027451863,0.6246830549130802,-1.2369577561571246,2.2997868815918707,-0.874062083141065,1.6650235525035813,,
56-35-9,Bis(tributyltin)oxide,-2.838663395844437,-2.844681593795832,0.12704363937177238,-3.111748277917472,-2.4793474211525215,-3.0593101229982493,-2.602597102760363,21.0,-1.9668120884317315
56-37-1,Benzyltriethylammonium chloride,0.30603279848869036,0.3351856135896294,0.5990262202924731,-1.19141632129717,1.8463825805888834,-0.916923122505885,1.4165879893963254,,
56-38-2,Parathion,-2.161884636966667,-2.1664297879506105,0.13284834916084842,-2.5175244112499686,-1.8581233188801771,-2.415521524716221,-1.9097961261640979,39.0,-1.857673066673662
56-53-1,Diethylstilbestrol,-1.0154129728384973,-1.0173926462370804,0.3866975472937096,-2.1186701651826074,0.40907726061599103,-1.7298403961039281,-0.2704404321125688,,
56-55-3,Benz(a)anthracene,-1.4885701647524818,-1.4830833892077029,0.3714613875258944,-2.454555973856453,-0.5375858912347068,-2.11977892835415,-0.759547006267667,,
56-72-4,Coumaphos,-2.3098423386126092,-2.306479113657637,0.30197320190542426,-3.1295636228024164,-1.3908447888313689,-2.868660334358093,-1.6419936018427619,15.0,-2.0367811511557115
56-75-7,Chloramphenicol,0.1933858491463009,0.22898254068238558,0.33777378648774675,-0.6309326757089145,1.0236098117401018,-0.46986654372904996,0.7723974768620264,,
56-93-9,Benzyltrimethylammonium chloride,0.20477223273956852,0.17378910663668512,0.47139851123624704,-1.0701681960996283,1.4950785482501312,-0.6777851319899413,1.1257777880807471,,
5600-21-5,2-Amino-4-chloro-6-methylpyrimidine,0.37039948043243354,0.3948217907436126,0.5057718319134274,-1.035299374968622,1.6171730852645252,-0.7155723278671743,1.32897403340681,,
56070-16-7,Terbufos sulfone,-2.4097328890610226,-2.395208284412492,0.4164863475931054,-3.369816734139511,-1.4223372575291673,-3.2314381378075296,-1.6297775913999832,,
56073-10-0,Brodifacoum,-1.878337432717948,-1.8624190587847003,0.2942396728900499,-2.877794434266925,-1.2585235569738629,-2.508430201027114,-1.3579170610818532,,
56108-12-4,p-(tert-Butyl)benzamide,-0.04596906291528125,0.009824528824505857,0.3878523410075583,-1.0853460886868342,0.9361947968624111,-0.8079342065208153,0.6432294761969568,,
56207-39-7,"Benzenamine, 3,6-dinitro-2-methyl- (9CI)",-0.5250258926970824,-0.5525636019795899,0.4037228907177546,-1.5680653035847893,0.5404054514891654,-1.2745682325794856,0.22657409956347646,,
56296-78-7,Fluoxetine hydrochloride,-1.3459129570397814,-1.3092001667671302,0.2537978531533389,-2.193822394221093,-0.761000374296886,-1.9374668741163164,-0.9255316978736517,,
563-12-2,Ethion,-2.110383020217464,-2.098164885471889,0.1733221154475605,-2.5309269765841793,-1.6341904848443558,-2.406061976660259,-1.7648518510270845,14.0,-2.453249988805494
563-25-7,Dibutyl(difluoro)stannane,-0.14401622689728377,-0.15396407688921504,0.5747508761158774,-1.6391662115510075,1.6613510229939803,-1.2854890135836718,1.0533811032064289,,
563-47-3,3-Chloro-2-methylpropene,0.2844258589279142,0.277403517479298,0.5696781581459437,-1.440535276731582,1.7152731749532628,-0.8617572230958149,1.4283690858209728,,
563-68-8,Thallium acetate,0.14227167605386162,0.13883079230346712,0.39354846895056794,-0.8250875601259121,1.214441286091289,-0.6564193383133226,0.8715932336556579,,
563-80-4,3-Methyl-2-butanone,1.1030513943869018,1.0970423854579858,0.4503571643080445,-0.27882888519573884,2.2673506413024307,0.20771862756103887,1.9920760498001338,,
56348-39-1,"4,9-Dithiadodecane",-0.7471819864726672,-0.7113575463206059,0.436449561759108,-1.989093667129087,0.3281623675584686,-1.6443213906585432,0.03859697491243186,,
56348-40-4,"2,9-Dithiadecane",-0.3221502171584447,-0.3221805007629025,0.5006061765632943,-1.6974670250971218,1.0253680285127642,-1.1415171724990354,0.6050035002211344,,
56392-17-7,Metoprolol tartrate,-0.4235054247823306,-0.34483636427685627,0.6816042352461901,-2.176530949368795,1.7172076283539963,-1.8100462245892255,0.8955018172668419,,
56425-91-3,Flurprimidol,-0.28844378065258364,-0.35047920543363076,0.3652446506759743,-1.3565156768996764,1.0442666631793682,-0.9332336129863629,0.4801763992841531,,
56634-95-8,Bromoxynil heptanoate,-1.8333447926057658,-1.837773136301228,0.5191018510975274,-3.460999085426084,-0.38950542051953874,-2.835085444641887,-0.8760694201901317,,
56715-13-0,R-(+)-Atenolol,0.2717019650668908,0.2551017328394932,0.575664560784133,-1.426801766964383,1.491923228449599,-0.9248881594798238,1.169923692943942,,
5673-07-4,"2,6-Dimethoxytoluene",0.006810662638464004,0.00800299413220277,0.4677157367535447,-1.5133045806630405,1.3787661357289982,-0.7712679304055479,1.006183273809418,,
5683-33-0,2-Dimethylaminopyridine,0.3769645181449711,0.3565104857971545,0.5288299339210262,-1.3138351659930347,2.4026288265679736,-0.6452832455336475,1.4443535500961242,,
56840-61-0,Romucide,-0.47722067123110634,-0.5138391877217043,0.5476523973899132,-2.7093767541472995,0.7708598130453503,-1.4388308043862195,0.5764185757246719,,
56896-76-5,6-Methylbenzothiazol-2-amine monohydrochloride,-0.5110926920352883,-0.49574791642352917,0.5756626914789711,-1.8702631918532056,1.059132236622349,-1.5533975624761347,0.6670202666151706,,
569-64-2,Malachite green,-1.4820751263152507,-1.4605796948189802,0.15221901107453273,-1.9005238808420786,-1.0968278181101703,-1.7861427674632815,-1.2197140127554673,14.0,-1.4748316896084537
56961-20-7,"3,4,5-Trichlorocatechol",-0.6713147564841679,-0.6697338051412635,0.47870152599266264,-1.7078179334236958,0.9766461448899254,-1.5379405963140917,0.20083354625870542,,
57-06-7,Allyl isothiocyanate,-0.6946316352758649,-0.7305353800383889,0.5444775544586314,-2.0476500737125933,1.0917020483662512,-1.604994054680519,0.44108820242677477,,
57-09-0,Hexadecyltrimethylammonium bromide,-1.4513228412921608,-1.4173556588191158,0.36769000701417454,-2.501523212928188,-0.2908817956857122,-2.1702387954837152,-0.8208047304973216,,
57-12-5,Cyanide,-1.4166900782755294,-1.4155670111417036,0.21744850419267073,-2.0702016246342994,-0.8470008890597875,-1.835074404256656,-1.0309050999974454,,
57-13-6,Urea,1.2691307729270598,1.2895647247163322,0.30039383298649014,0.47000630463147464,2.1805984655956543,0.7299770800091285,1.8645629402552706,8.0,1.9999794768661434
57-14-7,"1,1-Dimethylhydrazine",0.23921504192765247,0.24465828079830243,0.21115516142853302,-0.3539588011043934,0.7933970385627961,-0.2003732454493234,0.645438085489558,5.0,0.8620842230762924
57-15-8,"1,1,1-Trichloro-2-methyl-2-propanol",-0.012061979997851285,0.056963087961046904,0.5705946162013484,-1.5696168440887837,1.6968592253718966,-1.2047848450011212,1.052314961455309,,
57-24-9,Strychnine,-1.0064469573754713,-0.9772796358185096,0.39597444459806663,-2.0581387342180895,-0.05000139905383483,-1.716988514133211,-0.19626871029308945,,
57-33-0,Pentobarbital sodium,0.13240369049552791,0.11726199031230192,0.5611699333220818,-2.155112838562133,1.9860963588266427,-0.97309058514466,1.254039633653075,,
57-41-0,"5,5-Diphenylhydantoin",-0.29281098682829765,-0.24367150050242692,0.5782750221329618,-2.313196680354218,1.008571295925327,-1.4744761476147379,0.6957073416895772,,
57-43-2,Amobarbital,-0.07026118383965084,-0.03198753786082441,0.5269144415620733,-1.648162175988876,1.369224641664753,-1.0967996240602487,0.9440033645947687,,
57-55-6,"1,2-Propylene glycol",1.8953953120324294,1.9324562786634754,0.3936486270892093,0.8768906196319649,3.008858488708334,1.0973998710449457,2.5709898267411666,,
57-62-5,Chlortetracycline,0.2346072940341627,0.2204211564770961,0.3017494224485637,-0.5578986975025301,1.3244135704503295,-0.3905025043004504,0.9352237183219837,,
57-63-6,17alpha-Ethinylestradiol,-0.7630607015509164,-0.7682735145621759,0.2364222004942685,-1.4096908716856342,-0.18456894555116019,-1.2386949460604986,-0.29335186944160513,,
57-67-0,Sulfaguanidine,-0.003165410211412807,0.07019753317949304,0.4979977939903179,-1.3627848442323782,1.1250950688691879,-1.0067790056457515,0.906455193361039,,
57-68-1,Sulfamethazine,0.3290469245260104,0.33434393797880846,0.3634924233017317,-0.5690672017511519,1.3831730077309807,-0.49548716969844825,0.9770416718956791,,
57-74-9,Chlordane,-1.9946975166854668,-1.987329369511757,0.1252635775288831,-2.4096257237248433,-1.6286119633893912,-2.2585841089603225,-1.7478168431961567,18.0,-1.7089231715208888
57-88-5,Cholesterol,-1.4909872916907778,-1.4929788032387203,0.6003317847093641,-3.5251268860229854,0.06037481764173057,-2.804878462583179,-0.25686819283362017,,
57-92-1,Streptomycin A,0.3756215751071202,0.38957772999179274,0.5208534197995738,-1.0100143986558625,1.7979657839312162,-0.674928868717513,1.4247255244621615,,
570-24-1,2-Methyl-6-nitroaniline,0.01490016390829501,0.002350708390610963,0.4953062591601719,-1.751648355326827,1.4075079458409598,-0.9273062803990062,0.9891078410340969,,
57052-04-7,Isomethiozin,-0.6120250612533377,-0.5951018170532256,0.6046339453078665,-2.3150356182921437,0.7766955958756282,-1.7896903052700448,0.4706970125923989,,
57055-38-6,Monochlorodehydroabietic acid,-1.1048834171219468,-1.1135374965663392,0.31101088179491304,-2.032148469155699,-0.38962939135369734,-1.6626413139683638,-0.49094687470228254,,
57055-39-7,Dichlorodehydroabietic acid,-1.1568128106970303,-1.1240545613987576,0.294514239083543,-2.0049544120859815,-0.35915111603319844,-1.7441103136823222,-0.5554643772496246,,
57057-83-7,"3,4,5-Trichloro-2-methoxyphenol",-0.8739450642975675,-0.8811735420528599,0.36263087592538706,-1.809784628325811,0.18933431544445264,-1.557431563513324,-0.21094857525247007,,
5711-19-3,Trimethyllead acetate,-0.7090410772254028,-0.5882825459699483,0.6153529787349543,-2.4791928353521535,0.7097631178907164,-1.9393768384436936,0.24396123681722734,,
57157-80-9,Adogen 283,-1.6639519663205875,-1.6509758972633612,0.3317308536323627,-2.6813108354218893,-0.7822848501338796,-2.3043099235546936,-1.1171951887518876,,
57213-69-1,Triclopyr triethylamine salt,0.9722841262523949,0.9685918513002812,0.18848183048847103,0.1912769174645374,1.323877933558976,0.6077193209625706,1.2968931505158157,9.0,2.1566253058055227
573-56-8,"2,6-Dinitrophenol",0.08407497704715311,0.11834558116415003,0.4721625477117331,-1.4319117810376207,1.2197240639887643,-0.9524410365180829,0.9067107943006877,,
573-58-0,C.I. Direct Red 28,0.26830548447670727,0.3410913391500434,0.5646210776563592,-1.949877319463587,1.6981186441485794,-1.229356487502799,1.1038535703906178,,
5736-15-2,"2,2'-Methylenebis(3,4,6-trichlorophenol) monosodium salt",-1.4825263823810602,-1.5037386000812245,0.3987709223675787,-2.5913367644143688,-0.3160616839811072,-2.305715249274506,-0.7657288418749545,,
57369-32-1,Pyroquilon,0.0564727186800316,0.05900218660464916,0.3661717328720333,-0.9946559243410582,0.9642475533901089,-0.696843879164498,0.7287642709025747,,
57375-63-0,Phenisopham [BSI:ISO],-1.1699726059389617,-1.172092001341856,0.6201198389562423,-2.9183467027590284,0.7406387649969223,-2.3874039118244066,0.18050511670759406,,
5742-17-6,"2,4-D, isopropylamine salt",0.781609611741412,0.8109002777480967,0.42380572957040297,-0.9872181078808413,1.641268201698184,-0.1010971879931943,1.4462109734992332,,
575-41-7,"1,3-Dimethylnaphthalene",-0.4622997471464298,-0.41484219934865474,0.4034947902642534,-1.5306308624726324,1.078750863348096,-1.2525061300501386,0.28676421572169164,,
576-24-9,"2,3-Dichlorophenol",-0.42604110296331454,-0.4162086657383399,0.2543676347369701,-1.2532740687235888,0.2733528552219597,-0.938090995175126,0.046281778902475965,,
576-26-1,"2,6-Dimethylphenol",0.0765079328546646,0.08415032534949884,0.3410886753369269,-0.9660266320221591,0.980692872624751,-0.5601741438814081,0.7500118545977746,,
577-11-7,Docusate sodium,-0.43809180468583975,-0.40047387486134933,0.4231953704202871,-1.6354388099791155,0.5792691317766422,-1.3125715017597372,0.3062169926310014,,
577-19-5,o-Bromonitrobenzene,-0.2335451624837369,-0.17256452538661127,0.5583155111823648,-1.862922779340522,1.2117520323827604,-1.346897327028068,0.6934696670553812,,
577-85-5,"4H-1-Benzopyran-4-one, 3-hydroxy-2-phenyl-",-0.4893771498531301,-0.47825163669836984,0.4022458091173284,-1.4742515871929265,0.4846157167786773,-1.2705893754060622,0.2339827052031345,,
57754-85-5,Clopyralid-olamine,0.6703694497382583,0.7219839615537678,0.42406324755864166,-1.1472126668802767,1.7921026755706904,-0.16048362848098024,1.405904134895404,,
5779-94-2,"2,5-Dimethylbenzaldehyde",0.13263036924320581,0.14833933241991815,0.509628308012719,-1.1535631678898068,1.3608103907268896,-0.8501265050994539,1.1168822605148827,,
578-46-1,5-Methyl-2-nitroaniline,-0.000995120053120655,-0.010865231195299708,0.36514042704477545,-0.8902261424706802,0.8674037271044893,-0.6330996844702752,0.729634890923507,,
578-54-1,2-Ethylaniline,0.20722656899360836,0.22214857770631027,0.44772410255013106,-0.9301164357512348,1.1586124074937016,-0.645488559345499,1.024016532207661,,
57808-65-8,Closantel,-2.058529646782919,-2.0367643172201984,0.7618806242948636,-3.9451565539734386,0.2430277648591444,-3.467020590637103,-0.6366169533067817,,
57837-19-1,Metalaxyl,0.3777392172807701,0.38565393424274896,0.23031162759098792,-0.31786629973859226,1.0158733895113492,-0.08448605980596512,0.847857936902274,,
5796-17-8,Dopa D-form,0.021712134130287924,0.07515878062254791,0.5585454753731306,-1.6141277024866896,1.1924723006019597,-1.0851125797124896,1.1032167228750938,,
57960-19-7,Acequinocyl,-1.6901256380546226,-1.670491350610118,0.5194055833951787,-2.9362221572619105,-0.41745831751988943,-2.677998307192835,-0.5578867250426734,,
57966-95-7,Cymoxanil,-0.020769985385385922,-0.006499549229530568,0.296045575340131,-0.8946889952024544,0.9124338111911433,-0.6559832507915511,0.45564980604933586,,
58-08-2,Caffeine,0.7982142741426241,0.7957901833500338,0.34148793845665804,-0.21443616094367457,1.802454803437829,0.15222398956369537,1.4448479686544329,,
58-14-0,Pyrimethamine,-0.35678671686774804,-0.3164107165327552,0.31574119424661506,-1.2123757851437196,0.35442740791759264,-1.0283511723710632,0.24741547322929333,,
58-22-0,Testosterone,-0.5479640113714775,-0.49733766848221606,0.5235692712052866,-2.198169041049584,0.7757264138602721,-1.668566620834305,0.499944769176073,,
58-27-5,Menadione,-1.0227555345117745,-1.0243516393175562,0.30968244484648927,-1.979021890507,-0.26551409113318364,-1.657680577525887,-0.4762240691360821,,
58-36-6,"10,10'-Oxybisphenoxarsine",-1.305988777077568,-1.302896444959778,0.35283525407664157,-2.2474160686283726,-0.17129104173915236,-2.022572295611004,-0.6342040741909942,,
58-55-9,Theophylline,0.6489362373050145,0.684324350867197,0.46965981940198037,-0.7504369812104064,1.8803622003163833,-0.32884324540429705,1.4406398302682364,,
58-61-7,Adenosine,0.20397850803378945,0.1786058566485445,0.5990053879980028,-1.3887003151781916,1.9705608631454354,-1.068176070003196,1.4538120427421914,,
58-63-9,Inosine,0.32715030383564114,0.2815807138182578,0.731714439097137,-1.8088300917402411,2.1346552951272026,-0.9068453145605183,1.7712434013713831,,
58-73-1,Diphenhydramine,-0.509328004223018,-0.4878804657043881,0.5316334693993573,-2.2192393950113574,0.7126181587602011,-1.501222331651907,0.5263268094508936,,
58-89-9,Lindane,-1.946583043443517,-1.9414100698870573,0.08749182201422204,-2.22737901113601,-1.6929628697946206,-2.1163770594032902,-1.7875380720029341,66.0,-1.7369016714782617
58-90-2,"2,3,4,6-Tetrachlorophenol",-0.9515776715728037,-0.945743102361585,0.15694942498382639,-1.3703413625009173,-0.4797739448299591,-1.2760327622262115,-0.6403850713782006,5.0,-0.9441029813029217
581-42-0,"2,6-Dimethylnaphthalene",-0.6930219166188708,-0.6578777517519028,0.3930263209627521,-1.706900749078596,0.5695307255020564,-1.491841215647002,0.056199084076775235,,
581-43-1,"2,6-Naphthalenediol",0.09172965434966257,0.06676694392277291,0.5539848824712212,-1.481547291484326,1.7738635395968714,-0.8691567622776326,1.1585595399439115,,
5813-64-9,"2,2-Dimethyl-1-propylamine",0.7306287768380321,0.7293396696169281,0.550792386151132,-1.1467448695512032,2.0297049170276957,-0.39432035943698973,1.8525761405157797,,
58138-08-2,Tridiphane,-1.2537537088046948,-1.2283370307686656,0.34235139922447994,-2.36497590379475,-0.3365528206173337,-1.9245425848995839,-0.53703242545517,,
5829-48-1,"9,10-Dichlorooctadecanoic acid",-1.2822687062953095,-1.2826251389828216,0.6446543769142988,-3.075235881408695,0.5487758632205085,-2.7205682860877514,0.026162204155662578,,
583-53-9,"1,2-Dibromobenzene",-0.6639655031523101,-0.6449286772155168,0.42562787337129065,-1.7205509941380916,1.1490850889396385,-1.4754454374394512,0.041583585586136236,,
583-57-3,"1,2-Dimethylcyclohexane",-0.17647331552343334,-0.1790102456426421,0.42680432894009357,-1.227169772579613,1.101950717523077,-1.0104163638799226,0.688787237713295,,
583-60-8,2-Methylcyclohexanone,0.7402463307331182,0.754770603335858,0.442374857718066,-0.8476363079771141,1.9097373921351817,-0.18618361325421334,1.5864371194339477,,
583-78-8,"2,5-Dichlorophenol",-0.5065970457783074,-0.5039868557268621,0.4198026408100935,-1.4952266176821725,1.1872773442784754,-1.2398640846709632,0.3292371182045165,,
58306-30-2,Febantel,-1.5420221240497654,-1.5474596859917624,0.5025858985095467,-3.092893552739826,-0.10476038220713353,-2.411254983384485,-0.5595101178198744,,
5835-26-7,Isopimaric acid,-1.3572568507471425,-1.3359656763226313,0.4178178564113528,-2.4047657548932646,-0.38194292770324145,-2.1646467532719442,-0.5683631325143023,,
584-08-7,"Carbonic acid, dipotassium salt",1.3440905300235912,1.338021821868078,0.391841494480065,0.2775008561440978,2.268783781167096,0.49216559698523565,2.0215586341941267,,
584-79-2,Allethrin,-2.218617668171259,-2.22546642774921,0.16655444956539642,-2.689767518391866,-1.7140785678565869,-2.580403927909246,-1.9407727063683766,6.0,-1.7808812258199018
584-84-9,"Toluene-2,4-diisocyanate",0.45212678398635586,0.4363304486444554,0.38900301201881793,-1.3823063626501415,1.4922026205171308,-0.2727715618875741,1.2434287642685975,,
585-34-2,3-tert-Butylphenol,-0.15973536075275505,-0.1802137313801922,0.5195739070778449,-1.5973475277062377,1.484631327671989,-0.9921572152536684,0.8495133466480707,,
585-76-2,m-Bromobenzoic acid,-0.2239515041801844,-0.16600411017483024,0.5567037869678823,-2.5846985170205032,0.9031225992585101,-1.3944590143782951,0.8421921210773492,,
586-11-8,"Phenol, 3,5-dinitro-",-0.26234704112823265,-0.24625670248030324,0.5742682823590295,-2.2096308745528863,1.9380120522509128,-1.352534405834005,0.6567673482668815,,
586-62-9,Terpinolene,-0.6730497934598298,-0.6448371922416718,0.3307664910455288,-1.6074550079066363,0.08442112663712562,-1.2997698971281995,-0.05716792492257748,,
586-76-5,4-Bromobenzoic acid,-0.28180585267381325,-0.20976993710384834,0.5455991240468352,-1.6853115281283622,1.104025061769917,-1.3084609308658148,0.8276443747163289,,
587-98-4,"C.I. Acid Yellow 36, monosodium salt",-0.4978589810720246,-0.44121172552194354,0.47763750447414327,-1.8252540601054728,0.8277443022904838,-1.5091632690445274,0.3305811226730272,,
5871-17-0,"O,O-Diethyl ester phosphorothioic acid potassium salt (1:1)",0.4682712427703363,0.4326347569691259,0.395143107786931,-0.47010718567452237,2.018336813301248,-0.22212492820089758,1.2458202428716894,,
588-59-0,"Benzene, 1,1'-(1,2-ethenediyl)bis-",-0.3381801699985423,-0.35511209412379985,0.47815105501454325,-1.5482514506306901,1.2281968141619812,-1.216070206798738,0.6087814962715377,,
58842-20-9,Nithiazine,0.40541585227347937,0.3974529051271686,0.38071911841065814,-0.6316759027866814,1.3329538742482812,-0.3324633197128791,1.1303958636139901,,
589-09-3,N-Allylaniline,0.1545089533694523,0.18612998844193324,0.5873161158746761,-1.6465434148263087,1.5013880185836979,-1.058833569485879,1.1932831744874035,,
589-16-2,4-Ethylaniline,0.011934948671695913,0.012463151331934472,0.3117362550294957,-0.9907114833229667,0.9779472932042983,-0.5919701625584933,0.6021149068721436,,
589-90-2,"1,4-Dimethylcyclohexane",-0.024636435803733935,-0.010016815749901906,0.4638209442757997,-1.2360070297883374,1.8788090884325757,-0.8750221132243391,0.8267345363134413,,
5896-54-8,"1-Pentadecanesulfonic acid, sodium salt",-0.683341733075497,-0.6997649117778755,0.4089154851737051,-1.8277768646039652,0.699266937272718,-1.4357586150683976,0.010957699645674907,,
59-00-7,Xanthurenic acid,-0.05388238810081862,-0.06574387659275341,0.5790987378785667,-1.5058875591481526,1.6916445613851105,-1.088797313247035,0.9268153146667328,,
59-06-3,Ethopabate,0.16266309930586467,0.17971187987332254,0.4298412834690504,-1.328643386203641,1.474856181404391,-0.6718960134742447,0.8149169427619454,,
59-31-4,2(1H)-Quinolinone,0.13809583392019087,0.1564832436623452,0.5573279311421643,-1.7899051208198553,1.7701665993015427,-0.8678140045413717,1.3184023565125276,,
59-40-5,Sulfaquinoxaline,-0.2669625587539383,-0.24603639278292447,0.5931163806604639,-1.9549833150816334,1.6120602813348486,-1.3293967627609935,0.7629059198109551,,
59-50-7,4-Chloro-3-methylphenol,-0.442815843315129,-0.4400777246490921,0.20302011410030163,-1.1384954462872883,0.0536914849032044,-0.8261673160829025,-0.08396587268372227,,
59-87-0,Nitrofurazone,0.10086838083309513,0.10527249381686875,0.2913111628819502,-0.8741253092193632,0.8313168053014566,-0.5144789511879022,0.6211021905850131,,
59-89-2,N-Nitrosomorpholine,0.5088354684756594,0.4847911995472042,0.5644846028204391,-1.1716736860589534,1.9739916988104915,-0.5202187036452864,1.6223941827702308,,
59-92-7,L-Dopa,0.06191071703547602,0.024511164207910233,0.511660888734092,-1.1989124402613838,1.3621053530757365,-0.947955388446866,1.0425843574712408,,
59-97-2,Tolazoline hydrochloride,0.1254819654979703,0.17931861263872756,0.55620867083998,-1.4814792474143932,1.4621153937806122,-1.0508677477988644,1.167137738850711,,
590-17-0,Bromoacetonitrile,0.01148778614173529,-0.027729831004091026,0.5940499526342328,-1.6224891867766418,1.9591673980636062,-1.1507725899636103,1.2465067637768716,,
590-28-3,Potassium cyanate,0.7646260861258216,0.7733902467709213,0.3665872756177791,-0.39171078313970403,1.8220812352466647,0.11182227773185371,1.50587633647109,,
590-66-9,"1,1-Dimethylcyclohexane",0.1708272513337885,0.18035133204289563,0.4390220574978025,-0.9989344845762524,1.314087505859363,-0.6670495809915077,1.0069200825836013,,
590-86-3,3-Methylbutanal,0.16736583343930345,0.1863828214083861,0.5157048548753349,-1.4454490998808194,1.3240207081349165,-0.8699818875796226,1.0571423528848596,,
5902-51-2,Terbacil,0.4734201079094663,0.4999819178755034,0.2482665739238806,-0.5951471402838282,1.0458748658857806,-0.017908434989658363,0.9072614448159396,,
5903-13-9,MNAF,-0.5316578764450821,-0.5064490123656589,0.47952451515816574,-2.1049183639367746,0.6846137342414972,-1.5004544221669778,0.29390715060229455,,
591-21-9,"1,3-Dimethylcyclohexane",0.18705834464564275,0.1947566763941868,0.4290342243930949,-1.036806246680928,1.410223112488563,-0.5770219504369639,1.0039109509726842,,
591-27-5,3-Aminophenol,-0.013715417523758412,-0.035012844636597915,0.5294256990739632,-1.378241845018761,1.3866978929231042,-0.9798678611163852,1.0202749838329048,,
591-35-5,"3,5-Dichlorophenol",-0.6455844100636612,-0.6410033581660539,0.13294190467274888,-1.0520730216198055,-0.2509982835374598,-0.9091084409485497,-0.42683439890864844,,
591-49-1,"Cyclohexene, 1-methyl-",0.2915054507034071,0.24934882060553873,0.640418184873656,-1.3601346956177092,2.1086928413480766,-0.8738220891695171,1.6749602983402618,,
591-54-8,4-Aminopyrimidine,0.7535933819238203,0.7582440748997357,0.6297280364531199,-0.9546245792064486,2.7808016992499036,-0.5613079491426343,1.9258016478301072,,
591-78-6,2-Hexanone,0.7860471910399164,0.8936446732901504,0.5259149657677625,-0.8629584195918385,1.8641741323919152,-0.19144917283656818,1.7536208820251964,,
5915-41-3,Terbuthylazine,-0.7300117563734486,-0.7135053166702596,0.22742132069871776,-1.301872593495171,-0.14069602407050252,-1.1628339788529152,-0.330474378828911,7.0,-0.055685798178132795
592-41-6,1-Hexene,0.47270261734431046,0.4630895273158348,0.3048344645982809,-0.47006185043670756,1.1995853883041108,-0.05483654720228778,1.0641206140123942,,
592-76-7,1-Heptene,0.3208865017267126,0.3701010968369304,0.5710672675519728,-1.0529777965357239,1.7809475579014882,-0.7446919140392445,1.3810468113749548,,
592-82-5,"Butane, 1-isothiocyanato-",-0.2742111717620579,-0.2762778750343992,0.49248374981142334,-1.374902238199973,1.128726135669537,-1.195206870446268,0.6676747308710645,,
592-85-8,Mercuric thiocyanate,-1.3359355505455852,-1.349847340921688,0.44207100136861277,-2.7158809796739236,-0.17654353064247877,-2.178994669066931,-0.5221105646953977,,
5922-60-1,2-Amino-5-chlorobenzonitrile,0.032187647814538194,0.060977335692322124,0.51800648378391,-1.4016370108662597,1.7832215150828885,-1.030016229621681,0.9115269297666295,,
59229-75-3,"2,6-Diamino-4-nitrotoluene",0.19454635257735325,0.16754096323281742,0.5558356030613818,-1.4634278793603237,1.9148542709067593,-0.8650733982909309,1.352872844430909,,
593-08-8,2-Tridecanone,-0.8405923203821026,-0.8377173047044665,0.5421241134054456,-2.2444088878831585,0.9978496237398695,-1.9513831467379243,0.2455779867501119,,
593-56-6,O-Methylhydroxylamine hydrochloride,0.13692575401618115,0.10618734089686578,0.5549141878142476,-1.475080042927322,1.6557718757124331,-0.8902207081679682,1.2568252301371667,,
593-81-7,"N,N-Dimethylmethanamine hydrochloride",-0.13555243308537532,-0.10306928723798044,0.5803876777092521,-1.8074925501623713,1.6350094967369388,-1.2184595755684706,0.9263350515163131,,
594-20-7,"2,2-Dichloropropane",0.2334896723423583,0.28118716416764145,0.5071765260493694,-1.2054573182321604,1.5606740434159614,-0.7511494649533899,1.2465544968086706,,
594-27-4,Tetramethyltin,-0.11798135487835744,-0.11607559490445901,0.4589796877638387,-1.5195164648698833,1.0842476960057659,-1.1495319730863252,0.7423353403365989,,
59417-72-0,"Phosphorothioic acid, O,O-dimethyl O-(3-formyl-4-nitrophenyl) ester",-0.6152330265172268,-0.6531845116245663,0.579935920502917,-2.4959584882606225,1.3853690260490532,-1.7299062355705204,0.5779010331858645,,
59417-73-1,"Phosphorothioic acid, O,O-dimethyl O-(3-(hydroxymethyl)-4-nitrophenyl) ester",-0.6051662294400262,-0.6202899132951745,0.5494144997569508,-2.1561333567229073,0.6853971681109039,-1.828400253108061,0.40219237228835114,,
59417-74-2,"Phosphoric acid, (O,O-dimethyl) O-(3-formyl-4-nitrophenyl) ester",-0.5570893111604464,-0.5527206913597804,0.5832393133788396,-2.027872709582155,0.7401138529069811,-1.7647400817875363,0.5102738281993432,,
595-90-4,Tetraphenyl tin,-1.6347929059561244,-1.6195090488899142,0.5320257850617562,-3.0440851420438046,-0.3574425753566453,-2.8006317377736645,-0.5182021552622819,,
5959-52-4,"2-Naphthalenecarboxylic acid, 3-amino-",-0.14002573525317355,-0.07143594198213078,0.5787435862276095,-1.955055060488065,1.1249660858479453,-1.2450753103773158,0.9256678087069861,,
596-85-0,Manool,-1.3193366978054473,-1.3521944574706668,0.6357245385068476,-3.1929757689310496,0.6436211050516479,-2.582020251767414,-0.02877546331685785,,
59669-26-0,Thiodicarb,-1.2310755700843234,-1.2159949636686007,0.20244181010116766,-1.7514257539963844,-0.7325450472883506,-1.612034277715029,-0.8771229054101504,,
597-64-8,Tetraethyl tin,-1.1793376789684713,-1.1719816969922356,0.6179912181699727,-2.78073147842525,0.67305783829584,-2.466774101670152,0.044858131501429636,,
59729-32-7,Citalopram hydrobromide,-0.6024229501263516,-0.6539845772484569,0.4915232320847154,-1.867628185846602,0.6432838083176518,-1.630099047748084,0.3330854154116212,,
59729-33-8,Citalopram,-0.6134339522197927,-0.6199043150895946,0.46102647061880336,-1.8575177016591695,0.6358423145025367,-1.4906765661366086,0.2793473235870312,,
5973-71-7,"3,4-Dimethylbenzaldehyde",0.13612101927170117,0.15384022287671323,0.5519022951904732,-1.385820384256176,1.658906080831407,-0.9173290308263384,1.215085396797889,,
59756-60-4,Fluridone,-0.17393319482397415,-0.1585114401694299,0.17990135337409374,-0.803141613281111,0.1976990481692058,-0.5467469373308561,0.10407406700745173,11.0,-0.03429645815241955
598-02-7,Diethyl hydrogen phosphate,0.24672767045817515,0.29046034256073683,0.4997317610161535,-1.4413136488956633,1.5737263923873894,-0.7821460189917975,1.1003521454492848,,
598-16-3,Tribromoethene,-0.33144829066409526,-0.3281721158963629,0.32154505823636026,-1.337388120528645,0.5320684711836126,-1.015725394807288,0.3031564605703464,,
598-52-7,N-Methylthiourea,0.4336030688361899,0.4427928521142924,0.5719142286527129,-1.136665161488315,1.9488287408119718,-0.5609198017310022,1.5654123385622973,,
598-70-9,"2,2-Dibromoacetamide",0.2605119052809413,0.25535042070931174,0.40967919567341526,-0.7911428970037753,1.3120839413924785,-0.5775706272289652,1.0290426815742897,,
598-74-3,"1,2-Dimethylpropylamine",0.6945424510891692,0.7339439860938616,0.5895346094676489,-1.0013026500927027,2.27575663689764,-0.6536166394738121,1.6912894874272997,,
59865-13-3,Cyclosporin A,-1.0326787782350035,-0.9735522301838355,0.7524153035442075,-2.940905584523851,0.612459101486595,-2.591094044169989,0.27261267641793163,,
5989-27-5,D-Limonene,-0.4828491398991304,-0.491591647970811,0.3152941850311946,-1.4574058956634894,0.3416565003646397,-1.1168833407111636,0.15635023744705923,,
5989-54-8,(S)-Limonene,-0.1362300776821165,-0.11886436005128871,0.5197360356329811,-1.5621399384167454,1.2197000638746802,-1.4142778518472185,0.7224968943628739,,
60-00-4,Ethylenediaminetetraacetic acid,0.5729422025289751,0.5719119996560436,0.3052411038081805,-0.39094911783696196,1.3425610425945957,0.02106832149753658,1.1879100335927384,,
60-01-5,Glycerol tributyrate,-0.40256196072477435,-0.43635728734929224,0.5889539618526906,-1.9109217007659296,0.8801003895100208,-1.5355615116730255,0.6844347557345876,,
60-09-3,4-Aminoazobenzene,-0.7666254407776634,-0.7504223736934019,0.5243163817209558,-2.060936992765391,0.5108262369011657,-1.7942678152532658,0.2579682896797178,,
60-13-9,Amphetamine sulfate,-0.07453919993089342,-0.07968707656594945,0.4219920361718999,-1.448205807010948,0.9848081347533744,-0.873196676767133,0.7350862883432226,,
60-24-2,2-Mercaptoethanol,0.74234185600803,0.7424373844667096,0.5843972386320281,-0.8492037279132731,2.0521311549468937,-0.4845388044059647,1.8203383882982533,,
60-29-7,Diethyl ether,1.1334728961399791,1.1887481240357851,0.5522980831496772,-0.3834016646997988,3.1182034500647426,-0.13548117409052957,2.035327349021159,,
60-32-2,6-Aminocaproic acid,0.4428002797282076,0.4180258885228578,0.6152674205484213,-1.382866593308021,2.21521970404644,-0.7087972492643316,1.5626358855760651,,
60-33-3,Linoleic acid,-1.0044801054142953,-1.0098701876030494,0.5820036942722312,-3.0024685156917394,0.5747478520169896,-2.1115528693724297,0.08342815290780652,,
60-34-4,Methylhydrazine,-0.5630580983413591,-0.5509187861350993,0.28900836861619655,-1.3906953273389113,0.10935115538642352,-1.1497705216519853,-0.07477344766588996,,
60-35-5,Acetamide,1.641143321420917,1.6736904429592725,0.5237962139954742,0.0659957218987908,3.234195523499128,0.5985464607356127,2.5591067541702452,,
60-41-3,Strychnine hemisulphate salt,-1.5385359177586957,-1.5531288234558662,0.594465782145305,-3.090141078607025,0.8614524061616226,-2.548736945986414,-0.16818500083229174,,
60-51-5,Dimethoate,-0.8013980612445181,-0.7960193425071166,0.15194296107908117,-1.2467875731335407,-0.3680596568712428,-1.1087184266810313,-0.4918674466254602,21.0,-0.9586573304682158
60-54-8,Tetracycline,0.02226345450399841,0.03152734242946881,0.37022571535603765,-1.0937323611564724,1.1675642178978531,-0.861391921592971,0.7238332759760797,,
60-57-1,Dieldrin,-2.3837808030940364,-2.3856749670905253,0.10256744147836859,-2.7154177441756757,-2.1259774902970756,-2.5684545422727583,-2.2008784288322447,48.0,-2.2210413203263695
60-82-2,Phloretin,-0.3482734600585009,-0.33340832257649833,0.593487352668726,-2.0256516996443152,1.2790137494142066,-1.4133212983268146,0.7094465553808638,,
600-36-2,"2,4-Dimethyl-3-pentanol",0.3579585077302108,0.3630337170821783,0.5148009956190917,-1.2852793360398234,1.7036065721607643,-0.559544742640951,1.3309637622943133,,
60168-88-9,Fenarimol,-1.0860328439644709,-1.0859096754735127,0.2436564939665364,-1.7070328295386548,-0.5304303695896021,-1.568379747938185,-0.6574042318752987,,
602-01-7,"2,3-Dinitrotoluene",-0.616099941249885,-0.6176766521473056,0.1847112315478789,-1.1339151593160048,0.09254016861324749,-0.9836271934632562,-0.23602778865809365,5.0,-0.04829710183996694
60207-90-1,Propiconazole,-0.6038697100862468,-0.6089886932263384,0.17042753290137438,-1.072306454034468,-0.13651280805059615,-0.991421052621054,-0.29752488126407406,5.0,0.0737716511920366
603-83-8,2-Methyl-3-nitroaniline,0.15098684919406125,0.1616078226916241,0.35548313710105023,-1.2765876929309254,1.068109744337801,-0.5611812459684794,0.7639798912817328,,
603-85-0,2-Amino-3-nitrophenol,-0.22110567439923684,-0.14270669323281032,0.6429077712919561,-2.572267248804299,1.3106615201342502,-1.4629436994833946,0.9363142223579407,,
603-86-1,"Phenol, 2-chloro-6-nitro-",-0.4345061630875317,-0.4318822158850618,0.559888064576576,-1.8296396882569688,0.8311842086000196,-1.60537927071755,0.623058601777161,,
60348-60-9,"2,2',4,4',5-Pentabromodiphenyl ether",-2.206451963786896,-2.21317390368828,0.5169033807199274,-3.7156924374874905,-0.7103901590456213,-3.330045299496061,-1.131884575495044,,
605-69-6,"1-Naphthalenol, 2,4-dinitro-",-0.8360631895575088,-0.8247250755542342,0.4317325895565832,-2.3693246967213692,0.2554746307361564,-1.6717926298049113,-0.02057411945105194,,
6051-87-2,"5,6-Benzoflavone",-0.8211008445281476,-0.8120102235929689,0.5332983780393259,-2.745993956865426,0.793486990384646,-1.8502671193887685,0.16940418762741483,,
606-20-2,"2,6-Dinitrotoluene",-0.14450223541278695,-0.13752435513148864,0.23454873558672157,-0.8609407792354644,0.38325676085305244,-0.5568830020564997,0.2837225628652143,,
606-22-4,"2,6-Dinitroaniline",0.007873564182649515,0.011104973027874214,0.5246886817378197,-1.8004063184001111,1.3532988100599885,-0.9574427813334269,1.0086907152162494,,
606-34-8,"Benzaldehyde, 2,4,6-trinitro-",-0.6252415540181464,-0.6235165793028233,0.5101706048464695,-1.9574926552840253,0.8026645933019791,-1.5703659347826404,0.33848136375402643,,
6062-26-6,MCPB-sodium,0.07933188611222537,0.10381171825831514,0.2992496147148413,-0.9847977657696566,0.9022872094868036,-0.5973201253078967,0.6072637853845511,,
607-00-1,"N,N-Diphenylformamide",-0.06647998657587056,-0.05414491474663011,0.4631221206032076,-1.3949290158527123,1.0589763116330004,-1.012145835924583,0.8549059346255777,,
607-81-8,Diethyl benzylmalonate,-0.46996949086575895,-0.4644605256739941,0.5177018619651877,-1.84138563274641,0.9919021817762994,-1.398128779973552,0.45649315978689015,,
608-31-1,"2,6-Dichloroaniline",-0.19076686741436302,-0.20230737037086693,0.4273305525424149,-1.3991966544651622,1.0379033833715796,-0.9416047767783827,0.697562475191511,,
608-71-9,Pentabromophenol,-1.7679972738599017,-1.7170546400904056,0.6105996790674468,-3.4262814698650637,0.01822512586549809,-3.001054193589624,-0.543478819197175,,
608-73-1,"1,2,3,4,5,6-Hexachlorocyclohexane",-1.6587278247312855,-1.634169647554517,0.1568010002685383,-2.1484358878991214,-1.31616783042972,-2.0001894077892017,-1.389699360385536,18.0,-1.5115968499990196
608-93-5,Pentachlorobenzene,-1.050674038798303,-1.0613745866644633,0.1912958250255396,-1.607445343548011,-0.4661499517010396,-1.3882731913856876,-0.6584670050570675,7.0,-0.25142305055387515
609-19-8,"3,4,5-Trichlorophenol",-0.7221460525494716,-0.7155278653542807,0.36837232146081766,-1.6680598327113882,0.42917160681296385,-1.44754308605069,-0.05393834896177555,,
609-23-4,"2,4,6-Triiodophenol",-1.1603253694097035,-1.1540251140307944,0.5831144378707809,-3.041323430406429,0.37181681467867134,-2.3306072927224117,0.05469479145517064,,
609-54-1,"2,5-Dimethylbenzenesulfonic acid",0.04787212763269281,0.08624070879045537,0.6097744081305095,-2.097740924463842,2.0168591839765004,-1.1897730824509312,1.2736455758612246,,
609-89-2,"Phenol, 2,4-dichloro-6-nitro-",-0.6859344283467701,-0.7459640281876081,0.5570670096713076,-1.9545305600809837,0.830879517753033,-1.660525461858876,0.503345590535734,,
61-68-7,Mefenamic acid,-0.6056481314698585,-0.5890691851921221,0.46806195058649724,-1.9048049123275308,0.562172934055046,-1.7263505275867457,0.1998772873469232,,
61-72-3,Cloxacillin,-0.6460708631319825,-0.6521942771567527,0.7518603029183274,-2.5997483279140736,1.356452818950432,-2.0393915816450754,0.7697765507901817,,
61-73-4,Methylene blue,-0.309842765331881,-0.270169255860183,0.29232498678706903,-1.2783623524762289,0.27947147769127606,-0.9834665180223499,0.15918869404793953,13.0,0.4784604706894575
61-80-3,Zoxazolamine,-0.0317782419076909,-0.01681706364679373,0.5418408563190604,-1.706236827312903,1.188756641894213,-1.1149113343285741,1.003866964626982,,
61-82-5,Amitrole,0.923842189397632,0.9251763353622187,0.17298523679742692,0.4442252412692886,1.4587969048989304,0.5600677365397627,1.2565548659882464,10.0,1.805906710482693
610-02-6,"2,3,4-Trihydroxybenzoic acid",0.13200012493434468,0.14432047616602195,0.3777812803529378,-0.9457646669597235,1.2343618195027235,-0.5607026889392752,0.889052651283859,,
610-39-9,"3,4-Dinitrotoluene",-0.48426938491154453,-0.4722753499640787,0.3952905615741611,-1.5266690496844058,0.9010708745573263,-1.3354943443701583,0.2946316025456923,,
6106-41-8,Sodium valerate,1.1606972259477706,1.137730046116792,0.48307575153181753,-0.24584963655924721,2.3762253665831916,0.18131607196080948,2.067491278031115,,
61096-84-2,4-(Hexyloxy)-m-anisaldehyde,-0.6850665672772531,-0.7014349460735085,0.5341552775661889,-2.1245161274667663,0.983382216514416,-1.763953915720597,0.34226921054529463,,
611-06-3,"2,4-Dichloronitrobenzene",-0.6750952347082462,-0.6586656231371609,0.462547569834565,-1.7304077566272331,0.9930180182735483,-1.5355911503195658,0.2475548664227315,,
612-94-2,2-Phenylnaphthalene,-0.726173412946959,-0.7066044585460036,0.5514266777414715,-2.605522513297361,0.8190992295953125,-1.8774121740029166,0.27686546061454187,,
6120-10-1,"4-Dimethylamino-3,5-xylenol",-0.3900214873941219,-0.4041264157148218,0.47760227821900714,-1.9853513947119752,1.0207333257458762,-1.2918445755129289,0.5633956862899328,,
613-12-7,2-Methylanthracene,-0.8711406822968357,-0.8817660390673651,0.5279695617630199,-2.5748526021287685,0.5601181050417199,-1.7993761125639132,0.22805974422338676,,
613-31-0,"Anthracene, 9,10-dihydro-",-0.552987567784829,-0.5627783912324635,0.47905915923705517,-1.6683842338067845,0.8863396153848602,-1.4156739547686943,0.3471589741400997,,
613-45-6,"2,4-Dimethoxybenzaldehyde",-0.05312785482380187,-0.04231172593186068,0.41752444298934455,-1.1081589082324685,0.8913822189914331,-0.889105370512128,0.758028780629058,,
614-00-6,Nitrosomethylaniline,0.21668234022107985,0.20618850075531925,0.5569207887124018,-1.0043642390569687,1.4657068857187934,-0.8026180524348668,1.2674577043732345,,
614-80-2,2-Acetamidophenol,0.15850706666582506,0.1721847378694778,0.4639237670821857,-1.4619762045731468,1.4138737520054772,-0.7410841274987006,1.0801803689077016,,
6149-03-7,Sodium 4-octylbenzenesulfonate,-0.14680331191668775,-0.16430045515801034,0.6411410191302894,-2.2659099346521785,1.7890295438768584,-1.4801796173867074,1.2274901056588459,,
615-36-1,"Benzenamine, 2-bromo-",-0.07694140924469468,-0.04156079492765642,0.386774976290288,-1.271660702300052,0.8608497051475144,-0.9166437441444684,0.5367493438340546,,
615-54-3,"1,2,4-Tribromobenzene",-1.1499557485553755,-1.1195569527400724,0.5041837157282543,-2.738013254100613,-0.0036636916858823745,-2.1023255457897125,-0.27302922934772134,,
615-65-6,2-Chloro-4-methylaniline,-0.08656687861958784,-0.09717570548771326,0.4701546687307224,-1.6501491164381805,1.0045300058043243,-0.9882851435386308,0.7672024177465208,,
615-67-8,Chlorohydroquinone,-0.8144850406697196,-0.8510678676172629,0.574180005649436,-2.207071277492249,1.068865890704484,-1.790600811731451,0.4398804093909564,,
615-74-7,2-Chloro-5-methylphenol,-0.15934967609089085,-0.2182539773218336,0.5687947682194944,-1.3615096126334996,1.3244688682328425,-1.206247393949993,1.1038926063519954,,
616-09-1,"Propanoic acid,2-hydroxy-,propylester",0.7491014860968518,0.7974563033222789,0.46294453587899237,-0.48184264808139676,1.8462913442947644,-0.1758689678216391,1.5694281227507472,,
616-45-5,2-Pyrrolidinone,0.4353835150875283,0.45682658589039843,0.518377461704493,-0.9657543261084316,1.9579680193238054,-0.5458169913744713,1.426465033242484,,
616-72-8,"m-Xylene, 4,6-dinitro-",-0.13685216611824688,-0.17485909273922584,0.36829165588532764,-1.3133771495245457,0.7206479503931698,-0.7837372399969144,0.5732132426780199,,
616-73-9,"2,4-Dinitro-5-methylphenol",-0.3540102825024603,-0.364900681945009,0.44288368708502623,-1.5472056796836036,0.6687486570548903,-1.204338657684226,0.48568148586162896,,
616-86-4,4-Ethoxy-2-nitroaniline,0.016075225219860413,-0.019684470871051685,0.5076439529871406,-1.4265777586704598,1.4806865622803855,-0.9244982553750102,1.113191321874329,,
6164-98-3,Chlordimeform,-0.12782053715087596,-0.09672973930850198,0.40727441470930886,-1.2787877955105333,0.9667681637079285,-1.068646030442364,0.5664538950507764,,
617-51-6,Isopropyl lactate,0.630789724883663,0.6962593726296142,0.5930606637644437,-1.1342977725707106,2.012084689879213,-0.6041233677973934,1.5991510942327327,,
61718-82-9,Fluvoxamine maleate,-0.9971648122635344,-0.9502396230777994,0.5661158806885002,-2.515610705794613,0.3639462356967122,-2.2862669002873877,0.0006282958983767149,,
6175-49-1,2-Dodecanone,-0.6129807952969921,-0.6089439306435617,0.5889099575630689,-2.089808159477052,0.9325920052160582,-1.7150663649654476,0.6562086622825726,,
618-62-2,"Benzene, 1,3-dichloro-5-nitro-",-0.42058066873194827,-0.3640840501701718,0.4929058165716927,-1.501662946836148,0.887464975531823,-1.378526819582319,0.42682392442844325,,
618-85-9,"3,5-Dinitrotoluene",0.10696755692673758,0.1342639843369652,0.33250235388225186,-0.8746483398096093,0.9373838215901287,-0.5043173962101037,0.7648733599471238,,
618-87-1,"3,5-Dinitroaniline",0.022563195626276126,0.033381327193284405,0.26196170016987674,-0.6693650248523283,0.7310900204978484,-0.5351290525757416,0.49043863802405374,,
61869-08-7,Paroxetine,-0.8471254337533967,-0.811079359152253,0.4781612307931862,-2.2629733517660995,0.27628863333430237,-1.824748648261815,0.06101615735124796,,
619-15-8,"2,5-Dinitrotoluene",-0.4564723150954853,-0.4884812956336715,0.4249349547751083,-1.7235570840617487,1.1139375490441936,-1.1096752700200756,0.5027957829473962,,
619-24-9,"Benzonitrile, 3-nitro-",0.3137897809905943,0.3134464353593924,0.45540787487790335,-0.9676273920984289,1.3525547429220606,-0.6356408678385917,1.1875754229852142,,
619-45-4,"Benzoic acid, 4-amino-, methyl ester",0.19178185066803566,0.1752745782720273,0.5907399546061887,-1.1762891976828074,2.1539553157887803,-0.8972935858612592,1.4224063110266936,,
619-50-1,Methyl p-nitrobenzoate,0.004027333639367452,0.02340900015970487,0.3663625059883926,-1.255836525996062,0.9693956100752504,-0.841848732040152,0.6884957900949039,,
619-72-7,"Benzonitrile, 4-nitro-",0.16921770837970226,0.20517172784878485,0.45502366647673953,-1.2330762194129814,1.4515217859765281,-0.6353957481794916,1.1472072657122565,,
619-80-7,4-Nitrobenzamide,0.2872559351919305,0.3142243572624345,0.4333532706811678,-1.1801700584868828,1.4610228096942126,-0.591594736356942,1.1310974249745878,,
6190-65-4,Deethylatrazine,0.16840256562757816,0.1761703743902946,0.27872104581481566,-0.5435563870945602,0.9508689090479395,-0.3472421404014517,0.7119746680790413,,
61949-76-6,(+/-)-cis-Permethrin,-2.946572571382696,-2.959078661488088,0.2147123788979555,-3.594447992021619,-2.4095761984302952,-3.3931773978705375,-2.5372133629330134,5.0,-2.308323425533455
61949-77-7,trans-Permethrin,-2.6150693810427184,-2.6285761012586706,0.39031388369913184,-4.049546818098984,-0.9585322661074978,-3.3216126922323475,-1.844481573430383,,
62-13-5,Adrenone hydrochloride,-0.1730219968629246,-0.1449754273901247,0.5642210979191237,-1.4839740559873902,1.0850146680475918,-1.3156536357809807,0.9214727047229668,,
62-23-7,4-Nitrobenzoic acid,0.07402372476112803,0.034616902755330616,0.5756960405627985,-1.4461172694262063,2.009206195980729,-0.9387910475627492,1.2303850738532005,,
62-38-4,Phenylmercuric acetate,-2.3902325451877977,-2.381159867670463,0.2233606081776926,-3.045514209297298,-1.82497141436102,-2.881641435550606,-1.9656835980892293,8.0,-1.6260229497184449
62-44-2,Phenacetin,0.06210977553864133,0.027781911288075008,0.5636524649827407,-1.1043889986078932,1.5301147418765675,-0.9670239826328159,1.1623024079057889,,
62-53-3,Aniline,0.39330890505619115,0.39475560388554853,0.1628842737313343,-0.11043845169982106,0.7945817797600184,0.040284934836298684,0.7191918305900067,15.0,0.1829677238820555
62-55-5,Thioacetamide,0.6502589169641294,0.6418149524274128,0.4721414791257378,-0.6866367587907164,2.1285628386607054,-0.2462486282043545,1.7064008295359132,,
62-56-6,Thiourea,0.1583623473126102,0.19290838654812906,0.381541348799587,-0.8246954860895391,1.247159031002064,-0.5721617042139234,0.8643234314530331,,
62-73-7,Dichlorvos,-1.448208807482249,-1.4470062732837996,0.1265200106481644,-1.7618600894773284,-1.1322555573043336,-1.7101135755681753,-1.20129525447888,61.0,-1.2075502532794895
62-74-8,Sodium fluoroacetate,0.2990857838504624,0.3232308113547456,0.6923266036644805,-1.5524723076544047,2.172467544484783,-1.136849552719753,1.5138081952865141,,
62-75-9,N-Nitrosodimethylamine,1.1123601322081447,1.1010783271846334,0.2655111068412792,0.3641136750945181,1.8620660844227772,0.590511805768623,1.6084968050320871,,
62-76-0,Sodium oxalate,1.2644118499049228,1.2632758162251592,0.3208975458473986,0.43172136683522455,2.460451302383072,0.7139447935508672,1.85537990742655,,
620-88-2,4-Nitrophenyl phenyl ether,-0.563465392480138,-0.5546526564443983,0.5401502838156853,-1.9471752291929718,1.267847231925545,-1.5766334451329016,0.4416855809113009,,
6203-18-5,4-Dimethylaminocinnamaldehyde,-0.2839103127870225,-0.27279903504030095,0.479147250540664,-1.453116198897349,0.912195872833836,-1.2894907764838133,0.7057374484288204,,
621-08-9,Benzyl sulfoxide,-0.3359138092806178,-0.3264247785289841,0.5527353021982889,-2.161207138958094,0.8251776414827082,-1.4488653135698473,0.6694580373854053,,
621-42-1,3-Acetamidophenol,0.25824893499316703,0.27323129386089107,0.5507230068098126,-1.2134000929028694,1.4491223628795193,-0.9098296603809357,1.2263103706722462,,
621-77-2,Tripentylamine,-0.6045623041077858,-0.6069927194415821,0.4195824403860643,-1.7518330020095,0.8197326138678688,-1.2901019758563796,0.2668584204797583,,
6217-54-5,Docosahexaenoic acid,-1.2321128239838435,-1.1894097251756763,0.5629427381859247,-2.7694178359196995,0.39716962661102184,-2.2412568660054117,-0.17236529997452651,,
622-40-2,4-(2-Hydroxyethyl)morpholine,0.7800045277781322,0.795991759605078,0.5782730819854176,-0.7203349738041502,2.2719278871626307,-0.3880444700124285,1.9510467121785102,,
622-45-7,Cyclohexyl acetate,0.34484695973221824,0.3560152427282605,0.4285983104175246,-1.1774877614082566,1.4744581609598548,-0.47163502127735174,1.120695390384802,,
622-78-6,Benzyl isothiocyanate,-0.5325326173612115,-0.5102493376182351,0.6162070211511559,-2.4773231650457905,1.1676076215306705,-1.6804209945466773,0.695892108063982,,
6221-88-1,(Dodecyloxy)trimethylsilane,-1.1744999356350154,-1.2113804569251023,0.5438630952406748,-2.433434217806545,0.15236612541292976,-2.193400644296805,-0.13200293244151692,,
623-05-2,4-Hydroxybenzenemethanol,0.286135120235923,0.25962682697740985,0.47681926363051247,-1.127214207244993,1.3393477431178253,-0.6023306874886639,1.1500139756493644,,
623-12-1,"Benzene, 1-chloro-4-methoxy-",-0.07201775305538666,-0.057362543115698925,0.5009996564298124,-2.2412375416281693,1.145236713196607,-1.1113144881984234,0.8712902066204471,,
623-25-6,"alpha,alpha'-Dichloro-p-xylene",-1.2811725189594625,-1.248781066694617,0.5082063722662461,-2.849955304221948,0.6174524874847473,-2.334152350366184,-0.3206714183386045,,
623-91-6,Diethyl (2E)-but-2-enedioate,-0.09352222404044604,-0.054546934525717905,0.471419293165804,-1.478428581336268,1.2260299814052542,-1.0068355284245791,0.7867196847049083,,
624-92-0,Methyl disulfide,-0.17969621905395566,-0.18092209462051478,0.23767260850769512,-0.7864294224911522,0.44901208319075286,-0.5951936614058492,0.3011608625787649,,
62441-54-7,Fentrifanil,-1.9002952845920709,-1.8778076110604762,0.6399781992074393,-3.466287333313279,-0.37974653785208784,-3.1675033974552296,-0.7335391064962328,,
6245-75-6,".beta.-Alanine, N,N-bis(carboxymethyl)-",0.1683659930599142,0.20804089641023113,0.5486343033155426,-1.440728167423731,1.3599847201082254,-1.2221839503916527,1.0813146371360811,,
62476-59-9,Acifluorfen-sodium,0.2521231345028951,0.2715005783207417,0.2812988726957292,-0.44629352321026444,0.9289675138353725,-0.3089731981558932,0.7421282208220876,,
625-53-6,Ethylthiourea,0.3632040012992857,0.3111720130622817,0.5297444641491342,-1.1853939983999915,1.9376853431114784,-0.7300824964823356,1.4160716836487575,,
625-86-5,"2,5-Dimethylfuran",0.3107934359381563,0.31897628263271516,0.5498179829541345,-1.4337313549263782,1.9068119263697811,-0.7392609509557743,1.3292684451933492,,
6257-64-3,"Benzenamine, 4,4'-azobis[N,N-dimethyl-",-1.1344139463268625,-1.0924687160180677,0.4648197455754649,-2.3313524683326854,-0.21719199610192375,-2.0758354479101397,-0.3633781324022124,,
62571-86-2,Captopril,0.1322199401456046,0.11331936923530132,0.5855610016229701,-1.0624897122200965,1.8232197860802486,-0.9518439386538384,1.3528920634398174,,
626-17-5,"1,3-Benzenedicarbonitrile",0.13036468213496774,0.1409525016402427,0.45169570587417907,-1.4630345333578296,1.3003325241102415,-0.8402595701074725,1.0197466083083828,,
626-43-7,"3,5-Dichloroaniline",-0.3539120297067697,-0.35808642050580375,0.2806426135631824,-1.210752300330105,0.4562143979446785,-0.8579739689814663,0.21699111896925305,,
626-62-0,"Cyclohexane, iodo-",-0.25252863421008376,-0.24110583680676625,0.5172369850809029,-1.9632887783740136,0.9871467893550205,-1.262160173940852,0.7605281699317235,,
6266-23-5,1-(Carboxymethyl)pyridinium chloride,0.5970838032275448,0.6517617476226749,0.5373169788116394,-1.4237288704481608,1.9510522272536,-0.4300910760340873,1.5495224880171794,,
627-00-9,4-Chlorobutyric acid,0.4375446406308774,0.49411496942879657,0.6224335165723698,-1.1405656606568244,1.8618816155412226,-0.8543135771254728,1.5355082038551042,,
627-30-5,3-Chloro-1-propanol,0.7680754557120275,0.7663717064239346,0.40881960131032147,-0.5023259961455452,1.6310101317069599,-0.026743009150072078,1.4853881536335247,,
627-63-4,Fumaryl chloride,0.20898836992807027,0.21709149748952591,0.5597856451477139,-1.3860198460626965,1.6499357202254645,-0.9366288616647698,1.1646689210773278,,
62732-91-6,Debacarb,0.3238094223087619,0.3178985271053199,0.46168154568118247,-0.9604336846062722,1.9942105819962948,-0.5732927936989901,1.1074593328061089,,
628-20-6,4-Chlorobutyronitrile,0.4969110794642598,0.5508450764602035,0.680806352792851,-1.3348177784842974,2.1404195728049378,-0.8978931182040858,1.6863932361918639,,
628-63-7,Pentyl acetate,0.353237982889836,0.36226789722376096,0.39681479218567794,-0.6074201307209182,1.2956913980304106,-0.4347095809031521,1.0838798446278297,,
628-76-2,"1,5-Dichloropentane",-0.07482849098700772,-0.03637711245256384,0.4128471364095987,-1.7036168320845162,1.042549309781816,-1.0311654379661455,0.6642925640372791,,
628-92-2,Cycloheptene,0.31046685437707866,0.309676350413217,0.4681875244876023,-0.6898759783041937,1.5248106112763535,-0.49793675338203974,1.2546619393570797,,
6283-86-9,"Propanoic acid, 2-hydroxy-, 2-ethylhexyl ester",0.03548235561950142,0.006938074903307992,0.48325560112654253,-1.1669687968468663,1.3722367037845866,-0.7973263164088783,1.1884119347779785,,
6284-83-9,"1,3,5-Trichloro-2,4-dinitrobenzene",-1.213234347795205,-1.2171055259958328,0.48304862999366704,-2.3513470996454515,0.2707083145347642,-2.0801825311880853,-0.2274001244187139,,
629-03-8,"1,6-Dibromohexane",-0.512038761211416,-0.5471572190796997,0.5902820535265043,-2.188037768597832,0.8814533160670397,-1.641844940455634,0.5945794791629261,,
629-04-9,1-Bromoheptane,-0.5545667903662925,-0.5265778750611856,0.5441944526565689,-2.124740088905695,0.7434393912038325,-1.590814861105582,0.40616184145650974,,
629-19-6,Dipropyl disulfide,-0.3508822175500406,-0.47516946290921835,0.5181872169018488,-1.7528288424508207,1.3379446110130124,-1.1875070507869925,0.7955330330946201,,
629-25-4,Sodium dodecanoate,-0.058186454404083904,-0.041866678979748516,0.5487833570391479,-1.8435063435984602,1.3003569735668918,-1.0535543112620076,0.9961720010289502,,
629-40-3,"1,6-Dicyanohexane",0.48513386017368565,0.5195874186540679,0.5602104291715247,-1.0900116778010775,2.0537138746632784,-0.6302182111275948,1.489333017005077,,
62924-70-3,Flumetralin,-1.7059334235745864,-1.7030913155882896,0.3903692376717284,-2.843751196151028,-0.6770191642945916,-2.4035002072261706,-0.862388453269343,,
63-05-8,"4-Androstene-3,17-dione",-0.7914973913874787,-0.8035314604698665,0.5450565289888046,-2.512913661506507,0.4512533978231166,-1.9091048653498939,0.29638972938555364,,
63-25-2,Carbaryl,-1.296362253270865,-1.2897887056282769,0.06897558754295095,-1.5031338381848376,-1.1229663210544043,-1.4148277604900155,-1.1575727093178678,94.0,-1.0840286232892322
630-20-6,"1,1,1,2-Tetrachloroethane",0.1387977556577197,0.13479716845269096,0.29788160251389634,-0.683079718243123,0.9180470171692269,-0.4229259642351258,0.777482982909908,,
631-61-8,Ammonium acetate,0.7083290161144606,0.7024446207529844,0.3707947592129249,-0.2636107154476281,1.5954823427585207,-0.011660470495470945,1.3718524052084204,,
631-64-1,Dibromoacetic acid,0.9499732283866734,0.9373115625697968,0.2817859617502947,0.13147986782770552,1.6198337710309583,0.3450004331389411,1.5070748675541314,,
631-67-4,"Ethanethioamide, N,N-dimethyl-",0.6861740886529671,0.707542296413096,0.5576916499508497,-0.7988237495125197,2.0461183603446518,-0.44030574849561194,1.7533773239319757,,
6317-18-6,Methylene bis(thiocyanate),-1.1584389464542295,-1.1466893396795506,0.2138065663913377,-1.732585355092787,-0.6262119351956537,-1.5646835623777997,-0.7745441526514022,,
632-22-4,Tetramethylurea,1.102787438548604,1.1782097758722254,0.6069365684394485,-1.4343004881755863,2.1989887937674117,-0.17421608595860516,2.080587307553385,,
632-69-9,Rose bengal sodium,-1.434934952092201,-1.5036406912193028,0.8183050155075813,-3.2115704082691283,0.6012552143378554,-2.964990049158828,0.2910292492572982,,
632-99-5,C.I. Basic Violet 14,-1.0264686935868115,-0.9732576919360469,0.499824463621485,-2.7006955719256145,0.11665120979830326,-1.9748316654098108,-0.08990244406984838,,
633-96-5,C.I. Acid Orange 7,0.3444897794516162,0.3621498193269139,0.45604612338008815,-1.0349111046846593,1.5409474358775355,-0.7304777409469382,1.1683131474379689,,
63333-35-7,Bromethalin,-2.3151859066791816,-2.303793989756736,0.5147313327361088,-3.985670719019484,-1.0629894143837246,-3.264855775485438,-1.2485893150478709,,
634-66-2,"1,2,3,4-Tetrachlorobenzene",-0.9659514412312822,-0.9585455347406555,0.30970840469909744,-1.808401652245251,-0.2565805275710241,-1.5472213477155965,-0.4089703462632047,,
634-67-3,"2,3,4-Trichloroaniline",-0.6533338663211807,-0.672295606390598,0.2589566963955906,-1.3827273692173077,0.10326026569224274,-1.1694588895273785,-0.16851052044094542,,
634-83-3,"2,3,4,5-Tetrachloroaniline",-0.7920143685443807,-0.7982266758817717,0.40431273226544,-1.8026780733744445,0.6939758343355722,-1.5818788140472977,-0.0191048198863467,,
634-90-2,"1,2,3,5-Tetrachlorobenzene",-0.5692424154938788,-0.5546901309519231,0.23284954453800774,-1.215801632199403,0.011843346435093913,-1.0281786199711356,-0.10512277105776535,5.0,-0.25182583695333066
634-91-3,"3,4,5-Trichloroaniline",-0.4522390788428258,-0.42705983092186184,0.5766103444178382,-2.149128447243914,1.0789419075713227,-1.6215684169199496,0.6232807983610814,,
634-93-5,"2,4,6-Trichloroaniline",-0.4462263057024808,-0.4671511880645276,0.4707147422248809,-1.6713106950900658,0.738774856841839,-1.2215309309040887,0.4656844174496096,,
635-12-1,"1,4-Anthraquinone",-0.8363520516288133,-0.8510041839299485,0.503729872126981,-2.1434001206109285,0.44518967723206865,-1.7307336204916948,0.14824089574912871,,
635-93-8,5-Chlorosalicylaldehyde,-0.3314149830905513,-0.3164701162592086,0.5693816605659106,-1.7102486808714346,1.540877246778431,-1.442216272744729,0.7606154957752165,,
636-30-6,"2,4,5-Trichloroaniline",-0.6509587163446838,-0.6557801521887514,0.26442738749282235,-1.4801488496301736,0.03890175747457355,-1.131200715682519,-0.11220004020595854,,
6361-21-3,2-Chloro-5-nitrobenzaldehyde,-0.3567864423963259,-0.36054779146175997,0.33833851209238247,-1.3088266552405867,0.6534974634551797,-1.1393914672092633,0.2636240024962767,,
6369-97-7,"2,4,5-T dimethylamine salt",0.19632327166964259,0.26100013927359755,0.43987932018394355,-1.4410061027382057,1.1683542109078497,-0.7566671862211062,0.9302242514817551,,
637-07-0,Clofibrate,-0.32204819700264387,-0.3519570060896947,0.37943428693500203,-1.5233823901902588,0.8092527476609386,-1.0267257175878552,0.40855493328960923,,
6382-06-5,Pentyl 2-hydroxypropanoate,0.3225280904722119,0.3484020661505151,0.5304804495581998,-1.116051032975756,1.655749631504391,-0.7747716654031216,1.2553444117939756,,
63821-86-3,"Acetic acid, (4-chloro-2-methylphenoxy)-, sodium salt, mixt. with 6-chloro-N,N'-diethyl-1,3,5-triazine-2,4-diamine and N-(1,1-dimethylethyl)-N'-ethyl-6-(methylthio)-1,3,5-triazine-2,4-diamine",-0.8803348569966934,-0.9107493744059239,0.5392487425948002,-2.139944711077979,0.7547402949189096,-1.8742909647905222,0.37230288620070423,,
6386-73-8,"Phenol, 2,6-dibromo-4-[1-(3-bromo-4-hydroxyphenyl)-1-methylethyl]-",-1.5499584473062362,-1.5331395388879123,0.6144069965682712,-3.297735877197362,-0.038005712599916315,-2.7643527235441434,-0.45554879627687506,,
64-00-6,m-Cumenyl methylcarbamate,-1.298582598557651,-1.2752747074671986,0.3509016155060373,-2.5541850998305304,-0.28724541790584246,-2.037141925209267,-0.6293306505357302,,
64-02-8,Ethylenediaminetetraacetic acid tetrasodium salt,0.564209330544088,0.5919816759230807,0.5008343694699354,-0.8963632008894573,1.9520696917389455,-0.4830708084000382,1.4948542754835776,,
64-10-8,1-Phenylurea,0.2765408346742054,0.2671602675880399,0.5456924102380685,-0.9880733561136837,1.8399376569474226,-0.6674526865373571,1.3896200202631903,,
64-17-5,Ethanol,2.2630665090523316,2.2626562972819255,0.1880458207507271,1.689937858320005,2.807463074173718,1.8248677488042466,2.636283321118823,10.0,2.255210447888549
64-18-6,Formic acid,0.9056239037800026,0.8807359983385876,0.4286866107625026,-0.062006922507690715,1.839371496321417,0.042077443844227326,1.7223536217882085,,
64-19-7,Acetic acid,0.8976037690349739,0.8914992809795643,0.17628929826549616,0.4518057167102206,1.4657417712150562,0.568632652049305,1.259271842682303,9.0,1.7954445777114247
64-69-7,Iodoacetic acid,0.009038435414872871,0.022520082893805103,0.5478627238890622,-1.42038055196709,1.397643316286262,-0.997223860544479,1.2116199876887601,,
64-72-2,Chlortetracycline hydrochloride,-0.3283581293494969,-0.30232953340137314,0.5402043286307804,-2.021550999272709,0.9798323248083757,-1.4075989095949346,0.6489629019988732,,
64-75-5,Tetracycline hydrochloride,-0.15371338669972512,-0.16197969043557892,0.549600085625431,-1.7808908699242965,1.0254805183032059,-1.2881069053533263,0.7774708157517568,,
640-15-3,Thiometon,-0.6134138645359541,-0.6138980318469958,0.2845175831159711,-1.1789210641042127,0.3083196931839556,-1.087006360169263,-0.04351989813357602,5.0,0.39582456133818394
6408-78-2,Acid Blue 25,-0.4979512443366534,-0.5300228130906366,0.45624403211121617,-1.6777868208409203,1.0952441380212823,-1.2887763453830794,0.38208905723653286,,
6416-68-8,"Benzenesulfonic acid, 5-(2H-naphtho[1,2-d]triazol-2-yl)-2-(2-phenylethenyl)-, sodium salt",0.4687334113482705,0.5242679195721482,0.5171322532939139,-1.338438492242447,1.8752107308888655,-0.9171526576503379,1.3617887185536524,,
64249-01-0,Anilofos,-0.945491925934929,-0.9367439196713878,0.5621182594546337,-2.3604415776217063,0.6988298830804763,-2.125452506151326,0.11701046113426555,,
643-79-8,"1,2-Benzenedicarboxaldehyde",-1.2349098558660792,-1.2704914200992121,0.38930046851825706,-2.5832833940328777,0.3276315331037626,-1.937280024242169,-0.4361541998907232,,
64359-81-5,"4,5-Dichloro-2-octyl-3(2H)-isothiazolone",-2.1440463382607065,-2.1299445310735443,0.2182165909348771,-2.858506678351549,-1.5272367122787422,-2.5827076561884694,-1.7118812462390376,,
644-06-4,"2H-1-Benzopyran, 6,7-dimethoxy-2,2-dimethyl-",-0.4211476731878095,-0.3842996897702052,0.507863215342675,-2.1596708734187717,1.0411387863803518,-1.4507129375766104,0.4112546489656602,,
6440-58-0,"1,3-Dimethylol-5,5-dimethylhydantoin",0.618741206742882,0.6500007658869049,0.3737261244785408,-0.48488457932834134,1.6508764534083729,-0.13605145004922045,1.296711260745714,,
645-08-9,Isovanillic acid,0.5305078249546955,0.5331779726158233,0.479372841469637,-0.762963898102732,1.9276524971197257,-0.34889849232901177,1.3464108414576053,,
645-56-7,4-Propylphenol,-0.09792220493116535,-0.08972966225849854,0.4870885016122958,-1.5309356814328579,1.3328416576922633,-1.0701444106981135,0.7711024641938607,,
6452-73-9,Oxprenolol hydrochloride,-0.4629112060648917,-0.47353874239857696,0.5667762718466456,-2.6339387336879425,1.111539426158409,-1.56887554166211,0.580658831149272,,
646-06-0,"1,3-Dioxolane",1.7514341662627626,1.790877532888878,0.5149021013048709,-0.44134856068402833,2.9524953894869164,0.6731756628378848,2.702687704268183,,
64628-44-0,Triflumuron,-1.8922390765871324,-1.9178563559956636,0.6176231619226218,-3.573151285128281,-0.09415533868884245,-3.033504625068388,-0.7643673561773116,,
647-42-7,"3,3,4,4,5,5,6,6,7,7,8,8,8-Tridecafluorooctan-1-ol",-0.8050714478620846,-0.7722825418156342,0.6629628911760503,-2.3446718086298173,1.205923660845113,-2.055069448379056,0.49333488704278317,,
64700-56-7,Triclopyr-butotyl,-1.0970718737409202,-1.1014595379069796,0.19913196430478092,-1.6194672447907903,-0.7009347927359177,-1.4552580307793952,-0.7321464242079689,8.0,-0.2393861337271259
6485-40-1,R-(-)-Carvone,0.014775700175782393,-0.006809038889087713,0.5598651744958596,-1.738215286316476,1.4742036332331772,-1.034227526703791,1.0691733716103022,,
64902-72-3,Chlorsulfuron,0.12782543975246757,0.11450758795569917,0.23871094217080174,-0.6332765141676989,0.6454770221159397,-0.34460048795535475,0.564613493602934,,
6491-02-7,3'-Chloro-3-nitrosalicylanilide,-1.4511462916878082,-1.4158326471881377,0.27097815840089784,-2.223282140518236,-0.843374108908119,-2.1033665249215696,-1.0351537154688921,11.0,-0.8778642098930318
65-22-5,Pyridoxal hydrochloride,0.020314408989897795,0.023686900718185737,0.6074848027733898,-1.7180272708326816,1.9092446474612743,-1.1695755223874071,1.1859555321494892,,
65-30-5,Nicotine sulfate,-0.6463758015522051,-0.6251685173568915,0.32149752585200153,-1.5146232741819483,0.07835580612960123,-1.26155790779567,-0.05883463922555988,,
65-45-2,Salicylamide,0.4927337737780353,0.5342751609126304,0.43518551494028296,-0.8109258125428124,1.5706781363916893,-0.36839080995450646,1.3247779308386531,,
65-85-0,Benzoic acid,0.9312218377376634,0.9320961349852068,0.27405446048736865,0.21599735852789956,1.712745854095327,0.40107384222872644,1.424228941208073,,
6515-38-4,"3,5,6-Trichloro-2-pyridinol",-1.4548720599189386,-1.4434473277326814,0.36231911654034665,-2.610387439062805,-0.5967013170256301,-2.2761326124913817,-0.8063990835834336,7.0,-1.5420875812182036
65271-80-9,Mitoxantrone,-0.6446684256352242,-0.6540458565478604,0.45504805916263563,-1.9943054415353036,0.45476609070204965,-1.6041811106653918,0.24284959196508804,,
65277-42-1,Ketoconazole,-1.1935391363079126,-1.1985310808179555,0.5359265455709744,-2.8231063299337653,0.08093502778702218,-2.22573085197821,-0.1972065752528762,,
65281-76-7,14-Chlorodehydroabietic acid,-1.1880422178408179,-1.161529573166705,0.4990899190168024,-2.6117413203079156,-0.005163734750081994,-2.256784578479215,-0.30444015050104667,,
65281-77-8,"12,14-Dichlorodehydroabietic acid",-1.382735175908727,-1.3125831694514196,0.631828616739517,-3.75009333531642,0.6080297422959129,-2.8833785201534146,-0.3710274929432505,,
653-37-2,Pentafluorobenzaldehyde,-0.6739224856208722,-0.6770165469063454,0.40599287992680433,-1.6962059180953344,0.4472651616152329,-1.47621832957149,0.09970573870381037,,
654-66-0,3-Trifluoromethyl-4-nitrophenol sodium salt,-0.14032438811178338,-0.12738105301836014,0.4345374589892046,-1.3788549785264566,1.1447265036460585,-0.9223413372252761,0.7187213211247828,,
657-24-9,Metformin,0.6135229695699164,0.6152721808866621,0.48666613543680304,-0.7790048910757243,1.816988501225593,-0.38943800196124867,1.4470018397283975,,
65733-16-6,S-Methoprene,-0.555625723765388,-0.5169793244301905,0.38286318531396535,-1.6407965174466685,0.6807620980123397,-1.3788374461367638,0.19790800672208556,,
6575-09-3,2-Chloro-6-methylbenzonitrile,-0.15598703204251613,-0.13123550339323264,0.545882194802013,-1.5239789271944872,1.4922238978928533,-1.1365090627189447,0.9231176941392721,,
658066-35-4,Fluopyram,-0.7441101830214132,-0.7318827874708109,0.5186057873413794,-2.5649480409407586,0.42414783039809706,-1.8330949106079315,0.18206105627559016,,
65954-19-0,(Z)-4-Tridecen-1-yl acetate,-0.745730621938194,-0.6729752284535917,0.4614454041135645,-1.9517503908232179,0.8253190806473131,-1.7275423675770425,0.10380619084221313,,
66-22-8,Uracil,0.860747939396945,0.885959403930999,0.6288093921718003,-1.0933534804443947,2.547811529748317,-0.4971490622927384,1.9943350303859604,,
66-25-1,Hexanal,0.2079269786385836,0.1938735332099334,0.26511451076175013,-0.5061472317801063,0.9442576387408959,-0.2630040309395945,0.7243919310402573,,
66-76-2,Dicumarol,-0.7738565718082799,-0.7681859185858768,0.4422709896434153,-1.9918433695068507,0.40375174679421916,-1.585338714017404,0.07529885919584733,,
66-77-3,1-Naphthaldehyde,-0.09356542124872247,-0.1202243580548571,0.6299687789894314,-1.797192402311945,1.9871075118684571,-1.3056679064514156,1.0717501679689732,,
66-81-9,Cycloheximide,-0.4520140522179749,-0.41981194218302953,0.5665002347695752,-1.6502175060219455,1.1529243228706738,-1.4262664360502677,0.6063237967238223,,
66-99-9,2-Naphthalenecarboxaldehyde,-0.06135879807514602,-0.06508629241346764,0.5502593930158435,-1.6558087018227161,1.5176734655544484,-1.1216333383492267,1.0384184590098215,,
6602-32-0,2-Bromo-3-pyridinol,0.19560203004615276,0.1730544479301911,0.5620989911889671,-1.2786810376192437,1.4805593605104872,-0.9942128924990372,1.2177926882523693,,
66215-27-8,Cyromazine,-0.13708681961210054,-0.15089416636370145,0.4071732194221374,-1.072749824415067,1.2231766711354257,-0.9085301466580212,0.722376667176775,,
6623-41-2,"2-Amino-4,5-dimethylphenol",-0.7607453502473525,-0.735064444210416,0.4132629277305794,-2.121153086656616,0.3840032488358338,-1.5404393482556051,0.1298184411885559,,
66230-04-4,Esfenvalerate,-3.981569147516816,-3.96491687702735,0.1709133850162797,-4.538701908169676,-3.5302882459225144,-4.338238501979281,-3.684716919428301,8.0,-3.848765822927759
66267-77-4,B-Fenvalerate,-3.029918872758699,-3.086954497513145,0.3983296260951072,-4.119517028380956,-1.7480572172812434,-3.742017769292894,-2.1341288373804943,,
6629-29-4,"2,4-Diamino-6-nitrotoluene",0.09395264067296136,0.026758017293070018,0.5243919895768772,-1.5756359231807322,1.9432327676946515,-0.8525224956899933,1.1702653910738512,,
66332-96-5,Flutolanil,-0.694276592424099,-0.6915826452831586,0.26699776674817216,-1.4435894097319069,-0.11724732820230252,-1.2413964079879058,-0.2127588920736841,,
6636-78-8,2-Chloro-3-pyridinol,0.4308456580156836,0.44246138221025233,0.6132054307234387,-1.1468790551973402,1.9326822706895954,-0.754773172583101,1.520591402444143,,
66423-09-4,Mecoprop-P-dimethylammonium,0.09675299761721838,0.14321709976208843,0.44273775891805783,-1.7263892551118312,1.2434139509306383,-0.8201815264587428,0.8145925820312082,,
66441-23-4,Fenoxaprop-ethyl,-0.9055848141381359,-0.8834942176825018,0.2508400381139284,-1.6208204354697369,-0.2566166288825213,-1.3704759752116942,-0.4329077335843916,,
6651-36-1,"Silane, (1-cyclohexen-1-yloxy)trimethyl-",-0.07215679280508429,-0.08747331546619684,0.559280839178712,-1.3790653226640013,1.5444362917289105,-1.1046492186879742,1.0445542269992936,,
666-84-2,Abietyl alcohol,-1.0261266738361985,-0.9844510696197685,0.5653459962285874,-3.1523572288062325,0.5825819439601042,-2.258509638361827,-0.06544038878977326,,
66728-50-5,"Propane, 2-(2-methoxyethoxy)-2-methyl-",0.5192207694998884,0.5264747338526001,0.5781700830379987,-1.1552808654006763,1.9507902430786401,-0.5859057494991573,1.7558321296800181,,
66794-75-0,Benzyl neodecanoate,-1.0578338183920055,-1.079079656418539,0.5294993421532397,-2.298260588109712,0.9809426975542254,-2.0386687662673064,0.028781094154315096,,
66841-25-6,Tralomethrin,-3.349114406867934,-3.3438957250434775,0.2745646251478506,-4.1064782707347725,-2.3060025690374,-3.8742233332076053,-2.79840579018026,5.0,-3.1947365650207513
67-03-8,Thiamine hydrochloride,0.07518763374658077,0.079937080302001,0.7145500475309797,-1.7840446396322356,2.1458700181979506,-1.341797953091048,1.472494176685066,,
67-36-7,p-Phenoxybenzaldehyde,-0.5351351564518427,-0.5134893337202405,0.41086917441374016,-2.261228395868425,0.4774117502929005,-1.2567698512015468,0.20791944361057962,,
67-43-6,Pentetic acid,0.304420823858315,0.33233337187052525,0.578136990447919,-1.441416126240726,1.8859199948903855,-0.8216246305577735,1.3144760167803733,,
67-45-8,Furazolidone,-0.7504933742791602,-0.7405472964161971,0.45023519826899494,-2.1769034901288755,0.3995071331724999,-1.7233680434070113,0.10242381549562261,,
67-47-0,5-(Hydroxymethyl)-2-furfural,0.4147979756924958,0.443584545352102,0.41547667184964965,-0.9379619308262261,1.6647817695043667,-0.47796327570562497,1.1188139715863255,,
67-48-1,Choline chloride,1.2033978741054958,1.211447935118061,0.4801207628350053,-0.4245784658619912,2.611272830543608,0.2197971869080385,2.0592430486420916,,
67-56-1,Methanol,2.380245029185771,2.382874030606076,0.1842747440069363,1.8636918185885327,3.0089549899550354,2.0190356292480174,2.727818676506244,11.0,2.7564443103015805
67-63-0,Isopropanol,2.2337071978636605,2.2390766828622413,0.21894831551400096,1.5439546673984963,2.8198749462860215,1.7673464162561785,2.6111508326381876,6.0,3.5049463803568837
67-64-1,Acetone,2.1162069588111314,2.0958072340037903,0.21488506043598013,1.5084115058980943,2.623534403362902,1.7259208570635807,2.54509586090912,19.0,2.065740827435728
67-66-3,Chloroform,0.8368197107651335,0.8518480350824599,0.1512029911901402,0.34450925292928936,1.2780298788549362,0.5334757892023497,1.09858190180026,14.0,1.4417262565069313
67-68-5,Dimethyl sulfoxide,2.5129193935192675,2.5382957884321318,0.33469778231570474,1.1979315491667029,3.3073014699525256,1.8113631420664993,3.1170106842095917,,
67-72-1,Hexachloroethane,-0.5585684626178857,-0.5599376519251058,0.1716509325558736,-1.121974568631953,-0.08522149070680753,-0.8598429550617572,-0.2613245137037155,13.0,0.20139506842220295
67129-08-2,Metazachlor,-0.8627204221872412,-0.8846476464713788,0.5870819502445467,-3.209513481900822,0.7118399410009243,-2.0876939444986387,0.22069536865945283,,
67233-85-6,Sodium 2-methoxy-5-nitrophenolate,0.36295099574690576,0.35084470124087735,0.5094317074256057,-1.1024374857806118,1.6884945543279366,-0.5802095533282225,1.3809045608563433,,
67306-00-7,Fenpropidin,-0.929608773854538,-0.9487321027599479,0.6063375433734657,-2.6602061677098168,0.48734758191483196,-2.057634031234076,0.23142262260788696,,
67375-30-8,alpha-Cypermethrin,-2.927761875533089,-2.8844975630751435,0.29273990455046295,-3.873654737130967,-2.205744571981055,-3.5255063105046243,-2.308965578636492,7.0,-3.475379585574985
67485-29-4,Hydramethylnon,-2.335627182238861,-2.331090844453349,0.22424101727482623,-2.955111586479119,-1.6844438953229248,-2.7165964658579345,-1.901113729086094,5.0,-3.712358997641995
6753-47-5,Picloram triisopropanolamine salt,0.25106247658173847,0.2491177201164206,0.32223716049852874,-0.5862382604297804,0.9528661994172557,-0.37805466521009523,0.8416263053752563,,
67564-91-4,"(2R,6S)-Fenpropimorph",-0.8932224526657729,-0.8996349793176907,0.3707971163563051,-1.8905644820424599,0.21558119349473875,-1.6256388052401434,-0.20930002212755267,,
67747-09-5,Prochloraz,-0.8979785998315571,-0.8873425815216811,0.41013533861739637,-1.9238143602407531,0.29925090301922974,-1.6583947889255244,-0.06443701841655995,,
68-04-2,Trisodium citrate,1.4706239624554658,1.4336911708625595,0.6105542096513417,-0.3951644589105997,3.025186729695795,0.38018580200672464,2.6253762132067133,,
68-11-1,Thioglycolic acid,0.4196328221111854,0.4504848722465831,0.545555622704072,-0.9168679950154538,1.6552794248513143,-0.738352982846217,1.4979120437030677,,
68-12-2,"N,N-Dimethylformamide",2.101946847876956,2.12784322047599,0.2697230822151773,1.2980814208646767,2.78465860230471,1.5326594052770863,2.6059461821037986,5.0,3.5907066128027822
68-22-4,Norethindrone,-0.7195475137280521,-0.6993723115864723,0.5578316421882671,-3.304395366690501,0.6947084158379577,-1.7975824130259672,0.2892923633104788,,
68-35-9,Sulfadiazine,0.026211145791984386,0.06223813977539466,0.37318567783470646,-1.033213273891431,0.8550343303969862,-0.837406857605476,0.6432547861020184,,
680-31-9,Hexamethylphosphoramide,0.5939244467844574,0.5534887945893565,0.6058910555485149,-1.057700879246787,2.2055936982312003,-0.4583901069901713,1.7240562118079972,,
68140-48-7,"1-[2,3-Dihydro-1,1,2,6-tetramethyl-3-(1-methylethyl)-1H-inden-5-yl]ethan-1-one",-0.9835079566475062,-0.9741570369234105,0.5685609511672333,-2.503849877104347,0.7293170890654056,-2.0074713443304617,0.1884210959046275,,
68157-60-8,Forchlorfenuron,-0.3950151696896087,-0.35853500471902033,0.3686707691682674,-1.6208839911601172,0.5133004007282594,-1.095068929123697,0.3035899390550371,,
683-18-1,Dibutyltin dichloride,-0.8656674790504449,-0.9285348667578622,0.5120448370782933,-2.132971742852551,0.4075020481969556,-1.8031915526322795,0.1486722819281296,,
683-72-7,"2,2-Dichloroacetamide",0.5997346838057942,0.644844497611192,0.4888143417430193,-0.6952958444992122,2.0879560926309364,-0.4449492964478399,1.4681911185153838,,
6834-92-0,Sodium metasilicate,1.0946667370570273,1.0740977725878,0.43278431660622174,0.03568703316107975,2.443145365302742,0.2714840490757295,1.939306172579685,,
68359-37-5,Cyfluthrin,-4.06156801504851,-4.066267038219559,0.1711089921400898,-4.462862901954569,-3.555816904982742,-4.384090313982654,-3.734876239513808,8.0,-4.316025859629393
68392-35-8,4-Hydroxytamoxifen,-1.5749163204610754,-1.5820616432678714,0.5999502033954722,-3.2865630122641627,0.15412174136743653,-2.7986991804228327,-0.30960914411141116,,
685-91-6,Diethylacetamide,0.8304767966379747,0.8023026469716749,0.5702735119520321,-0.8778112160685817,2.3189241840756325,-0.23931528146683015,2.0244820709164455,,
68694-11-1,Triflumizole,-1.0259904046101673,-1.015124202124325,0.24338909492135163,-1.6843952949068508,-0.4150311652370068,-1.5415621465326077,-0.57335811068728,,
6876-23-9,"1,trans-2-Dimethylcyclohexane",0.10071472439206212,0.08257016351589702,0.4815271376685532,-1.474295345522747,1.4028528767614403,-0.780950477369727,1.0435459777755822,,
688-73-3,Tributyltin,-1.71499770155853,-1.7518053503866766,0.6924248640099956,-3.4704149953529377,0.06981128158698684,-3.0032509536777585,-0.4368813221275417,,
69-05-6,Quinacrine dihydrochloride,-0.039677378466725255,-0.0001296091448770724,0.39976562696811085,-1.1231057573888499,1.072480892623205,-0.957698518137613,0.636202753657995,6.0,1.6650468773836602
69-53-4,Ampicillin,-0.9479487463619864,-0.9720423619789333,0.6302230096311534,-3.030378487993739,1.3081637771445334,-2.005950005701379,0.33455966486108957,,
69-72-7,Salicylic acid,0.781229337212965,0.7797773652667869,0.37572067518166635,-0.15597287210282063,1.8667494205219732,0.04104302048765006,1.568553627460044,,
69-93-2,Uric acid,0.428486638542484,0.4759162840815435,0.5774283263849174,-1.2637001876696,2.076105814860288,-0.7215212212494212,1.4474946950861036,,
69004-03-1,Toltrazuril,-0.9409323834059251,-0.9291452838395281,0.6265116270552556,-2.3744590487609227,0.7000565120208104,-2.1722683951161312,0.23988336194514734,,
6921-29-5,Tripropargylamine,0.4927214122117858,0.5022793676739674,0.5417891245399413,-1.349432551894802,1.8933490176231709,-0.7723913756861132,1.5116894603837512,,
6923-22-4,Monocrotophos,-0.7457785353965931,-0.744041074711171,0.22270699179036288,-1.4549435942092976,-0.21409254070838846,-1.2123373851583983,-0.3094470011555955,13.0,0.3025201387399855
693-16-3,2-Octanamine,-0.15954216522498724,-0.1438274320675213,0.4411174279159215,-1.1558525542198683,0.7715929167346288,-0.9964539666228396,0.6273584657731418,,
693-21-0,Diethylene glycol dinitrate,0.8989946697042055,0.9208973577682876,0.33331844133981786,-0.05145922203281037,1.802465610097167,0.2480937914319819,1.5108482450953638,,
693-54-9,2-Decanone,-0.4288763217407442,-0.41642837287936,0.403278935437848,-1.701572722671127,0.5925796857663336,-1.2299268451769083,0.342553811703073,,
693-58-3,Nonylbromide,-0.6148767084185747,-0.6319749531639325,0.5426932137574887,-2.3919167171425877,1.212299411650903,-1.6885796070678016,0.27705793772812376,,
693-65-2,Pentyl ether,-0.46912984146028947,-0.46080096097601275,0.4652495931681844,-1.9097269703248148,0.6751384803898285,-1.359542510154431,0.42367105701193747,,
693-93-6,4-Methyloxazole,0.791504399900333,0.8100908851615997,0.623771307497755,-0.9820245950890775,2.229594275647765,-0.3188504245739202,1.946296996433382,,
693-98-1,2-Methylimidazole,0.6506129051515305,0.7085395030906496,0.5733658849188951,-1.0206189669761723,1.859513344568859,-0.6145310428803106,1.6642215273644674,,
69327-76-0,Buprofezin,-0.8615392575787706,-0.818117876069895,0.4357162977365666,-2.376063786244762,0.2676848364362284,-1.6808176561719408,-0.015157312020861152,,
69377-81-7,Fluroxypyr,-0.07059530385956231,-0.030676542319743424,0.37751507401242734,-1.131487447547044,0.8022444841399218,-0.8004504800485869,0.6011749132701372,,
69409-94-5,Fluvalinate,-3.5344887286472852,-3.5154046628838564,0.22919593747010178,-4.2586416658717114,-2.96030882457209,-3.9611249015186267,-3.137244436163385,5.0,-3.044774486561085
6948-86-3,"N,N-bis(2,2-Diethoxyethyl)methylamine",0.10794509789667087,0.1423582568711678,0.5978624389984093,-1.6672690962866235,1.7851702199799946,-1.1940876362405832,1.1681658641423691,,
69500-29-4,Bis(o-isopropylphenyl) phenyl phosphate,-1.5310930499654303,-1.5260727022804523,0.6436087261825251,-3.2577266307416437,0.13289388719316134,-2.700857411121931,-0.31778468159258294,,
697-82-5,"2,3,5-Trimethylphenol",0.0903880944444967,0.027489145130877503,0.5093463845088039,-1.5422006777077724,1.4755233774618737,-0.884223769266236,1.1075221702635702,,
6972-05-0,"1,1-Dimethyl-2-thiourea",0.5682057778102173,0.5625486787646563,0.5168461247374372,-0.7826685449087462,1.864915393143459,-0.46056596966995467,1.6001114793390319,,
69723-94-0,1-Benzylpyridinium 3-sulfonate,0.13689172300459815,0.14348742179882468,0.5700327562394337,-1.9134143456818185,1.6662807806117657,-1.1288385563730332,1.1087959865027197,,
69770-23-6,3-(4-tert-Butylphenoxy)benzaldehyde,-0.9988955903108419,-1.0294275105789477,0.5256192561677008,-2.194064806316973,0.30274466623529783,-1.9621050453349338,0.039726790161766765,,
6980-18-3,Kasugamycin,-0.20629045572858445,-0.21107925100262087,0.6479398733959473,-2.2285746105169344,1.632354834272514,-1.51961042066595,1.222978207485469,,
69806-34-4,Haloxyfop,-0.07975459722249871,-0.04289064731202122,0.708439460773587,-2.104279899531995,1.7177256397058036,-1.3625181564483098,1.1301372535066752,,
69806-50-4,Fluazifop-butyl,-0.7828273286145645,-0.7671643361436614,0.2376449189241442,-1.385537532759786,-0.10123316854246069,-1.239661495951032,-0.2792138688017253,,
6988-21-2,Dioxacarb,-0.15690442300530222,-0.15335353676067665,0.3731808719056839,-1.2224822834020315,0.831413150215591,-0.7839951006242938,0.6114711310831795,,
70-30-4,Hexachlorophene,-2.2358292585436734,-2.2063788017733685,0.342322378814446,-3.3196295030809866,-1.2901096910134044,-2.918857654839417,-1.5436507170964453,,
70-38-2,Dimethrin,-2.024139034000988,-1.977684765959416,0.2894170446944877,-2.847702455550269,-1.4171197775996764,-2.6372642688917205,-1.5495466004118073,,
70-69-9,4'-Aminopropiophenone,0.17584815501334447,0.18867757614723926,0.5443387510592936,-1.2552187101300873,1.5229153124582846,-1.0591026576733473,1.207177685076478,,
700-38-9,6-Nitro-m-cresol,0.18433957598914946,0.20998833240592213,0.34831539722885263,-0.6766668890770426,1.131242644825649,-0.561489415527552,0.8577283809219177,,
700-58-3,2-Adamantanone,0.21449074977722596,0.25124837146988216,0.5492463272194136,-1.315677883430061,1.5493416348980316,-0.9405502608564424,1.1669373766903886,,
7005-72-3,1-Chloro-4-phenoxybenzene,-0.7430396447732793,-0.6990773705676256,0.4718299611189769,-2.0869947928021846,0.45803655764637397,-1.8233905549135359,0.18327307124237505,,
701-82-6,"Urea, (3-hydroxyphenyl)-",0.41542483906285554,0.4035256068326102,0.4609609551863894,-0.7509549766508039,1.5673780038291418,-0.46648994003871114,1.2872405496947181,,
70124-77-5,Flucythrinate,-3.7881332530484855,-3.792870536203627,0.18773507528249628,-4.256796355113348,-3.2455583781507715,-4.162813058710845,-3.447221935108874,5.0,-3.091928798035408
70161-44-3,"N-(Hydroxymethyl)glycine, monosodium salt",0.7592061871763426,0.8182941308456394,0.43130529100874954,-0.34209023504000435,2.1135723945979876,0.0006808534773334314,1.6711266200681762,,
70225-14-8,"1-Octanesulfonic acid, 1,1,2,2,3,3,4,4,5,5,6,6,7,7,8,8,8-heptadecafluoro-, compd. with 2,2'-iminobis[ethanol] (1:1)",-0.49767226317884483,-0.3749467942759617,0.6154293483750402,-3.142883463241703,0.6855675706164107,-1.9565950366240743,0.4644413589069601,,
70343-06-5,"Benzenamine, 2,6-dinitro-3-methyl- (9CI)",-0.11336014373226683,-0.1127048992796603,0.38955873027396626,-1.1397799539255853,1.0405196740667702,-0.8263957509732888,0.70875568624455,,
70458-96-7,Norfloxacin,0.13797130278455033,0.1676821341525244,0.3330731292580814,-0.9534332021784772,1.0339910416921503,-0.5662998376098769,0.718805884008956,,
706-14-9,gamma-Decanolactone,-0.2707951766796913,-0.29295491819291275,0.5310638660140794,-1.9207212283687856,0.9548294248607836,-1.3249004895832586,0.6974160080767746,,
70630-17-0,Metalaxyl-M,0.2672003644796939,0.29937261963167733,0.397368175502921,-1.0721216718631197,1.193853549744797,-0.6113300777643528,0.9190309040717675,,
708-76-9,"4,6-Dimethoxy-2-hydroxybenzaldehyde",-0.38848404811947007,-0.37812513278118304,0.46523119526670204,-1.7560172340612374,0.8128144427607729,-1.3651842230874418,0.5079613203250409,,
70887-84-2,"3,4,4,5,5,6,6,7,7,8,8,9,9,10,10,10-Hexadecafluorodec-2-enoic acid",-0.618217120680942,-0.5975558650376729,0.4092729130751799,-2.1173139831401055,0.4977895559431633,-1.3742531920204848,0.16935123328164176,,
709-98-8,Propanil,-0.6254750019885895,-0.620864853697835,0.1208656867121214,-0.9955212197084501,-0.3123312032149122,-0.8635031314046354,-0.39106683240296947,25.0,0.3215043272683523
70901-12-1,"Glycine, N-(phosphonomethyl)- potassium salt",0.3851041108862987,0.3959107896181566,0.624259346988251,-1.2308999059414907,2.337541669812655,-0.8260276315648897,1.6057184447609327,,
71-00-1,Histidine,0.5389132499400431,0.5517640404426769,0.5808694429023594,-1.4749360452815299,2.251166118031278,-0.5775321123539505,1.5620648951137484,,
71-23-8,1-Propanol,1.9512324180307643,1.9712283645132056,0.20692009417945023,1.3956337890919768,2.479422409597655,1.5393655130350974,2.2839065295025516,11.0,3.339588181475281
71-36-3,1-Butanol,1.5188947225723095,1.5271859700696129,0.2232503129909858,0.8068528427953664,2.13895609801961,1.071324903550922,1.946151943951844,,
71-41-0,1-Pentanol,1.2406519889750267,1.2416843532023731,0.2085708161261527,0.563777029827116,1.7525864165607936,0.7828287017471841,1.6198438591028814,,
71-43-2,Benzene,0.6104960100026673,0.623264487531396,0.12228234660573593,0.29181056758651824,0.9144183359456172,0.3462570207885983,0.8421135921048433,23.0,1.4147220793272606
71-44-3,"1,4-Butanediamine, N,N'-bis(3-aminopropyl)-",0.008703627755098742,0.05496605206454305,0.6025492622012715,-2.190237443990156,1.2923075509494482,-1.2369452960094363,1.1682276680053145,,
71-48-7,Cobalt(II) acetate,0.3308640333931551,0.3499092627631002,0.5486020393673875,-1.250526264500818,2.5028120612062597,-0.7828270053247177,1.3787334027211415,,
71-55-6,"1,1,1-Trichloroethane",0.676417978335299,0.6823018575140725,0.18768685728535903,0.1318566108608334,1.0968912280858902,0.32883838074832444,1.0364691747281198,8.0,1.575498470737477
71-73-8,Thiopental sodium,0.06193995204045478,0.051431106744585516,0.5272591896536996,-1.0933867802440678,2.0400047745270244,-0.7963234216571244,1.0808766311657179,,
71-91-0,Tetraethylammonium bromide,0.3290495027828775,0.34653368358098247,0.5844661953001493,-1.621033966621835,1.824048405161273,-0.7795403969126123,1.3811652457913601,,
712-48-1,Diphenylchlorarsine,-1.2026118920257018,-1.1746188476609327,0.3992221257695444,-2.4050768043837496,-0.21303647827558336,-2.0996780403337105,-0.40674045945632326,,
71283-28-8,"(2R)-2-[4-(2,4-dichlorophenoxy)phenoxy]propanoic acid",-0.8894158473504487,-0.9075182547291796,0.5823204554708018,-2.779667027357624,0.6838963591374678,-2.1006500851482963,0.26803905834940744,,
71283-80-2,Fenoxaprop-P-ethyl,-1.179565566212931,-1.1777547451809753,0.3150889407866769,-1.9962018426145984,-0.22345027084253002,-1.7746326051348202,-0.5376220443113175,,
7149-79-3,N-(3-Chloro-4-methylphenyl)acetamide,0.09655497011580451,0.09223595207035878,0.49207675538797097,-1.4922778353225197,1.4042964577370214,-0.84574817102307,0.9707499076836785,,
71561-11-0,Pyrazoxyfen,-1.203156209221288,-1.187484986025817,0.47621364147582135,-2.7128776944483577,0.14195551713935842,-2.096628514596773,-0.3760040512132944,,
71626-11-4,Benalaxyl,-0.6601051985159259,-0.6719953541797581,0.5739201026508847,-1.997261360181968,1.3545727899931796,-1.6903421284920597,0.4161831975531811,,
7173-51-5,Didecyldimethylammonium chloride,-1.4716460928261648,-1.4706350013370462,0.17989225546670715,-1.8962799010150637,-0.9937365402573273,-1.8076164871794158,-1.1293854051665992,10.0,-1.0336115464170632
71758-44-6,2-(2-Chloroanilino)benzaldehyde,-0.5611144556984368,-0.5543049537638339,0.6057306681763496,-2.3839594614582924,1.133268945161547,-1.7216343230978568,0.5255616650926499,,
71862-02-7,3'-Chloro-o-formotoluidide,0.023142619845858303,0.026112323049851515,0.5002776715875232,-1.2733715528383511,1.273404836683336,-0.9648191868224645,1.1478928605150298,,
72-14-0,Sulfathiazole,0.4322780675164533,0.4461283361230849,0.38580983427912435,-0.5102239080952814,1.3034863232661607,-0.27422037460748727,1.1762605819422118,,
72-20-8,Endrin,-3.4743828115865667,-3.470679606308926,0.11627863180116634,-3.860956799609296,-3.230156621633893,-3.6918034623029827,-3.278461070957704,57.0,-3.4003396228330387
72-43-5,Methoxychlor,-2.503232242917382,-2.4969264874355632,0.11149622303962516,-2.794895390717664,-2.227468149117708,-2.7331472946927535,-2.3104127521572106,39.0,-2.15570501085309
72-48-0,Alizarin,-0.6314105118424846,-0.6236395742198984,0.337339876517486,-1.6606306820536572,0.3789911423202835,-1.3047983998630286,0.024234641479988037,,
72-54-8,"p,p'-DDD",-2.269269191070703,-2.2699750302941704,0.1573698278171028,-2.7145154320322287,-1.9452355788637823,-2.585725366613477,-1.9892349095266397,9.0,-2.5205152813270435
72-55-9,"p,p'-DDE",-1.6738427139937924,-1.6901114069490906,0.2951690326686454,-2.5174779999915295,-0.9052617424835044,-2.2020080528514736,-1.1076969546819064,,
72-56-0,"p,p'-Ethyl-DDD",-2.183880541041785,-2.1990900651563443,0.35664023118693383,-3.212695933303659,-1.2596226465552491,-2.7531944393072205,-1.3941654494177258,,
7209-38-3,"1,4-bis(3-Aminopropyl)piperazine",0.4465923931966057,0.4397980540437309,0.5797723439125133,-1.1126896762526246,1.8922392067903366,-0.6551333387555809,1.526342746905296,,
7212-44-4,Nerolidol,-0.7374048625590492,-0.7243586992573022,0.38580788357830587,-1.8986031961585106,0.16918256090928044,-1.4797851329603933,0.008340254621421728,,
723-46-6,Sulfamethoxazole,0.24953151487749914,0.27051168417999494,0.27821002518040117,-0.5826261426468995,1.0115489916118716,-0.3201937838252681,0.7137038323992486,,
7245-02-5,3-Methoxyflavone,-0.5568708469387013,-0.5273695170795478,0.44355924944680347,-1.6737204838945305,0.5168089664565321,-1.3753260036003894,0.3768679202687063,,
72490-01-8,Fenoxycarb,-0.7616030819178335,-0.7544518822893234,0.20662066417016978,-1.3057854960010908,-0.31231332451019045,-1.1856792580409554,-0.36172975895010084,,
7250-67-1,1-(2-Chloroethyl)pyrrolidine hydrochloride,0.13273265193804978,0.14431840072185215,0.535509382110164,-1.8276890933963241,1.618450944152234,-0.9395148116199162,1.154618781294567,,
7281-04-1,Benzyldodecyldimethylammonium bromide,-1.2282559720336714,-1.194721084420646,0.42829713449818274,-2.276173055343964,0.16540272252480417,-2.0217005014105816,-0.39050216012229316,,
7286-69-3,Sebuthylazine,-0.5655045067566367,-0.5722462572166025,0.5606922172594755,-2.0515234264367876,0.8692331270315152,-1.7182596198651858,0.48572592791957975,,
7287-19-6,Prometryn,-0.7828532545962332,-0.7902181316726782,0.13555847187940293,-1.1896845176687438,-0.40609880106658147,-1.0598272792787453,-0.5028849067611015,8.0,-0.28154424636383213
7292-16-2,Propaphos,-0.8805479041080869,-0.8306839592622084,0.5271327400859399,-2.438805742703292,0.34921625306135284,-2.0363757722060045,0.09845184111313836,,
73-24-5,Adenine,0.3328690693105819,0.35004762902495873,0.5285985886943773,-0.8429568097323005,1.5616844154655702,-0.6019821220486574,1.4961906086690704,,
73-40-5,Guanine,0.4244643363356749,0.4543777633322334,0.5879896044389045,-0.9112585814872881,1.9101203036461052,-0.7249652453412418,1.504324963659641,,
73-78-9,"Acetamide, 2-(diethylamino)-N-(2,6-dimethylphenyl)-, monohydrochloride",-0.447741764137133,-0.4491446980145913,0.6350010701919593,-2.3605777830435017,1.1300012710258753,-1.7200145426932902,0.8004087193481296,,
7307-55-3,Undecylamine,-0.9640553550326988,-0.9507189264751646,0.43965515561523716,-2.315380819514424,0.43157072021569287,-1.8720464598526365,-0.13824011682113096,,
731-27-1,Tolylfluanid,-1.4576788183255323,-1.4997551588880769,0.5180331487957162,-2.673576803075486,-0.05335306950761669,-2.2848658601955005,-0.2631577515483978,,
732-11-6,Phosmet,-1.7360570591814264,-1.727087556312768,0.17582336045919852,-2.1824395176151015,-1.1973942461079397,-2.094024391969296,-1.386158459859841,16.0,-1.4726166803809468
732-26-3,"2,4,6-Tris(tert-butyl)phenol",-1.3184542500150898,-1.3170786256190252,0.5319542607299863,-2.6038777070930084,-0.0018511165864567324,-2.272179724972575,-0.31792377345463757,,
73231-34-2,Florfenicol,0.11664460363059152,0.07545949378864994,0.40415836129251387,-0.7690872577257203,1.1759933406284684,-0.6274030032518467,0.891303805882738,,
73250-68-7,Mefenacet,-1.0927902991934126,-1.0427516822693748,0.5519359545395278,-2.894962806862696,0.3145317427321344,-2.248951289262885,-0.20093864471109912,,
73263-81-7,Ethyl 3-[(diethoxyphosphorothioyl)oxy]but-2-enoate,-1.0580783875946984,-1.1642995320686798,0.7010199684796357,-3.6425750301664492,0.9005759667837314,-2.306412941106872,0.26148271453361277,,
7345-69-9,Sodium tetrathiocarbamate,0.3096951827804826,0.3024187130196919,0.6034976721715357,-1.1078444756907917,1.7949301311396417,-0.7989180623718021,1.405573776342415,,
736994-63-1,Cyantraniliprole,-1.1249394857354895,-1.12883304823057,0.4257094343936629,-2.1135531140692416,-0.03661826437720765,-1.8905089933423305,-0.32236406275009377,,
7377-03-9,"Octanamide, N-hydroxy-",-0.10118180803960676,-0.1120344188371451,0.5028425673883603,-1.3625332651746727,1.5131930842628427,-1.057738209834259,0.8214999277611414,,
738-70-5,Trimethoprim,0.45518917490405947,0.4919706827740139,0.3529771236923006,-0.5231042981227771,1.302030617904457,-0.287700876665611,1.0673054971974556,,
7383-19-9,1-Heptyn-3-ol,-0.18245802035123443,-0.18429167558912163,0.5746215171812274,-2.0804115608775224,1.5762128519102776,-1.27998535078279,0.9474934901539519,,
7398-69-8,Dimethyldiallylammonium chloride,-0.22300231570143147,-0.242604117458951,0.5459626985918331,-1.664623365436087,1.036439309983184,-1.1625646709320165,0.8729015264097673,,
74-11-3,4-Chlorobenzoic acid,-0.07623529062617916,-0.015761080317981367,0.5301406562365085,-1.6908282664371719,1.3227367445086369,-1.2506220790731228,0.8488705470276064,,
74-59-9,"Phosphorothioic acid, O,O-bis(1-methylethyl) O-(4-nitrophenyl) ester",-0.9526888587312027,-0.946745878449345,0.41997238692510874,-2.3369647043005783,0.08684408280502708,-1.857634026138815,-0.1683686502950569,,
74-83-9,Methyl bromide,-0.3876290638688608,-0.36630157405926467,0.24523796374749288,-1.083603674731052,0.16322334251587217,-0.8445058011119961,0.08678751261295536,5.0,0.22491292772130766
74-87-3,Chloromethane,1.3035614205775525,1.310544656291525,0.3837362842564424,0.2100678811798632,2.1409315141370286,0.5119810545333129,2.007341020151297,,
74-88-4,Methyl iodide,-0.2088154348552861,-0.24336517238768562,0.49276563832395415,-1.5668296425888342,1.0501914094659743,-1.1130531210408692,0.8944247548184792,,
74-89-5,Methylamine,1.2686569906900784,1.3001706095399208,0.3236838687944938,0.27018665249987994,2.2436558170658176,0.6330002529090142,1.8351366070909987,,
74-90-8,Hydrogen cyanide,-1.6449965901413452,-1.6521095867085296,0.27194257517235415,-2.5195180938469437,-0.927434135203983,-2.143359503250927,-1.1340222155800406,,
74051-80-2,Sethoxydim,-0.6834163627486433,-0.6537049466758353,0.2965880240816277,-1.7487778774432365,0.0027455991849464983,-1.4004768414876798,-0.16142140807404398,6.0,0.21344416455958204
74070-46-5,Aclonifen,-0.9504948906496705,-0.9301191181374644,0.6212465119801841,-2.874268523244378,0.8460113634090473,-2.175480050987013,0.13494788645530362,,
741-58-2,Bensulide,-1.1028710653472575,-1.1185001869078421,0.2161925237500207,-1.622093818210434,-0.5842511700955629,-1.5246307883062122,-0.6639170769396758,5.0,-0.34739180533763314
7420-89-5,"1,5-Dihydroxy-1,5-pentanedisulfonic acid, disodium salt",0.35841508742886063,0.31976718544987803,0.6815830014275667,-1.8192447630164086,2.239983418615837,-0.9189781554031701,1.8069575725326164,,
74222-97-2,Sulfometuron-methyl,0.7272218914260641,0.7441837327374285,0.6769040706354807,-1.9340979415509676,2.262285467696642,-0.4912814452482015,1.741130561170621,,
74223-64-6,Metsulfuron-methyl,-0.5168433519269042,-0.4749353938619244,0.5131889308269119,-1.9085895928826677,0.5421833785906095,-1.5886779859352957,0.36832903045518417,,
74261-65-7,4-Azidophenylisothiocyanate,-0.5090630596288659,-0.49264583860808,0.5698716199149605,-2.3293145429071713,1.146258826256247,-1.6135292084098503,0.512145483707432,,
7439-92-1,Lead,-0.2360126582216734,-0.22169733224408747,0.1587376885824229,-0.7461663791695946,0.17693613225280938,-0.5342143261162348,0.028058434335590268,8.0,0.09407812289940476
7440-02-0,Nickel,-0.3531753935964175,-0.35554554591002596,0.15731464272259643,-0.8193585931761022,0.0373789152866401,-0.6407716086374506,-0.0551411685441994,11.0,0.38048961516686997
7440-09-7,Potassium,0.9815221252248503,0.9357161965983778,0.6758403169402766,-0.6308417758582672,3.8898772872471676,-0.23154801814719592,2.29802436264542,,
7440-28-0,Thallium,-0.2789268178595663,-0.273067107487041,0.22170437895667236,-0.8062799319406109,0.31122923155364973,-0.7370846555408905,0.13356855902828246,,
7440-36-0,Antimony,0.12653630355537251,0.14421151334998436,0.3299107309068397,-0.7508337347011964,1.2899321394848366,-0.56770233990719,0.7204000072536569,,
7440-38-2,Arsenic,0.006634503201559952,0.013595379392848198,0.25777844492116936,-0.6201137002387896,0.7193359015763914,-0.5226033699323896,0.5166125073986266,,
7440-43-9,Cadmium,-1.0956843067018596,-1.0960018645502656,0.1114523230977377,-1.390168881148302,-0.8053163341996633,-1.3290509779337998,-0.8716063447074365,39.0,-0.7312704924577849
7440-47-3,Chromium,-0.17550600879729145,-0.17042399436610003,0.15124005007154906,-0.6190203780308651,0.21339299126436895,-0.4761305938189057,0.11535469391619908,21.0,-0.3654874560513749
7440-48-4,Cobalt,0.22633779912033614,0.2033154814164445,0.5648891362745613,-1.1166209515439662,1.6256124686691427,-0.8621775078570737,1.2529506140034825,,
7440-61-1,Uranium,-0.09477512658993287,-0.07702644124012925,0.3182291688961045,-1.0707301684082933,1.0241463535600959,-0.7158582794841475,0.5310042863048311,,
7440-66-6,Zinc,-0.4500611577325316,-0.4480260872993712,0.11354560268692358,-0.8554313819434276,-0.14866959929723475,-0.6847326232802519,-0.24877594553843332,33.0,-0.2041030147103755
7446-08-4,Selenium dioxide,-0.05024552876016981,-0.0449637508734024,0.1881998820711345,-0.4915164920152236,0.433635037572267,-0.40188156330015296,0.3088198346696103,6.0,0.7391826818702175
7446-18-6,Thallium(I) sulfate,-0.740758008408548,-0.7183673189850304,0.2031550817901341,-1.2575539514788252,-0.260528097867659,-1.1652706247024933,-0.3680065114663677,8.0,-0.09409483093387627
7446-20-0,Zinc sulfate heptahydrate,-0.2868051202575435,-0.35039286777851214,0.5863297035505673,-2.088971912530176,1.376934755612808,-1.3782265640261084,0.9250762948408017,,
7446-70-0,Aluminum chloride,0.14140002421122255,0.1714435434667364,0.23777132768931802,-0.6075277699365379,0.7951668890568517,-0.3396524334699415,0.6031837193652145,6.0,0.6852484558146201
7447-39-4,Copper(II) chloride,-1.3516305452360684,-1.361792916472227,0.0948182982277085,-1.617254040297881,-1.1088865522354818,-1.543841486846238,-1.1575040500342544,48.0,-1.3923644636928454
7447-40-7,Potassium chloride,1.7577239827343139,1.7605438563319842,0.10517391578509062,1.5103522596812602,2.0006240369500508,1.536529442693259,1.9346843847284247,20.0,1.8322782841208558
7447-41-8,Lithium chloride,0.6838043313049158,0.6979858560779884,0.3216449533785216,-0.3997739025520226,1.5507718782323674,0.017796202422230265,1.2548989301995244,,
74610-55-2,Tylosin tartrate,-0.9216294403449978,-0.906407464428501,0.6323320508959577,-2.564496374029129,0.8971793436587657,-2.274293118364781,0.28406962866874597,,
7487-88-9,Magnesium sulfate,1.7813595234463397,1.7900736510341888,0.25549553440735945,1.0254361137076127,2.4103375046427864,1.2863479352696812,2.296919528957132,5.0,2.9521635889339284
7487-94-7,Mercuric chloride,-1.794053296341953,-1.7977861388787435,0.07306655801554576,-1.985658277356557,-1.5803318682061025,-1.9215824020435242,-1.6498376449558663,86.0,-1.5106390931826328
75-00-3,Chloroethane,1.0243721994203172,1.0609801729489643,0.5912685441033976,-0.9482487781414496,2.6338201340681526,-0.06375845986055871,2.127063503526124,,
75-01-4,Vinyl chloride,0.8271235151620613,0.8651090633158612,0.5131210741566355,-0.5945497792932277,2.162873327172268,-0.18146118521651677,1.742774395063712,,
75-04-7,Ethanamine,1.160373660011131,1.1809713422707189,0.470955145134458,-0.06474275044433989,2.7598291539321935,0.2510370055046288,2.133971319300878,,
75-05-8,Acetonitrile,1.8922034404411427,1.8817652297487821,0.2718013824731616,1.105824587670924,2.586588177175351,1.3214885261708182,2.438348015402619,5.0,3.09408379456844
75-07-0,Acetaldehyde,0.46203598853892736,0.4475583776168953,0.23428912112573105,-0.08845077638951723,1.1054437108002055,0.009529606329845206,0.9496209442909445,,
75-08-1,Ethanethiol,0.11733247736551217,0.08256669681373899,0.6836273125593889,-1.6303847588204399,2.036292650857566,-1.2240422724964994,1.2473344367726584,,
75-09-2,Dichloromethane,0.9845350129973499,0.9825503614023638,0.1839479609072941,0.4431088227612417,1.4242087939549606,0.6272674509390502,1.3507144070613173,10.0,2.1549006935760717
75-15-0,Carbon disulfide,0.12744681391455617,0.1569793877465018,0.3234174591384681,-0.7522257980322787,1.3090932134658329,-0.5416367753528972,0.7186073011285398,,
75-18-3,Dimethyl sulfide,0.5123261540767285,0.4824176031969358,0.5722829310237967,-1.0059593473350628,2.1355930486524644,-0.6280769204616006,1.7708091542996802,,
75-21-8,Ethylene oxide,0.8574466135351335,0.8787456808605859,0.29050293790707166,0.11086278083575675,1.5537282923952458,0.30426169051010815,1.4111081353657269,,
75-25-2,Bromoform,0.30941098519443655,0.2970590717111616,0.2092847776476806,-0.33033881035140733,0.8612724216852092,-0.10165537852301755,0.7311303733394499,5.0,0.2396262566095615
75-27-4,Bromodichloromethane,0.021606945839933105,0.03166211733390483,0.5449100456892269,-1.8574597917723985,1.550834381906335,-1.111454635998213,1.0542900024723425,,
75-29-6,2-Chloropropane,0.7239517945727221,0.724066012406849,0.4707162332850041,-0.6085530162638401,1.9342264223498713,-0.208057117416253,1.518900016311547,,
75-31-0,Isopropylamine,1.1516853379002898,1.1966210767144096,0.4187762909061751,-0.061657812081834656,2.1495482516485005,0.31740874621158727,1.926898486729989,,
75-34-3,"1,1-Dichloroethane",0.3578484350983184,0.367256784763508,0.6028018036977058,-1.1533816726865298,2.0404888775216583,-0.874130388384875,1.524037185851414,,
75-35-4,"1,1-Dichloroethylene",0.9432702445754537,0.9369685005490411,0.2390165128865649,0.1423582098639789,1.5053064125474604,0.4590502567108506,1.3735720535989897,,
75-36-5,Acetyl chloride,0.5026411585140571,0.5242902334560078,0.5608681139809949,-0.9320281179883441,2.108639225986525,-0.5579704430814142,1.4836124887522317,,
75-47-8,Iodoform,-0.9280623513097016,-0.9026489552278449,0.5570989978892856,-2.4584260573455397,0.4405878267788275,-2.097680818685013,0.17521693450307146,,
75-50-3,Trimethylamine,1.115575237622088,1.129868079614809,0.5661738895526536,-0.9610886452132864,2.6230811044119786,-0.09300842277609944,2.207706382321532,,
75-56-9,"1,2-Propylene oxide",0.7978341872644292,0.8147096484568266,0.4472959949291523,-0.44368482844052526,2.2470899308118026,-0.0811606302757916,1.6156394698133472,,
75-57-0,Tetramethylammonium chloride,0.9484393700726079,0.9533547953657517,0.5195203059828717,-0.34098462920457256,2.25063155121962,-0.03887476182222557,1.832673624042452,,
75-60-5,Dimethylarsinic acid,0.3811130507292181,0.4027347514297911,0.4452209294124125,-1.110357453652491,1.5141609643533525,-0.45648150662170156,1.2194487032320456,,
75-64-9,tert-Butylamine,0.7877201587016701,0.8015096329264028,0.42899985397778106,-0.3252009590537914,1.9502879952749306,-0.043537237997980996,1.6439300655976687,,
75-65-0,tert-Butyl alcohol,1.5060174064216798,1.5394437486627854,0.45747603333500747,-0.06986452072379676,2.7903549269506986,0.5076817594651132,2.4269881149347152,,
75-74-1,Tetramethyl lead,-0.6373389672984799,-0.6344982501078285,0.4736505203729778,-1.9290127180058243,0.864593165763851,-1.5954606983408857,0.2952396309985138,,
75-85-4,2-Methyl-2-butanol,1.1782162067928237,1.2452145979632223,0.5118939197044814,-0.43078384134383857,2.7505824677069732,0.06464618733979095,2.0034387125313975,,
75-86-5,2-Hydroxy-2-methylpropanenitrile,-0.5072984777048322,-0.5413393720839318,0.46673651882479555,-1.5868097095002776,1.2831153852155874,-1.320271905364167,0.5833201872887741,,
75-87-6,Chloral,0.3971731065640205,0.42541942898559526,0.4968750513054479,-1.148296504009438,1.7493322031154392,-0.5888117321906587,1.30347553565143,,
75-89-8,"2,2,2-Trifluoroethanol",0.48791443639824034,0.5640602041948941,0.5069945962319828,-0.7634322369629358,1.761479791100518,-0.5780010456179798,1.4049845724546597,,
75-91-2,tert-Butyl hydroperoxide,0.5405377835764547,0.5582423678353159,0.4569192095712127,-0.6783714923070673,1.7953306426715316,-0.364517028742474,1.4270018154656483,,
75-96-7,Tribromoacetic acid,0.7595099059272414,0.7633203032575087,0.29878700973605593,-0.1236887144635283,1.544847236671366,0.19188787117749598,1.2855551938526077,,
75-97-8,"3,3-Dimethyl-2-butanone",0.36007861330494584,0.35429028618393454,0.5502322727049963,-1.3320867308021622,1.5312293249989717,-0.7266505929751497,1.3597710948556738,,
75-98-9,"2,2-Dimethylpropanoic acid",0.8088466412958385,0.8816112943862127,0.4899056976342012,-0.4160079891508219,2.191076563102107,-0.32355700565102974,1.676415761273211,,
75-99-0,Dalapon,0.9304336007910632,0.9293532669855418,0.2608658782567733,0.00012611049229595338,1.5530120697140735,0.47606908572894246,1.4111359018703762,7.0,1.2192310528888624
753-73-1,Dimethyltin dichloride,-0.1710313035833605,-0.1648622194117219,0.4597156162130548,-1.5105529760861138,1.4696974136246246,-1.0447505713936813,0.7210687756344246,,
753-89-9,"1-Chloro-2,2-dimethylpropane",0.36773016463131936,0.4156730471972706,0.5878045679307087,-1.1169998195096742,2.4073822555157656,-0.8764378471843296,1.3698604925412392,,
7533-79-1,"Phosphorothioic acid, O-(2,5-dichloro-4-iodophenyl) O,O-diethyl ester",-1.0373618543821215,-0.9154661607204038,0.6435631505383586,-3.1971953320779214,0.3228662697371464,-2.365256842348526,0.017757502318378034,,
7542-37-2,Paromomycin,0.09400628010879551,0.11815871526698596,0.6885836900263045,-1.5311239932602045,2.21723846546973,-1.1885864717915828,1.3027525207610615,,
7553-56-2,Iodine,-0.8350753131973052,-0.7959247687209177,0.2943473968013929,-1.913880473666053,-0.15844165673542301,-1.4962339614317215,-0.3447738611378166,,
7558-79-4,Dibasic sodium phosphate,1.6874230356138629,1.730979902427461,0.5257687927089282,0.307007593429019,3.1968957569151653,0.7922263213671082,2.704223681860963,,
7558-80-7,Monosodium phosphate,0.9210517481296163,0.9564454411946534,0.5236787070877997,-0.28725837321442144,2.10032137354192,-0.08569513140764519,1.8704631497134008,,
756-80-9,"O,O-Dimethyldithiophosphate",0.15391806481183784,0.17315023767130555,0.39202304993403203,-0.9865739953275336,1.2160437017143573,-0.618995947944142,0.9843563798239245,,
759-94-4,EPTC,0.10970248193931,0.10708678784290562,0.15479760893644845,-0.25708716356667016,0.47770703018566363,-0.2180780162429535,0.40781037061977665,5.0,0.5097375335063105
76-01-7,Pentachloroethane,0.04136462358431807,0.05877283874190939,0.22852714170075722,-0.6426011069795835,0.49652042517238704,-0.4010940214482147,0.42346341559543216,6.0,0.7230784291542758
76-03-9,Trichloroacetic acid,1.1763012095643317,1.2005073030828934,0.25294830099908305,0.36926164937810385,1.815287304871332,0.5748118437298835,1.6081906513151178,,
76-06-2,Chloropicrin,-1.3595564454564977,-1.3610858894937734,0.26877865010217167,-1.9819841130081206,-0.4181653621858346,-1.8678998632164137,-0.8671100497319716,,
76-13-1,"1,1,2-Trichloro-1,2,2-trifluoroethane",0.20544615308067946,0.21701651336430983,0.5992039469578626,-1.4223692488961615,1.6806101070490618,-0.9587148586179748,1.246733897557803,,
76-44-8,Heptachlor,-2.2214689964870327,-2.210082164184355,0.11363771279043777,-2.536503857728095,-1.9554995891673224,-2.4481023209552886,-2.024588098396249,34.0,-1.6512117534313602
760-23-6,"3,4-Dichloro-1-butene",-0.08774933788462462,-0.05343547920540871,0.43113792574398124,-1.1922380086338389,0.7605958442167917,-1.0297587541878779,0.6064459652724491,,
7601-54-9,Trisodium phosphate,0.8560229182240485,0.8123971181325313,0.5304387146158878,-0.31581954965716424,2.1120577303653763,-0.20009758722521437,1.886122654431216,,
7601-89-0,Sodium perchlorate,1.419260804622229,1.4242998456809137,0.2547546894242045,0.5674643904811189,2.0269227290244864,0.8809613352682489,1.8245563523946362,,
761-65-9,"N,N-Dibutylformamide",0.24437979281533356,0.2743745044370304,0.48878052097613656,-1.1222196340623936,1.361580583798975,-0.7459130465232905,1.0793020934764144,,
762-75-4,tert-Butyl formate,0.5476879980323145,0.6056253304059445,0.5576718956562431,-0.9593694168938319,1.7751087165187036,-0.5370758957136867,1.5377729055351743,,
7620-46-4,"Acridine, 9-isothiocyanato-",-0.805592736036941,-0.8219019070031424,0.5996959171168893,-2.727102530881115,0.994615732355723,-1.9984055954461577,0.44421694117377064,,
7631-86-9,Silica,1.3534875680506298,1.3619665380079633,0.40781413502481073,0.26598615894494826,2.31830424788664,0.5836105460636699,2.157159977521916,,
7631-90-5,Sodium bisulfite,0.6654768375952405,0.6657155089471091,0.2670055555363826,-0.12870678808637948,1.4099266092421465,0.16894514835525065,1.1975689267318659,,
7631-99-4,Sodium nitrate,1.8114090232505728,1.8341361215264569,0.204437645500956,1.3060794245868155,2.320074076185181,1.3927874022685784,2.1531559926073225,14.0,2.8099398423388777
7632-00-0,Sodium nitrite,0.45525040022772545,0.465947644235973,0.15698775052350197,0.05469006637522945,0.9025139948293421,0.11700514391080111,0.7713586167802657,45.0,0.9633334306174498
7632-04-4,Sodium peroxoborate,0.7477100412872104,0.7704259612165033,0.6322219278698334,-1.1496395636576766,2.2260590151600375,-0.4747579659022781,1.8928604729827774,,
76330-06-8,"Benzaldehyde, 2,6-dichloro-4-hydroxy-3,5-dimethoxy-",-0.41370469266487847,-0.3764106962686431,0.5945022924969968,-2.4768781465459844,1.33121404920079,-1.4780909746834332,0.6842542261146413,,
76341-69-0,2-Chlorosyringaldehyde,-0.17897812700539845,-0.18148177654813497,0.6240013733268084,-1.630501826112897,1.6775982492492605,-1.385995553860778,1.0261226177765546,,
7637-07-2,Boron trifluoride,1.077354993949749,1.0336295224904468,0.6705103032273554,-1.2378850334662306,2.510842332384185,-0.33309165709189015,2.3342988251476755,,
764-01-2,2-Butyn-1-ol,0.33043911427393424,0.3436272347843054,0.4908637867088878,-0.9745313014736564,1.4316506915065945,-0.6312138936292916,1.278254228730953,,
764-13-6,"2,5-Dimethyl-2,4-hexadiene",-0.12305960109397525,-0.12661288771685825,0.5218274432361415,-2.1319935550813613,1.1136086535465695,-1.1131566075236519,0.9396255336438563,,
7646-78-8,Tetrachlorostannane,0.49411644735653654,0.5231078175526563,0.3483348997357498,-0.549924610090251,1.4766298178692314,-0.18974034569343562,1.1542337388569157,,
7646-79-9,Cobalt chloride,0.040666541663291936,0.04701231288681698,0.12794892874550526,-0.3468512145976055,0.323541228325078,-0.2327680102375899,0.2627138695124721,9.0,0.4928096563066199
7646-85-7,Zinc chloride,-0.6327122319799107,-0.6310243177033188,0.07825539290373841,-0.8141979956301034,-0.40849471783668156,-0.7832075671547848,-0.4727925164085599,42.0,-0.3908900198277652
7647-01-0,Hydrochloric acid,0.8674545943146802,0.8934005377561318,0.43249253525333,-0.5416059106830723,1.9862372571411144,-0.08483592596400126,1.7168690983478168,,
7647-14-5,Sodium chloride,2.3496635885409547,2.3546110957980337,0.12495023435311416,1.9643344996849117,2.6773964822033944,2.0824253787740337,2.6177993155114967,16.0,3.1273667367572324
7647-15-6,Sodium bromide,2.363728994211789,2.3654253322959677,0.26343594229182116,1.5917476144886964,2.876056426898957,1.859778945788795,2.7988500521096618,8.0,3.986080728300826
7647-17-8,Caesium chloride,0.8456386154965385,0.8542786697984428,0.46832971012905344,-0.33931089591413816,2.382843652328239,-0.03859622155231538,1.765901436369076,,
76578-12-6,Quizalofop,-0.739265015401817,-0.6981963637152014,0.6197820601599208,-3.2600872448157125,1.1883381250287197,-1.9640328431844316,0.3064963670245765,,
76578-14-8,Quizalofop-ethyl,-0.9106334858507955,-0.9061140672396846,0.2651239760014567,-1.872461137407214,-0.22241696858165616,-1.4260388947471065,-0.4132461248961332,,
766-51-8,o-Chloroanisole,0.0008744090369191593,0.04944221645334662,0.4845122863126,-1.8232420900076145,0.924768404182537,-0.9653378063598108,0.7933112561550818,,
7664-38-2,Phosphoric acid,0.7388723744801715,0.7584094279842102,0.3002912823937581,-0.17495409440491594,1.5472590108757975,0.13328620631371454,1.2505346936839845,,
7664-41-7,Ammonia,0.22356326496475148,0.23203271795662034,0.16676994518420504,-0.18416152867112406,0.704832209530094,-0.0930581829420688,0.49897057185667065,12.0,0.4911276849651455
7664-93-9,Sulfuric acid,0.4801129006694883,0.4617236136258495,0.3228506620336497,-0.6403380701985945,1.2436514737748268,-0.12193924219647738,1.1152273784580196,6.0,1.6589745223327268
76674-21-0,Flutriafol,-0.04836711518892339,-0.027272149985711716,0.24027965917360994,-0.8434757274084945,0.5398888641965535,-0.525250184977346,0.3723033504209485,,
767-00-0,4-Hydroxybenzonitrile,0.2208138847802104,0.23132396616674072,0.36754656305337874,-0.9071756241756155,1.480525093960087,-0.5460723400681111,0.9027579927621117,,
76703-62-3,gamma-Cyhalothrin,-4.217405290120023,-4.21484313643708,0.201369494549966,-4.783820861912615,-3.5575334535918675,-4.629675119811063,-3.8579559674697297,6.0,-5.293920515213287
7673-09-8,Trichloromelamine,-0.5257847249013828,-0.5178660062967736,0.3209097653394221,-1.3244944308440256,0.36184874863867633,-1.1506208722224631,0.04410012784679099,,
76738-62-0,Paclobutrazol,0.06000122234104827,0.0616790455550381,0.25486313287456874,-0.5639536602836969,0.8187231955384766,-0.43444089657108664,0.6456602303742066,,
7677-24-9,"Silanecarbonitrile, trimethyl-",0.14917475309547273,0.15575273068520906,0.618563498376932,-1.5500070582697527,1.587228070290042,-1.09232798284681,1.3112264872620074,,
768-52-5,N-Isopropylaniline,-0.033627083362990015,-0.0098346611997317,0.5282625017724675,-1.2468366492797542,1.2269560472201952,-1.1121840826464324,1.0556012010766498,,
768-94-5,Amantadine,0.18244522538154725,0.17871955923940414,0.3956424172797736,-1.0935882188052963,1.407685841552525,-0.5190063584334774,0.9401337971508482,,
7681-11-0,Potassium iodide,1.2009055095699301,1.1965130110011373,0.5615373759868489,-0.22114633913845427,2.652097507397217,0.060497857969387635,2.217899216057679,,
7681-49-4,Sodium fluoride,1.2687582288515264,1.2702126864587222,0.16768197784206912,0.9159423510794519,1.765870308953358,0.9412204517682589,1.620686433680494,,
7681-52-9,Sodium hypochlorite,-1.2659703041235224,-1.2619994186525267,0.10485080061039373,-1.6544814360759266,-0.9652226461706476,-1.4697978275510384,-1.087319485987437,9.0,-1.143650090068679
7681-55-2,Sodium iodate,0.9228141434934143,0.923869514825697,0.32970212975248636,-0.04041691868321456,1.7005023468829572,0.3039598656093812,1.5256444198205723,,
7681-57-4,Sodium metabisulfite,0.24331925643413488,0.2425661095712464,0.4921765862920634,-1.4161311867999682,1.6443585651728954,-0.7259441613099606,1.1725656848120645,,
7681-82-5,Sodium iodide,0.7889740191057956,0.8178859478736382,0.35958842533166474,-0.29687725280313937,1.7389166385187702,0.11013830353785976,1.54441312961894,,
769-28-8,"3-Cyano-4,6-dimethyl-2-hydroxypyridine",0.33314472951109847,0.3650312964202782,0.4901599082778717,-0.9779369481877932,1.4895928548534896,-0.6539572347774374,1.2707385176272263,,
7696-12-0,Tetramethrin,-2.10905593873105,-2.1170695243898856,0.27738561688410934,-2.8612117357310796,-1.3219841925090907,-2.64271499211892,-1.5997991917372172,,
7697-37-2,Nitric acid,0.6058344128159117,0.6236122497617431,0.4050147472187232,-0.9417050396731399,1.636319571563147,-0.2596978293553943,1.2908308523395342,,
7699-43-6,Zirconium oxychloride,0.48997400433660643,0.473503170640186,0.37311016804230684,-0.5302543483029746,1.566084001478018,-0.19591493035021187,1.2442773352761627,,
7699-45-8,Zinc bromide,-0.2618236986723352,-0.28210953398201505,0.4232489084050203,-1.5300888385682307,0.9056795072539732,-1.0812704625237735,0.5732052537246325,,
77-06-5,Gibberellic acid,-0.2992422159537861,-0.2817049170936798,0.5179905419466851,-1.8065152093394423,1.0413225930823276,-1.4094005324426369,0.6975617887058597,,
77-09-8,Phenolphthalein,-0.645979583210621,-0.6249473284833426,0.4477686585784115,-1.8089325490972625,0.42911063664373666,-1.5162779729054532,0.1656358489886342,,
77-47-4,Hexachlorocyclopentadiene,-1.6923841794758787,-1.683965185921824,0.21426586354293617,-2.339267561132934,-1.0703796921959448,-2.1277620239411994,-1.308004517597627,6.0,-1.2752225978375766
77-48-5,"1,3-Dibromo-5,5-dimethylhydantoin",-1.0333368994337406,-1.0171872431968452,0.3469164944679061,-2.035830911622019,-0.027254169062980813,-1.6418893178323786,-0.3339892263564891,,
77-58-7,Dibutyltin dilaurate,-1.8210242835034365,-1.7952823217937235,0.4526175343278111,-3.167233387537676,-0.6976285897684956,-2.697907556554115,-1.0812295892878332,,
77-71-4,"5,5-Dimethylhydantoin",0.6999915576010364,0.7297356598849403,0.6363204641441623,-1.4169446798295307,2.4603771387010407,-0.5736282634216304,1.9216319614929096,,
77-73-6,Dicyclopentadiene,-0.019789443943118813,-0.02373195326942383,0.20509691570646174,-0.49846218111837787,0.5875638726298161,-0.3975996092881428,0.3564227083864341,9.0,0.7162410476763723
77-74-7,3-Methyl-3-pentanol,0.5841539093372398,0.5954471758874876,0.5260388285386066,-1.0152425226513413,1.7890497748515561,-0.47545509421526794,1.502462817390392,,
77-75-8,3-Methyl-1-pentyn-3-ol,1.5889318160441694,1.617799701122203,0.2887223309869534,0.34978571923103885,2.2546255298475972,0.9637012084866975,2.105319733371745,9.0,3.013379142842656
77-78-1,Dimethyl sulfate,0.13102911285499758,0.11627250020119215,0.5170703264755415,-0.9310981290371512,2.007973716309136,-0.7226329219888751,1.1802178151517533,,
77-92-9,Citric acid,0.5842611847002434,0.5594478634761768,0.4367917824007501,-0.8422186512798714,1.5817637415040113,-0.4731135090412852,1.4632000373335543,,
77-99-6,"2-Ethyl-2-(hydroxymethyl)-1,3-propanediol",1.6094150946511545,1.6374464100650834,0.5272298157304679,-0.1184140379268604,2.769204492503235,0.3766385991040924,2.4666226041245487,,
7700-17-6,Crotoxyphos,-1.4404561481112206,-1.4516506336497543,0.2616744257236987,-2.133490420275204,-0.7885814153582252,-1.8960782940736383,-0.937365533359185,,
7704-67-8,Erythromycin thiocyanate,-0.5026037799714164,-0.4630701050318061,0.6884636407525393,-2.6564646439316406,1.0426680235539425,-1.890857561042717,0.873526289061137,,
7705-08-0,Ferric chloride,0.2696249934376459,0.27915402846115195,0.20963585201343837,-0.5759883951786514,0.8430432192215652,-0.16564436344982816,0.6280040229390782,9.0,0.9164715506869168
771-60-8,"2,3,4,5,6-Pentafluoroaniline",0.040369192611574845,0.008787916894731327,0.5140398249191698,-1.4516563526597135,1.2123195272558143,-0.8357205845761628,1.0208667060721182,,
771-97-1,"2,3-Naphthalenediamine",-0.03507148057476993,-0.026341948959060595,0.5840911942483196,-1.89568708042352,1.2967121909793966,-1.200499770538518,1.1321210726247999,,
7718-54-9,Nickel(II) chloride,-0.15793138984609711,-0.1527601779496987,0.11397727194317187,-0.48286214197163746,0.10689178572247171,-0.39808299630554106,0.0363230738666292,24.0,0.4908687705125292
77182-82-2,Glufosinate-ammonium,0.2678113287954497,0.2854865829184634,0.29501401315342246,-0.7921971882609775,1.3377680715482398,-0.3670199529765079,0.7519646950240637,,
7720-78-7,Iron(II) sulfate,0.11530832986345776,0.1087739968234396,0.18684107869853428,-0.4038112060784566,0.7199663952854932,-0.2641162233187539,0.4656280393220541,,
7722-64-7,Potassium permanganate,-0.68999970132742,-0.6794296213151034,0.11275181957637027,-1.1537223566659283,-0.44101216665339754,-0.9663103127319604,-0.5004684615278816,9.0,0.18287290845086257
7722-84-1,Hydrogen peroxide,-0.36346600458845685,-0.3548399231543539,0.31552666991243633,-1.199174570401543,0.6293782051477506,-0.9882323447694082,0.2814919763678491,,
7722-88-5,Tetrasodium pyrophosphate,0.7817006646517578,0.7785766507471154,0.3763993106192573,-0.36728930093705603,1.8709016071997373,0.049505153673423515,1.459528321904216,,
7723-14-0,Phosphorus,-2.08400698117595,-2.064609902452838,0.20905327302619114,-2.813695603337826,-1.5340248848326272,-2.5178402337207566,-1.6934227319249575,7.0,-1.8301852324862613
7726-95-6,Bromine,-0.502324792208464,-0.5406596143851277,0.41383602313721196,-1.5024268869036281,1.1575817757986273,-1.2771900472164368,0.3776146327077238,,
7727-21-1,Potassium persulfate,0.9518400544981973,0.9450894906775735,0.3063602689085936,0.21293941938509117,1.8096076432030728,0.27651994407518726,1.549916208971284,6.0,2.249266130265447
7727-43-7,Barium sulfate,0.5216513765381632,0.5360124974990732,0.4237482643455486,-0.7054408396924818,1.8383615013133576,-0.3112341024652488,1.2434746117882445,,
7727-54-0,Diammonium peroxydisulfate,0.7749605959434999,0.7796411857592855,0.34247365334080626,-0.15283758284680682,1.9513131102023074,0.0779325105984314,1.4442783434908282,6.0,2.0382996102727877
7727-73-3,Sodium sulfate [USP],1.7443774898598587,1.789241290760059,0.6998531526383379,-0.24340796186480873,3.5723928448468705,0.35104481163826085,3.0283971540316075,,
773-64-8,"Benzenesulfonyl chloride, 2,4,6-trimethyl-",-0.2176414774623055,-0.21353860805934552,0.5762985449692187,-2.0462013146534668,1.4621980665873011,-1.3560437640841576,0.8451805395839926,,
7733-02-0,Zinc sulfate,-0.38443378583919624,-0.38679581675946184,0.07297399457710864,-0.572522282556371,-0.2112404043773446,-0.5285692302545522,-0.257986039267824,104.0,-0.12506768251724254
7745-89-3,3-Chloro-4-methylaniline hydrochloride,-0.1892301427194088,-0.20287080851165434,0.2766541379161948,-1.078043742303756,0.5500337480965733,-0.7600602926551382,0.31165288058775065,,
7747-35-5,"5-Ethyl-1-aza-3,7-dioxabicyclo[3.3.0]octane",0.6877638895513835,0.6967955752091671,0.3483641462074519,-0.5040231752307798,1.7442879764865922,0.035127354818615474,1.3660325638403243,,
77501-63-4,Lactofen,-1.1341384302374153,-1.1431096899775601,0.38980096406162346,-2.1178178191030157,-0.07424438666351324,-1.8393269014221754,-0.42453139076360663,,
7757-79-1,Potassium nitrate,1.3135256519842398,1.3255145540196616,0.24688089081424563,0.44662407790144965,1.8460083696961387,0.7813318053037963,1.746431111617503,5.0,2.2928650997209283
7757-82-6,Sodium sulfate anyhdrous,2.0943327657085002,2.0577551016064484,0.23200674626554113,1.6394903534544425,2.7627255201557777,1.7517788931048957,2.611781003309897,8.0,3.3941484077080224
7757-83-7,Sodium sulfite,1.2279962292103554,1.2278009729980761,0.39651846481926123,0.17055670324792213,2.217457389385847,0.44307095318201895,1.9503250674847814,,
7758-09-0,Potassium nitrite,0.1836363355513846,0.12077389254211499,0.47304123686057514,-1.3981981954276879,1.53147423428245,-0.6326658858210445,1.292286942154378,,
7758-11-4,Dipotassium monohydrogen phosphate,1.0979929261307397,1.1328239524309696,0.4793162092996449,-0.5295409649123467,2.7659686762132942,0.08556148343464344,2.0562848256242443,,
7758-19-2,Sodium chlorite,-0.08803344405246163,-0.08237434049247311,0.32950585646909125,-0.9855177901083838,0.9183562786555242,-0.7662488172605805,0.48371266708742666,,
7758-29-4,Pentasodium triphosphate,0.4965698002896754,0.5308917812758374,0.4022042791561741,-0.7589033769559723,1.524196788348111,-0.33180989595122723,1.1902769406981073,,
7758-89-6,Copper(I) chloride,-0.985982661110036,-0.9904751466511552,0.17303727484862014,-1.5001418409596043,-0.35080150270451155,-1.3344211546270366,-0.6609084461960414,,
7758-94-3,Iron(II) chloride,-0.3608932952309559,-0.3573011391499041,0.367351123111697,-1.3056914953157561,1.485438589243683,-1.0164462819937858,0.35187790782293843,,
7758-95-4,Lead(II) chloride,-0.40073634637719335,-0.39096896997884734,0.170919708936547,-0.8556456536910756,0.025663493574795592,-0.7594877606967919,-0.0702986075282893,9.0,-0.504819035153557
7758-98-7,Copper sulfate,-1.2510614648708154,-1.251664386842151,0.05360954346953342,-1.3874301541104317,-1.1003635938919791,-1.3532034497322232,-1.1426602339329595,189.0,-1.1622608392098115
776-35-2,"9,10-Dihydrophenanthrene",-0.5322739937040619,-0.5427575313469444,0.5486271518450856,-2.115278443422276,0.7316941007988138,-1.7441892427869061,0.5422463343356961,,
7761-88-8,Silver nitrate,-2.1402116020500537,-2.1418720746186812,0.11275774270063224,-2.40756104561858,-1.8682531442709358,-2.366408353757372,-1.9039971325886225,23.0,-2.805382361364155
7772-98-7,Sodium thiosulfate,1.5981708022462613,1.6021625931400152,0.5420044068342831,-0.21241111359937226,3.1520177272811067,0.41520829604941206,2.554483912394886,,
7772-99-8,Tin(II) chloride,0.22273292789108098,0.2430393784299082,0.27889331361987957,-0.5662302652554694,1.006036869241279,-0.376147345751349,0.7624540147928189,,
7773-01-5,Manganese(II) chloride,0.7558780328240688,0.7660036564726314,0.2101334690512672,0.14730381745263665,1.333363019449811,0.3120518101348108,1.1982684078455281,5.0,1.6093014332252134
7773-06-0,Ammonium sulfamate,1.2263958055040154,1.223407911339306,0.3299083603306439,0.19782418895116266,2.2175463421712376,0.5449313022733764,1.894383697795749,,
77732-09-3,Oxadixyl,0.03580740169817664,0.019311207057392782,0.5548076452602796,-1.9260303200559776,1.338041224263639,-1.119398816097737,1.1695789431281138,,
7775-09-9,Sodium chlorate,1.756781775089118,1.7539444032628189,0.2511480849248877,0.9863171755364378,2.452801987152335,1.3012995076484148,2.2411696193580823,5.0,1.9915375442580399
7775-11-3,Sodium chromate,-0.12328329331424252,-0.11289425729387521,0.1872534733376117,-0.7319234548236428,0.4057064820342152,-0.6206657580684831,0.2421728339255212,9.0,-0.21026142154356842
7775-19-1,Sodium metaborate,0.7905851752606293,0.6997960367365765,0.5258698006441741,-0.2865600231934291,2.3839364323052887,-0.11520003970624978,1.852353686470653,,
7775-27-1,Sodium persulfate,0.9404620371101865,0.9756113275731364,0.3667349415717669,-0.17749908320853053,1.9970380805466967,0.16748819567826181,1.5376447653309717,5.0,2.2083572381865504
7778-18-9,Calcium sulfate,1.2217825520031818,1.2610760615252583,0.5153544406994491,-0.6121764669464658,2.46724233804395,0.14474355479732953,1.973887577011637,,
7778-39-4,Arsenic acid,0.4131823099259366,0.41867077832108923,0.3208225016421726,-0.31497672063963716,1.2367484084824554,-0.2615802276644884,1.0599965900884865,,
7778-43-0,Disodium arsenate,-0.29021691201032945,-0.26228519375227005,0.251686445602357,-0.9879662542319142,0.3560322999193139,-0.8259018114765055,0.125570308235361,10.0,0.24605634705861634
7778-50-9,Potassium dichromate,-0.4581549483527543,-0.45379187170954627,0.09201434685067492,-0.7243137488485045,-0.22754843657306828,-0.6521215090046694,-0.2895947329453309,63.0,-0.48710510411810737
7778-54-3,Calcium hypochlorite,-1.3261042283979156,-1.3219509920345458,0.13442636322210627,-1.6905063614678673,-1.0435426997756514,-1.6336121398746193,-1.087120247443927,15.0,-0.9791011129923497
7778-73-6,Potassium pentachlorophenate,-0.8580567651086309,-0.844136682114196,0.5409183037401541,-2.2998709547483633,0.730247079325673,-1.8248568190781231,0.2717502506700919,,
7778-74-7,Potassium perchlorate,1.1826689487351907,1.2042562740164562,0.6647773810725358,-0.43262434395339344,2.8875420474898474,-0.0316931608877554,2.5048182845157227,,
7778-80-5,Potassium sulfate,1.5834230980583153,1.5699507254639316,0.29569797986479507,0.9486614810809672,2.3451347659086665,1.0400631827180833,2.2122086368326883,,
7779-27-3,"1,3,5-Triethylhexahydro-s-triazine",0.20051242021274807,0.20432965848767182,0.37832829421657876,-1.2818348507285162,1.2236373304416215,-0.4862478791545578,0.862717184297547,,
7779-90-0,Trizinc phosphate,-0.4734938307724759,-0.4422528182570197,0.7942739332614845,-2.3016945680023597,1.989663887203111,-1.976728651433245,1.358198778198846,,
7782-50-5,Chlorine,-1.3382037163625342,-1.3421997084713357,0.14914480406027394,-1.7976345762121606,-0.8969791627849788,-1.6152728684515167,-1.0063373238461262,7.0,-1.2009189165984617
7782-86-7,Mercurous nitrate monohydrate,-0.6416126508079221,-0.6429524514644887,0.6567622989221467,-2.5490128329459454,1.2790792574012932,-1.851819481980935,0.6291471893349933,,
7783-00-8,Selenious acid,-0.22606476663002248,-0.22640621774577338,0.15388428328501766,-0.6434130039277758,0.1711156164689784,-0.5148734116824252,0.05833502077216699,,
7783-06-4,Hydrogen sulfide,-1.935148753549472,-1.9242439040221515,0.20357517827956004,-2.5862725863777314,-1.5541369662609767,-2.4346184451801056,-1.6104578557333367,7.0,-1.970432672636556
7783-20-2,Ammonium sulfate,0.9318620838296081,0.9535308789465387,0.23292583283208582,0.37569574959478635,1.5478471604480804,0.46174138325229086,1.3306428870285887,8.0,1.6214648992118037
7783-28-0,Diammonium hydrogen phosphate,0.2782066472649289,0.28766477917696276,0.37714548840639556,-0.6851663033872258,1.2756192363202297,-0.44440650129077597,1.0195903981828522,,
7783-35-9,Mercuric sulfate,-1.5640736700678373,-1.5526891463278347,0.45131154465480866,-2.955873423010626,-0.2896497389187234,-2.443385416151649,-0.6088243679088946,,
7783-36-0,"Sulfuric acid, dimercury(1+) salt",-0.8834858684463961,-0.8747614931447238,0.4687988322317309,-2.3058763902771875,0.3294538197935847,-1.7794009770264032,0.08528367655576324,,
7783-90-6,Silver chloride,-1.0664944070158906,-1.0451679134311629,0.23636281355114988,-1.7027231101189013,-0.4794240250563459,-1.506016578140963,-0.5964450702482209,,
7784-18-1,Aluminum fluoride,1.2866420049443503,1.261174590493312,0.8105549469927027,-0.8424984716011242,3.8328627826910453,-0.35551491464039225,3.1826377528642396,,
7784-25-0,Ammonium aluminum sulfate,0.3906957579149816,0.3963671394179526,0.41791662848689454,-0.6968333336822351,1.6859346700808062,-0.34758180687160656,1.135853250585092,,
7784-41-0,Potassium arsenate,-0.19801748870395883,-0.23493178884776778,0.580186466042084,-1.9032530977247177,1.882485529776042,-1.208363456958266,1.154680950270853,,
7784-46-5,Sodium arsenite,-0.02338650079899949,-0.02869678910513307,0.15200402356564047,-0.3943427663142891,0.3648030181816313,-0.2963774231776982,0.2897900156690963,15.0,0.6019468365265483
7785-70-8,(+)-alpha-Pinene,-0.9218486843059515,-0.9208539254343839,0.37366386151025,-2.121376113510515,0.219144468377297,-1.625349521210388,-0.2203913006064454,,
7785-87-7,Manganese sulfate (1:1),0.562302108385165,0.5815756473749969,0.19970484442427738,0.0028435840574197583,1.0273265002429177,0.12798547692500584,0.9266822959610916,7.0,0.13030797599780142
7786-30-3,Magnesium chloride,1.6950458215534638,1.6981448988508077,0.2248713643740792,1.0346724250138974,2.3433552131812507,1.2217650687407469,2.1092019674458715,11.0,2.422087258294538
7786-34-7,Mevinphos,-1.7538162080760822,-1.761456101927948,0.14861166262862954,-2.139284026266241,-1.3773437544264704,-2.0572296943653563,-1.4941241873166387,18.0,-2.2131473481805535
7786-81-4,Nickel sulfate,0.35284726199926425,0.340425880745567,0.12651952664987198,0.010448708490428999,0.7318435766148403,0.11796963727032037,0.6111520944237635,25.0,1.3228595520915611
7787-47-5,Beryllium chloride,-0.15371971127910417,-0.20439151844373615,0.4503292471029272,-1.2747238107876615,1.1997752000470177,-0.9525728195808524,0.7394941941804988,,
7789-00-6,Potassium chromate(VI),-0.239464698684497,-0.24113939268103562,0.12845134779186307,-0.6534537148091928,0.12044267148738746,-0.4670952455146269,0.0002520984869808546,26.0,0.17777923109004612
7789-09-5,Ammonium dichromate,0.37502421501009214,0.42096176653794826,0.5018017653876634,-1.3172938382254995,1.36958779522832,-0.6454067605986503,1.2478699976189105,,
7789-38-0,Sodium bromate,1.1673211255733045,1.1602959879057648,0.4284844824101899,-0.48187765940283256,2.2857771133666653,0.19889197142380746,1.9030025847288488,,
7790-86-5,Cerium chloride,0.3659707755280591,0.44186414126410634,0.5907439665960907,-1.3021373947022636,1.8795425229640699,-0.8925879166842604,1.3698062621609406,,
7790-98-9,Ammonium perchlorate,1.1462682846118697,1.1726230648450557,0.5384698628069703,-0.15062494413471167,2.610214961048972,-0.009613709209950229,2.1618241798657567,,
78-00-2,Tetraethyl lead,-1.651456063463039,-1.6272821678027758,0.3736799072579922,-2.7615764602513435,-0.46171117346850493,-2.4022430927245972,-0.8346556332337092,,
78-04-6,Dibutyltin maleate,-0.42458820164861705,-0.435586344782121,0.5368450448998718,-1.9726223421862157,1.4671676139591632,-1.6330140203346974,0.6044726079080208,,
78-27-3,1-Ethynylcyclohexanol,0.5718140816188346,0.6014100720213176,0.4639993192776605,-0.8374471837991918,1.8272682994380902,-0.2804852748119243,1.4503340932415987,,
78-32-0,Tris(4-methylphenyl) phosphate,-1.5488143703790331,-1.5214373642636714,0.529740012019622,-3.1449301984258122,-0.22123359148334198,-2.662554934042337,-0.6324089126174279,,
78-34-2,Dioxathion,-2.0552617303685525,-2.04508784945991,0.16661696330408504,-2.5662576991461115,-1.6179737915499335,-2.3912326540205995,-1.789335984715926,18.0,-1.9840012572189718
78-40-0,Triethyl phosphate,0.3046653032408908,0.2843893772213066,0.6597773125828518,-1.3262718354259204,1.9463264745508424,-0.9480574509019976,1.642006043480125,,
78-48-8,Tribufos,-1.2683071006583546,-1.2770509305898754,0.1663820064023756,-1.6606723810889952,-0.7628969902972502,-1.6063813351515968,-0.9320729379415811,5.0,-1.8393098197445963
78-51-3,Tris(2-butoxyethyl) phosphate,-0.6272260631842763,-0.6280249062011216,0.3727808042747741,-1.7722928299251137,0.5283580525723262,-1.342168008102097,0.14185019115298614,,
78-59-1,Isophorone,0.8646932246145925,0.8646947275193806,0.21963403731113337,0.2884229906780953,1.3814014507828811,0.4137190322505943,1.2590494048593286,,
78-62-6,Diethoxy(dimethyl)silane,-0.11143766679948942,-0.12248257929455174,0.4761362767060387,-1.4747930484866085,1.3682964680885232,-0.9527392879661787,0.820643604952471,,
78-70-6,Linalool,0.1007752370908241,0.1079881955892882,0.434083326534971,-1.1945450573020029,1.5685803706370727,-0.7675994478959124,0.9280248895939942,,
78-76-2,2-Bromobutane,0.2661611116854767,0.32713429241469527,0.5294474777556181,-1.3256572913949045,1.840939609836094,-0.7292984970402158,1.2613846031520806,,
78-77-3,1-Bromo-2-methylpropane,0.3034801721834642,0.3244099468658834,0.5838540323986443,-1.5065037702012438,1.5855971975037046,-1.044577000202385,1.4537711676154,,
78-79-5,Isoprene,0.6127913742553076,0.6343395738443628,0.30904306335492643,-0.2790157106893883,1.5343624970060605,-0.015269397173280035,1.1770010414630554,,
78-82-0,2-Methylpropanenitrile,0.7421882999503049,0.776007956165912,0.6771589110743386,-1.0746669637397415,2.1952081756849307,-0.7773263893809771,1.9445698292717646,,
78-83-1,2-Methyl-1-propanol,1.7246980178410536,1.732935014598936,0.18995140469964827,1.130130696968158,2.1790984009279235,1.3267899154797107,2.088511067583923,6.0,2.934946233620445
78-84-2,2-Methylpropanal,0.7101719925202369,0.7554966793926468,0.5463609986455493,-0.9232031576842437,2.1303023532415737,-0.41727785674881535,1.7106508812515302,,
78-86-4,2-Chlorobutane,0.574809355786543,0.5423360888080024,0.600001305037063,-1.13565343735058,2.034062671836442,-0.40656500312341765,1.8008624643347928,,
78-87-5,"1,2-Dichloropropane",0.7280155995302738,0.722555533457121,0.19460076924920452,0.17918913366520958,1.3986257439587164,0.3948322285553001,1.1713631272691012,5.0,1.3504366130356174
78-88-6,"2,3-Dichloro-1-propene",0.059086340338175426,0.06801270867535404,0.5691251936323732,-1.6171337654318603,1.8463587106984298,-1.0665301337290773,1.2764198924534524,,
78-90-0,"1,2-Diaminopropane",1.1361417320956797,1.1152781708478496,0.5570410325927334,-0.7809477633513583,2.9175043823653306,0.04619487411384502,2.1603639032500848,,
78-92-2,2-Butanol,1.874522740447345,1.9053673796548622,0.3274045844167366,0.9064926990480825,2.580870176830207,1.1530567871023119,2.413603118873857,,
78-93-3,Methyl ethyl ketone,1.8729295928227794,1.8797892698597505,0.26918618905027003,1.0752798412179045,2.5143070481679692,1.3249219161611856,2.33831838528378,,
78-94-4,Methyl vinyl ketone,-0.1523575623001478,-0.13035901818398948,0.5947378228526325,-1.7998288491324037,1.2730632683450984,-1.3894400781749177,0.9407933225633347,,
78-96-6,1-Amino-2-propanol,1.0386669963753443,1.036971106521908,0.3950997275975564,-0.06154801882212547,2.036412220394754,0.26215782448603475,1.7921000072815019,,
78-97-7,Lactonitrile,-0.7246095337226811,-0.7292385079007855,0.30115113951701916,-1.7280573405889708,0.10172506801343771,-1.28098359708997,-0.1611616924578837,,
78-99-9,"1,1-Dichloropropane",0.5089479616484425,0.54162583793876,0.3397500147204851,-0.6606555700532208,1.3338838929688015,-0.15892198535091595,1.1734132038081926,,
780-69-8,Triethoxy(phenyl)silane,-0.021856699774726273,-0.03952142274160769,0.33777479807968025,-0.899729884962141,0.799782239382003,-0.7458460966503173,0.5981204866122628,,
7803-55-6,Ammonium trioxovanadate,0.008950110858393106,0.011742901938929455,0.37367642107818566,-0.9836026965537662,0.798658946091203,-0.8019838772471104,0.7019981167859025,,
7803-57-8,Hydrazine hydrate,0.04160213389086999,-0.00698935968354834,0.6907949512452157,-1.715529121799375,2.5803516021916004,-1.1871872807195942,1.3668388959348219,,
78246-49-8,Paroxetine hydrochloride [USP],-0.7921487458053663,-0.7916123877603349,0.4311991707972615,-1.9610081218362867,0.47440818423799647,-1.661419606964302,-0.03046031653853399,,
78491-02-8,Diazolidinyl urea,0.28848907811840374,0.3179130710946183,0.5796346384933809,-1.301018852477552,1.8280346052575995,-0.8621946306544365,1.4252334420237618,,
78587-05-0,Hexythiazox,-1.063765780616891,-1.04288698153456,0.43621851608397283,-2.4808562031893397,0.04058109983330186,-1.9870630242231595,-0.22034243305483997,,
786-19-6,Carbophenothion,-1.9632587361942857,-1.9512267853312393,0.1618656059593488,-2.624496968040753,-1.4266384385639246,-2.2757892776317887,-1.6848753903375135,7.0,-1.1418916051144188
789-02-6,"o,p'-DDT",-1.690119196262945,-1.7348417193495687,0.5183355646167831,-3.315348475828002,-0.041540745486945196,-2.6152343745347713,-0.7236784334709755,,
79-00-5,"1,1,2-Trichloroethane",0.7144184354248699,0.7183123250002227,0.16827548917903204,0.26847656677923937,1.112127505427738,0.38438547534721196,1.0180733941179727,7.0,1.7407135364255977
79-01-6,Trichloroethylene,0.6321277414671391,0.6341990905940164,0.15248293269991223,0.13655075384137327,0.9834779041993827,0.32692196425373876,0.9274746759965942,14.0,1.3854459338335718
79-06-1,Acrylamide,1.061940466253891,1.0694745464939235,0.19685955053440424,0.48882723947831885,1.7230667317512083,0.6748201235752974,1.3769244969021188,8.0,2.1479320435000706
79-07-2,Chloroacetamide,0.36823907541671813,0.4204812563457433,0.5323877133498095,-1.032459048954679,2.0123541728709897,-0.6909865047556071,1.381250620050386,,
79-08-3,Bromoacetic acid,-0.04298124331887496,0.0010728060035079079,0.3998775317854819,-1.1239617786191172,0.8876332737164976,-0.8657054808299169,0.701864555059134,,
79-09-4,Propionic acid,0.7550648973972435,0.7831830020414303,0.3010731459632772,-0.13583148455058217,1.7353863293214251,0.1531822866465409,1.299479124451332,,
79-10-7,Acrylic acid,0.8775973280855169,0.9658319778307725,0.5055151807386646,-0.6765443959888298,2.0022631048470156,-0.20134265851414151,1.7837460118575394,,
79-11-8,Chloroacetic acid,-0.044322092238263514,-0.05449424685213612,0.4129803597727041,-1.2947816152791671,1.2917308989591285,-0.9166138847124222,0.7562402379906732,,
79-19-6,Thiosemicarbazide,0.33830841366716846,0.32866002985037396,0.427724386713741,-0.9111430536865591,1.6548792029592456,-0.5101034468611294,1.3538678957181207,,
79-20-9,Methyl acetate,0.9728983715931264,0.9684334411109119,0.42961114743189666,-0.3473173060566673,2.213968574591378,0.1342599572829269,1.8006015944725817,,
79-31-2,2-Methylpropanoic acid,0.7913150543393774,0.8175256783061273,0.44730262089490036,-0.9881624771303542,2.0581444698312543,-0.05305757839286821,1.648584790163104,,
79-33-4,L-Lactic acid,1.1333955539260372,1.1628810706207973,0.3814313214023364,0.116630849087731,2.2582156923714014,0.37576352884549125,1.9213643120615673,,
79-34-5,"1,1,2,2-Tetrachloroethane",0.14744248403319443,0.16077978444473418,0.21888510328252797,-0.45529349665701935,0.6671988512833045,-0.33193400204736634,0.5744517058414396,7.0,1.0355144403198748
79-43-6,Dichloroacetic acid,0.6688634450396012,0.6904861665242685,0.3446909832078875,-0.4345181102184765,1.4844781933759092,-0.1399500108841045,1.2778751792162553,,
79-57-2,Oxytetracycline,0.24068636660860232,0.23929932296874967,0.23199657851255437,-0.35360968871117715,0.8411105726356028,-0.18159058134238612,0.7492376686122307,5.0,0.9980843482960826
79-77-6,beta-Ionone,-0.5354821558471125,-0.501840636110514,0.513839158837642,-2.2921603149245486,0.8253828033271682,-1.6690931936757765,0.37461377804755824,,
79-92-5,Camphene,-0.15088462049121734,-0.1379298170168367,0.27028981775254424,-0.8659443702924405,0.6359377536049653,-0.6768620228229084,0.35462695137837275,,
79-94-7,"3,3',5,5'-Tetrabromobisphenol A",-1.2542158053603607,-1.2621673583365052,0.1954316535415769,-1.74979592695219,-0.6280475058543604,-1.6324145925297746,-0.8452721688148992,5.0,-0.8298488951487782
79-95-8,"2,2',6,6'-Tetrachlorobisphenol A",-1.3499623655057116,-1.2923218266420946,0.5851259678029673,-2.8430979216765704,0.059178229757721745,-2.421823284918398,-0.33751109781813987,,
791-28-6,Triphenylphosphine oxide,-0.49895245046254155,-0.47061194444491095,0.5282136030628859,-2.229415504122263,1.1516162392244296,-1.6590575520914155,0.5169886583574494,,
79124-76-8,"3-(3,4-Dichlorophenoxy)benzaldehyde",-1.0840775943959675,-1.09898838971846,0.5359015477415868,-2.3930950439465444,0.25820628344375607,-2.1998210240714493,0.10247791131863045,,
79241-46-6,Fluazifop-P-butyl,-0.33300371540538565,-0.33794683338213205,0.48812145404236573,-2.0901216595513437,0.9891745466015365,-1.3640240573996536,0.5320916208720422,,
79277-27-3,Thifensulfuron-methyl,-0.5812988295342443,-0.5318526927878322,0.5705793883615979,-2.4178297993502444,1.0586117550196734,-1.7945117129547903,0.41132432925344714,,
79319-85-0,Chuan HUA 018,-0.6396094370983483,-0.6254202761673745,0.5844057687580747,-2.090969739502645,0.6570652281519654,-1.9040899173737142,0.4394931276281831,,
79538-32-2,Tefluthrin,-3.399917813736603,-3.415983994991206,0.35822368797087906,-4.104627264000734,-2.179864882076204,-4.028773979768769,-2.6515323736558543,,
79559-97-0,Sertraline hydrochloride,-2.5345663405753944,-2.5528537241915927,0.27247069269309626,-3.530138624499379,-1.7280249941265236,-3.0295856508382344,-2.0000762186798973,,
79617-96-2,Sertraline,-1.4451094253982466,-1.4198014210618117,0.2998698023376592,-2.3346344289716288,-0.601050767577765,-2.1244673907686717,-0.953109672456864,,
79622-59-6,Fluazinam,-1.9120049840398519,-1.8980421921139596,0.18250869382208382,-2.363365292674835,-1.4501626390345699,-2.29413247735158,-1.584617728651539,,
79902-63-9,Simvastatin,-0.764028374730249,-0.7203492591510634,0.5530789718166841,-3.1515110365898957,0.45204029358130493,-2.0225242316545904,0.18344554833498944,,
79917-90-1,1-Butyl-3-methylimidazolium chloride,0.2846334135457399,0.28464869471222026,0.5025978629561695,-1.1436298306308952,1.9488325742995416,-0.8147894179039772,1.283006275142483,,
79983-71-4,Hexaconazole,-0.5958094979524593,-0.5785436305156403,0.20269898522154361,-1.4985326805652597,-0.09960471465037617,-1.021531310626513,-0.20740906944119245,,
80-00-2,4-Chlorophenyl phenyl sulfone,-0.31974148729196683,-0.315697343788716,0.3984778849608964,-2.0315618348637976,0.4693439518374212,-1.1400541552661763,0.4162309632251931,,
80-05-7,Bisphenol A,-0.13684677519891908,-0.13030397399947993,0.1337025376538467,-0.49684195599535785,0.27037929173998215,-0.37892521287058595,0.10512906106370655,10.0,-0.02159685217561047
80-06-8,Chlorfenethol,-1.127690042947158,-1.1185842489742917,0.2696212774432215,-2.0064995306988145,-0.407788262807493,-1.681591205966829,-0.6124242896699836,,
80-11-5,"Benzenesulfonamide, N,4-dimethyl-N-nitroso-",-0.23157992437557703,-0.3529305150030606,0.6148080214282992,-1.8324744218010947,1.4076815939152367,-1.26229659482347,1.0312365545964979,,
80-12-6,Tetramine,-1.5238057856371896,-1.55116742327251,0.4102097113467938,-2.4135758573245942,0.19125656988434245,-2.228281762731651,-0.6212895776703167,,
80-15-9,Cumene hydroperoxide,-0.1467328701901499,-0.12896816995028038,0.39022107325876887,-1.1502494242361296,0.74873324047135,-0.9260519021309709,0.5142259422010851,,
80-32-0,Sulfachloropyridazine,0.5717353335218328,0.6219394005370645,0.43199995108028394,-0.7801198528376793,1.7235352458772755,-0.4538964765946009,1.2840133181649314,,
80-33-1,Chlorfenson,-0.9933210033485378,-0.9786938795017743,0.32098572925487506,-2.189752536700338,-0.20873038096107213,-1.7018927391535534,-0.42491461045313556,,
80-35-3,Sulfamethoxypyridazine,-0.33818997770879433,-0.3259832567751054,0.5723140285901549,-2.289205760306132,1.2079825774063129,-1.2683637729395636,0.7652114024986815,,
80-38-6,Fenson,-0.5097463321760697,-0.5144965184675289,0.4052701315391636,-1.618997871724396,0.5800185129452615,-1.2627085485978233,0.24523317827271077,,
80-46-6,4-(2-Methylbutan-2-yl)phenol,-0.5734965780492076,-0.5874873924224651,0.34175130106244295,-1.627930324621057,0.38337123715228005,-1.1633440677705658,0.1951306154787502,,
80-52-4,"1,8-Diamino-p-menthane",0.0806694560909574,0.03877942938229521,0.5249250681665741,-1.3569108605058102,1.5155039862242274,-0.9587177963669429,1.1357879906355113,,
80-56-8,alpha-Pinene,0.04997657222879063,0.07771561181287404,0.39701451178127356,-1.0107170423441125,0.9978491445206942,-0.7682055467615827,0.7218464195473057,,
80-62-6,Methyl methacrylate,1.1983148001005481,1.2049555322549086,0.19703355425779698,0.6837961668058106,1.6972233120439162,0.8253922750041827,1.539172928863585,5.0,2.514483989176866
80-73-9,"N,N'-Dimethylimidazolidinone",0.5862780306314893,0.5794267643935226,0.6085192055682109,-1.0256733790771062,2.082588359710818,-0.6259942407258449,1.8428723208977897,,
8011-60-7,AGN-PC-0JKHRX,-1.7868818386076513,-1.7683221588057543,0.6860747640977639,-3.5936407503360184,-0.2676071981936974,-3.236990806017566,-0.44463133549368805,,
804-63-7,Quinine sulfate (2:1),-0.8557519781775585,-0.8641510490382965,0.5513014514144273,-2.5947320251591703,0.6167671562898354,-1.8649523797694667,0.13474805630173534,,
8065-75-6,Aerozine-50,-0.22207609887980723,-0.18848807028979242,0.36920546479085986,-1.5083865481590528,0.8822503883598507,-0.9119754939351055,0.4382400116313561,,
8066-08-8,Gusathion MS,-1.6423493863742287,-1.6614335624424554,0.5269853877986916,-2.9685571511339366,-0.12145390064658974,-2.6690199735059603,-0.509187040817544,,
8068-17-5,Bronate,-1.8259106580605606,-1.8155004782792667,0.4990516447924312,-3.387424937932127,-0.37038419607825995,-2.8139232449528166,-0.9477711904690427,,
80844-07-1,Etofenprox,-2.751087784617995,-2.741807026007892,0.27344752948863904,-3.5225662972496874,-2.0159840456826363,-3.3596558608573797,-2.188591800893449,5.0,-2.0070150169876326
81-04-9,"1,5-Naphthalenedisulfonic acid",-0.17150256264379884,-0.1751890497934837,0.6474794801602762,-2.115050395168269,1.3671445011187318,-1.6268453951901334,1.0561632993702272,,
81-14-1,Musk ketone,-0.8096905049074233,-0.7871939300936979,0.5573941749022471,-2.606421621160764,0.571618540853741,-1.8769467445972754,0.22701538474558738,,
81-19-6,"alpha,alpha-2,6-Tetrachlorotoluene",-0.9390506434885134,-0.9496350880298046,0.4316985988819178,-2.236789370830657,0.19831165552421118,-1.7980329458701783,-0.045887425496313444,,
81-49-2,"1-Amino-2,4-dibromoanthraquinone",-1.9272434233531908,-1.9517907125362863,0.671290103407221,-3.854818675856539,-0.3640436771272377,-3.2295731241378536,-0.5459260824020767,,
81-50-5,"9,10-Anthracenedione, 1-amino-4-bromo-2-methyl-",-1.064686133627469,-1.0770735488586949,0.6327624000018504,-2.7826342328449254,0.7153221778618573,-2.2601095578123043,0.28991650168862537,,
81-54-9,Purpurin,-0.609262046504662,-0.6372903901032281,0.5003377433344679,-1.8070781139745047,1.028223246684886,-1.6332209876838115,0.4543466631954501,,
81-61-8,Quinalizarin,-0.7108611552668678,-0.7575879169875734,0.5056515954128377,-1.945353052740871,0.6989778807777166,-1.6762542690082038,0.35446574391256813,,
81-64-1,"1,4-Dihydroxyanthracene-9,10-dione",-0.7758375071596214,-0.8237499342931549,0.48395870809629216,-2.2645137724010276,0.6051975130656507,-1.6748789282161454,0.24047461420908267,,
81-77-6,Vat Blue 4,-0.701635285929749,-0.6648559844003337,0.5445382970075847,-2.3094346188623374,0.6939652302166388,-1.8560627075471998,0.27515981492275415,,
81-81-2,Warfarin,-0.19236632675526097,-0.17752540265497005,0.3043281045964422,-1.114228274971691,0.6642896895193057,-0.8014228015488745,0.3952916769069668,,
81-82-3,Coumachlor,-0.48441662861346246,-0.3964679397260865,0.6471368332727323,-2.466412249637778,1.2597438273649446,-1.8737554227236368,0.6584282763729925,,
81-88-9,Rhodamine B,0.08669868903042388,0.10301296724969825,0.28480248186847923,-0.6991691302509843,0.8187252711977344,-0.4671352567334708,0.5988749748342432,9.0,1.4392848532542795
81103-11-9,Clarithromycin,-1.0816063547369839,-1.0902514927577092,0.5227950408263878,-2.699982833700192,0.38286196463149647,-2.176568255244708,-0.13336326239794405,,
812-70-4,"2H,2H,3H,3H-Perfluorodecanoic acid",-0.8567249466069883,-0.7952079399831082,0.45381003090998895,-2.291690309662148,0.19573927926704085,-1.7061216856928254,0.04892031760978476,,
813-19-4,Hexabutyldistannane,-2.201620388474806,-2.187923796627424,0.64967659232491,-4.169683105802763,0.15761002248603453,-3.762438508079536,-1.0376122789880997,,
813-78-5,Dimethyl phosphate,0.22781179356833672,0.2133072556201127,0.5217537172398757,-1.1801454258472202,1.4105859857190157,-0.7799206060158962,1.1025760542548142,,
81334-34-1,Imazapyr,-0.6263645605230326,-0.5651684582141647,0.4148319627727323,-1.8857226210012097,0.6228425264183635,-1.3988372082643268,0.13061070147146936,,
81335-37-7,Imazaquin,0.38657583162950276,0.4647270732166737,0.4606629399689647,-1.1819014381242552,1.5742177564249997,-0.59881255932722,1.090133849081172,,
81335-77-5,Imazethapyr,0.42491779072059144,0.4431606009157012,0.37793265855266134,-0.5260589474933333,1.3922743626846315,-0.34961711712850385,1.090746054810521,,
81406-37-3,Fluroxypyr-meptyl,-0.4368848896932367,-0.41368872823388403,0.3808039881201318,-1.7682488215442267,0.49913124143327997,-1.1572749227325718,0.20657544779960213,,
81510-83-0,"2-(4,5-Dihydro-4-methyl-4-(1-methylethyl)-5-oxo-1H-imidazol-2-yl)-3-pyridinecarboxylic acid with 2-propanamine (1:1)",-0.03985298962617294,-0.04290813445231133,0.310615234726796,-0.8538417594234405,0.7428062335334105,-0.6806443478474465,0.5065089384463776,,
81591-81-3,Glyphosate-trimesium,0.5521622845929025,0.5603733673031686,0.34281350323775106,-0.3242972038247581,1.7084155088766861,-0.08239990832309163,1.178900532096375,,
81741-28-8,Tributyltetradecylphosphonium chloride,-2.015199476146551,-2.02500790693578,0.3451612218801049,-2.926145803743459,-0.9467435494825115,-2.6665653885326064,-1.293964371124016,,
81777-89-1,Clomazone,-0.2782454906556678,-0.26018268600673344,0.2990878290632197,-1.2179153609593854,0.3531051566905254,-0.9508067796911926,0.2376124646116565,,
818-08-6,"Stannane, dibutyloxo-",-0.759873846218056,-0.7607578511172608,0.5562776432649973,-2.1771555648996297,1.1556617869733972,-1.8218602353194235,0.1811675825455388,,
818-61-1,2-Hydroxyethyl acrylate,0.10982221062346842,0.05196556658616594,0.48860631189218423,-1.1767856356460937,2.0550009957084376,-0.6762704263534779,1.1130409290192753,,
818-72-4,1-Octyn-3-ol,-0.44466997961626376,-0.5004261859059337,0.5773414027962572,-1.8331812984937939,1.6744462317150588,-1.4830787255708544,0.6709384227665381,,
82-43-9,"1,8-Dichloroanthraquinone",-0.7054540205968238,-0.7104184048632984,0.5046062754847076,-1.9836145368579756,0.5285731631290601,-1.7008494221855728,0.2867520337151674,,
82-44-0,1-Chloroanthraquinone,-0.5224375256239864,-0.4771608948412373,0.5302693834123224,-2.1601556719206525,0.635030677765044,-1.6698777633680852,0.4965393564957687,,
82-46-2,"9,10-Anthracenedione, 1,5-dichloro-",-0.7325022548325455,-0.6790036077468824,0.6248406561825376,-2.996960542242414,1.065624394851006,-2.172166506524799,0.39556500577396014,,
82-66-6,Diphacinone,-0.23412756227529408,-0.19378139665204966,0.3608400230567089,-1.2393717212851458,0.5832732405112151,-1.0469002640801117,0.39138152097758444,,
82-68-8,Pentachloronitrobenzene,-1.1905271266764321,-1.1898647937796254,0.26010226110656404,-1.8699299392399626,-0.5175651730226961,-1.682867290468919,-0.7389427856336751,,
82-71-3,"1,3-Benzenediol, 2,4,6-trinitro-",-0.2031268552076991,-0.22473957638658074,0.5156706405068097,-1.7979518271546961,1.0833049914316082,-1.2095496061306412,0.8699207571730141,,
82097-50-5,Triasulfuron,-0.6250934772380881,-0.6052610531977265,0.3998968190239989,-2.074301394480537,0.5333197120989349,-1.3672936551850843,0.048060380589040205,,
821-55-6,2-Nonanone,-0.1358213744299915,-0.11549517735935502,0.5196145824175024,-1.544926731050942,1.0499081125894965,-1.112596986352568,0.8151146783631478,,
821-95-4,1-Undecene,-0.18202918178733224,-0.1916815429457306,0.31034164475883164,-0.9810480839273769,0.7119913165067401,-0.7782049438208574,0.3960447447844539,,
822-86-6,"trans-1,2-Dichlorocyclohexane",-0.14567657044906893,-0.09947108320525747,0.5313936320388033,-1.7289828427693084,1.3263232099209403,-1.2250457664109058,0.8322577570801398,,
822-87-7,2-Chlorocyclohexanone,0.08012520998474186,0.07800193585000124,0.5414959765249506,-1.7062896387551183,1.4729170496801445,-1.033434769035396,1.0021226887194155,,
82419-36-1,Ofloxacin,-0.209224364176797,-0.1801197856155784,0.3822982316767162,-1.414580483744736,0.7441521209266779,-0.9533638343066593,0.48509301829871576,,
825-44-5,"Benzo(b)thiophene 1,1-dioxide",0.01653465737539739,0.008208625171608383,0.5029845515691562,-1.2901995805479716,1.3851752448482788,-0.9590798359970396,0.9898987471194752,,
825-90-1,Monosodium 4-phenolsulfonate,1.2373737612928069,1.2444100471126436,0.45018039413207406,0.11331876770970867,2.3554192244289784,0.34221506753892966,2.093121165911253,,
82560-54-1,Benfuracarb,-1.3464173161286084,-1.4155250560408466,0.5287067164288288,-2.5181626369533405,0.09093882017400952,-2.302162930635354,-0.3272997105689763,,
82633-79-2,"2-Methyl-5,6-dihydro-2H-cyclopenta[d][1,2]thiazol-3(4H)-one",-0.35878911047142364,-0.36527771853240404,0.4229542154789888,-1.5282439092423696,1.063716142997349,-1.1125835393812598,0.45870450335179525,,
82657-04-3,Bifenthrin,-3.7259424613593244,-3.7275010909492226,0.2092573959843631,-4.256959615652392,-3.094044416392983,-4.140623810474982,-3.2461931852679613,5.0,-3.7500221223598587
827-52-1,Cyclohexylbenzene,-0.45156386231387485,-0.4528504325442868,0.5339054074418472,-1.9259249242499477,1.0210943353323743,-1.4704294870494448,0.5901434374351856,,
828-00-2,Dimethoxane,0.10914068442194293,0.10741899700305949,0.3580834471467345,-0.8331760970966027,1.2508535179725349,-0.4845492871238949,0.7659377735897432,,
83-26-1,Pindone,-0.8015493476656849,-0.8367672217283171,0.41427298477837504,-1.7010481109554036,0.36910294083490414,-1.6065962991315965,0.008218454630703708,,
83-30-7,"Benzoic acid, 2,4,6-trihydroxy-",-0.2912549748732783,-0.2659344370867217,0.3804083238148132,-1.311473664277277,0.569206220091194,-0.9668496557089272,0.42850789884465235,,
83-32-9,Acenaphthene,-0.70218472949453,-0.6945102810273125,0.1728832151780783,-1.138974329104623,-0.18711900863895076,-1.0467149337507418,-0.3717153640958015,7.0,-0.29699131868003203
83-34-1,3-Methylindole,-0.1071155176091543,-0.1343177861281027,0.537529851258882,-1.7116572356444044,1.142091545079153,-1.2903841426038316,0.9591214843373506,,
83-41-0,"1,2-Dimethyl-3-nitrobenzene",-0.08627093079831266,-0.12044112974458851,0.4744057651162401,-1.3820130234500978,1.4817936462117298,-0.9644986173928665,0.8459126562463166,,
83-42-1,1-Chloro-2-methyl-3-nitrobenzene,-0.2943310232759158,-0.3307399247022657,0.4474909730891032,-1.5752011490428928,0.7137390038938569,-1.2927797937229601,0.5446487321015325,,
83-59-0,Propyl isome,-1.6530976803234552,-1.649922021546999,0.5464159022811925,-3.1849141831519128,-0.10146416074968584,-2.683215249849744,-0.49096286438748676,,
83-79-4,Rotenone,-2.1119919248417087,-2.1047920230248307,0.1834054560356151,-2.615643693434391,-1.5846830418148226,-2.4696501964927156,-1.6997188668648182,13.0,-1.7033014727271498
83-88-5,Riboflavin,-0.22026668548287529,-0.20511112404728704,0.6618423055612528,-1.9306230401300488,1.9494704839486479,-1.4707379157579643,1.0527298442255826,,
83-89-6,Atabrine,-1.4896933853832894,-1.4410645425799453,0.4566424101992075,-2.8012785259092037,-0.3830082212706847,-2.546897027999766,-0.7795893846682925,,
83055-99-6,Bensulfuron-methyl,-0.7850360045538081,-0.7363163721965029,0.578822827238368,-2.2500399201941756,0.5451127942637859,-1.8825826088954183,0.27329968549228245,,
83066-88-0,Fluazifop-P,-0.7100127949637336,-0.6923667506191084,0.5842494466113849,-2.3434037958512817,0.7184702385009054,-1.9530612762344979,0.35602508277759176,,
831-82-3,4-Phenoxyphenol,-0.4414372355033403,-0.3825162913273939,0.37423756894967425,-1.6212163576343523,0.4141717059947295,-1.1639069283770043,0.16046138629980847,,
83121-18-0,Teflubenzuron,-1.7116463519282816,-1.713984384932071,0.4919403055673018,-3.4562225776265514,-0.32499534437917094,-2.6979061636356465,-0.7085755424051086,,
83164-33-4,Diflufenican,-2.1528931629120716,-2.1891496095491565,0.6241664993597827,-3.9003127519539875,-0.5194752419688887,-3.402367396912047,-0.8537350258904235,,
834-12-8,Ametryn,-0.7879580064652894,-0.7916588423640851,0.14197035100626068,-1.1557122342254924,-0.4075190302193905,-1.0844650471291155,-0.5270727699765763,13.0,0.5259007314000788
83588-43-6,Fenridazone-sodium,0.5249877694909779,0.5208482637000256,0.4564950674931053,-0.9720924049917434,1.6689602615321888,-0.4368694672310753,1.3638816576063642,,
836-30-6,4-Nitro-N-phenylaniline,-0.30920353658054617,-0.32161864695443365,0.40103429611060715,-1.4279067517522677,0.7525447361686497,-1.0796238560297633,0.5498597815230547,,
83601-83-6,Mefluidide-potassium,-0.18419340056256203,-0.17083395845502397,0.5946606143999964,-1.763562332575419,1.1169184735909108,-1.4254668720848267,0.8967106914153065,,
83657-22-1,Uniconazole,-0.15168310223750617,-0.12189071629635109,0.41257178553437235,-1.2975804576760717,0.8107205303443464,-1.036927819649754,0.6285639860528764,,
83881-52-1,Cetirizine dihydrochloride,-1.2240180134593954,-1.2017508615456058,0.6616946256812625,-3.737018886993955,0.30603091427087975,-2.5582862098988217,0.056863070011131424,,
83905-01-5,Azithromycin,-0.8818444583498529,-0.7952379200589597,0.7740075465602422,-3.2586156644969098,1.132757059687493,-2.5070449487026183,0.49635827947753014,,
84-11-7,"9,10-Phenanthrenedione",-0.6782891674951788,-0.6754119862614156,0.4131744656663733,-1.9381583744835864,0.6646214504497655,-1.4791041883038731,0.04730825432630607,,
84-62-8,Diphenyl phthalate,-1.3022783873732886,-1.2901197131300166,0.576687894373704,-3.383041406485268,0.7416804019006898,-2.434340492831688,-0.2897961870025381,,
84-65-1,Anthraquinone,-0.6643957769124672,-0.6768438559059164,0.33400402555590997,-1.6964420521826131,0.4335556374842286,-1.3543324692753689,0.038083161039475066,,
84-66-2,Diethyl phthalate,0.36381560744813035,0.38011987735173647,0.16213335928430353,-0.11610125915765566,0.6900224825448613,-0.02588676827928855,0.6603286665652356,11.0,1.236256435358418
84-69-5,Diisobutyl phthalate,-0.686837926709622,-0.631944250558158,0.5361816733432424,-2.311983538828481,0.883958160142675,-1.8551470754425468,0.2144974083434497,,
84-74-2,Dibutyl phthalate,-0.5975098881349048,-0.5982550601995116,0.14586437647114933,-0.915067050759069,-0.26037030367462466,-0.8668081237106172,-0.3475796378942001,10.0,0.12380583172399864
84087-01-4,Quinclorac,0.3288746479523613,0.3418247549813431,0.27727316982537786,-0.3839475593646302,0.9678591033077579,-0.2123180829746258,0.8071988858880221,,
841-06-5,Methoprotryne,-0.2912346905351397,-0.27456298312027394,0.24456277874578866,-1.0992260728946162,0.4179967809754811,-0.8107900088575384,0.16557612072955952,,
845-52-3,"2,4-Bis((3-methoxypropyl)amino)-6(methylthio)-s-triazine",-0.8337838249125256,-0.7798721567790938,0.5297306095463867,-2.1795478629533735,0.7079192584172569,-1.9360611725635202,0.15998906074121727,,
846-70-8,C.I. Acid Yellow 1,0.5574289909889409,0.5848723229194002,0.5191272491956795,-0.7086785771100678,2.0580869262147554,-0.4822900954876077,1.564156930862974,,
85-00-7,Diquat dibromide,-0.5388218706817127,-0.5529993464834567,0.1860384901717734,-1.0690963136971652,0.010935248089918094,-0.8506121860515626,-0.1745670479532941,20.0,0.3131757796571992
85-01-8,Phenanthrene,-1.0133821575975082,-0.9853069379825272,0.19921351486780287,-1.6403048526761312,-0.4125838089707211,-1.39370052832944,-0.6495136947526096,7.0,-0.4694815928397922
85-02-9,Benzo(f)quinoline,-0.3387768518709241,-0.3523360998456716,0.5600857398327109,-2.007755627389954,1.0335723396411138,-1.504738073841819,0.7175761081644281,,
85-34-7,Chlorfenac,-0.18964724993263885,-0.19419602802862834,0.2755196487855627,-0.8729386860588881,0.7361738786973624,-0.7715188194475802,0.3503809625123675,,
85-41-6,Phthalimide,0.291863520827021,0.27908878835527,0.3101211097182618,-0.4514896930038964,1.3707883498533358,-0.3168891420605894,0.8287037976219901,,
85-44-9,Phthalic anhydride,0.008453117026963166,0.009138398424157273,0.545540276365753,-1.3922289724786567,1.4114580124908025,-1.1387412567656585,1.036787656486327,,
85-68-7,Benzyl butyl phthalate,-0.5634253285222927,-0.5474667056074757,0.1846252172999356,-1.033088693062343,-0.10781216559945506,-0.9593781808137726,-0.19944313985674722,9.0,-0.31286395170195197
85-70-1,Butylphthalyl butylglycolate,-0.5501165720724285,-0.5547773210443379,0.4280996352405276,-1.6897440193752222,0.5689381120286011,-1.4052992039652794,0.2834507800203897,,
85-84-7,1-(Phenylazo)-2-naphthylamine,-1.1622667957685138,-1.1852170303541354,0.5028997946941731,-2.557569678287289,0.2166012680261782,-2.0345182203909866,-0.11519472273896778,,
85100-77-2,1-Butyl-3-methylimidazolium bromide,-0.31851515242174794,-0.28604061670149217,0.4888611632633996,-1.5869022007495197,0.8374128724288609,-1.2961632749258563,0.5038697656783505,,
85264-33-1,"(3,5-Dimethyl-1H-pyrazol-1-yl)methanol",0.5194567196871296,0.528547921442527,0.3729201935419839,-0.7100451220951786,1.467858585222393,-0.26773740921262607,1.1225364804299933,,
85721-33-1,Ciprofloxacin,-0.14856643171801787,-0.15676653998402756,0.3646763508230521,-1.368988158973308,0.741731037443833,-0.795917200883747,0.6010773010327958,,
858954-83-3,Aminocyclopyrachlor methyl ester,-0.2672937987919663,-0.2992126769590786,0.5078756229904099,-1.5905302159291603,0.875574266976729,-1.3014833401905141,0.6441036957218477,,
858956-08-8,Aminocyclopyrachlor,0.06435163905112341,0.04297642808581209,0.43499372671825487,-0.9408164241624248,1.0986525030853658,-0.8019808832696111,0.8059990551864117,,
859-18-7,Lincomycin hydrochloride,0.25650605147846584,0.2866859081489975,0.5455443029858525,-1.3147793698103827,1.6233234257853146,-0.8072780889787282,1.2102122301374947,,
86-30-6,N-Nitrosodiphenylamine,-0.1494227495574127,-0.17864995316942328,0.34686341519844943,-1.148835652083719,1.1117932801165427,-0.7556556069432057,0.49446209844583217,,
86-40-8,"3,6-Diamino-10-methylacridinium chloride",-0.11958380540279383,-0.12315470654054539,0.2878608773794649,-0.9992156498367152,0.5755118790420499,-0.671412081594989,0.4669012587035897,7.0,1.1804754834526645
86-50-0,Azinphos-methyl,-2.7959189094379155,-2.807664641039543,0.13832072047130897,-3.257979606328645,-2.375578903478001,-3.037027680754433,-2.5095286808153747,28.0,-2.892544413356833
86-53-3,1-Naphthalenecarbonitrile,-0.19282579644225034,-0.1811451621023575,0.5722649011717565,-1.4850026751898975,1.3913571262806756,-1.2886462917908206,0.7915409965770874,,
86-57-7,1-Nitronaphthalene,-0.31543979084683094,-0.3143878934846821,0.5376063336159842,-2.1737512995341395,0.9497708617933739,-1.3845049030015444,0.7045875618655929,,
86-73-7,Fluorene,-0.6822919149741881,-0.6957850120657781,0.25990205850035886,-1.3893804624064527,0.2907816433757057,-1.1360206791570808,-0.23798832101632555,,
86-74-8,Carbazole,-0.5119857078098606,-0.4949266135316458,0.40944834814175995,-1.4338268984820055,0.5028363554965896,-1.299045753777112,0.26914053410017946,,
86-87-3,1-Naphthaleneacetic acid,0.27270498114412317,0.32328470561099065,0.40234631718344727,-1.2495778205727022,1.4663920650288655,-0.6646726827400868,0.9452946482590346,,
86209-51-0,Primisulfuron-methyl,-0.4140403361101512,-0.4177469336113703,0.5009663753711445,-1.8970204619321245,0.767647929472169,-1.4329378866712303,0.49555457438098044,,
86393-32-0,Ciprofloxacin hydrochloride hydrate (1:1:1),-0.47112806977729704,-0.454228115405758,0.6462170108214531,-2.2706531600409714,1.420348689022724,-1.6342557448910715,0.739091075241271,,
86479-06-3,Hexaflumuron,-2.18880050138684,-2.141554963653989,0.688527219675559,-4.110397328292212,-0.36770382295720705,-3.5283447262099146,-0.8748267898791672,,
865363-39-9,Dichlorprop-P-2-ethylhexyl,-0.8341661088061906,-0.8474491822209427,0.4794300531980893,-2.352111097424514,0.24307686503789036,-2.0306135395540648,0.060775038267154115,,
866-55-7,Diethyltindichloride,-0.18992131909772283,-0.24551741559152598,0.6104408782427075,-1.9501511926277943,1.324459399778202,-1.1833837916149523,1.0609057607137338,,
868-77-9,2-Hydroxyethyl methacrylate,0.5423078042116071,0.5551877557465769,0.4337580199282234,-1.010660098835757,1.5460205951436998,-0.2155464645598106,1.2432056690644526,,
868-85-9,Dimethyl hydrogen phosphite,0.4648944708471646,0.5226587540272196,0.5081619695873573,-0.8270503216638776,1.840175564642844,-0.6240799336503335,1.4632071334382097,,
87-17-2,Salicylanilide,-1.994387720619875,-1.9543327788771632,0.3631278537205837,-3.016140184428175,-1.0534343687850527,-2.727859767353141,-1.2675714657229358,,
87-40-1,"Benzene, 1,3,5-trichloro-2-methoxy-",-0.8240930938477262,-0.8327829871873539,0.5654672997259312,-2.6435614166725534,0.6928773990034718,-1.9699680635839627,0.23570028079358013,,
87-52-5,"1H-Indole-3-methanamine, N,N-dimethyl-",-0.4315030801802117,-0.44793770704460395,0.5181079159980401,-1.5479194372525267,0.9699712271168774,-1.4651291537204851,0.6176378425200245,,
87-59-2,"2,3-Dimethylaniline",0.2292455801910799,0.2511246845582318,0.42792427838277136,-1.1813652162051658,1.4075165412190873,-0.6100879118034793,0.9762915171545085,,
87-61-6,"1,2,3-Trichlorobenzene",-0.8700655443781227,-0.8622332288580504,0.20642615516127735,-1.3432014839638011,-0.41647114057972473,-1.2808267135564404,-0.4732569453812157,,
87-62-7,"2,6-Dimethylaniline",0.2450527215113374,0.2765659252071331,0.5284474066800692,-1.1277840984646599,1.5070008635870638,-0.7563605037343982,1.1603470358893189,,
87-63-8,6-Chloro-2-methylaniline,-0.36830007451559454,-0.35676574675374617,0.5790293307406117,-1.796443945359827,1.1988356794950523,-1.4931898078897148,0.7655112149332024,,
87-65-0,"2,6-Dichlorophenol",-0.2830929745613542,-0.2844405238495049,0.22411893399561766,-0.8483300506913805,0.287782285284924,-0.6804196049703007,0.21900833320665916,,
87-66-1,Pyrogallol,0.1874158479609468,0.20982561952702433,0.468042787596191,-1.235295177224698,1.2497281433625507,-0.7929114489350443,0.9971047051564609,,
87-68-3,"Hexachloro-1,3-butadiene",-1.2392784990419914,-1.2445130355468064,0.21468259508397267,-1.7807304212707296,-0.7732466687116945,-1.6867783001915708,-0.821188087748251,,
87-72-9,L-Arabinopyranose,0.8892924240189582,0.8853928950249605,0.6099285673194813,-0.8260166024501328,2.788578291845634,-0.34331156205389074,2.0040721821815173,,
87-86-5,Pentachlorophenol,-1.3530273993873947,-1.3466902138889503,0.063425004293962,-1.5313305706798819,-1.2061458462746473,-1.4951538776444082,-1.2460442407528267,63.0,-1.1065576771076324
87-89-8,myo-Inositol,0.8692286688778456,0.9458101910663774,0.7012984745318053,-0.815367018823028,2.7356879896276105,-0.5466008661564253,2.2723681375822298,,
87-90-1,Symclosene,-1.0515519765241343,-1.0821461758480528,0.25935815979467125,-1.6325840699748888,-0.26400511182262054,-1.495146318456913,-0.4761682399000282,,
87-91-2,Diethyl L-tartrate,0.3719030268330571,0.3936113281326148,0.5233698298448093,-1.0684096305133723,1.580343917315798,-0.613497946871315,1.4057942440942877,,
870-72-4,Sodium hydroxymethanesulfonate,0.8338153712261106,0.8231446285461413,0.6074241569385652,-0.5512994559262984,2.6536785303620283,-0.28439412412181436,2.1317643507972357,,
872-31-1,3-Bromothiophene,-0.21958099283066937,-0.219192768824658,0.5150424274320973,-1.5073043186175072,1.065533465654622,-1.2932573582471198,0.8186470006773269,,
872-50-4,N-Methyl-2-pyrrolidone,0.371185699573595,0.3495375413798888,0.43424159080910313,-0.9126277560046072,1.3568816518999904,-0.44773960756232767,1.2308051419016321,,
872-85-5,4-Pyridinecarboxaldehyde,0.3759797772812857,0.4548043654570666,0.563326261436985,-1.4899814822031328,1.519202236500395,-0.7692236510431589,1.317181792753452,,
873-63-2,3-Chlorobenzyl alcohol,0.07856608712244627,0.0841259091448148,0.4864001715107355,-1.4247292132294962,1.2089935629285766,-0.8763760866502844,1.007776942383508,,
87392-12-9,S-Metolachlor,-0.17523889201020737,-0.16649885017173743,0.17798359459874616,-0.7344115241567594,0.33205385382120484,-0.5364432736822616,0.1289035455616207,,
874-42-0,"2,4-Dichlorobenzaldehyde",-0.4405374733723147,-0.44146625286738783,0.5337037518484384,-1.6826109334564041,0.9091875113450368,-1.482666464287693,0.5980414572226712,,
874967-67-6,Sedaxane,-0.7365726106925834,-0.7527893761290105,0.291539204890204,-1.4305463375390677,0.015156079085515204,-1.258383032059182,-0.17015579677080941,,
87674-68-8,Dimethenamid,-0.5486851507282519,-0.5164441258349743,0.31048742562711124,-1.5790107668199727,0.2025593341041937,-1.1412536352675315,-0.030042029788084457,,
877-43-0,"2,6-Dimethylquinoline",0.14250255622249508,0.16139465518981305,0.2204655028077782,-0.546167583762514,0.567179716788942,-0.38368516386444873,0.5374993138439826,6.0,0.9378882597543197
87818-31-3,Cinmethylin,-1.1685521842090645,-1.1320156112771376,0.5503807760583809,-2.4994353467416546,0.5819315404655911,-2.2858783201175643,-0.043414253300355456,,
87820-88-0,Tralkoxydim,-0.6911172493502099,-0.7253273562176339,0.503127012805208,-2.02961137134316,0.5908189447708034,-1.7067300839903174,0.2699673337739253,,
879-39-0,"2,3,4,5-Tetrachloronitrobenzene",-1.253960884245841,-1.216218738796587,0.6263552112964235,-2.921658944237634,0.4102255953148317,-2.501330690375444,-0.14652731056839252,,
88-04-0,"4-Chloro-3,5-dimethylphenol",-0.6761607804488503,-0.689558017589567,0.2840613997721297,-1.353828194924246,0.13237101218949598,-1.1649132528785284,-0.1110160857358154,,
88-06-2,"2,4,6-Trichlorophenol",-0.6554931223581965,-0.6397347144825809,0.13611559595357453,-1.0851185483015084,-0.2905148001930878,-0.9421981893338013,-0.4030975289284567,10.0,-0.12940842611292974
88-18-6,2-tert-Butylphenol,-0.1616982451231956,-0.13487124319064503,0.5705061773402285,-1.997950395288214,1.331713251861425,-1.3356593977568103,0.8274460653793365,,
88-30-2,3-Trifluoromethyl-4-nitrophenol,-0.12168502230492458,-0.12431417659031763,0.1066824002707772,-0.43816961069658306,0.11916758131987143,-0.3344917627330035,0.08411814758933302,6.0,0.19911617440962642
88-45-9,"Benzenesulfonic acid, 2,5-diamino-",0.13854938773862893,0.14274876287438282,0.5805817091675474,-1.6632733537365323,1.287305738724181,-1.0677824281949306,1.1175345577451856,,
88-68-6,2-Aminobenzamide,0.6500999755238632,0.6922563230318639,0.48903131309792525,-0.5657649327572098,2.222829545412465,-0.36199241989662434,1.5506082425183683,,
88-72-2,2-Nitrotoluene,0.11812321916519927,0.11836083391242656,0.23453004586025628,-0.6031059761682996,0.6824556524784092,-0.34915095052223627,0.5562963196779058,,
88-73-3,1-Chloro-2-nitrobenzene,0.09369915213573878,0.10804422383589499,0.3164091749051661,-0.857956110690234,0.8351021222902321,-0.5862655832756112,0.687918554733915,,
88-74-4,2-Nitroaniline,0.1407741427696227,0.15405110676021994,0.35261917200890064,-0.9839318015577363,0.8582535374196846,-0.5517659973023896,0.7535667991919737,,
88-75-5,2-Nitrophenol,0.059445771270520475,0.06756750815035298,0.21668036323793416,-0.5774702633308715,0.5779694081158568,-0.3529088145989035,0.4521026592578482,6.0,-0.01157414145661495
88-85-7,Dinoseb,-1.2208025240488987,-1.2160371978131839,0.14656207731446755,-1.6522593128042038,-0.8442491324949449,-1.5356960916199633,-0.948542777577385,9.0,-0.9460270692614818
88-89-1,Picric acid,0.8659206115097525,0.8741366075880675,0.1920117004592527,0.07281888658915914,1.3063134282608557,0.4891966625716121,1.234591736096572,9.0,1.7078490300264375
88-99-3,Phthalic acid,0.6616618344396374,0.7134489024666139,0.4383390379698171,-0.7637434979916616,2.179629961645931,-0.1852609926957277,1.3854042708182515,,
882-09-7,Clofibric acid,0.5704143164101875,0.5863494550517756,0.2890665535569563,-0.2413844690254461,1.2004032073202746,-0.029383065777668402,1.0815591526200732,,
882-33-7,Diphenyl disulfide,-1.0287698877546603,-1.0812976852943939,0.6343164260042622,-2.624711797392767,0.5178266650688784,-2.1729573095190493,0.19892671466374448,,
886-50-0,Terbutryn,-0.8771464398001334,-0.8716358412365569,0.15963092713533444,-1.3632219348521792,-0.4856452609232382,-1.2041561349164875,-0.5703860484062373,8.0,0.3405511018992812
886-86-2,Ethyl 3-aminobenzoate methanesulfonic acid salt,0.22182827634833382,0.2331535767228516,0.3188423155468167,-0.696665243066875,1.1600978153708374,-0.4174568583487705,0.8467386442508803,,
88671-89-0,Myclobutanil,-0.5906470698109991,-0.5761639085783785,0.29280815946064237,-1.4499772210573714,0.0344771659262866,-1.209880136152744,-0.06121931241162724,,
88805-35-0,Prohexadione,0.33125255157787215,0.3147136588542996,0.5708868907370338,-1.026736580800529,2.3236918163788327,-0.7919341893901036,1.4846417671292311,,
89-59-8,"Benzene, 4-chloro-1-methyl-2-nitro-",-0.16403980787110028,-0.1320308041492128,0.32910431906135895,-1.2632727272085238,0.6057209198117133,-0.8036977476335968,0.4594932025360574,,
89-60-1,"Benzene, 1-chloro-4-methyl-2-nitro-",-0.1663815754678729,-0.13980108587635237,0.4649000823359393,-1.3583620208266978,1.0468595240257974,-1.0539733141310978,0.7538426903041597,,
89-61-2,"1,4-Dichloro-2-nitrobenzene",-0.5784547054645137,-0.5992945419060483,0.36102462874402763,-1.3987730289787068,1.0483061451476803,-1.1788061595444355,0.03265666555866142,,
89-62-3,4-Methyl-2-nitroaniline,0.010098512347972655,0.018182078623583328,0.5528796908827992,-1.371727179046521,1.6634270516783838,-1.0107428020891713,1.1018945119732309,,
89-63-4,4-Chloro-2-nitroaniline,-0.25770555044336163,-0.2777578347657449,0.46971125801994046,-1.3155515465071232,0.8893916821456033,-1.1062581151898994,0.5750603750753072,,
89-68-9,6-Chlorothymol,-0.6892553520032964,-0.7170657034764676,0.5224392889521958,-2.0081862290129484,1.0126997107597064,-1.6012696906245694,0.40359404170457747,,
89-72-5,2-(Butan-2-yl)phenol,-0.2772469158828439,-0.24853407595526117,0.5632284133938739,-1.9890729371628544,1.338885740360615,-1.3697890480360448,0.7209536094959336,,
89-82-7,R-(+)-Pulegone,0.05041812327001523,0.05263293452400017,0.5010403239953074,-1.4006569645693425,1.2302503414320105,-1.0899987372808457,0.9645344884490558,,
89-83-8,Thymol,-0.37348996469650464,-0.36796751529493454,0.23205221991054073,-0.9522926866504612,0.16428149819819118,-0.8444174222414395,0.04528767470023028,,
89-86-1,"2,4-Dihydroxybenzoic acid",0.584418523192751,0.6010358863875231,0.4242045570473707,-0.450284600269772,1.5914840821532898,-0.18319564629179175,1.4560502498423935,,
89-98-5,2-Chlorobenzaldehyde,-0.38920308524417435,-0.3906017817860227,0.3365366452273589,-1.6371934923029394,0.5355891557322447,-1.0810635188737767,0.23554880619134955,,
898-84-0,SCHEMBL4263827,-0.45742596359629917,-0.4558123655542978,0.44056434217010104,-1.802266973949975,0.7707671250437218,-1.4487007177127627,0.2559599005706153,,
90-02-8,Salicylaldehyde,-0.3714233623072747,-0.38347556321202625,0.16677816215207572,-0.7981257436396083,0.04311203489446212,-0.6926620684882909,-0.03496123864168041,12.0,0.38986309491635057
90-03-9,o-(Chloromercuri)phenol,-0.8751186983657232,-0.8574168395705594,0.538807642634673,-2.3139646495251105,0.6544664027836935,-1.9123902754020017,0.14500214500515302,,
90-04-0,2-Anisidine,0.1492746138749519,0.16684268916363354,0.504853988824631,-1.6771409601270069,1.6036260142194985,-0.8407529646057151,1.1571779330650953,,
90-05-1,2-Methoxyphenol,0.23944756183066532,0.21525798247167685,0.5156417850656286,-1.3437025653206793,1.7837055789379892,-0.7556961581875473,1.2024169245857113,,
90-12-0,1-Methylnaphthalene,-0.3833784462103697,-0.4061151121739898,0.28401941624448057,-1.222322963731433,0.3577379964776869,-0.876059561921747,0.18025987716086475,,
90-13-1,1-Chloronaphthalene,-0.6630798901489944,-0.6697369238185121,0.19984624716744134,-1.2470233990922162,-0.12854910470333647,-1.0516296965197793,-0.2531787431425079,,
90-15-3,1-Naphthol,-0.455012396573588,-0.45565516240769294,0.13489459933971468,-0.7484575896013459,-0.1491305791930494,-0.6999239148614371,-0.19772869484055025,8.0,0.1524929871210946
90-43-7,2-Phenylphenol,-0.46446306768927204,-0.4390372170365312,0.26847142808270524,-1.5220455753271631,0.14664863780653437,-0.9975382446302504,-0.018016961023641958,,
90-59-5,"3,5-Dibromosalicylaldehyde",-0.8468155919293753,-0.8194439358416994,0.5397271525173871,-2.556917436567296,0.378247805103577,-1.9476667121075248,0.10368484340756044,,
907204-31-3,Fluxapyroxad,-0.6551651788803327,-0.6615136651544007,0.4723568339172419,-1.7457220972538505,0.6130197490564965,-1.5763786865859961,0.26253763798952245,,
90982-32-4,Chlorimuron-ethyl,-0.8770775485835293,-0.9171204439433612,0.486454502164745,-2.1481596340875972,0.6453278788567457,-1.7755525303061745,0.14397596834872134,,
91-15-6,"1,2-Benzenedicarbonitrile",0.1267731375704795,0.1298387091862616,0.5338750964926572,-1.4426482564334826,1.4731357705178285,-1.0442191089650539,1.1034840513657023,,
91-17-8,Decalin,-0.2672497713551969,-0.2757636082925551,0.5234878240404645,-1.273021820447538,1.370468371375405,-1.1627451626788297,0.8243749065221199,,
91-20-3,Naphthalene,-0.19994810506809396,-0.19221836499185996,0.09576145396077777,-0.5171995402316719,0.030070877206918124,-0.4234269847037957,-0.016282039369815718,13.0,0.2597477319753914
91-22-5,Quinoline,0.3549392660142859,0.3711217992578066,0.1760439387228086,-0.09187988225921505,0.79863646786552,-0.019610197088842592,0.6702177899160843,7.0,1.3502931492101982
91-23-6,1-Methoxy-2-nitrobenzene,0.5394736000586738,0.5324622869368847,0.3474125085662349,-0.36890907448470495,1.4673174581314024,-0.09315747164834459,1.20272768859223,,
91-40-7,N-Phenylanthranilic acid,-0.32343867055547926,-0.361870839585954,0.5859742516824529,-1.691640113127226,1.4264708209114387,-1.3494939030606934,0.8163073375607494,,
91-52-1,"Benzoic acid, 2,4-dimethoxy-",0.08441969712908566,0.15424148318261435,0.5881452157535659,-1.6209846138400092,1.6818355599585844,-1.0745042766944068,1.243283076756229,,
91-53-2,Ethoxyquin,-0.41863010699740416,-0.4246681409110574,0.45018544240689123,-1.8460473590149376,1.0316155731331833,-1.3750411142733734,0.33664768549999113,,
91-57-6,2-Methylnaphthalene,-0.5383431091200742,-0.5396551743143106,0.26012386114894426,-1.1882753986464178,0.1511711234153493,-1.0373150029255669,-0.011176977400709066,,
91-64-5,Coumarin,0.052882894905361744,0.039237046411676246,0.3009846654507674,-0.5609049449766287,0.8828544892119004,-0.45881704131832934,0.5844806477096236,,
91-65-6,"N,N-Diethylcyclohexylamine",0.1010414220864406,0.10719742454484688,0.44961060019310467,-1.547589130885422,1.6112369767847932,-0.8697080276184022,0.845798914655278,,
91-66-7,"N,N-Diethylaniline",-0.16416137419734356,-0.15816606636852398,0.3291679426445021,-1.0125757288272406,0.7518805445744979,-0.7933742186413624,0.4924854657193276,,
91-88-3,2-(N-Ethyl-m-toluidino)ethanol,-0.010268215138375147,0.0021413393342517395,0.5357233096896288,-1.6636935447689312,1.4023374310044618,-1.1591709880887926,0.9416154976838917,,
91-94-1,"3,3'-Dichlorobenzidine",-0.8565413402596923,-0.8497341013874409,0.31095016719224405,-1.6852589950766645,-0.07716277908341154,-1.4184796090481913,-0.24014903667322757,,
91296-87-6,Sarafloxacin hydrochloride,-0.7967018263404401,-0.7914922434745003,0.5055636859371567,-2.245083563829652,0.5685658085881694,-1.7605702000913241,0.15546473823192467,,
91465-08-6,lambda-Cyhalothrin,-4.131400836157022,-4.134728307287541,0.14679804248879458,-4.540138929374576,-3.771464177344676,-4.406206069349934,-3.8324003195742202,11.0,-4.908897851360166
919-86-8,Demeton-S-methyl,-0.775025761855297,-0.7748462557123255,0.5286532280075704,-2.047927551972414,0.5542756144846724,-1.7868050697882947,0.3497483089678046,,
92-04-6,2-Chloro-4-phenylphenol,-0.8393499392597351,-0.8720874064707875,0.42884690774712764,-1.887404731901864,0.1198275921580032,-1.6644371088356191,0.0268189670706804,,
92-24-0,Naphthacene,-1.5900606347625714,-1.5433824970583894,0.5646299934751645,-3.022225268496126,0.44417571420069385,-2.660592186758819,-0.4554480531900683,,
92-43-3,"3-Pyrazolidinone,1-phenyl-",-0.0655457019912196,-0.09093442837450577,0.4568659411874662,-1.57741303117535,1.3090101918427934,-0.938902291513028,0.856383539713272,,
92-48-8,6-Methyl coumarin,0.18674509988367924,0.1884104999930594,0.3987743598266204,-0.7271708411931176,1.2984788514632397,-0.5808226721469584,0.9187359649646579,,
92-51-3,Dicyclohexyl,-0.7216796098569341,-0.7118426505955021,0.5250874952436421,-2.1185747903731458,0.9592131303248295,-1.6571779246479579,0.21058023573969223,,
92-52-4,Biphenyl,-0.44280182576933647,-0.42123927162399605,0.22475021452149344,-1.1233156660665968,0.2899136601905609,-0.9359590126630145,-0.02850484685430228,,
92-69-3,4-Phenylphenol,-0.30745268004984916,-0.33830583939111547,0.5185790018768256,-1.8179407582203861,1.1351740202885017,-1.2964764559096078,0.8592489666933714,,
92-83-1,9H-Xanthene,-0.22269989340196375,-0.1917238711942351,0.5255053341779682,-1.9561154522426927,0.9452564043575619,-1.1780502432421853,0.721307028062865,,
92-87-5,Benzidine,-0.13984242276063652,-0.11600195759640736,0.20939645709143664,-0.7950817916688387,0.40747151802735726,-0.5596074498212337,0.2249645048382167,7.0,0.3825986134948939
920-66-1,"1,1,1,3,3,3-Hexafluoro-2-propanol",0.1863064285359782,0.1830554636284581,0.5457771131547787,-1.2447402201586162,1.4336769843146562,-0.8455611141271929,1.1900213251914087,,
924-41-4,"1,5-Hexadien-3-ol",0.37147830226083506,0.4342074973215224,0.4680426178388667,-0.7466674352481714,1.46973988036093,-0.5212485859432593,1.2560042480675027,,
927-74-2,3-Butyn-1-ol,0.5136064843758599,0.5322681201701472,0.4947966641584908,-1.1201819668050033,1.773058170696092,-0.5872216287339377,1.4392694521664915,,
928-96-1,(Z)-3-Hexen-1-ol,0.6938965442877203,0.6751133413536605,0.4925589812269965,-0.9625597611171033,2.1490475481549187,-0.2552057624309691,1.7301219279681395,,
928-97-2,(E)-3-Hexen-1-ol,0.6487917216859599,0.6835652326587199,0.4992773757085151,-0.7815841978189078,1.877474085948121,-0.3626777931502398,1.5268525239833555,,
93-02-7,"2,5-Dimethoxybenzaldehyde",0.0029729387564006514,-0.004985400125850199,0.6474180303185648,-2.2318076474656543,1.3922643294108326,-1.1486029032864924,1.235883516818221,,
93-04-9,2-Methoxynaphthalene,-0.10876960397827493,-0.043705507388220544,0.4915819212842006,-1.8524668478699278,1.01987183685814,-1.0212911639040543,0.7953315866905547,,
93-07-2,"Benzoic acid, 3,4-dimethoxy-",0.5098135709278008,0.5524524169549275,0.5459416265004636,-1.291928774299938,1.7790116705732826,-0.6160901759913591,1.4567013323081628,,
93-15-2,Methyleugenol,-0.25865769890727397,-0.2417198211840681,0.3403033437110054,-1.1506581038399393,0.6730119733834385,-0.9547948765246896,0.34513220786316795,,
93-51-6,2-Methoxy-4-methylphenol,0.22725288699856916,0.22058514397032372,0.5719304353713841,-1.2084963620587412,2.5398284699099136,-0.858825935856662,1.2789028659938593,,
93-65-2,Mecoprop,0.026050875253401704,0.022276967485178358,0.45595399272755116,-1.2938917885676728,1.1608629272272866,-0.8853956102326475,0.8594829355991119,,
93-72-1,"2-(2,4,5-Trichlorophenoxy)propionic acid",-0.1510091725237336,-0.14562930228005652,0.24262762238552535,-1.0185629764071555,0.4013866502107009,-0.6560438524987896,0.3108955678705655,5.0,0.28343760390408645
93-76-5,"2,4,5-Trichlorophenoxyacetic acid",-0.055393668654373125,-0.05244332634858138,0.22075137702364214,-0.6034117638861285,0.5408245307055991,-0.5220712130688819,0.32940490517860094,12.0,0.33096496091531447
93-78-7,"2,4,5-T-isopropyl",-0.9854077946431405,-0.9592954850572775,0.4830264419685688,-2.351933936844348,0.09968051248745727,-1.86648437312967,-0.07445303315064855,,
93-79-8,"Butyl (2,4,5-trichlorophenoxy)acetate",-0.7089150402356793,-0.6835125469361797,0.5147905207509879,-2.118555084609623,0.6715925900105583,-1.8136636867198261,0.1884553309203183,,
93-89-0,Ethyl benzoate,0.008454375148979955,0.028982786976849292,0.37132549157500083,-0.9436906571255365,0.8026670894571831,-0.8319693961056305,0.6334794680244739,,
93-91-4,1-Benzoylacetone,-0.30856153433984157,-0.3128581386693311,0.553704567642608,-1.702237722024026,1.5466404016317714,-1.2177985416998713,1.0613421014487776,,
93-99-2,Phenyl benzoate,-0.365537112092389,-0.33893631745490715,0.5566561980787809,-1.8800503247162694,1.2586002872632998,-1.472087994692967,0.6700535945279509,,
931-53-3,Cyclohexyl isocyanide,-0.0037298731121469166,0.007878511509528754,0.4740823270667766,-1.6462291234970823,0.9945857634022293,-1.020581183115815,0.8737317410001734,,
93106-60-6,Enrofloxacin,0.03011744169001396,0.04064554621238579,0.3035995505109122,-0.7221853113979952,0.9137419286335137,-0.5140651761629413,0.6069235392239208,,
932-16-1,2-Acetyl-1-methylpyrrole,0.38593326599350375,0.44003353196363104,0.4671912258167136,-0.9970903036072247,1.5654895728717224,-0.6127489911444599,1.2121270419574086,,
933-75-5,"2,3,6-Trichlorophenol",-0.41867129090205885,-0.4224435959712881,0.33118472666424426,-1.479183622071871,0.47107135141177764,-1.0574461320669672,0.26591079741521545,,
933-78-8,"2,3,5-Trichlorophenol",-0.8002536955934884,-0.7991050834450693,0.3501542442220204,-1.8760312229208753,0.1484310878199588,-1.4475555354794025,-0.07343738585915892,,
93379-54-5,Esatenolol,0.29541918394465577,0.33151127288224247,0.5619925911316784,-1.2885545887944503,1.3758551070836804,-0.8414420870641682,1.2535900928470882,,
935-95-5,"2,3,5,6-Tetrachlorophenol",-0.7204818616411495,-0.7178433989845567,0.17472210335129193,-1.1419092642498094,-0.35033964500574777,-1.0520687344633004,-0.3797427351905732,7.0,-0.12466400403632921
93697-74-6,Pyrazosulfuron-ethyl,-0.7329841885923182,-0.7059726092659289,0.5942342703110063,-2.3462902549561964,0.7727725237136768,-1.9267262942322956,0.42012657919232177,,
937-20-2,"2,4'-Dichloroacetophenone",-0.3037952793355185,-0.30396881676870446,0.41450493834894053,-1.2267967450328436,0.8123461247116329,-1.0576494348215266,0.4440145222280546,,
938-55-6,"N(6),N(6)-Dimethyladenine",0.16671484111218285,0.23392472995002506,0.6007208912448948,-1.7214261833367457,2.065816983483083,-0.9393932905706427,1.3047670980232315,,
939-23-1,4-Phenylpyridine,-0.1469895814610102,-0.16429430410747764,0.4764017188486739,-1.236284204023842,1.2681766011521105,-0.977268690940711,0.9355342636963915,,
94-09-7,Benzocaine,0.21545551540503013,0.24751252867719334,0.2500647964059712,-0.7519784788566778,0.7697561473224891,-0.2824128941764186,0.6041334391047419,,
94-11-1,"2,4-D isopropyl ester",-0.9767255400661417,-0.9563174360934421,0.27978311889931123,-1.7484124467291102,-0.34539781776504624,-1.5529603140070025,-0.46699314024699634,,
94-13-3,Propylparaben,-0.1287364430906697,-0.1352551142450772,0.38213459123241866,-1.2300867604720596,0.7928197233401821,-0.900246270869443,0.584983890849319,,
94-18-8,Benzylparaben,-0.4146167273389899,-0.4139132588858412,0.44449805363062206,-1.7105528242888512,0.7580864586609573,-1.2365582017784127,0.5194682930701896,,
94-25-7,Butyl 4-aminobenzoate,-0.2833493171315814,-0.22098109366769447,0.6110601071526758,-2.067408830622254,1.1895192980795555,-1.4910213450786514,0.8487512518568818,,
94-26-8,Butylparaben,-0.4230316639102016,-0.4622663772104716,0.4817204297668009,-1.4442673627001572,1.700155180203441,-1.2139527961688426,0.595989098048407,,
94-62-2,Piperine,-0.6496732588473003,-0.6538089492115213,0.5483138546617918,-2.242626605453346,0.6469126239932268,-1.6954875083523653,0.46191593948898224,,
94-67-7,Salicylaldehyde oxime,-0.0402948768542847,-0.09291131936346422,0.4971749639801408,-1.3985043995602944,1.416587030957893,-0.9020956951695508,0.9104007465622083,,
94-74-6,MCPA,0.4576258690036747,0.4588102281352042,0.23886977787551025,-0.2862622584062189,1.042856847476164,-0.02368434421111287,0.9027755993554445,6.0,-2.1490068458741907
94-75-7,"2,4-Dichlorophenoxyacetic acid",0.3847483231234976,0.40048703651055456,0.17005498690038892,-0.07808377099422717,0.7829835540222221,0.012245989164064268,0.6730278681678334,32.0,0.13184441190656537
94-80-4,"2,4-D 1-butyl ester",-0.8872533258397317,-0.8647647103387825,0.23568560364765298,-1.6312613996310175,-0.3870505497553615,-1.3774160931811839,-0.5286732468384241,,
94-81-5,MCPB,-0.3396608662923113,-0.3230667259669116,0.3519410488303387,-1.5491851898742353,0.41169020497841907,-1.0531313820269583,0.26564212309727064,,
94-82-6,"2,4-DB",-0.06767689668532272,-0.05678970825642553,0.2746791511556972,-0.7580899978276674,0.6055530661233423,-0.6320883001601424,0.4323808629626949,,
94-96-2,"2-Ethyl-1,3-hexanediol",0.6499915045797324,0.627403767842715,0.4576175541499998,-0.47130265892141177,1.9207148877823739,-0.3221917297486803,1.5006677259759387,,
94005-98-8,"4-(4-Chloro-2-methylphenoxy)butyric acid, compound with dimethylamine (1:1)",-0.3761751863720241,-0.3938678130761964,0.37005428535355556,-1.5482840960026674,0.37930723043862574,-1.05210942765103,0.33499696175908467,,
94051-08-8,"2-[4-(6-chloroquinoxaline-2-yl-oxy)phenoxy]propanoic acid, (2R)-",-0.9483417845054565,-0.9500222441059796,0.5449949588545524,-2.50262643309537,0.7995266964514233,-2.065232670180585,-0.01631615983433632,,
94125-34-5,Prosulfuron,-1.1987488217985303,-1.2315147180505512,0.6744840720561592,-3.1799409222851827,0.6793790665922241,-2.639762408117777,0.25126054454731406,,
94361-06-5,Cyproconazole,-0.09961810523926908,-0.08751182834047648,0.32331969855534926,-0.9790125924080089,0.8699495476793518,-0.7894053618326881,0.5207422493861043,,
944-22-9,Fonofos,-1.9275001080178071,-1.9159169093577817,0.22254408468934558,-2.7023767230433395,-1.428012685915933,-2.51409962484327,-1.5602918590913304,5.0,-1.956891562328814
945-51-7,Phenyl sulfoxide,-0.14728087365673645,-0.1641544841009342,0.5545059653875405,-2.3010429640486914,1.711048952115679,-1.2920217792684434,1.0298783099141655,,
95-01-2,"2,4-Dihydroxybenzaldehyde",-0.009074816037265827,-0.0025052330656614528,0.4233944711295233,-1.0415605313472625,1.3711062960718288,-0.7740705380920783,0.7916635429924979,,
95-03-4,"Benzenamine, 5-chloro-2-methoxy-",-0.01555956605868524,-0.04881843789181473,0.5565566910431846,-1.7552715182508558,1.3526945554906782,-1.0023297916142144,1.0532761366379781,,
95-06-7,Sulfallate,-0.58316419365874,-0.5561473096727496,0.45670194283002946,-2.264126136442108,0.8196674731743353,-1.5758635045444158,0.16171231683462273,,
95-13-6,Indene,0.22885692938122798,0.23088986191583571,0.5102861838970709,-1.2407424226339545,1.468137312539186,-0.783174584752089,1.1616214733243666,,
95-14-7,"1,2,3-Benzotriazole",0.49408754302134644,0.4789355588672383,0.4887625975081605,-1.0636494485083003,1.7638560496544584,-0.5393679972511518,1.4185613509560524,,
95-15-8,Benzothiophene,0.11953313078954629,0.07883422860176123,0.39907325328597437,-0.9489753425277901,1.2674851344470868,-0.6989500621599405,0.8961130638438831,,
95-16-9,Benzothiazole,0.0950433504706469,0.10788770337554293,0.5071003805705456,-1.8926151923085386,1.3812390713815288,-0.8870321774225841,1.0294767411910482,,
95-47-6,ortho-Xylene,0.21987972383286902,0.2198232974282674,0.19264667355886636,-0.2012227210431587,0.7452828964337983,-0.1619706550897738,0.5665818469157488,5.0,1.0344757098456618
95-48-7,o-Cresol,0.2961796732957483,0.3064680936382383,0.17623582105519417,-0.4515329268116256,0.6925782738440608,-0.10148053458112102,0.5982440791559638,12.0,1.1055640237721152
95-49-8,2-Chlorotoluene,0.13646979796903347,0.13064080146064921,0.30572399974880016,-0.8138396935738602,0.7153875971745637,-0.5243422893348221,0.6679672649012149,,
95-50-1,"1,2-Dichlorobenzene",-0.13414324878061795,-0.11755744182023822,0.1528266708889978,-0.5594102623055406,0.2173430008214151,-0.4556254460542632,0.1383289888294942,13.0,0.2836493329341073
95-51-2,2-Chloroaniline,-0.2862067449289353,-0.2736696579640898,0.2807565959676443,-1.0204411059307978,0.42683775491370174,-0.8504489291579584,0.21028046103532785,,
95-52-3,2-Fluorotoluene,0.16745506614355152,0.23487302283061134,0.5093754199047568,-1.564774843078953,1.91713156775995,-0.7928999628140966,1.1700882054459558,,
95-53-4,2-Methylaniline,0.2984872770139341,0.3089426909263986,0.4129486427743252,-0.9603472587350913,1.2882532827586837,-0.5380037833660167,1.0440752873923869,,
95-56-7,2-Bromophenol,-0.2162844591177737,-0.19935081765158585,0.42177430118932735,-1.3963592219675434,1.2918951071377098,-1.1833909335793888,0.4689579682433186,,
95-57-8,2-Chlorophenol,0.13376202613164204,0.15101189110564495,0.1370237720548898,-0.3320651812177862,0.4481447152785947,-0.18387817249713959,0.35646504840721344,8.0,0.8768641706307138
95-63-6,"1,2,4-Trimethylbenzene",0.11027714541567284,0.11603017808194462,0.268123445013566,-0.5808374760623664,0.7916740959863723,-0.4021367372844296,0.6107241676432434,,
95-64-7,"3,4-Dimethylaniline",-0.02665493360854803,0.009896255418989917,0.4667388699451645,-1.2832872554180603,1.489805025566025,-0.954746491381347,0.7681090669347029,,
95-65-8,"3,4-Dimethylphenol",0.14076849295160282,0.15536483264179057,0.33745036686089264,-0.7791848821320122,1.5369975180989923,-0.5057749326394956,0.7871635346208163,,
95-68-1,"2,4-Dimethylaniline",0.27353330041473334,0.3028834740428002,0.4060178439491518,-0.8369039676393903,1.4596710987992334,-0.5779801605544607,1.0026694957590714,,
95-70-5,"2-Methyl-1,4-benzenediamine",-0.014071843695698605,0.016035230661321467,0.4824079617516991,-1.4968013534510063,1.1057919207182243,-0.9502094181983205,0.8357644342110332,,
95-72-7,"Benzene, 2-chloro-1,4-dimethyl-",-0.12185122674439239,-0.11235556700355298,0.6161642520415508,-1.7858389120756208,1.5628827455323038,-1.321377139471748,1.1281374255336478,,
95-73-8,"2,4-Dichlorotoluene",-0.5171110268479128,-0.4778986524820982,0.5830954356920315,-2.3901570332887707,0.9605877098114087,-1.7627434765211099,0.7579133237678205,,
95-74-9,3-Chloro-4-methylaniline,-0.2792305688574829,-0.2916466300786107,0.36684227639216455,-1.657083328967189,0.6647346580790203,-0.951252432932832,0.3985531606592425,,
95-75-0,"3,4-Dichlorotoluene",-0.454679629599779,-0.4497623244523469,0.4596180192734487,-1.5186155987303962,0.7708905810493908,-1.421070746593661,0.4460699663140901,,
95-76-1,"3,4-Dichloroaniline",-0.23456676788448472,-0.2304267051384273,0.11826740383475114,-0.6334924231566536,0.08118315937049174,-0.4620514861056928,0.014025714463250549,15.0,0.320727032131919
95-77-2,"3,4-Dichlorophenol",-0.3460472918507142,-0.3555951703005884,0.34747555103381117,-1.125379561754487,0.6563711384907795,-0.9982146996543375,0.3515861353687229,,
95-80-7,"2,4-Diaminotoluene",0.5367339149327751,0.5200540742154298,0.37817224064126015,-0.509580825778945,1.3896153162788312,-0.15460189347054112,1.2591079514408627,,
95-81-8,"Benzenamine, 2-chloro-5-methyl-",-0.3396148657436666,-0.3008441632306893,0.545937042611503,-1.9456119317104146,1.0254814858807388,-1.410321251601387,0.6135751632996719,,
95-82-9,"2,5-Dichloroaniline",-0.24081935951489936,-0.2664542415579323,0.46043814210114004,-1.4898880381877506,0.9040297878293674,-1.0755612049458079,0.6047082024682092,,
95-84-1,2-Amino-4-methylphenol,-0.1173530165907209,-0.13847908774501702,0.44513160679832126,-1.4357942819707592,0.9221036668455571,-0.9385289537933824,0.7621052327261986,,
95-87-4,"2,5-Dimethylphenol",-0.06692382784694287,-0.05468404677257381,0.360899260742591,-0.9881617698113353,0.8952041687131664,-0.7859710657751946,0.5829753845247868,,
95-88-5,4-Chlororesorcinol,0.14247746063018993,0.12532890751264275,0.38610447349613386,-1.142912046583621,1.1050586004133087,-0.6632410440422126,0.9332413025659709,,
95-92-1,Diethyl oxalate,0.6172794181871042,0.6241453040079235,0.4051167019374247,-0.5594005570910827,1.5463098445298322,-0.1984078712186055,1.4148578476099318,,
95-93-2,"1,2,4,5-Tetramethylbenzene",-0.0976257460740266,-0.08459195410081051,0.4217341082826839,-1.4531167938759186,1.1982861222742205,-0.992911186044346,0.6286470325670694,,
95-94-3,"1,2,4,5-Tetrachlorobenzene",-0.563889574802693,-0.5572957015365679,0.21763939017920328,-1.207865545695366,-0.07263872532135887,-0.9313311320463382,-0.18141166216019425,5.0,-0.015301493416408185
95-95-4,"2,4,5-Trichlorophenol",-0.747282079040838,-0.751634774716358,0.13355656124916018,-1.0572521157369486,-0.4351594339678677,-1.0022496515545964,-0.512226978694876,10.0,-0.1572405931022302
950-35-6,Methylparaoxon,-1.4916985812609411,-1.5096321588673538,0.47694826768401555,-2.679003668885308,0.4320521989223637,-2.42855265493486,-0.5270057767901424,,
950-37-8,Methidathion,-1.6902486742014742,-1.7060131068882973,0.19549284151555416,-2.2078633636994756,-1.1857477288578353,-2.106659439861959,-1.2769657736604358,9.0,-1.3773488868388395
950782-86-2,Indaziflam,-1.0610378640060458,-1.0672145531258268,0.3019773759440077,-1.9992710397063505,-0.3190621748927061,-1.7339500805547288,-0.5229984055975877,,
951-42-8,"Bicyclo[2.2.1]heptane-2-carbonitrile, 5-chloro-6-[[[(methylamino)carbonyl]oxy]imino]-, (1R,2S,4S,5S)-rel-",-0.3390945981119606,-0.31960329159367296,0.34353931654520764,-1.4280335433076496,0.43058363446440223,-1.095473268675106,0.2158553956138585,,
95266-40-3,Trinexapac-ethyl,0.24704437246181699,0.23797357637366656,0.3353949588206461,-0.5333127325761716,1.0916937054524654,-0.3693857892916271,0.8921907302109003,,
953-17-3,Methyl trithion,-1.471723176181975,-1.440119478832612,0.23922457011592968,-2.2299549756448895,-0.9765201505164115,-2.016343034555703,-1.0490509950114426,5.0,-1.048656173063051
95465-99-9,Cadusafos,-1.8561312743477878,-1.8282761060824664,0.3561453064190744,-2.7626058785212195,-0.6569452181067551,-2.5934090873039626,-1.209998685271797,,
955-83-9,"2,5-Diphenylfuran",-1.0326173437249784,-1.0138260954329834,0.6415909813412175,-2.4840635047807136,0.25030442634061484,-2.241337956247995,0.012202847586161365,,
956-48-9,"2,6-Dichloroindophenol",-0.9993834549551317,-0.9823886261492103,0.49315842497080253,-2.267466014921834,0.47970809538964304,-2.104667852397352,-0.09410523423522146,,
95617-09-7,Fenoxaprop,-1.3303807275313284,-1.2953049049148186,0.4716925302875824,-2.7852565987361806,-0.25450112497430455,-2.163773456288583,-0.40617084159529415,,
957-51-7,Diphenamid,0.40118625531592683,0.4199221513882464,0.2366094069157109,-0.12962402937536321,1.171004626475773,-0.0579877078053082,0.8810110341305224,5.0,1.6584992562607286
95737-68-1,Pyriproxyfen,-1.1925017393902535,-1.1588219445947825,0.23950383894993735,-1.8610623695864978,-0.4655990813859951,-1.641191195745682,-0.7668844966648467,,
959-98-8,Endosulfan I,-2.9654815613329673,-2.959185382703104,0.2759847233848655,-3.7021652834969365,-1.8868580960785644,-3.4854043303699815,-2.3911772809187166,7.0,-2.6510036280300584
96-05-9,Allyl methacrylate,-0.17221945436477018,-0.18780131991802834,0.4669727720455423,-1.411063256399388,1.3523537823862248,-1.0227161720558582,0.7403025357848418,,
96-09-3,Styrene oxide,0.07819131621481344,0.06337844789346644,0.3252150686627588,-1.2421360264808732,0.8770072102252976,-0.5044972001014489,0.7577900782637508,,
96-12-8,"1,2-Dibromo-3-chloropropane",-0.06772179421706705,-0.04437208995121193,0.3805789829158019,-1.4312338459669398,0.9007168241679203,-0.719344355351617,0.6502679105420387,,
96-13-9,"2,3-Dibromopropanol",0.6450436082014592,0.6431300051294659,0.34982925069189996,-0.3826759718306151,1.4512260645272756,-0.021858977782804045,1.3294710900830085,,
96-17-3,2-Methylbutanal,0.24065946553598663,0.2748105559599433,0.545284657818412,-1.2104334594796604,2.207255318112414,-0.886908128534753,1.4288426900472513,,
96-18-4,"1,2,3-Trichloropropane",-0.20733694151202964,-0.1907567359234817,0.29363145285358166,-1.097491748887512,0.6122388995519771,-0.8336589389256626,0.3840463362145735,,
96-22-0,3-Pentanone,1.1661468244807272,1.1731924181664461,0.3831619947695019,-0.4424738511293599,1.9783395848557528,0.4573054024333697,1.860601936901824,,
96-23-1,"1,3-Dichloro-2-propanol",0.885946083553936,0.883211618114995,0.4097695489718247,-0.49247589688740223,2.1025873944541553,0.0353628856748343,1.6049263528238196,,
96-24-2,"3-Chloro-1,2-propanediol",0.8950128292915508,0.8859531039479143,0.5195627177102399,-0.40263237651373146,2.0257733823948185,-0.20821223202390537,1.8509160364707018,,
96-29-7,2-Butanone oxime,0.694465285590712,0.7035716660356879,0.5413085107235031,-0.752821310424088,2.0103582976567163,-0.2905897022453076,1.7299431351641272,,
96-31-1,"N,N'-Dimethylurea",0.8264374221091699,0.849881113752188,0.57597374885693,-0.5844994032212619,2.4188622141960807,-0.1747189024910652,2.014252678999071,,
96-33-3,Methyl acrylate,0.168442140519623,0.13455868776009813,0.48663465399206096,-0.8866243888886115,1.3964640311685521,-0.7245316008243204,1.0531162157413176,,
96-41-3,Cyclopentanol,1.0895254597349888,1.1294310901894917,0.4602595136587796,-0.6864590202571504,2.009855439088876,-0.019495611245736497,1.8060214503526966,,
96-45-7,Ethylene thiourea,0.950988538223435,0.957160594521308,0.4454665231463316,-0.2175756646111,2.191393654768744,0.08761407383312876,1.815377172251054,,
96-80-0,2-(Diisopropylamino)ethanol,0.2758639292954699,0.2833685216112086,0.5708817742885913,-2.2523863715160255,1.880710283356112,-0.7310807002576446,1.385469711194205,,
96-91-3,"2-Amino-4,6-dinitrophenol",0.2769823171816087,0.26577914472284386,0.39826260843107225,-0.9455412272499749,1.4837317093604665,-0.5073348703307927,1.0528814440340706,,
960003-90-1,"S-[(2S)-Butan-2-yl] O-ethyl (S)-(2-oxo-1,3-thiazolidin-3-yl)phosphonothioate",-1.0270609282409078,-1.00499396755021,0.47360443642354044,-2.6565052124670046,0.29112102312644716,-1.933682681014727,-0.08583391523625619,,
960003-91-2,"S-[(2R)-Butan-2-yl] O-ethyl (R)-(2-oxo-1,3-thiazolidin-3-yl)phosphonothioate",-0.9586171029445077,-0.9566933283024723,0.5399966655981041,-2.416194794189478,0.33215222076526135,-2.035551631527083,0.0921250018868135,,
960003-92-3,"S-[(2R)-Butan-2-yl] O-ethyl (S)-(2-oxo-1,3-thiazolidin-3-yl)phosphonothioate",-0.9574060804388168,-0.9460691690589362,0.5094456014518144,-2.285877469428057,0.6721817308288295,-1.9247759120804535,-0.006764115373757083,,
960003-93-4,"S-[(2S)-Butan-2-yl] O-ethyl (R)-(2-oxo-1,3-thiazolidin-3-yl)phosphonothioate",-0.8834289361493465,-0.8900567940310858,0.48019026990658426,-2.1285988282983768,0.3204526314150794,-1.7541169261053724,0.09281401897451345,,
96182-53-5,Tebupirimfos,-2.2883590488794447,-2.29783937711862,0.34728969739032833,-3.2027781723418154,-1.2183866407417283,-2.9717284319900505,-1.6174234759555592,,
962-58-3,Diazoxon,-1.6144671145062142,-1.6721230479776308,0.5260893224449117,-3.1640391769823375,0.6809049151812346,-2.465870796499803,-0.5055309681054424,,
96489-71-3,Pyridaben,-2.909307867949581,-2.931842625652401,0.23551476917154554,-3.4581173446225746,-2.2752519638068596,-3.362817691332988,-2.407001763438473,,
97-00-7,"1-Chloro-2,4-dinitrobenzene",-0.69489466615913,-0.7076926068717957,0.38647141115710315,-1.7357802193891,0.3867998242677103,-1.4196009250688548,0.11087697614713338,,
97-02-9,"2,4-Dinitroaniline",-0.05222503311802765,-0.07466946690115088,0.3051712226177051,-0.9761331176709274,0.6111620995186071,-0.6138426936195684,0.47255841968349727,,
97-11-0,Cyclethrin,-1.3569033924412168,-1.337926183644444,0.6099352436491645,-2.681535534415321,0.6263312737696245,-2.492539201706435,-0.23227765374002593,,
97-17-6,Dichlofenthion,-1.337306766792822,-1.3543152030632057,0.2445002675601633,-2.067067571829678,-0.6808516460648346,-1.7949324053317244,-0.8842803289919027,,
97-23-4,Dichlorophen,-1.361984055859465,-1.3650559199152024,0.29823116970599334,-2.257925160383215,-0.49233873020961094,-1.9371263847647986,-0.7987596255592047,,
97-50-7,"5-Chloro-2,4-dimethoxyaniline",-0.35475531629485846,-0.34120061608823193,0.48607441538471835,-1.6086555882718954,0.9297583793598487,-1.2938288189805782,0.5986332800530423,,
97-53-0,Eugenol,0.25416774362426564,0.263558361774766,0.31802440502443996,-0.6821047835084564,1.060065628084606,-0.3442699473494806,0.8604722015485117,,
97-59-6,Allantoin,0.6511628630540323,0.6346961770642299,0.6275890647791168,-1.183046436393049,2.5715535575616646,-0.44030277616870084,1.88223925692875,,
97-64-3,Ethyl lactate,0.9086365215305859,0.9282893465358786,0.4220214874333673,-0.25603407792587785,1.9806567815817868,0.05916433168790352,1.688271330708048,,
97-74-5,Tetramethylthiuram monosulfide,-0.34226866727423216,-0.3221045895383756,0.44231079673949536,-1.7097255648518621,0.7373905592811572,-1.2094706409973328,0.45064568340370925,,
97-77-8,Disulfiram,-1.2522117642171713,-1.2559235619062252,0.43515812607256826,-2.2681791434529592,0.03140234667097161,-2.1849112476032153,-0.3475267688710856,,
97-78-9,N-Dodecanoyl-N-methylglycine,-0.5749370951437853,-0.5614058653225314,0.572995161492126,-1.9944636449716837,0.7982190950052707,-1.7396819800201375,0.42210850853680915,,
97-99-4,Tetrahydrofurfuryl alcohol,0.908836090772575,0.926562171139908,0.5426140079141252,-0.41050145411887556,2.1788656597290497,-0.1929858257424406,1.8541088239734196,,
971-66-4,Pyridine-triphenylborane,-0.9449224346806997,-0.9406299241719497,0.6584781323001172,-2.8650691697557806,1.1084202658011129,-2.3368736784343254,0.22605417052932983,,
973-21-7,Dinobuton,-2.206466092126673,-2.1808897551755075,0.3341031159935991,-2.9656588190720563,-1.499675083677531,-2.861230995695564,-1.5976462539879221,,
97553-90-7,"Methanol, (((1-methyl-2-(5-methyl-3-oxazolidinyl)ethoxy)methoxy)methoxy)-",0.23077284877137408,0.2526660723046451,0.5191474565888966,-1.617929367564928,1.4469405479017543,-0.9224221929639618,1.1301040226243748,,
97886-45-8,Dithiopyr,-1.1323299093224173,-1.117787196655143,0.26413746099718965,-1.9471344825075292,-0.5105364190400837,-1.7110817126090516,-0.6642451462580252,,
98-00-0,Furfuryl alcohol,0.8645384399048871,0.8556550469600179,0.4122492004893622,-0.6689082944784807,1.944704152900913,0.06714987721144672,1.594762042077966,,
98-01-1,Furfural,0.3973685237784257,0.41455540089433723,0.16250702449043108,-0.04483999470041151,0.8053189824833373,0.05745652886582254,0.6705438394861811,7.0,1.3096987814606311
98-04-4,Phenyltrimethylammonium iodide,0.34254214679274475,0.42995880548466464,0.5642394114149663,-1.149942610173847,1.9193680155575195,-0.7522634909466739,1.335369049209544,,
98-05-5,Benzenearsonic acid,0.7164988055918529,0.7258128402284415,0.4234531403889656,-0.4012412683045611,1.7695201839645913,-0.09675969624376096,1.4978757593710674,,
98-06-6,tert-Butylbenzene,0.10903614532214588,0.12027495621732473,0.454352253194269,-1.246774693411582,1.6129647598748171,-0.6857413082320359,0.8594995489196025,,
98-08-8,Benzotrifluoride,-0.15483081287442368,-0.1216452894831851,0.5265345096704748,-1.4942991412594757,1.6222632434110325,-1.1313365375981619,0.8857401465960967,,
98-09-9,Benzenesulfonyl chloride,-0.25387350033497685,-0.2628261907757758,0.5003188401041399,-1.5131084416287393,1.5656822001634534,-1.1389384586830775,0.7425893296877486,,
98-11-3,Benzenesulfonic acid,0.9056901726040155,0.9452927207310668,0.487033064888473,-0.7178930431200841,1.843162633398276,-0.118024870124422,1.6883947953803573,,
98-16-8,3-(Trifluoromethyl)aniline,-0.28788851657354914,-0.3155163492059586,0.49778558412698765,-1.4752544360536877,1.2819809813230059,-1.1880043242412155,0.8438160275449778,,
98-17-9,3-(Trifluoromethyl)phenol,-0.056532144018239895,-0.0361143999212022,0.4300897212607125,-1.0813058380167677,0.9558418333897933,-0.9179628342140912,0.6649452226676238,,
98-33-9,"Benzenesulfonic acid, 4-amino-3-methyl-",0.3703924645954369,0.37484798306451195,0.476555047995637,-1.175876362430134,1.8742997431524966,-0.5946362623599911,1.256541897432258,,
98-50-0,(4-Aminophenyl)arsonic acid,0.14647246715246454,0.120449945154945,0.539608800989767,-1.4622631697361348,1.9661557221510961,-0.7933215877329538,1.1774005448500704,,
98-51-1,4-tert-Butyltoluene,-0.39262287612850344,-0.44305667299787843,0.5559966218683036,-1.6692104193120387,1.223916229341871,-1.479326511860884,0.6649638097571456,,
98-54-4,4-tert-Butylphenol,-0.14876827943452015,-0.12258581356044487,0.20247842331588256,-0.6361345463509233,0.3378127098305387,-0.5258893178979321,0.22110062030977687,,
98-55-5,alpha-Terpineol,-0.21231838924936827,-0.20343839111766948,0.340903214989354,-1.2053419800815008,0.8319537379998551,-0.9054730420471513,0.40477819150562117,,
98-69-1,4-Ethylbenzenesulfonic acid,0.042748988315863656,-0.002396737895322471,0.5039838213842427,-1.0695698234138553,1.630251164587594,-0.9277233253407225,1.0419154598055786,,
98-73-7,4-tert-Butylbenzoic acid,-0.24668266367858982,-0.28235074226300627,0.4338234960633447,-1.5411784254302436,1.0905142096308824,-1.0404679575604598,0.5189229005230956,,
98-82-8,Cumene,-0.013018905432577223,-0.01423055324756798,0.24091232116153274,-0.6013303614628615,0.7420974365555312,-0.4420558495162716,0.422222938806519,,
98-86-2,Acetophenone,0.6234371239117174,0.6204488831293657,0.36301318641151914,-0.364625441596525,1.8540224390345046,-0.1341700352625138,1.2442189183806833,,
98-88-4,Benzoyl chloride,0.44200797946607373,0.4640636471958789,0.3281272813252828,-0.4115543899312111,1.3631983296278973,-0.21253801046526885,1.0386397504139613,,
98-95-3,Nitrobenzene,0.46028102144287913,0.4655899595991265,0.17164117210680305,0.007093254051877198,0.8517427428139845,0.10288483906903964,0.7953862181250316,10.0,0.8673019282657303
98079-51-7,Lomefloxacin,-0.5027038693995126,-0.4496468151227156,0.5520585079330095,-1.825714239255632,1.288376321083647,-1.6161949423234538,0.46953341738659393,,
98886-44-3,Fosthiazate,-0.3922728787997059,-0.38246370335394597,0.3324941321261908,-1.3307058963211045,0.6252104056316029,-1.0142371893345146,0.2909605091770992,,
98967-40-9,Flumetsulam,0.1169825391679949,0.1646130161341406,0.45581043963857637,-1.14719657551959,1.348428615330746,-0.7887105301985996,0.8702600175498081,,
99-03-6,3-Aminoacetophenone,0.37337567642829794,0.4309680362186844,0.5803589066747202,-1.0575053611884981,1.6519425366397817,-0.7153606640881321,1.426975498194371,,
99-06-9,3-Hydroxybenzoic acid,0.9279467611965692,0.9276106383392126,0.4333762606377593,-0.11448729564840067,2.069807028069491,0.08848549177269058,1.8199006914647131,,
99-08-1,3-Nitrotoluene,0.045768184305387996,0.07163748466737531,0.2726627170144097,-0.8213364726442519,0.6666654710605284,-0.5494064006563113,0.5336781908295642,,
99-09-2,3-Nitroaniline,0.18785634861406172,0.2163098304052982,0.3415107858191112,-0.6384930517147754,1.1388081916384432,-0.4991925896407864,0.7847806826980627,,
99-10-5,"Benzoic acid, 3,5-dihydroxy-",0.8972834491190812,0.9336139445712763,0.474551931630044,-0.5052191199636845,1.9620566823576304,-0.16551606524052576,1.7324140552821354,,
99-11-6,Citrazinic acid,0.2967044059179183,0.31952423063987934,0.5676433278327612,-1.7903991072653473,2.139573590121365,-0.6606490834986017,1.3035866483129588,,
99-28-5,"2,6-Dibromo-4-nitrophenol",-0.6959070928842107,-0.6443382676002615,0.4653961460368319,-1.9140919833576973,0.4812470156218304,-1.754735735073807,0.09389947641467138,,
99-30-9,Dicloran,-0.4827796695997027,-0.4644221416459299,0.27821633433748433,-1.2617375606141412,0.2678356026905505,-1.0579835212050541,-0.031131553567916408,,
99-35-4,"1,3,5-Trinitrobenzene",-0.8031519880964808,-0.8066124040830418,0.22611938877032864,-1.4029362912988672,-0.18542405781725746,-1.2028823589959399,-0.34106060525730647,,
99-40-1,4-(Chloroacetyl)catechol,-0.17063045659253803,-0.20887329384973413,0.5481959416452318,-1.4918255018553073,1.4172878011941177,-1.2165717848075392,1.0355796147713232,,
99-50-3,"3,4-Dihydroxybenzoic acid",0.6993827989237176,0.725178745288132,0.5479253027000651,-0.7605319089116738,2.024778060119657,-0.4649056538420894,1.6327867508373708,,
99-51-4,"1,2-Dimethyl-4-nitrobenzene",0.05518003388085732,0.0792292705540509,0.44946122776277475,-0.980732659733533,1.181204232777166,-0.8541574341686,0.9376472197260949,,
99-52-5,2-Methyl-4-nitroaniline,0.16738843927527466,0.1616336883249221,0.5140196841208939,-1.4786360980947888,1.5221225072320255,-0.8673289310382213,1.0204517800647346,,
99-55-8,2-Methyl-5-nitroaniline,0.3182984032778463,0.3135420562695147,0.3416141048472882,-0.5063659976698341,1.214582776168185,-0.3846778840551329,0.9572798745483913,,
99-57-0,2-Amino-4-nitrophenol,-0.21142894753354916,-0.18111309702532363,0.5782626861947973,-1.82876082735239,1.485413092338597,-1.3663003356406018,0.9847378916495004,,
99-61-6,3-Nitrobenzaldehyde,-0.22199381323881706,-0.18779206947952992,0.42370939690078374,-1.4961518714974906,0.8226780109966009,-1.1521519736374015,0.47512166162634784,,
99-62-7,"1,3-Diisopropylbenzene",-0.49030519250970855,-0.5136320999596384,0.42382912022479213,-1.6658759617580725,0.853192586824835,-1.287559642183497,0.3156478105283859,,
99-65-0,"1,3-Dinitrobenzene",-0.29457033730126764,-0.3005135518823543,0.1942762433717197,-0.8266955289076029,0.38758549214040955,-0.6699023473620863,0.07661580755800354,,
99-71-8,4-(Butan-2-yl)phenol,-0.40004057632516876,-0.398470389318657,0.516141908712259,-1.7367950898835116,1.0637169566364544,-1.4388286301173907,0.5328633039888091,,
99-76-3,Methylparaben,0.332027384671054,0.3335618469004379,0.379153262135898,-0.6567062445763804,1.1928315391350728,-0.3988187361389836,1.0246035710877088,,
99-85-4,gamma-Terpinene,-0.2192205349320685,-0.2221143259378928,0.5441166806462946,-1.6810277256021602,1.3681855317339795,-1.2279116609392398,0.7872142224559942,,
99-86-5,alpha-Terpinene,-0.4637596345267134,-0.4606042635747153,0.3216052283953811,-1.4689497476259794,0.8041352378718429,-1.10891004586616,0.12916491317861512,,
99-87-6,p-Cymene,0.25944606533516656,0.2651917655620754,0.25041264957735176,-0.39779175472544964,1.024099032537308,-0.1906832790625468,0.7353166586259119,,
99-92-3,4-Aminoacetophenone,0.04388753883906446,0.04008652727146832,0.5309623170406034,-1.178598421260871,1.5552620992761337,-0.9973497147513884,1.0790262037543707,,
99-96-7,4-Hydroxybenzoic acid,0.9499131378906699,0.9787101532842309,0.3901227303228609,-0.23233008700274344,1.8587451156080217,0.1502343992549106,1.6258321736817098,,
99-97-8,"N,N,4-Trimethylaniline",0.21213307039197266,0.2208013489495156,0.33982025937515187,-0.6356293967877666,0.9993719721592745,-0.463125392438005,0.8507718920893247,,
99-99-0,4-Nitrotoluene,0.07839177468552153,0.06325496693400781,0.26506341653295684,-0.7903639740570446,0.9789874495502047,-0.44953147378722386,0.5785355787342482,,
99129-21-2,Clethodim,0.2874793945254769,0.3173709573207522,0.24297340604882592,-0.5089219451872442,0.8377936586288259,-0.18710464466370763,0.7084122942763511,,
99300-78-4,Venlafaxine hydrochloride,-0.5038410250483686,-0.44954795801091996,0.6275297385994701,-2.4289629090308686,0.9307654591576875,-1.8211379420427936,0.5784602650549117,,
99685-96-8,Fullerene C60,-2.334662964334958,-2.317137974507049,0.7055231751726138,-4.905579352267216,-0.8064063333155436,-3.6551043356716124,-0.9290709459666979,,
999-61-1,2-Hydroxypropyl acrylate,-0.15221492923201937,-0.18376979923906506,0.41212393376938966,-1.232070395495004,1.548834466209768,-0.9183330176137504,0.6424046790941635,,
999-81-5,Chlormequat chloride,0.9410365019228608,0.9682855010731171,0.3978831458332888,-0.2719731861868357,1.841272240421688,0.15288298566173386,1.6643913676098578,,
