CAS,chemical_name,n_species_observed,n_species_predicted,hc5_traditional,hc5_trad_mu,hc5_trad_sigma,hc5_mc_median,hc5_mc_lower_95,hc5_mc_upper_95,hc5_mc_ci_width
109-89-7,Diethylamine,2,1267,,,,-0.33701106033556943,-0.5020980270125136,-0.175600236726682,0.3264977902858316
647-42-7,"3,3,4,4,5,5,6,6,7,7,8,8,8-Tridecafluorooctan-1-ol",1,1267,,,,-4.209045597644934,-4.500105030099897,-3.9074943849030834,0.5926106451968138
7553-56-2,Iodine,1,1267,,,,-2.032879514792073,-2.1725630382280112,-1.8983268634465535,0.2742361747814577
693-54-9,2-Decanone,1,1267,,,,-1.782954816989135,-1.940841662824682,-1.6242978861504476,0.3165437766742345
447-53-0,"1,2-Dihydronaphthalene",1,1267,,,,-2.309273383469759,-2.53573718214433,-2.0923623982117476,0.44337478393258234
18240-68-1,"2,2-dichloropentanoic Acid",1,1267,,,,-2.624622108235939,-2.881775501703874,-2.371321807972242,0.5104536937316322
96-24-2,"3-Chloro-1,2-propanediol",1,1267,,,,-1.250133613774583,-1.445173804372477,-1.039508776816092,0.4056650275563851
15307-86-5,Diclofenac,4,1267,,,,-1.6535529978103474,-1.8319831090204548,-1.4836205185311557,0.3483625904892991
18181-70-9,Iodenphos,2,1267,,,,-3.154199112645582,-3.3249658836751164,-3.001580449842163,0.32338543383295315
5598-13-0,Chlorpyrifos-methyl,8,1267,-4.820481788016554,-1.831956073967582,1.8168946252000702,-3.501369954146879,-3.650442117570174,-3.3653597487539506,0.2850823688162234
189-55-9,"Dibenzo[a,i]pyrene",1,1267,,,,-4.141129355708584,-4.357833039994343,-3.9314459855410786,0.42638705445326464
2274-99-9,"Phosphorothioic acid, S,S'-benzylidene O,O,O',O'-tetramethyl ester",3,1267,,,,-2.9245401245810543,-3.082962749092572,-2.7812957999245094,0.3016669491680628
17109-36-3,"3-tert-Butyl-2',5-dichloro-4'-nitro-2,6-cresotanilide",3,1267,,,,-3.7269175804655963,-3.844658672086193,-3.619500443191032,0.22515822889516102
100986-85-4,Levofloxacin,2,1267,,,,-1.6020959014291796,-1.7632469213512634,-1.438678201940465,0.32456871941079846
1763-23-1,PFOS,2,1267,,,,-1.847384442084198,-2.0356511615762654,-1.6877401234989304,0.3479110380773349
84-11-7,"9,10-Phenanthrenedione",1,1267,,,,-2.163882675360888,-2.326359372715027,-2.0091023916637587,0.3172569810512682
31557-34-3,"2-Methoxy-3,5,6-trichloropyridine",6,1267,-0.0058930650726363165,0.3801223715321958,0.234680721907312,-1.6530393564800283,-1.779545911822282,-1.5200717009849118,0.2594742108373702
115104-28-4,MK-571,1,1267,,,,-3.283893705624477,-3.5094056951958517,-3.0637904061900927,0.445615289005759
124-40-3,Dimethylamine,2,1267,,,,-0.5173553181178309,-0.6934876334507367,-0.33072386828579003,0.3627637651649467
107534-96-3,Tebuconazole,2,1267,,,,-1.414017159116117,-1.5488124931986234,-1.2873248058274882,0.26148768737113515
306-52-5,Triclofos,1,1267,,,,-2.1381207359574224,-2.342519641492675,-1.949828633774221,0.3926910077184542
110-16-7,Maleic acid,1,1267,,,,-1.5747516708644673,-1.7658309701523145,-1.3741511937244668,0.3916797764278477
7783-00-8,Selenious acid,2,1267,,,,-1.160405464643822,-1.2797892831787112,-1.0341514508901546,0.24563783228855662
1332-65-6,Copper oxychloride,1,1267,,,,-1.0048791076298438,-1.1467024756018283,-0.8649251243507917,0.28177735125103653
53-70-3,"Dibenz(a,h)anthracene",1,1267,,,,-4.254333070091116,-4.496084833138858,-4.025979679604739,0.47010515353411897
13356-08-6,Fenbutatin oxide,1,1267,,,,-5.619265806348428,-5.851485190568239,-5.399986066189611,0.4514991243786275
789-02-6,"o,p'-DDT",1,1267,,,,-3.6798785482715606,-3.8816806974864813,-3.4986873068697424,0.38299339061673887
1634-78-2,Malaoxon,2,1267,,,,-3.2814057744714784,-3.4646021280123542,-3.102177761837663,0.3624243661746913
1420-06-0,Trifenmorph,5,1267,-1.4635943702006013,-0.8016776044540022,0.40241681989258693,-2.5308204276432087,-2.6608285698477467,-2.391468208887543,0.26936036096020377
1192-89-8,"Mercury, bromophenyl-",5,1267,-0.5526560440632362,0.3989831229256023,0.5785555330856891,-2.21903179168761,-2.3912312668578957,-2.052522447405813,0.33870881945208264
5221-49-8,Pyrimitate,1,1267,,,,-2.543125580949468,-2.7399519787600615,-2.3534767134236843,0.3864752653363772
2437-79-8,"2,2',4,4'-Tetrachlorobiphenyl",1,1267,,,,-3.3237653063991517,-3.490431764261071,-3.1516159971566324,0.3388157671044385
50-44-2,6-Mercaptopurine,1,1267,,,,-2.061039297494461,-2.2853723018576653,-1.8604759834804458,0.4248963183772194
1085-98-9,Dichlofluanid,3,1267,,,,-2.557122752458695,-2.715278663424824,-2.408639501734966,0.30663916168985805
7447-39-4,Copper(II) chloride,48,1267,-2.451541877348933,-0.5918351548006898,1.1306214073254488,-2.5699575900596545,-2.7056168382799424,-2.4381982837223015,0.26741855455764085
104-40-5,4-Nonylphenol,23,1267,-1.5871900395666692,-0.8940281578402471,0.42141250161639576,-2.3511501141171203,-2.470050490037418,-2.2390433152956493,0.23100717474176857
6923-22-4,Monocrotophos,13,1267,-0.5125780388148787,0.8865452277444444,0.8506065485914515,-2.196734895220371,-2.354965263382686,-2.0278066521202174,0.3271586112624685
33719-74-3,"3,5-Dichloroanisole",1,1267,,,,-1.994166079177584,-2.178502477519334,-1.821349916256762,0.3571525612625719
79-43-6,Dichloroacetic acid,1,1267,,,,-0.7004201540445935,-0.8547157037282063,-0.5372615313322736,0.31745417239593265
151-21-3,Sodium dodecyl sulfate,41,1267,-0.009330153664897423,0.7858855975490524,0.48345684879437034,-1.0140613254322242,-1.1438469260082444,-0.8927215361785139,0.25112538982973054
879-39-0,"2,3,4,5-Tetrachloronitrobenzene",1,1267,,,,-4.545330637778017,-4.8346081379237615,-4.264385661434182,0.5702224764895796
62-73-7,Dichlorvos,61,1267,-2.4664052000461365,-0.19870190948609726,1.3786657082447749,-2.787389538782074,-2.941021407786255,-2.6486316642992334,0.29238974348702174
98-50-0,(4-Aminophenyl)arsonic acid,1,1267,,,,-2.0862371551683916,-2.3050608681900298,-1.8839900254546222,0.4210708427354075
121-54-0,Benzethonium chloride,5,1267,-1.238835460692424,0.1333141587770172,0.8342077355615807,-1.8662714211391873,-2.014478094360064,-1.7196433384435876,0.29483475591647657
106-48-9,4-Chlorophenol,9,1267,0.33096755731278754,0.7427019064774965,0.2503167105074305,-1.008550115157131,-1.1326175994068983,-0.8934516540206309,0.23916594538626745
75-08-1,Ethanethiol,1,1267,,,,-2.82865601870375,-3.117068723407135,-2.559262115545967,0.5578066078611679
97-78-9,N-Dodecanoyl-N-methylglycine,1,1267,,,,-3.059987289492099,-3.308561127115521,-2.8352249100878693,0.4733362170276516
28288-05-3,Butethrin,1,1267,,,,-3.157792944123016,-3.338597986541098,-2.988268064982885,0.3503299215582132
2682-20-4,2-Methyl-3(2H)-isothiazolone,1,1267,,,,-2.4445845979859016,-2.6208472529727906,-2.2799324819642295,0.34091477100856116
17321-77-6,Clomipramine hydrochloride,1,1267,,,,-3.622220143575956,-3.870380183695505,-3.394736873184311,0.4756433105111939
4224-70-8,"Hexanoic acid, 6-bromo-",1,1267,,,,-2.6470220362740324,-2.893883300337813,-2.4179393460763556,0.4759439542614574
1928-43-4,"2,4-D 2-EHE",1,1267,,,,-2.7294432942387847,-2.9403091077213177,-2.5426840170025296,0.39762509071878815
1861-40-1,Benfluralin,3,1267,,,,-2.3653373769292196,-2.509787308406582,-2.2305128192826467,0.27927448912393515
100-52-7,Benzaldehyde,7,1267,0.12109701395126182,0.7987400206804569,0.4119776955382469,-1.0586443635926588,-1.1890143267665687,-0.9303181367650827,0.258696190001486
161326-34-7,Fenamidone,1,1267,,,,-2.5113480717252576,-2.663729347403723,-2.364425132884506,0.2993042145192173
3698-83-7,"1,3-Dichloro-4,6-dinitrobenzene",5,1267,-1.680797261307721,-1.4180227940316485,0.15975553263246378,-2.8115954001904444,-2.9285288809801284,-2.689421963611925,0.23910691736820322
39765-80-5,trans-Nonachlor,1,1267,,,,-4.095650893509905,-4.311713218184479,-3.88093696027049,0.43077625791398866
37853-59-1,"1,2-Bis(2,4,6-tribromophenoxy)ethane",3,1267,,,,-1.4759680113822218,-1.702792633408496,-1.2720320765409039,0.43076055686759207
127-19-5,"N,N-Dimethylacetamide",1,1267,,,,-0.9175603375801327,-1.1104019004257624,-0.716396387927032,0.3940055124987304
81-50-5,"9,10-Anthracenedione, 1-amino-4-bromo-2-methyl-",1,1267,,,,-3.471093091995086,-3.7109510884043955,-3.242256138309634,0.46869495009476125
451-13-8,"Benzeneacetic acid, 2,5-dihydroxy-",1,1267,,,,-2.3498601411532896,-2.581816258547974,-2.132270577567843,0.44954568098013103
586-11-8,"Phenol, 3,5-dinitro-",1,1267,,,,-3.5204588691500494,-3.8168761880353252,-3.2400267363271418,0.5768494517081835
2201-15-2,"Cyclohexanamine, N-ethyl-1-phenyl-",1,1267,,,,-2.6332009905785227,-2.870733651171469,-2.4269983540919555,0.44373529707951365
2939-80-2,cis-Captafol,1,1267,,,,-2.757394127537569,-2.9197869324105983,-2.6052462894186315,0.3145406429919668
5464-71-1,Octyl 2-hydroxypropanoate,1,1267,,,,-1.857673210430175,-2.053504565876149,-1.670953513662891,0.3825510522132578
598-16-3,Tribromoethene,3,1267,,,,-1.6011833508103939,-1.7593585672411836,-1.4611174774475673,0.2982410897936163
28772-56-7,Bromadiolone,1,1267,,,,-3.0271209100945335,-3.2118727684880457,-2.8442561790727257,0.36761658941532005
59-00-7,Xanthurenic acid,1,1267,,,,-1.968341005673592,-2.1614578749386615,-1.7726907230166127,0.3887671519220488
495-54-5,C.I. Basic Orange 2- parent (Chrysoidine free base),1,1267,,,,-3.464770844180376,-3.6975086717545915,-3.250500121010454,0.4470085507441377
115-77-5,Pentaerythritol,1,1267,,,,-2.260306653871639,-2.5690515820870226,-1.9685465292766056,0.600505052810417
50594-66-6,Acifluorfen,1,1267,,,,-3.2559423423590146,-3.4982782642375585,-3.0413766127578588,0.45690165147969974
121-88-0,2-Amino-5-nitrophenol,1,1267,,,,-3.6441035550069616,-3.951724118661348,-3.3710783454481077,0.5806457732132402
83601-83-6,Mefluidide-potassium,1,1267,,,,-3.5133026707052237,-3.8180072607193454,-3.2279765634789745,0.5900306972403708
576-26-1,"2,6-Dimethylphenol",1,1267,,,,-1.3521682233353463,-1.5178085506158694,-1.195553861508444,0.3222546891074254
1478-61-1,Bisphenol AF,1,1267,,,,-2.531939808579777,-2.6950351946288227,-2.3787149626409265,0.31632023198789616
27344-41-8,"Disodium 4,4'-bis(2-sulfostyryl)biphenyl",1,1267,,,,-1.4163744155665872,-1.5822101541503397,-1.2284427209547126,0.3537674331956271
319-84-6,"alpha-1,2,3,4,5,6-Hexachlorocyclohexane",8,1267,-1.2441348947882633,-0.45959716727409106,0.47696507133477484,-2.377134534808365,-2.527181785813875,-2.2449273826999843,0.2822544031138907
51384-51-1,Metoprolol,2,1267,,,,-1.557296208117721,-1.727089966364863,-1.3964619263404787,0.3306280400243842
58-08-2,Caffeine,3,1267,,,,-0.6347811281864408,-0.7867222972232754,-0.48331652426023586,0.3034057729630395
131-91-9,"2-Naphthalenol, 1-nitroso-",1,1267,,,,-2.899919414518267,-3.111592044833748,-2.698982853585665,0.4126091912480834
1013-23-6,Dibenzothiopene 5-oxide,1,1267,,,,-2.9732160192776322,-3.230329037771881,-2.73204191205945,0.49828712571243106
122453-73-0,Chlorfenapyr,3,1267,,,,-3.5059628096129387,-3.6585937263570214,-3.3673991652054007,0.2911945611516207
121-73-3,1-Chloro-3-nitrobenzene,2,1267,,,,-1.4219883389750765,-1.5583313658780835,-1.2765555806029998,0.28177578527508373
16752-77-5,Methomyl,20,1267,-2.725668911912633,-0.9950136918352841,1.0521636647297905,-2.2515779376622578,-2.3643890164878014,-2.1417817671438613,0.22260724934394016
72-54-8,"p,p'-DDD",9,1267,-3.455769533302081,-1.76285166056434,1.029220986596448,-3.3806806319826213,-3.511359142131257,-3.25389682606124,0.2574623160700171
58-90-2,"2,3,4,6-Tetrachlorophenol",5,1267,-1.4831638704127985,-0.5999351770908549,0.5369649182455802,-2.0677601248725903,-2.2117910876880096,-1.934581097271087,0.2772099904169225
67-68-5,Dimethyl sulfoxide,4,1267,,,,1.0872249761778232,0.9126751989258314,1.2784162825063359,0.3657410835805045
150-76-5,4-Methoxyphenol,1,1267,,,,-1.0162677843732162,-1.1759244770346453,-0.8597072300879115,0.3162172469467338
1194-65-6,Dichlobenil,20,1267,0.5271824580991344,0.8960525100003146,0.22425706814097124,-1.086323730227578,-1.2060297586787445,-0.9526441059359505,0.253385652742794
554-01-8,5-Methylcytosine,1,1267,,,,-3.2958018045081197,-3.653994444677498,-2.959556380858872,0.6944380638186258
87-62-7,"2,6-Dimethylaniline",1,1267,,,,-1.8327073843074637,-2.057579845722703,-1.6369870943389122,0.4205927513837908
4170-30-3,Crotonaldehyde,1,1267,,,,-1.6216208190245207,-1.7539470484773023,-1.4880456809427631,0.2659013675345392
584-84-9,"Toluene-2,4-diisocyanate",1,1267,,,,-0.8267100068371982,-0.9688584024691249,-0.67611298576249,0.2927454167066349
556-56-9,"1-Propene, 3-iodo-",1,1267,,,,-2.4146880190546463,-2.633463941808106,-2.211485963142787,0.42197797866531905
592-41-6,1-Hexene,2,1267,,,,-0.686662983888933,-0.8331923084485132,-0.5344396377486563,0.2987526706998569
931-53-3,Cyclohexyl isocyanide,1,1267,,,,-1.8734888746772735,-2.07924040731641,-1.6777028363054745,0.40153757101093546
95465-99-9,Cadusafos,4,1267,,,,-2.9844639564200026,-3.1280778175190296,-2.843598820492966,0.2844789970260635
118-91-2,2-Chlorobenzoic acid,1,1267,,,,-1.5965365849258693,-1.7841729967183648,-1.4093585392716852,0.3748144574466796
318-98-9,Propranolol hydrochloride,3,1267,,,,-2.89438552640142,-3.095659550326,-2.713683332341069,0.38197621798493087
4189-47-3,2-Hydroxypropyl bromoacetate,1,1267,,,,-2.0753898049100514,-2.2574161488176174,-1.8839987418399018,0.37341740697771564
500-22-1,3-Pyridinecarboxaldehyde,1,1267,,,,-1.3924414812423367,-1.5719157435396918,-1.2080786725684889,0.3638370709712029
700-38-9,6-Nitro-m-cresol,1,1267,,,,-1.4557954059877245,-1.6291066548923978,-1.2807742840724496,0.34833237081994817
59-31-4,2(1H)-Quinolinone,1,1267,,,,-2.6500932160753097,-2.908120097171621,-2.3917431105263542,0.5163769866452665
10043-52-4,Calcium chloride,11,1267,2.42683439325603,3.3117556116743434,0.5379939004411003,0.7463196648576812,0.5814139124428633,0.8974431078442092,0.3160291954013459
83-32-9,Acenaphthene,7,1267,-0.6786143901196037,-0.1856319696047535,0.2997120305644037,-1.6977973502899437,-1.8223983887295652,-1.5812079536438557,0.24119043508570948
1461-25-2,Tetrabutyltin,2,1267,,,,-4.094570117420628,-4.313582878537623,-3.8810647532694307,0.43251812526819267
588-59-0,"Benzene, 1,1'-(1,2-ethenediyl)bis-",1,1267,,,,-1.9749093369548099,-2.152793212787335,-1.796377777271811,0.3564154355155238
5989-54-8,(S)-Limonene,1,1267,,,,-2.1486549380399684,-2.3614441247266473,-1.9571340753009365,0.4043100494257108
422-64-0,Pentafluoropropionic acid,1,1267,,,,-1.9626367741111976,-2.1727454212435706,-1.762672817127237,0.4100726041163336
374726-62-2,Mandipropamid,1,1267,,,,-2.2398451198596563,-2.4121554284516873,-2.0702446139272777,0.34191081452440963
3347-22-6,Dithianon,1,1267,,,,-3.411927526274803,-3.552339271528158,-3.281331811778644,0.271007459749514
55-86-7,Nitrogen mustard hydrochloride,2,1267,,,,-1.2328327397409455,-1.372203586039778,-1.0913639270403959,0.28083965899938224
51-79-6,Urethane,1,1267,,,,-0.5404946793774136,-0.7309172128594333,-0.3410166589062567,0.38990055395317663
129-67-9,Disodium endothal,4,1267,,,,-1.3593090855099184,-1.5430249832900975,-1.1773186076700222,0.36570637562007535
7558-79-4,Dibasic sodium phosphate,1,1267,,,,-0.7096434894027845,-0.931066110350355,-0.49425909097183346,0.43680701937852157
301-04-2,Lead(II) acetate,9,1267,-0.40028734714951775,0.7804706411057697,0.7178498857941982,-1.4178658728484428,-1.5586624715357356,-1.273192621848025,0.2854698496877106
1929-88-0,Benzthiazuron,1,1267,,,,-1.4069096204730764,-1.5906551074843933,-1.224564487559731,0.3660906199246623
3055-97-8,Heptaethylene glycol monododecyl ether,1,1267,,,,-4.012385622909969,-4.273535788468399,-3.7878338027622016,0.48570198570619727
532-55-8,Benzoyl isothiocyanate,2,1267,,,,-2.0307592115290887,-2.2394234024767545,-1.8344663704107407,0.40495703206601386
139-07-1,Benzyldimethyldodecylammonium chloride,4,1267,,,,-2.705005035788547,-2.866760721154175,-2.550803637353832,0.3159570838003427
1780-40-1,"Pyrimidine, tetrachloro-",1,1267,,,,-2.9648736468338357,-3.2011950725683658,-2.7647448457268973,0.4364502268414685
16079-88-2,"Bromo-3-chloro-5,5-dimethylhydantoin",1,1267,,,,-1.781034389790229,-1.9184621331518246,-1.6505451683322048,0.2679169648196198
143-18-0,Potassium oleate,1,1267,,,,-2.1935397907322005,-2.393889086546961,-1.9832301730949153,0.4106589134520455
51596-11-3,Milbemectin A4,1,1267,,,,-4.100088594156491,-4.2885001758975605,-3.923121751978782,0.3653784239187785
1119-46-6,5-Chlorovaleric acid,1,1267,,,,-2.035127712069394,-2.2535160645388825,-1.817378597635581,0.4361374669033016
94-80-4,"2,4-D 1-butyl ester",3,1267,,,,-1.8132606496621515,-1.946006652384754,-1.6966135227561359,0.24939312962861804
10124-37-5,Calcium nitrate,1,1267,,,,0.08880621659626958,-0.05980621459919539,0.24432938325761355,0.30413559785680894
93-65-2,Mecoprop,2,1267,,,,-1.7730722358504605,-1.9564873308668138,-1.5924008016986297,0.36408652916818407
1333-82-0,Chromium trioxide,9,1267,-0.8899459340172459,0.9188532132386563,1.0996717991304075,-0.9805197971681319,-1.1080606129216097,-0.8525406026072346,0.2555200103143751
7772-98-7,Sodium thiosulfate,1,1267,,,,-0.27971864106123556,-0.4740617999870155,-0.08432238689826645,0.38973941308874904
97-17-6,Dichlofenthion,4,1267,,,,-2.4038599621906345,-2.551461334072675,-2.2655865266541966,0.2858748074184785
57754-85-5,Clopyralid-olamine,1,1267,,,,-1.2351048253061174,-1.446026144347422,-1.052589762735697,0.393436381611725
93-78-7,"2,4,5-T-isopropyl",1,1267,,,,-2.753291076720476,-2.95217581687122,-2.5645974605148285,0.3875783563563915
5407-87-4,"2-Amino-4,6-dimethylpyridine",1,1267,,,,-2.1873300130787996,-2.4190157226098163,-1.9824082421993356,0.4366074804104807
87674-68-8,Dimethenamid,1,1267,,,,-2.0859988472291575,-2.271212601298528,-1.9242914792346486,0.3469211220638795
2870-32-8,C.I. Direct Yellow 12,1,1267,,,,-2.0839954988504896,-2.3077117820687665,-1.8819324155416346,0.4257793665271319
589-16-2,4-Ethylaniline,2,1267,,,,-1.4239062514878826,-1.5847662894240773,-1.2700097826380277,0.3147565067860496
10043-01-3,Aluminum sulfate,6,1267,0.322774221078333,1.2048397728887086,0.5362577784171422,-1.494890662117117,-1.6501959916449056,-1.3413495097065506,0.30884648193835496
577-85-5,"4H-1-Benzopyran-4-one, 3-hydroxy-2-phenyl-",1,1267,,,,-1.787197771517707,-1.9370207438971163,-1.6407248387682023,0.296295905128914
4455-26-9,N-Methyldioctylamine,2,1267,,,,-3.1561020581159713,-3.3485753828091864,-2.974414913534963,0.3741604692742233
253-52-1,Phthalazine,1,1267,,,,-1.4701262747336235,-1.67152350076949,-1.2802847808126125,0.3912387199568774
528-29-0,"1,2-Dinitrobenzene",1,1267,,,,-3.502366543915612,-3.773467832463199,-3.248171872717737,0.5252959597454621
97-64-3,Ethyl lactate,1,1267,,,,-0.7486627398423618,-0.9228013509997436,-0.5706203327386312,0.35218101826111237
36157-40-1,"1-(2,5-Dichloro-3-thienyl)ethan-1-one",1,1267,,,,-2.9181107971692466,-3.160278929368282,-2.686018707982814,0.47426022138546786
98-88-4,Benzoyl chloride,1,1267,,,,-0.7372611221097497,-0.885971005238748,-0.5898311065392635,0.29613989869948454
3033-77-0,"N,N,N-Trimethyl(oxiran-2-yl)methanaminium chloride",1,1267,,,,-1.268513108808421,-1.4897242694678423,-1.0492964182596345,0.4404278512082078
79-33-4,L-Lactic acid,1,1267,,,,-0.40583189380054385,-0.5620157229190862,-0.24729639460739103,0.31471932831169513
75-96-7,Tribromoacetic acid,2,1267,,,,-0.5211628101067783,-0.6752224972349901,-0.36707619660545493,0.30814630062953513
142-62-1,Hexanoic acid,1,1267,,,,-0.7396794427638459,-0.8919364692275195,-0.5933068629558437,0.2986296062716758
21087-64-9,Metribuzin,8,1267,-2.416295211467802,0.14357848038640342,1.5562926997939661,-1.6991456416341322,-1.831615198806641,-1.56389042934656,0.26772476946008084
627-30-5,3-Chloro-1-propanol,1,1267,,,,-0.7214335305502434,-0.8945225156646416,-0.5487064206949023,0.3458160949697393
75-04-7,Ethanamine,1,1267,,,,-0.7445199652118747,-0.9597665223492438,-0.5346685421452547,0.42509798020398903
30043-49-3,Ethidimuron,1,1267,,,,-1.9483753071133978,-2.1440604904905465,-1.7527265728668033,0.39133391762374314
110-58-7,Pentan-1-amine,2,1267,,,,-0.4799119008785272,-0.6383321796804731,-0.3189676649169771,0.319364514763496
7558-80-7,Monosodium phosphate,1,1267,,,,-0.7289361547621662,-0.9065195484159174,-0.5571238581418603,0.34939569027405715
78-62-6,Diethoxy(dimethyl)silane,1,1267,,,,-2.0517900407877625,-2.2505750527039954,-1.8610133237077162,0.38956172899627917
831-82-3,4-Phenoxyphenol,1,1267,,,,-1.7578872129433938,-1.905662658797536,-1.6171401099278353,0.28852254886970075
42509-83-1,Isazophos-methyl,1,1267,,,,-3.4507655058996516,-3.6002574559762412,-3.310569226157702,0.28968822981853926
112-03-8,"N,N,N-Trimethyloctadecan-1-aminium chloride",1,1267,,,,-3.8450781559983587,-4.075061713349083,-3.6191256286943343,0.45593608465474844
2655-19-8,Butacarb,1,1267,,,,-2.795283206425923,-2.987991769264163,-2.625788433541025,0.36220333572313823
613-31-0,"Anthracene, 9,10-dihydro-",1,1267,,,,-2.7349862260800446,-2.9732765442571187,-2.5242017841230537,0.449074760134065
543-90-8,Cadmium acetate,4,1267,,,,-1.8397356178147866,-1.9952892437678345,-1.685871885350193,0.3094173584176414
33228-45-4,4-Hexylaniline,1,1267,,,,-3.3832761403252314,-3.638144579002185,-3.1324797390557864,0.5056648399463985
163269-30-5,Bethoxazin,1,1267,,,,-3.0296708120383,-3.200303550393576,-2.8683590890110495,0.3319444613825264
128-95-0,"1,4-Diaminoanthraquinone",1,1267,,,,-4.290635362841618,-4.621914904250353,-3.967406924317553,0.6545079799328
83-41-0,"1,2-Dimethyl-3-nitrobenzene",1,1267,,,,-2.358363012100131,-2.578771619265497,-2.154377278153645,0.4243943411118516
100-47-0,Benzonitrile,4,1267,,,,-0.44086788318204295,-0.5742675978608194,-0.3032235890721094,0.27104400878871
124495-18-7,Quinoxyfen,1,1267,,,,-2.9008018417704577,-3.0744891060284023,-2.73919898662427,0.33529011940413245
3844-45-9,FD&C Blue No. 1,5,1267,2.274080440945403,2.6451120392323433,0.2255711950336883,-0.7172577517277676,-0.8929830381610486,-0.5328657767419739,0.36011726141907474
62-56-6,Thiourea,1,1267,,,,-1.198678879022872,-1.352862440546458,-1.0495540842965825,0.3033083562498755
103-90-2,Acetaminophen,2,1267,,,,-0.44202563742074075,-0.5914266218069276,-0.29001183403857883,0.3014147877683488
7745-89-3,3-Chloro-4-methylaniline hydrochloride,1,1267,,,,-1.5509434736539172,-1.6959125072326298,-1.403352694706952,0.29255981252567786
72-55-9,"p,p'-DDE",2,1267,,,,-3.0489354459955282,-3.216280419154449,-2.9017679907363014,0.31451242841814775
18540-29-9,Chromium (VI) ion,3,1267,,,,-1.6173063675487955,-1.769880137147812,-1.4448924042565838,0.32498773289122806
7647-17-8,Caesium chloride,3,1267,,,,-0.9972918704620279,-1.1883827458405523,-0.8226943363268252,0.36568840951372705
2845-89-8,"Benzene, 1-chloro-3-methoxy-",1,1267,,,,-1.6503034451849397,-1.8155916478481644,-1.492677633740351,0.3229140141078135
595-90-4,Tetraphenyl tin,1,1267,,,,-4.094457205165007,-4.322490927441658,-3.879846636724592,0.442644290717066
555-60-2,Carbonyl cyanide chlorophenylhydrazone,1,1267,,,,-2.3233956174385346,-2.5524540852141784,-2.1190937172153355,0.4333603679988429
67-72-1,Hexachloroethane,13,1267,-0.2174795013594451,0.3339935417070861,0.3352718041474708,-1.2735509999499972,-1.404731925049659,-1.1615236960278765,0.24320822902178252
2163-80-6,Monosodium methanearsonate,9,1267,1.0710421132394976,2.4187632599355426,0.8193562786458239,-0.6022071730643075,-0.7678890899741723,-0.4401334194653251,0.3277556705088472
4005-51-0,"2-Amino-1,3,4-thiadiazole",1,1267,,,,-1.7291816996684715,-1.9603894276651146,-1.5132437167218409,0.4471457109432737
64-69-7,Iodoacetic acid,1,1267,,,,-2.0085948611942106,-2.20900705078184,-1.8050872228605257,0.4039198279213141
2545-60-0,Picloram-potassium,3,1267,,,,-0.8818647736371296,-1.031337358162067,-0.7370424106490706,0.29429494751299645
2741-06-2,"Thiourea, N-ethyl-N'-phenyl-",1,1267,,,,-5.28700816911889,-5.761695994313577,-4.85563551540847,0.9060604789051068
110-86-1,Pyridine,12,1267,1.6377429213615544,2.460401659872461,0.5001410004096233,0.2095675061356117,0.07704233707085441,0.36187594574164444,0.28483360867079005
485-49-4,Bicuculline,1,1267,,,,-4.148777049020609,-4.432927346367968,-3.869691795412936,0.5632355509550324
179101-81-6,Pyridalyl,1,1267,,,,-4.124401455880587,-4.328704072647133,-3.9390300865256695,0.3896739861214633
135410-20-7,Acetamiprid,2,1267,,,,-1.7366257444606998,-1.8773016173978938,-1.5913065174601748,0.285995099937719
7779-27-3,"1,3,5-Triethylhexahydro-s-triazine",1,1267,,,,-1.1916410100324173,-1.343181519249368,-1.0366545947133505,0.3065269245360174
13593-03-8,Quinalphos,13,1267,-2.9353522561956877,-0.7267509561081797,1.3427342493574153,-3.167855549652802,-3.3031274165378046,-3.022973034964273,0.28015438157353145
83588-43-6,Fenridazone-sodium,1,1267,,,,-1.3156069637241128,-1.5006641088545678,-1.1301541413152052,0.3705099675393626
22224-92-6,Fenamiphos,4,1267,,,,-3.177014208475287,-3.315874568473194,-3.046439266407127,0.2694353020660669
95-63-6,"1,2,4-Trimethylbenzene",3,1267,,,,-1.1085521251938253,-1.2518275054715167,-0.9693270089505471,0.28250049652096954
42200-33-9,Nadolol,1,1267,,,,-2.452011382686665,-2.683579905184063,-2.2282426452561923,0.4553372599278709
144-74-1,Sulfathiazole sodium,3,1267,,,,-1.0271004406069348,-1.1862356756392973,-0.8786818196939556,0.3075538559453417
76-44-8,Heptachlor,34,1267,-2.350220475841726,-1.2310502518295232,0.6804071837604437,-3.149777446123819,-3.284373600016884,-3.029877858091864,0.25449574192502
111988-49-9,Thiacloprid,1,1267,,,,-1.6320520991963134,-1.7787839534110812,-1.488003460568416,0.29078049284266516
116714-46-6,Novaluron,1,1267,,,,-4.850390507007692,-5.1237327331553155,-4.562837127380379,0.5608956057749364
5742-17-6,"2,4-D, isopropylamine salt",1,1267,,,,-0.7297847659152654,-0.9183343363700329,-0.5544930345672684,0.3638413018027645
69-93-2,Uric acid,1,1267,,,,-2.201334132725813,-2.4483829951582816,-1.9488585045302294,0.49952449062805226
95-56-7,2-Bromophenol,2,1267,,,,-1.6605184251240437,-1.823924132431874,-1.5052034774467062,0.3187206549851678
32598-14-4,"2,3,3',4,4'-Pentachlorobiphenyl",1,1267,,,,-4.345420262216782,-4.596887393087384,-4.116726084725596,0.4801613083617875
71-43-2,Benzene,23,1267,0.8639524424916653,1.6811692746199343,0.4968325562456743,-0.3578288175775144,-0.5023310298106092,-0.22142852542894956,0.28090250438165965
89-63-4,4-Chloro-2-nitroaniline,1,1267,,,,-2.0103427040190605,-2.2006818160518455,-1.8403879323175212,0.36029388373432436
51338-27-3,Diclofop-methyl,1,1267,,,,-2.441696925631861,-2.58958248523198,-2.2962647065259834,0.2933177787059966
1192-52-5,"4,5-Dichloro-3H-1,2-dithiol-3-one",1,1267,,,,-3.3025654749190343,-3.530817586621249,-3.0766833464094603,0.4541342402117885
52-66-4,DL-Penicillamine,1,1267,,,,-1.9183001993448254,-2.1284167945406036,-1.713741304175096,0.41467549036550766
42874-03-3,Oxyfluorfen,1,1267,,,,-3.3749410808137204,-3.573975564053211,-3.1970861280453735,0.37688943600783764
55-37-8,"Phosphorothioic acid, O-[3,5-dimethyl-4-(methylthio)phenyl] O,O-dimethyl ester",1,1267,,,,-2.7549204867782384,-2.933232207473746,-2.587451934878343,0.3457802725954031
108-31-6,"2,5-Furandione",2,1267,,,,-0.6567623308149091,-0.81565653088749,-0.5004845725861116,0.31517195830137845
554-13-2,Lithium carbonate,1,1267,,,,-1.983095937584507,-2.169949789027071,-1.8001529308874298,0.36979685813964136
33089-61-1,Amitraz,2,1267,,,,-2.047786037646965,-2.209518269502063,-1.886822726081545,0.32269554342051787
2306-33-4,Monoethyl phthalate,1,1267,,,,-1.531782370785788,-1.7218042855426237,-1.3360208786976948,0.38578340684492884
111-42-2,Diethanolamine,7,1267,0.612791481106814,2.282294504813035,1.014985769159553,-0.0683540773982374,-0.21392399364249642,0.07199709741563957,0.285921091058136
110-54-3,n-Hexane,1,1267,,,,-1.539073301120829,-1.740369791196504,-1.3345344829245933,0.4058353082719106
57-63-6,17alpha-Ethinylestradiol,2,1267,,,,-1.8670025195827904,-2.0095412941236552,-1.724576117439612,0.2849651766840433
120-12-7,Anthracene,4,1267,,,,-2.9013660237438192,-3.0419583206363034,-2.7669682779243585,0.27499004271194494
4549-32-0,"Octane, 1,8-dibromo-",1,1267,,,,-3.1135034652641087,-3.331027151939639,-2.899971626823139,0.4310555251164998
13701-59-2,Barium metaborate,1,1267,,,,-1.1901410513161381,-1.3561489887458686,-1.0228636398932562,0.3332853488526124
66-22-8,Uracil,1,1267,,,,-2.7959968277268517,-3.1045559438973322,-2.4756073304843977,0.6289486134129345
210880-92-5,Clothianidin,7,1267,-0.8865966967851121,0.7102841565593493,0.9708346245398608,-1.9830947981558165,-2.134850418264523,-1.8354737632428877,0.29937665502163546
91-22-5,Quinoline,7,1267,0.9686845268165805,1.4616346469719468,0.29969239334018233,-0.7040087170883524,-0.8456440509348522,-0.5694569436209458,0.2761871073139064
1646-87-3,Aldicarb sulfoxide,1,1267,,,,-2.1814894558976925,-2.341371386095176,-2.0217837302503203,0.3195876558448556
16118-49-3,Carbetamide,1,1267,,,,-1.46823102208057,-1.637514972323774,-1.2871121931043368,0.3504027792194373
538-62-5,"Diazenecarboxylic acid, phenyl-, 2-phenylhydrazide",1,1267,,,,-3.9154574751129028,-4.191399765158351,-3.6377893758924245,0.553610389265927
90-43-7,2-Phenylphenol,3,1267,,,,-1.5119880025314592,-1.6484270989098275,-1.377599220516429,0.2708278783933986
78-97-7,Lactonitrile,1,1267,,,,-1.9129814904481561,-2.064454936577217,-1.7655532192151866,0.29890171736203053
300-76-5,Naled,13,1267,-3.4727149443784726,-1.181154187525348,1.393170017869761,-2.864638084034693,-3.0127738327298155,-2.7307498609726224,0.28202397175719307
80-62-6,Methyl methacrylate,5,1267,2.3144257977646365,2.405474107030548,0.055353441652226484,0.0003751686196516203,-0.1342890608894448,0.137036139366388,0.27132520025583284
828-00-2,Dimethoxane,1,1267,,,,-1.2770748852642793,-1.4315298892544976,-1.120873035416512,0.3106568538379857
121552-61-2,Cyprodinil,1,1267,,,,-2.206235961357149,-2.3727959467774595,-2.0430974005794136,0.32969854619804595
66-77-3,1-Naphthaldehyde,1,1267,,,,-2.672981410569668,-2.9079926965505587,-2.437299540425056,0.47069315612550255
108-24-7,Acetic anhydride,1,1267,,,,-1.0967744189478772,-1.2782950259748078,-0.9175810714717662,0.36071395450304167
151096-09-2,Moxifloxacin,2,1267,,,,-2.3298477037709597,-2.526431203020737,-2.1536914471400497,0.37273975588068753
3397-62-4,"2-Chloro-4,6-diamino-1,3,5-triazine",1,1267,,,,-2.1242247633395257,-2.3524028723229744,-1.8997465427237865,0.4526563295991879
51-28-5,"2,4-Dinitrophenol",13,1267,-0.07192501911716898,0.8021703023688438,0.5314122224395355,-1.1255791703661053,-1.2548219060853094,-1.001276603533625,0.2535453025516845
110-88-3,"1,3,5-Trioxane",2,1267,,,,0.15884993475311393,-0.0200602271438238,0.35732354449746234,0.3773837716412861
56-23-5,Carbon tetrachloride,6,1267,1.0012836106714542,1.6556051460008072,0.3977992476704781,-0.6832535664877013,-0.8423552714167978,-0.5314149192951984,0.31094035212159943
951-42-8,"Bicyclo[2.2.1]heptane-2-carbonitrile, 5-chloro-6-[[[(methylamino)carbonyl]oxy]imino]-, (1R,2S,4S,5S)-rel-",2,1267,,,,-1.7079198364866248,-1.8715200745274474,-1.5506089415572415,0.3209111329702059
97-77-8,Disulfiram,1,1267,,,,-2.8841180550845174,-3.055053806134187,-2.721508989749684,0.33354481638450295
7446-18-6,Thallium(I) sulfate,8,1267,-0.6593251599485455,0.2328003262103307,0.542373784232897,-1.8789111451527438,-2.042396292653514,-1.7311180390627912,0.3112782535907228
42588-37-4,Kinoprene,1,1267,,,,-3.3598685665665666,-3.6320759551276716,-3.1148587964490075,0.517217158678664
298-07-7,Bis(2-ethylhexyl) phosphate,3,1267,,,,-1.4178203610361142,-1.5709373509455566,-1.2574246863554668,0.31351266459008986
111-71-7,Heptanal,1,1267,,,,-2.0506462638363208,-2.271895447337927,-1.8438126491217144,0.42808279821621253
85-84-7,1-(Phenylazo)-2-naphthylamine,1,1267,,,,-2.9868761285110543,-3.1853532489945815,-2.812907003166772,0.3724462458278097
654-66-0,3-Trifluoromethyl-4-nitrophenol sodium salt,1,1267,,,,-2.0671255183078316,-2.255253891045681,-1.8779103397353574,0.3773435513103236
4920-77-8,3-Methyl-2-nitrophenol,1,1267,,,,-1.608023966943472,-1.7831936454670914,-1.4341927304765443,0.3490009149905471
117-79-3,2-Aminoanthraquinone,1,1267,,,,-2.950626410428942,-3.1766959666029337,-2.7381536374979474,0.43854232910498636
1455-21-6,1-Nonanethiol,1,1267,,,,-2.5116939802253997,-2.67426749099678,-2.3604101627586545,0.3138573282381256
7758-94-3,Iron(II) chloride,2,1267,,,,-2.1855871468063626,-2.3515533895965084,-2.0171428742569804,0.33441051533952804
443-72-1,(N-6)-Methyladenine,1,1267,,,,-2.318475056635028,-2.559960215582455,-2.0833884977073143,0.4765717178751405
4441-63-8,Cyclohexanebutanoic acid,1,1267,,,,-2.286721129513107,-2.496510856465782,-2.0750391510473536,0.4214717054184285
2425-66-3,1-Chloro-2-nitropropane,1,1267,,,,-2.231093692799527,-2.3704463542730023,-2.092580858965879,0.2778654953071231
1929-82-4,Nitrapyrin,1,1267,,,,-1.404017224458682,-1.5487641249276358,-1.2824970661545463,0.26626705877308954
56207-39-7,"Benzenamine, 3,6-dinitro-2-methyl- (9CI)",1,1267,,,,-2.434163807741673,-2.6238999996156855,-2.2496131471353817,0.3742868524803038
3179-90-6,C.I. Disperse Blue 7,1,1267,,,,-1.8341738346458958,-2.026420294336887,-1.653428683643815,0.3729916106930722
36734-19-7,Iprodione,1,1267,,,,-1.6629595414721647,-1.810171769509844,-1.5212717465159178,0.28890002299392625
4824-78-6,Bromophos-ethyl,2,1267,,,,-2.8039413295086972,-2.981864013764508,-2.634848505659285,0.3470155081052231
116-54-1,"Acetic acid, 2,2-dichloro-, methyl ester",1,1267,,,,-1.9265707653892983,-2.1284106207475544,-1.7341557619414047,0.39425485880614963
628-63-7,Pentyl acetate,1,1267,,,,-1.1045637065806468,-1.261712674674289,-0.9418495342574605,0.3198631404168285
100-51-6,Benzyl alcohol,1,1267,,,,-0.8324209767860483,-0.9872507488801898,-0.6575634579968749,0.32968729088331494
373-02-4,Nickel(II) acetate,2,1267,,,,-1.4790902042861314,-1.635295779710413,-1.3229917032498753,0.3123040764605378
103-82-2,Phenylacetic acid,1,1267,,,,-1.3794282993271156,-1.5420482352223874,-1.216200633905077,0.3258476013173104
58842-20-9,Nithiazine,1,1267,,,,-1.3216691216293694,-1.5092088454952215,-1.1344309004783264,0.3747779450168951
111-18-2,"N,N,N',N`-Tetramethylhexanediamine",2,1267,,,,-1.6125148971419139,-1.7852835347960836,-1.4457370768117117,0.3395464579843719
102-82-9,Tributylamine,2,1267,,,,-1.8182175526191613,-2.0000722309301375,-1.65024785551848,0.34982437541165745
79538-32-2,Tefluthrin,1,1267,,,,-5.204948888786891,-5.387645113799115,-5.026389440503408,0.36125567329570707
53-96-3,2-Acetylaminofluorene,1,1267,,,,-2.793862727953123,-3.0224267007928383,-2.589079951826175,0.43334674896666314
13311-84-7,Flutamide,3,1267,,,,-1.7961161721388361,-1.9561300539942663,-1.642417091710874,0.3137129622833923
12427-38-2,Maneb,9,1267,-0.9255089526643784,-0.09944155902475074,0.5022133155827602,-2.280549052518622,-2.4107102974083365,-2.1457665249754623,0.26494377243287426
107-41-5,"2-Methyl-2,4-pentanediol",3,1267,,,,0.9991871769196158,0.8502391073899686,1.1470775339394772,0.29683842654950865
593-56-6,O-Methylhydroxylamine hydrochloride,1,1267,,,,-2.5763506946164103,-2.829507286219543,-2.32501300873697,0.5044942774825731
100-25-4,"1,4-Dinitrobenzene",3,1267,,,,-2.219012253917586,-2.361837454104828,-2.088843397238758,0.2729940568660698
18292-97-2,"Benzene, 1-methyl-2,3,6-trinitro-",1,1267,,,,-2.6545328801169674,-2.8344483886272167,-2.483766320231574,0.35068206839564287
123-31-9,Hydroquinone,3,1267,,,,-2.3897998084624374,-2.5160357624632277,-2.264042378462841,0.25199338400038673
59-89-2,N-Nitrosomorpholine,1,1267,,,,-1.7201133927889942,-1.9445434483408222,-1.503989072906467,0.44055437543435505
99-55-8,2-Methyl-5-nitroaniline,1,1267,,,,-1.0268340628521349,-1.1768144625428552,-0.8722024577402216,0.3046120048026335
86-30-6,N-Nitrosodiphenylamine,2,1267,,,,-1.5663176235204572,-1.718804674151854,-1.40951197738063,0.30929269677122395
116-16-5,Hexachloroacetone,1,1267,,,,-3.2294639430523433,-3.4922298761514057,-2.9885415452191353,0.5036883309322704
128-03-0,Potassium dimethyldithiocarbamate,1,1267,,,,-2.5595222050108797,-2.69390276202518,-2.425344798674204,0.2685579633509758
24017-47-8,Triazophos,5,1267,-2.375548159607091,-0.5169240455797665,1.1299632280788705,-2.676236221028355,-2.823781813530228,-2.5371088049459596,0.28667300858426836
10099-74-8,Lead nitrate,36,1267,-1.0945482210385689,0.6999897431163142,1.0910016154329982,-1.5952673519595442,-1.7577589814516343,-1.4405590741425212,0.3171999073091132
123-03-5,Cetylpyridinium chloride,1,1267,,,,-2.776472042565796,-2.9399314061630726,-2.6263086746908555,0.3136227314722171
2818-16-8,Fenoprop-potassium,1,1267,,,,-1.0992027374552924,-1.258582912649569,-0.9506450733101223,0.30793783933944663
7783-35-9,Mercuric sulfate,1,1267,,,,-2.633997219742761,-2.7644728211112755,-2.496605195535716,0.26786762557555965
2597-03-7,Phenthoate,15,1267,-3.2283377928018515,-1.5397140093291182,1.0266103656909478,-3.496619104554798,-3.6258827419227804,-3.3635121469340223,0.26237059498875803
57052-04-7,Isomethiozin,1,1267,,,,-3.3361079559704465,-3.5943746008766517,-3.0956013911970612,0.4987732096795905
78-84-2,2-Methylpropanal,1,1267,,,,-2.715850607985758,-3.015298250007206,-2.4154298323073067,0.5998684176998994
122-11-2,Sulfadimethoxine,2,1267,,,,-1.0149930204132687,-1.1748621950644713,-0.8594504488552649,0.3154117462092064
4299-07-4,"1,2-Benzisothiazol-3(2H)-one, 2-butyl-",2,1267,,,,-2.5482299978465712,-2.7042742310532244,-2.3976531709539803,0.30662106009924406
122931-48-0,Rimsulfuron,1,1267,,,,-4.195299521772338,-4.553523460955486,-3.859417621863224,0.6941058390922623
66-25-1,Hexanal,3,1267,,,,-0.9364572559807022,-1.0829660688957217,-0.8006216744385146,0.28234439445720705
64902-72-3,Chlorsulfuron,2,1267,,,,-1.1178124733686918,-1.2882484686186142,-0.9700742089205439,0.31817425969807034
98-86-2,Acetophenone,2,1267,,,,-0.5993113801543368,-0.741502450614547,-0.44748596828594245,0.29401648232860456
709-98-8,Propanil,25,1267,-0.2787693028201693,0.6404375559034345,0.5588380897011711,-1.699631493940733,-1.8270231350019983,-1.5640768039876325,0.2629463310143658
556-88-7,Nitroguanidine,2,1267,,,,-0.33186847644617834,-0.5152690292012039,-0.13845794091280453,0.3768110882883994
124-30-1,1-Octadecanamine,1,1267,,,,-3.3682397538763125,-3.6096949154108953,-3.148241855483325,0.46145305992757013
192-97-2,Benzo(e)pyrene,1,1267,,,,-4.705652239202999,-4.973789718805293,-4.4378024477654305,0.5359872710398621
2795-39-3,PFOS-K,8,1267,0.7697801916256589,1.593545854161107,0.5008139624327503,-1.1466724690923773,-1.30420934833081,-1.003872176121532,0.300337172209278
92-87-5,Benzidine,7,1267,-0.14828880224367647,0.6783690729891226,0.5025723029014468,-1.2596630626300382,-1.3937123848473076,-1.129003509075692,0.2647088757716156
3547-33-9,2-Hydroxyethyl octyl sulfide,1,1267,,,,-2.151415287902567,-2.320928010697882,-1.9859456844903307,0.3349823262075513
64-72-2,Chlortetracycline hydrochloride,3,1267,,,,-2.6588757254035764,-2.906747874670966,-2.437620124790698,0.46912774988026795
29091-05-2,Dinitramine,1,1267,,,,-2.1087419713658235,-2.2401929241825056,-1.978948931233644,0.2612439929488617
1629-60-3,1-Hexen-3-one,1,1267,,,,-3.042131444537782,-3.332915801065629,-2.774994435032667,0.5579213660329616
78-77-3,1-Bromo-2-methylpropane,1,1267,,,,-2.3300812639244377,-2.5755913061876163,-2.1065094796758816,0.4690818265117347
137-88-2,Amprolium hydrochloride,1,1267,,,,-1.0190014726216234,-1.1953957856911241,-0.8406302143621107,0.35476557132901343
56-93-9,Benzyltrimethylammonium chloride,1,1267,,,,-1.43692791961124,-1.6132566453250003,-1.2646558494149318,0.34860079591006854
71-91-0,Tetraethylammonium bromide,1,1267,,,,-2.4416582696906834,-2.7092789940095607,-2.1815829639640456,0.5276960300455151
132-65-0,Dibenzothiophene,1,1267,,,,-2.4653910894225834,-2.6390497313527783,-2.2974128969598735,0.3416368343929048
58-61-7,Adenosine,1,1267,,,,-2.110889835196849,-2.342089063568955,-1.8803247724205412,0.4617642911484139
119-90-4,"3,3'-Dimethoxybenzidine",1,1267,,,,-2.7066951547223157,-2.9256211464518818,-2.5025182057254978,0.423102940726384
119-12-0,Pyridaphenthion,2,1267,,,,-3.6368541910754573,-3.8649600760499543,-3.4136445043478556,0.4513155717020987
959-98-8,Endosulfan I,7,1267,-3.7485813573205293,-1.655106219420426,1.2727425125238006,-4.145659316648387,-4.292716708254926,-4.008782754343231,0.2839339539116956
1222-05-5,"Cyclopenta[g]-2-benzopyran, 1,3,4,6,7,8-hexahydro-4,6,6,7,8,8-hexamethyl-",3,1267,,,,-2.0920754390522767,-2.233978797802488,-1.964320470606694,0.2696583271957942
7733-02-0,Zinc sulfate,104,1267,-1.079460579061454,0.5533335403954557,0.9926683400291891,-1.6054964361746418,-1.7422841885372093,-1.470583654384519,0.27170053415269035
66215-27-8,Cyromazine,2,1267,,,,-2.7682583976627377,-3.002568051447564,-2.533604591725598,0.4689634597219663
2626-52-0,3-(Diethylamino)propyl isothiocyanate,1,1267,,,,-3.550629292673822,-3.8479204660036443,-3.272021089840481,0.5758993761631634
693-58-3,Nonylbromide,1,1267,,,,-2.774512333930435,-2.9796759455550283,-2.5797876140714315,0.3998883314835968
56-06-4,"2,4-Diamino-6-hydroxypyrimidine",1,1267,,,,-2.7196670902448723,-3.008860042221804,-2.429045902769203,0.5798141394526013
693-21-0,Diethylene glycol dinitrate,2,1267,,,,-0.6054658396409076,-0.7810762812509416,-0.4320967572496064,0.34897952400133525
5915-41-3,Terbuthylazine,7,1267,-0.8619829748431589,0.5803442194254871,0.8768726716077564,-1.9537517451439688,-2.104201496912416,-1.81731689132244,0.28688460558997586
1066-30-4,Chromium(III) acetate,1,1267,,,,-0.7262360218748382,-0.8887689764676292,-0.5697737452573987,0.31899523121023055
2212-67-1,Molinate,17,1267,-0.8983767655164626,0.35668033795797893,0.7630205404966827,-1.186803507595503,-1.3192319785813196,-1.0545209475418338,0.2647110310394858
22898-01-7,Fluopropanate-sodium,1,1267,,,,-1.8823790399046483,-2.142004206521027,-1.613181155570291,0.5288230509507359
7646-78-8,Tetrachlorostannane,2,1267,,,,-1.0764451194359492,-1.2655470056557783,-0.8831594300162101,0.38238757563956816
95-49-8,2-Chlorotoluene,2,1267,,,,-1.1984942065829658,-1.3529815065881938,-1.0486470389364024,0.3043344676517914
78-83-1,2-Methyl-1-propanol,6,1267,2.6665719381532593,2.9106683479458293,0.1484000799785276,0.4729277234090927,0.3235216850834921,0.6217520879576212,0.29823040287412905
26087-47-8,Iprobenfos,7,1267,0.4869803824667914,0.8548181741118263,0.22362949846593674,-1.6827884453405422,-1.8224239180921464,-1.547047743426653,0.27537617466549347
142-59-6,Nabam-sodium,4,1267,,,,-2.135529237736216,-2.2694723984282574,-2.000064865144253,0.26940753328400424
189084-64-8,"2,2',4,4',6-Pentabromodiphenyl ether",2,1267,,,,-4.2395331931844815,-4.456285950418923,-4.03060641705959,0.4256795333593333
18530-56-8,Norea,1,1267,,,,-1.9694824587417004,-2.133591599828123,-1.8082191914997834,0.3253724083283398
7440-02-0,Nickel,11,1267,-0.3273629928513817,0.8526293820038919,0.7173844258970566,-1.742956424749988,-1.9168067969723577,-1.5756432941251668,0.3411635028471909
4316-93-2,"Pyrimidine, 4,6-dichloro-5-nitro-",1,1267,,,,-2.2928740696736107,-2.5035328765676192,-2.0922374271659554,0.41129544940166385
93379-54-5,Esatenolol,1,1267,,,,-2.327409604390689,-2.5699876002520368,-2.0911322481500756,0.4788553521019612
28434-01-7,Bioresmethrin,2,1267,,,,-4.219460314985732,-4.3855520113386595,-4.062855465812787,0.3226965455258721
122-99-6,2-Phenoxyethanol,1,1267,,,,-1.1631980270002389,-1.34633456745052,-0.9852984579845915,0.36103610946592857
1309-64-4,Antimony trioxide,3,1267,,,,-1.3007612764381906,-1.4825197738843954,-1.1212356483780719,0.3612841255063235
55335-06-3,Triclopyr,8,1267,0.16431186693578115,1.0867126559402753,0.5607798614360883,-0.8766135138500528,-1.0256319964892673,-0.740168080693469,0.28546391579579833
13150-00-0,Sodium lauryltrioxyethylene sulfate,1,1267,,,,-2.3338069982624217,-2.5405668314083893,-2.139033160968137,0.40153367044025234
81-14-1,Musk ketone,1,1267,,,,-2.784125642271572,-2.9974734657399007,-2.5925426435402414,0.40493082219965926
6257-64-3,"Benzenamine, 4,4'-azobis[N,N-dimethyl-",1,1267,,,,-3.34447200653155,-3.5642889403220828,-3.143180509414285,0.4211084309077977
79-19-6,Thiosemicarbazide,2,1267,,,,-1.2036916018044004,-1.3744797824336497,-1.0308445425698385,0.34363523986381117
272451-65-7,Flubendiamide,1,1267,,,,-4.292979573822203,-4.504809943996659,-4.1026899810761925,0.4021199629204668
2626-83-7,p-(tert-butyl)-Phenyl-N-methylcarbamate,1,1267,,,,-1.781277084010268,-1.9401420622594567,-1.6168508841918352,0.32329117806762153
108-94-1,Cyclohexanone,1,1267,,,,-0.3194429307637241,-0.47976773915730475,-0.14940367834255294,0.3303640608147518
54-11-5,Nicotine,1,1267,,,,-1.5635559122087157,-1.7044797001839527,-1.4080204233540776,0.29645927682987505
60-01-5,Glycerol tributyrate,1,1267,,,,-2.857972459855551,-3.0916831369032445,-2.6131317360935595,0.47855140080968495
1982-69-0,Sodium dicamba,1,1267,,,,-1.063524908004472,-1.2460358209900904,-0.8878083228900353,0.35822749810005505
50-30-6,"2,6-Dichlorobenzoic acid",2,1267,,,,-0.9489936390046185,-1.0952795165523057,-0.7949206000574958,0.30035891649480995
145-73-3,Endothal,6,1267,0.22621406899998875,1.7026984435951,0.8976387627460733,-0.1787909853627866,-0.31783478661102377,-0.04611980651098964,0.27171498010003414
134098-61-6,Fenpyroximate,3,1267,,,,-4.033973989481254,-4.176838801799408,-3.896066710432364,0.2807720913670444
3926-62-3,Sodium chloroacetate,1,1267,,,,-1.6028438021257077,-1.819439696183425,-1.3751854925732274,0.4442542036101975
80-15-9,Cumene hydroperoxide,1,1267,,,,-1.697038744319075,-1.8636220235791703,-1.5254310941510878,0.3381909294280825
15922-78-8,Sodium pyrithione,2,1267,,,,-3.151013968873648,-3.3805452171163273,-2.9383593330798434,0.44218588403648384
101-05-3,Anilazine,7,1267,-2.087678550341965,-0.8223001801084621,0.7692954251368378,-2.52129133213969,-2.6637542830835526,-2.392441458011043,0.2713128250725094
41318-75-6,"2,4,4'-Tribromodiphenyl ether (BDE 28)",2,1267,,,,-3.52668775744269,-3.7337933118505826,-3.3371947964555915,0.39659851539499114
611-06-3,"2,4-Dichloronitrobenzene",2,1267,,,,-2.4802022291790244,-2.6825906956954593,-2.3038575236697683,0.378733172025691
56-72-4,Coumaphos,15,1267,-3.5779279868034743,-0.6439695880501153,1.7837200530670183,-3.6695482065743406,-3.8134224459023027,-3.5292644589515834,0.28415798695071937
131983-72-7,Triticonazole,1,1267,,,,-2.785843226654301,-3.005130178751818,-2.5924973714270627,0.4126328073247554
1310-58-3,Potassium hydroxide,1,1267,,,,-0.9924698162930865,-1.1712814070524313,-0.8113603483394836,0.3599210587129478
723-46-6,Sulfamethoxazole,3,1267,,,,-0.9414287289616432,-1.086717316239231,-0.8002114114667824,0.2865059047724485
74-83-9,Methyl bromide,5,1267,-0.06588542416608778,0.23720419233046514,0.18426540303059732,-1.4740415347461484,-1.6139534758158196,-1.3372585622438724,0.2766949135719472
297-78-9,Isobenzan,2,1267,,,,-4.300666575818541,-4.4522008217539355,-4.1509807067691336,0.30122011498480195
99-57-0,2-Amino-4-nitrophenol,1,1267,,,,-2.422810552265959,-2.6463059429046267,-2.229472305631035,0.4168336372735917
10007-85-9,Dicamba-potassium,1,1267,,,,-1.278160287402333,-1.4601123192178738,-1.0967511136339725,0.3633612055839013
78587-05-0,Hexythiazox,1,1267,,,,-2.8876684212545416,-3.104605598748719,-2.7054281141591656,0.39917748458955327
19044-88-3,Oryzalin,2,1267,,,,-2.26925958596057,-2.421510567028427,-2.11827728478219,0.30323328224623713
1313-27-5,Molybdenum trioxide,1,1267,,,,-0.23159339804642165,-0.3823288576604607,-0.0831930079866081,0.2991358496738526
27304-13-8,(+/-)-Oxychlordane,1,1267,,,,-4.051715058072088,-4.245798279431677,-3.8707219153008685,0.37507636413080814
29812-79-1,O-Decylhydroxylamine,1,1267,,,,-3.074279418944748,-3.3130592232928593,-2.8418400904779606,0.4712191328148987
16245-79-7,4-Octylaniline,1,1267,,,,-2.8865959906743814,-3.043290878966399,-2.740281443606103,0.3030094353602961
22259-30-9,Formetanate,1,1267,,,,-2.4956790133864817,-2.6666918279732976,-2.337818321207022,0.3288735067662758
123-30-8,4-Aminophenol,1,1267,,,,-1.9911330961586247,-2.1628047504960355,-1.8123568332506623,0.35044791724537316
2008-58-4,"2,6-Dichlorobenzamide",2,1267,,,,-0.7126114796214481,-0.8683295916506035,-0.5485814523725175,0.319748139278086
101-20-2,Triclocarban,6,1267,-2.9395060692610087,-1.3292444091230706,0.9789695774464463,-2.856028169736746,-2.9890882550154667,-2.7301717349572274,0.2589165200582393
103-84-4,Acetanilide,1,1267,,,,-1.2167651798143746,-1.4042860874411573,-1.0360608843651684,0.36822520307598894
10025-91-9,Antimony trichloride,5,1267,0.25930986356865704,0.8738921391772264,0.3736394932281114,-1.6667428174521968,-1.832542819186094,-1.4842224833129944,0.3483203358730995
1928-45-6,"2,4-D-3-butoxypropyl ester",1,1267,,,,-2.3444702193443576,-2.528974650186526,-2.1670258359500645,0.3619488142364613
56073-10-0,Brodifacoum,1,1267,,,,-3.124510695986095,-3.3037058022388677,-2.9732936481271137,0.33041215411175395
54-64-8,Thimerosal,6,1267,0.18793034764478522,1.1420413889890397,0.5800583259876917,-1.6624556125188765,-1.8241009895257279,-1.5059868003401642,0.31811418918556367
95737-68-1,Pyriproxyfen,2,1267,,,,-2.49051617523925,-2.640974632495442,-2.34333130786285,0.29764332463259224
23505-21-7,"2,6-dichloro-N'-hydroxybenzenecarboximidamide",1,1267,,,,-1.6911506190005694,-1.8992759518301023,-1.4987825213091879,0.40049343052091446
314-40-9,Bromacil,3,1267,,,,-1.0072517722192833,-1.173995749844529,-0.8493146215344697,0.32468112831005935
106-93-4,"1,2-Dibromoethane",6,1267,0.3019254899348683,0.7181408882921968,0.2530409949782163,-1.2507392222378182,-1.3870833593606804,-1.1206708824174902,0.26641247694319015
79622-59-6,Fluazinam,1,1267,,,,-3.026922186716563,-3.185475444553356,-2.8880151132784984,0.2974603312748578
99-65-0,"1,3-Dinitrobenzene",3,1267,,,,-1.2861344876257543,-1.4288123691972368,-1.156803543927379,0.2720088252698578
135-19-3,2-Naphthalenol,3,1267,,,,-1.738947155050047,-1.8969660305270142,-1.5885273152672703,0.30843871525974387
107-06-2,"1,2-Dichloroethane",9,1267,1.7391827529469046,2.224256661298354,0.2949039965644068,-0.10646499638069085,-0.24592717954468057,0.02641401865814958,0.27234119820283015
305-03-3,Chlorambucil,1,1267,,,,-1.8003329436136766,-1.9727829134227923,-1.6389309877482088,0.33385192567458355
3772-94-9,Pentachlorophenyl laurate,2,1267,,,,-1.84388925985058,-2.0332593453451264,-1.6662351031152682,0.3670242422298582
61-72-3,Cloxacillin,1,1267,,,,-3.7570239902854676,-4.041717592717109,-3.478779359885814,0.5629382328312955
606-20-2,"2,6-Dinitrotoluene",4,1267,,,,-1.2294541378275663,-1.3678039280674223,-1.0807878947319727,0.28701603333544967
12136-45-7,Potassium oxide,1,1267,,,,-0.34283497170661115,-0.5322337805311939,-0.16583864572413176,0.3663951348070621
557-34-6,Zinc acetate,2,1267,,,,-1.5110323609980472,-1.6382518864699862,-1.3834142741454267,0.2548376123245595
333-20-0,Potassium thiocyanate,2,1267,,,,-0.5288793453996836,-0.6848949883882166,-0.37597308084107645,0.30892190754714016
5871-17-0,"O,O-Diethyl ester phosphorothioic acid potassium salt (1:1)",1,1267,,,,-1.7250883602559364,-1.947067204873475,-1.5094031687016314,0.4376640361718436
534-22-5,2-Methylfuran,1,1267,,,,-0.6865634199704953,-0.8686801747068913,-0.5123803924235278,0.35629978228336345
151-50-8,Potassium cyanide,8,1267,-1.2142105095032605,-0.5096687252325002,0.4283309911147164,-2.572324838848496,-2.690387813981939,-2.4478416366660167,0.24254617731592232
37841-25-1,"2,4,6-trinitrobenzonitrile",1,1267,,,,-2.4216946497844836,-2.616875264306565,-2.2372063178112986,0.3796689464952663
873-63-2,3-Chlorobenzyl alcohol,1,1267,,,,-1.7429155055616201,-1.945966261373844,-1.5475680105187635,0.3983982508550805
653-37-2,Pentafluorobenzaldehyde,1,1267,,,,-2.3175652343031627,-2.4942090179251926,-2.1445500998752456,0.349658918049947
533-23-3,"2,4-D-ethyl ester",4,1267,,,,-2.0744821751468625,-2.223932393928601,-1.9338316683769219,0.290100725551679
960003-93-4,"S-[(2S)-Butan-2-yl] O-ethyl (R)-(2-oxo-1,3-thiazolidin-3-yl)phosphonothioate",1,1267,,,,-3.1264372578076145,-3.3470601101459896,-2.9214662871656074,0.4255938229803822
118-93-4,2-Hydroxyacetophenone,1,1267,,,,-1.2674003250814367,-1.4465689797554249,-1.0975697220285,0.34899925772692497
111-15-9,2-Ethoxyethyl acetate,4,1267,,,,-0.5013560650362449,-0.6294966073683959,-0.3668518571416578,0.26264475022673806
2595-54-2,Mecarbam,2,1267,,,,-3.592055571930799,-3.759126578101377,-3.440075869402075,0.3190507086993022
145701-21-9,Diclosulam,1,1267,,,,-3.9567886157400984,-4.245473162361441,-3.6985557616620692,0.546917400699372
1204-21-3,"alpha-Bromo-2',5'-dimethoxyacetophenone",5,1267,-1.6076744193946289,-1.2080247228949264,0.24296976335845907,-2.7105893450749035,-2.8359359422906274,-2.5891727773901634,0.24676316490046402
120-36-5,Dichlorprop,2,1267,,,,-1.4205013838865694,-1.5726286839672339,-1.2587422290757766,0.3138864548914573
99-09-2,3-Nitroaniline,2,1267,,,,-1.0563800436831783,-1.197551300453303,-0.8967615623633095,0.30078973808999343
625-53-6,Ethylthiourea,1,1267,,,,-2.26629437357456,-2.509463711889783,-2.035046169180211,0.4744175427095718
608-31-1,"2,6-Dichloroaniline",2,1267,,,,-1.8684306867350928,-2.04616536996057,-1.6918402998567326,0.3543250701038374
62-44-2,Phenacetin,1,1267,,,,-3.177426438036476,-3.4783385554195863,-2.895722461410445,0.5826160940091412
586-62-9,Terpinolene,2,1267,,,,-1.840901198982279,-1.9903229605034756,-1.696295977215115,0.29402698328836063
110-19-0,Isobutyl acetate,1,1267,,,,-1.0548641680582014,-1.222434342409657,-0.8872920446543144,0.33514229775534266
19937-59-8,Metoxuron,6,1267,1.5519741389472554,1.8554490803676016,0.18449966395052336,-1.0294496927891919,-1.196783173445204,-0.8719491537688934,0.32483401967631054
66332-96-5,Flutolanil,4,1267,,,,-1.7673845406996902,-1.9142036220693242,-1.6316352225262383,0.2825683995430859
549-18-8,Amitriptyline hydrochloride,1,1267,,,,-2.592734746494095,-2.784113479642408,-2.417249857584547,0.36686362205786116
88-04-0,"4-Chloro-3,5-dimethylphenol",1,1267,,,,-1.808358808884256,-1.949584605949281,-1.6759901988713186,0.27359440707796234
587-98-4,"C.I. Acid Yellow 36, monosodium salt",1,1267,,,,-2.366830829903929,-2.5695749496392923,-2.164365188028289,0.4052097616110033
111-66-0,1-Octene,2,1267,,,,-1.2557998577209297,-1.3992660451052745,-1.1203237140156308,0.2789423310896437
104-55-2,3-Phenylprop-2-enal,1,1267,,,,-1.8232261012765618,-1.9774843347139774,-1.6610432280793688,0.31644110663460867
2896-70-0,"(2,2,6,6-Tetramethyl-4-oxopiperidin-1-yl)oxidanyl",2,1267,,,,-2.8568201602541476,-3.0363065451977365,-2.691514433563987,0.34479211163374934
23564-05-8,Thiophanate-methyl,7,1267,0.4632190647304779,1.0847200105840842,0.3778457460713263,-1.411445739242773,-1.5649350775493893,-1.2564580735349427,0.30847700401444667
128-37-0,Butylated hydroxytoluene,2,1267,,,,-1.8224799282803552,-1.9732526435511475,-1.6736382265189194,0.29961441703222813
4292-10-8,"1-Propanaminium, N-(carboxymethyl)-N,N-dimethyl-3-[(1-oxododecyl)amino]-, inner salt",1,1267,,,,-2.2047652665487263,-2.383200613177556,-2.0202149847820134,0.3629856283955424
85-68-7,Benzyl butyl phthalate,9,1267,-1.1214460068070495,0.2944672132748775,0.8608141155429996,-1.5801489443561754,-1.7240594483705187,-1.4247476023128864,0.2993118460576323
81-54-9,Purpurin,1,1267,,,,-3.067884504365247,-3.307739711523304,-2.8498085160731272,0.4579311954501768
105-39-5,Ethyl chloroacetate,1,1267,,,,-2.005395113081491,-2.1930400944343336,-1.8171775802008485,0.37586251423348505
643-79-8,"1,2-Benzenedicarboxaldehyde",1,1267,,,,-2.568169634041576,-2.72766431552409,-2.413408856087191,0.3142554594368989
156-60-5,"(E)-1,2-Dichloroethylene",2,1267,,,,-1.1813855445082049,-1.3667037526601102,-0.9994226205866387,0.3672811320734716
93106-60-6,Enrofloxacin,3,1267,,,,-1.1715163455932527,-1.3233821366634528,-1.0222077391344844,0.30117439752896846
75-50-3,Trimethylamine,1,1267,,,,-0.9704168398984114,-1.2020872722640095,-0.7592800098078741,0.44280726245613533
110-15-6,Butanedioic acid,1,1267,,,,-1.7201463380025972,-1.9451704293506105,-1.4998720422347593,0.4452983871158511
2385-85-5,Mirex,1,1267,,,,-3.1043635975868344,-3.34267015150617,-2.8863402753628673,0.45632987614330256
335-67-1,PFOA,7,1267,1.7485965638448737,2.049837427532391,0.18314144112982797,-0.4378679169950782,-0.5858466958232649,-0.3002518295475473,0.28559486627571756
136-25-4,Erbon,2,1267,,,,-1.9866565877148499,-2.1542223659000546,-1.8302213813000634,0.32400098459999116
303-38-8,"2,3-Dihydroxybenzoic acid",2,1267,,,,-0.9264522734093353,-1.0974756282783065,-0.7572338944066328,0.34024173387167367
496-11-7,Indan,1,1267,,,,-1.3785320655422424,-1.5317236525614284,-1.2229900669110692,0.30873358565035924
61949-77-7,trans-Permethrin,1,1267,,,,-4.090643414470742,-4.257098976146695,-3.933503591725778,0.32359538442091695
67564-91-4,"(2R,6S)-Fenpropimorph",1,1267,,,,-2.7160098208935683,-2.8981759923460553,-2.52889458740347,0.3692814049425852
111-90-0,2-(2-Ethoxyethoxy)ethanol,1,1267,,,,0.8262802655889152,0.6610467927709162,0.9735286778178182,0.312481885046902
10099-58-8,Lanthanum chloride,1,1267,,,,-2.3101550217425153,-2.485149934717098,-2.132552635672848,0.3525972990442501
57-92-1,Streptomycin A,2,1267,,,,-1.807477309840621,-2.034994387471925,-1.585828536477624,0.44916585099430106
2668-24-8,"4,5,6-Trichloroguaiacol",2,1267,,,,-2.0470306347815903,-2.1988051566843914,-1.9027547568946344,0.296050399789757
108-88-3,Toluene,19,1267,0.49935746909044476,1.5128156648440327,0.6161388339653686,-0.40821953846578385,-0.5442125481816462,-0.26906230128802555,0.27515024689362066
83-89-6,Atabrine,1,1267,,,,-2.978488127169989,-3.16279822129693,-2.8161766311236023,0.34662159017332783
446-52-6,2-Fluorobenzaldehyde,1,1267,,,,-2.069490173378864,-2.2598748394420802,-1.8911126089984336,0.36876223044364664
21689-84-9,Cyanatryn,2,1267,,,,-1.5009941228715724,-1.6542058120123475,-1.3462665001886318,0.3079393118237157
1758-68-5,"9,10-Anthracenedione, 1,2-diamino-",1,1267,,,,-5.444465924219807,-5.849657884206472,-5.064046743380284,0.7856111408261883
443-48-1,Metronidazole,1,1267,,,,-0.6204531276492967,-0.780110639699785,-0.45143865642149,0.328671983278295
434-64-0,Octafluorotoluene,1,1267,,,,-2.9541744378113517,-3.1842264800935327,-2.7237698081516344,0.4604566719418983
525-79-1,Kinetin,1,1267,,,,-2.107496040573854,-2.2994561153349657,-1.9219672994708914,0.37748881586407435
56-53-1,Diethylstilbestrol,2,1267,,,,-2.3237143754925014,-2.487879830110427,-2.170282355797403,0.3175974743130241
768-94-5,Amantadine,1,1267,,,,-1.509596558319297,-1.7000447062621016,-1.330906471371048,0.3691382348910537
298-02-2,Phorate,6,1267,-3.6102527583599846,-2.1960054659407167,0.8598013034390151,-3.4658900560561725,-3.5956193629358917,-3.3356933697674234,0.2599259931684683
93-79-8,"Butyl (2,4,5-trichlorophenoxy)acetate",1,1267,,,,-2.377724616145593,-2.5729693643380394,-2.206027734937292,0.36694162940074726
34643-46-4,Prothiofos,5,1267,0.15092740434282614,0.5840870064876496,0.2633423394321291,-2.3546190187211344,-2.5280840110363507,-2.200346971605947,0.3277370394304038
592-82-5,"Butane, 1-isothiocyanato-",2,1267,,,,-2.3973578148125148,-2.615420293639445,-2.1912173962873496,0.4242028973520955
104-42-7,4-Dodecylaniline,2,1267,,,,-4.187780127075488,-4.423460806344468,-3.958072075208233,0.465388731136235
10045-89-3,Ferrous ammonium sulfate,1,1267,,,,-1.3247723860594134,-1.4886494280936855,-1.148100107907959,0.3405493201857266
66728-50-5,"Propane, 2-(2-methoxyethoxy)-2-methyl-",1,1267,,,,-2.896124678396239,-3.2046341068859294,-2.636193852144797,0.5684402547411325
113136-77-9,Cyclanilide,1,1267,,,,-1.9229385951238713,-2.1089128017752827,-1.7469190251897537,0.361993776585529
13510-49-1,Beryllium sulfate,3,1267,,,,-1.2205715191304118,-1.3595773846324326,-1.0823363142107283,0.2772410704217043
535-80-8,3-Chlorobenzoic acid,1,1267,,,,-1.6709016531632614,-1.8621341233615478,-1.4899068045362909,0.37222731882525695
585-76-2,m-Bromobenzoic acid,1,1267,,,,-2.107392330687245,-2.2972389412129615,-1.9141113236412663,0.3831276175716951
628-92-2,Cycloheptene,1,1267,,,,-1.647105837611698,-1.8541876698786688,-1.447763854636252,0.4064238152424169
79-92-5,Camphene,2,1267,,,,-1.3050561746862597,-1.4469563411060495,-1.1609669233369617,0.2859894177690878
1674-38-0,Dodecanophenone,1,1267,,,,-3.6493443237210035,-3.886541501956741,-3.4325288207310414,0.4540126812256995
119-61-9,Benzophenone,1,1267,,,,-1.4586694803025664,-1.5958678633870895,-1.3092596101777279,0.2866082532093617
14309-41-2,"Benzoic acid, 4-amino-, octyl ester",1,1267,,,,-4.031210076962095,-4.3089994800075555,-3.7645315857890687,0.5444678942184868
462-18-0,7-Tridecanone,1,1267,,,,-2.9376595006990818,-3.1755597254123855,-2.7298987291214876,0.44566099629089795
66-81-9,Cycloheximide,2,1267,,,,-2.453117175710714,-2.646761736879238,-2.2645723904925896,0.3821893463866486
61-80-3,Zoxazolamine,1,1267,,,,-1.9487564700312214,-2.155567253517804,-1.7536525643041176,0.40191468921368645
88-99-3,Phthalic acid,1,1267,,,,-0.8699103691033306,-1.0487819927668585,-0.6892519496944789,0.35953004307237957
490-79-9,"Benzoic acid, 2,5-dihydroxy-",3,1267,,,,-1.0025659184574263,-1.179755702646354,-0.8330160842547121,0.346739618391642
111-26-2,Hexylamine,2,1267,,,,-1.1159131515720084,-1.2819880875820198,-0.9531304245203359,0.32885766306168385
50-65-7,Niclosamide,3,1267,,,,-3.0126808643472387,-3.1663265886773004,-2.875202976175833,0.29112361250146757
16672-87-0,Ethephon,2,1267,,,,-0.47836839134490683,-0.6223877833856762,-0.3323878140073024,0.28999996937837386
120-92-3,Cyclopentanone,1,1267,,,,-0.4560048257240993,-0.63180652697716,-0.2691217746336874,0.3626847523434726
78491-02-8,Diazolidinyl urea,1,1267,,,,-2.743078589604668,-3.0234473374879,-2.49040491944079,0.5330424180471098
7720-78-7,Iron(II) sulfate,2,1267,,,,-0.7629777113559735,-0.8953118563063195,-0.6336987985534654,0.26161305775285404
37677-17-1,1-(Bromomethyl)cyclohexene,1,1267,,,,-3.749742352393455,-4.076062190048697,-3.4650612946535646,0.6110008953951325
188425-85-6,Boscalid,1,1267,,,,-2.447853073523519,-2.634531089698662,-2.27239881780694,0.3621322718917219
2855-13-2,Isophorone diamine,2,1267,,,,-1.7792259876421328,-1.9640535361479639,-1.6148870157362751,0.3491665204116887
62-75-9,N-Nitrosodimethylamine,1,1267,,,,-0.3215434762993992,-0.4780837503695439,-0.16561489579724165,0.3124688545723023
91465-08-6,lambda-Cyhalothrin,11,1267,-5.933653049824806,-4.069732635099395,1.1331831502721312,-5.545773471637611,-5.697656267297485,-5.393454840235965,0.3042014270615194
56896-76-5,6-Methylbenzothiazol-2-amine monohydrochloride,1,1267,,,,-2.326403093255089,-2.513800138067913,-2.1482478846636024,0.3655522534043105
6980-18-3,Kasugamycin,1,1267,,,,-2.725755008575391,-2.9854986726239545,-2.4762046596718994,0.5092940129520551
96-91-3,"2-Amino-4,6-dinitrophenol",1,1267,,,,-1.2583264016742484,-1.4180184283522532,-1.1006936856358334,0.31732474271641986
541-22-0,Decamethonium bromide,1,1267,,,,-3.2416709799404337,-3.5356469488673956,-2.9347303434066476,0.600916605460748
187166-40-1,Spinetoram J,1,1267,,,,-3.917508495088178,-4.159019574528893,-3.7070597585266705,0.45195981600222224
786-19-6,Carbophenothion,7,1267,-1.750195953903081,-0.7504751113576539,0.6077871162300822,-3.0421190115188605,-3.1757099218010363,-2.90395454752325,0.2717553742777863
59729-32-7,Citalopram hydrobromide,2,1267,,,,-2.6167389195271937,-2.8261078470253533,-2.426815681460815,0.3992921655645385
78-70-6,Linalool,1,1267,,,,-1.943483564056908,-2.1592058291857303,-1.7607257959718252,0.3984800332139051
95-73-8,"2,4-Dichlorotoluene",2,1267,,,,-3.74334998832585,-4.038284553704495,-3.4731115590557238,0.5651729946487709
99-35-4,"1,3,5-Trinitrobenzene",1,1267,,,,-1.8614504504571474,-1.997333086180853,-1.7349257927105737,0.26240729347027925
532-27-4,2-Chloroacetophenone,1,1267,,,,-2.359712177890522,-2.5242867281146495,-2.1935569066219176,0.3307298214927319
148-24-3,8-Hydroxyquinoline,1,1267,,,,-1.2950482208120568,-1.445205039089557,-1.1422787763801212,0.3029262627094358
84-65-1,Anthraquinone,3,1267,,,,-1.897724593836807,-2.0374425805896514,-1.764372712016893,0.2730698685727584
187166-15-0,Spinetoram L,1,1267,,,,-4.498193735635015,-4.733155656942266,-4.287050527587438,0.4461051293548275
2489-77-2,"1,1,3-Trimethyl-2-thiourea",1,1267,,,,-1.9240576887014866,-2.1699533520152405,-1.691781223055768,0.4781721289594725
7787-47-5,Beryllium chloride,1,1267,,,,-2.1778377380880953,-2.3717596745496805,-1.9750150439633507,0.3967446305863298
108168-76-9,Tetrahydroazadirachtin-A,1,1267,,,,-2.578485081770152,-2.805571504445371,-2.3778498389430514,0.4277216655023195
619-50-1,Methyl p-nitrobenzoate,1,1267,,,,-1.167658717974238,-1.3109970584244326,-1.0226761534958857,0.2883209049285469
771-97-1,"2,3-Naphthalenediamine",1,1267,,,,-2.6070245370839755,-2.8399708289420182,-2.3907012499163005,0.44926957902571774
767-00-0,4-Hydroxybenzonitrile,1,1267,,,,-1.2121306560331708,-1.3787715262363482,-1.050268634972053,0.3285028912642953
28249-77-6,Thiobencarb,19,1267,-0.607799773019031,0.08495962157207812,0.4211678068127257,-1.6959799654163346,-1.828207476187901,-1.5766564723047243,0.25155100388317675
2556-42-5,"Disulfide, bis(dipropylthiocarbamoyl)",1,1267,,,,-3.102617615873879,-3.309401271392699,-2.911858561324985,0.3975427100677136
626-62-0,"Cyclohexane, iodo-",1,1267,,,,-2.3565818761289514,-2.5749237262018507,-2.163749794841976,0.4111739313598748
94-96-2,"2-Ethyl-1,3-hexanediol",1,1267,,,,-0.8131376039366377,-0.9662784745465814,-0.6381519251472534,0.32812654939932806
7786-30-3,Magnesium chloride,11,1267,1.5870813436885667,3.041491518710917,0.8842186023068295,0.4281557158864182,0.2562903853616666,0.5904412652988644,0.33415087993719783
39634-42-9,"Phenol, 4-[4-(trifluoromethyl)phenoxy]-",1,1267,,,,-3.180359313766019,-3.4147707430790875,-2.968304312668917,0.44646643041017064
330-12-1,4-(Trifluoromethoxy)benzoic acid,1,1267,,,,-2.7427938227523727,-2.9903056704764492,-2.49509711583798,0.49520855463846924
67-48-1,Choline chloride,1,1267,,,,-0.9357032861659617,-1.1449166731492515,-0.7399088896462439,0.4050077835030076
60-34-4,Methylhydrazine,3,1267,,,,-1.764248623632809,-1.915940627369662,-1.6095064140653081,0.30643421330435383
89-82-7,R-(+)-Pulegone,1,1267,,,,-2.2633154837298033,-2.500280496527633,-2.047188748243197,0.4530917482844359
138-93-2,Disodium cyanodithioimidocarbonate,1,1267,,,,-1.3705996109090555,-1.5437655330578715,-1.2069830476722756,0.33678248538559585
139968-49-3,Metaflumizone,1,1267,,,,-3.4459665608361014,-3.6635668678505984,-3.249159234712674,0.4144076331379245
114247-09-5,(-)-(R)-Fluoxetine hydrochloride,2,1267,,,,-3.5306584196988675,-3.774155816690125,-3.2824317995983656,0.49172401709175917
68359-37-5,Cyfluthrin,8,1267,-5.297130559905921,-3.4869650194560706,1.100502507207746,-5.3624809426500555,-5.502051946021599,-5.223966542612007,0.27808540340959187
25482-49-9,"1,2-Dichloro-3-(2-methylphenoxy)benzene",1,1267,,,,-2.6066354866356454,-2.798598684382691,-2.427140851367604,0.37145783301508706
19406-51-0,"4-Amino-2,6-dinitrotoluene",1,1267,,,,-1.3827253379439575,-1.5252271823132169,-1.2420402306955194,0.28318695161769747
81335-37-7,Imazaquin,1,1267,,,,-1.5862995714451564,-1.7910365298880635,-1.3883060171189499,0.40273051276911365
20668-33-1,"6,7-Dimethylquinoline",1,1267,,,,-2.457435475325406,-2.676764421187943,-2.2378358888462264,0.4389285323417167
2244-21-5,Potassium dichloroisocyanurate,1,1267,,,,-2.308907629671621,-2.459261740067257,-2.164886168795979,0.2943755712712779
135-67-1,Phenoxazine,1,1267,,,,-2.807361067182579,-3.043918439097365,-2.5852263033163267,0.45869213578103807
529-19-1,2-Tolunitrile,1,1267,,,,-1.1720752452082004,-1.3337310954526742,-1.0094013736362755,0.32432972181639874
89-86-1,"2,4-Dihydroxybenzoic acid",2,1267,,,,-1.0150969652269972,-1.1785175427975152,-0.8546824999758179,0.3238350428216973
2164-07-0,Endothal-dipotassium,5,1267,1.4078268328203616,1.9398182425561512,0.32342781206724647,-0.47849241638545653,-0.6447439403724058,-0.31914428203400064,0.32559965833840515
122548-33-8,Imazosulfuron,1,1267,,,,-2.414660311459655,-2.613622682383635,-2.221736967152223,0.3918857152314117
2303-17-5,Tri-allate,2,1267,,,,-2.1794856645938046,-2.323436478412389,-2.038478666744134,0.28495781166825473
87-40-1,"Benzene, 1,3,5-trichloro-2-methoxy-",1,1267,,,,-3.2487133162531787,-3.485424900437579,-3.0256209288143454,0.4598039716232334
53404-74-3,"Silvex, triethylamine salt",1,1267,,,,-2.0616814822963754,-2.232325401582672,-1.8901071083189054,0.3422182932637665
112-73-2,Diethylene glycol dibutyl ether,1,1267,,,,-0.932980519154303,-1.0817554502432236,-0.7822673079564706,0.299488142286753
17804-35-2,Benomyl,4,1267,,,,-1.7506943965773947,-1.9014112387660669,-1.61637180250927,0.28503943625679695
144-41-2,Morphothion,1,1267,,,,-2.5159472326886814,-2.7155171229265878,-2.3271947247234226,0.38832239820316516
57-62-5,Chlortetracycline,3,1267,,,,-1.1791592329746372,-1.3473062496387025,-1.01740198884691,0.3299042607917926
2058-46-0,Oxytetracycline hydrochloride,3,1267,,,,-1.1592958927851869,-1.3267815820731579,-0.9953141024617312,0.33146747961142664
104-20-1,4-(4-Methoxyphenyl)-2-butanone,1,1267,,,,-2.7380066855443763,-2.981276773832868,-2.494694298456449,0.48658247537641897
72-43-5,Methoxychlor,39,1267,-2.852894976318482,-1.7398383617788307,0.6766903731139653,-3.4276909830735596,-3.5344060599708698,-3.310977533770468,0.22342852620040166
7773-01-5,Manganese(II) chloride,5,1267,0.9618779089091631,2.098328050195842,0.6909126275223315,-0.4321619849053041,-0.5841038579667384,-0.2821409333259019,0.30196292464083646
96-23-1,"1,3-Dichloro-2-propanol",1,1267,,,,-0.8941121715779763,-1.070597793735672,-0.7180092992073204,0.3525884945283517
634-83-3,"2,3,4,5-Tetrachloroaniline",1,1267,,,,-2.6819453303354366,-2.873128454074072,-2.5060778136257076,0.36705064044836444
1570-64-5,4-Chloro-2-methylphenol,1,1267,,,,-1.8596580927951687,-1.9996682965168522,-1.7203384843062803,0.27932981221057185
2050-47-7,"4,4'-Dibromodiphenyl ether",1,1267,,,,-3.460647083374038,-3.671177312381915,-3.2625240833851388,0.40865322899677636
131341-86-1,Fludioxonil,1,1267,,,,-2.128125121559612,-2.2729468849344476,-1.992383739496023,0.28056314543842453
112-13-0,Decanoyl chloride,1,1267,,,,-2.4774754145246103,-2.6854115998310557,-2.2838906232916596,0.4015209765393961
95-57-8,2-Chlorophenol,8,1267,0.48789659702263677,0.990923161187458,0.30581843631710687,-0.7468701103704597,-0.860837477231862,-0.6336217024797753,0.22721577475208665
17606-31-4,Bensultap,1,1267,,,,-2.4768569989829503,-2.6806539197597727,-2.290487725909959,0.39016619384981377
680-31-9,Hexamethylphosphoramide,1,1267,,,,-2.5061887312508,-2.787408327432159,-2.235957341647714,0.5514509857844447
82-66-6,Diphacinone,1,1267,,,,-2.098709446645735,-2.299127035906213,-1.910643014073577,0.388484021832636
91-20-3,Naphthalene,13,1267,-0.32672228035259365,0.5832915249092262,0.5532491100429494,-1.2186182987287464,-1.326770624521702,-1.1037596506685134,0.22301097385318847
87-90-1,Symclosene,1,1267,,,,-2.197480265978748,-2.335002947933695,-2.0597586688228744,0.2752442791108205
124-18-5,Decane,1,1267,,,,-2.161810575461442,-2.3922224869403013,-1.9570134894479438,0.4352089974923574
19666-30-9,Oxadiazon,7,1267,-1.0733403935216617,0.08411153039440951,0.7036808047541965,-2.278809259871397,-2.4321599639453377,-2.1328485700078215,0.29931139393751627
42017-89-0,Fenofibric acid,1,1267,,,,-2.8531175488555522,-3.075559624231588,-2.6369672941759443,0.4385923300556436
124-11-8,1-Nonene,2,1267,,,,-1.5018892063103202,-1.6505198122091655,-1.3560820768198834,0.2944377353892822
131807-57-3,Famoxadone,1,1267,,,,-3.6461312968942794,-3.808404928668769,-3.484215779720337,0.32418914894843187
99-08-1,3-Nitrotoluene,4,1267,,,,-1.0161410801394029,-1.1519325120694233,-0.88437813506827,0.26755437700115325
628-76-2,"1,5-Dichloropentane",1,1267,,,,-1.5502003129731992,-1.7146196435404213,-1.377164760375261,0.33745488316516026
94-81-5,MCPB,1,1267,,,,-1.6593034758980796,-1.8161532336152717,-1.503554768333849,0.31259846528142265
636-30-6,"2,4,5-Trichloroaniline",3,1267,,,,-1.7633971508167392,-1.8953616418964265,-1.6308860071988474,0.2644756346975792
7727-43-7,Barium sulfate,2,1267,,,,-1.2135637356483924,-1.4054183947380001,-1.0298605930948472,0.3755578016431529
1837-57-6,Ethacridine lactate,1,1267,,,,-2.4121441801043986,-2.5755591594718186,-2.2488607773390625,0.32669838213275604
77-48-5,"1,3-Dibromo-5,5-dimethylhydantoin",1,1267,,,,-2.424543540531941,-2.5793276430185887,-2.27229325723033,0.3070343857882589
541-73-1,"1,3-Dichlorobenzene",7,1267,0.3902083729702249,0.9091385292213534,0.3154871337779153,-0.9023277935820475,-1.0373241134624853,-0.7747533289374005,0.26257078452508487
95-14-7,"1,2,3-Benzotriazole",1,1267,,,,-1.413836978219173,-1.6067713037306184,-1.2180995247106623,0.3886717790199561
640-15-3,Thiometon,5,1267,-0.0692419502835443,0.6410769261707229,0.43184321377626345,-1.830052798776049,-1.9894897498056874,-1.6793765769110323,0.3101131728946551
28382-15-2,"Maleic hydrazide, potassium salt",1,1267,,,,-1.7689756304404471,-2.0127352973837,-1.5321392212027933,0.4805960761809067
79-07-2,Chloroacetamide,1,1267,,,,-2.0116029773234905,-2.249083111947035,-1.7893732428396907,0.45970986910734424
67-36-7,p-Phenoxybenzaldehyde,2,1267,,,,-1.7551944946716667,-1.911093092780234,-1.6097955042897147,0.30129758849051935
84-74-2,Dibutyl phthalate,10,1267,-0.2394370116823395,0.19939106859544203,0.26678852943960346,-1.6403980763077817,-1.7802778167913342,-1.5081121265850816,0.2721656902062526
619-45-4,"Benzoic acid, 4-amino-, methyl ester",1,1267,,,,-2.3155547276462705,-2.544914742873192,-2.0860206986038303,0.45889404426936187
34256-82-1,Acetochlor,7,1267,-1.8849643066061945,-0.12522529461988371,1.0698453547187439,-2.040605588275156,-2.1871016988839687,-1.9029719201689448,0.2841297787150239
131-56-6,"2,4-Dihydroxybenzophenone",1,1267,,,,-2.1214700148362917,-2.3136860955438703,-1.9356555997290532,0.37803049581481707
117-12-4,"1,5-Dihydroxyanthraquinone",1,1267,,,,-3.049902664418097,-3.289991629859165,-2.8142334018426043,0.47575822801656065
100-83-4,"Benzaldehyde, 3-hydroxy-",1,1267,,,,-1.3733268211684833,-1.5496598194295683,-1.184558458578785,0.3651013608507834
91-53-2,Ethoxyquin,1,1267,,,,-2.306456725080592,-2.4991912405161956,-2.1177562161414505,0.3814350243747451
126-11-4,"2-(Hydroxymethyl)-2-nitro-1,3-propanediol",1,1267,,,,-0.9066195668599296,-1.0798947331487383,-0.7309533730175279,0.34894136013121035
56-55-3,Benz(a)anthracene,2,1267,,,,-3.120102248631272,-3.2913820316767413,-2.9580803451004165,0.33330168657632475
112-56-1,2-(2-Butoxyethoxy)ethyl thiocyanate,1,1267,,,,-1.2763688212394197,-1.4029341576872334,-1.1467041094757255,0.25623004821150785
35948-25-5,"6H-Dibenzo[c,e][1,2]oxaphosphinine 6-oxide",1,1267,,,,-2.5564048698119195,-2.802611595533484,-2.3230939065305014,0.47951768900298264
7772-99-8,Tin(II) chloride,3,1267,,,,-1.147622815173568,-1.2929717469622872,-0.9932517124825708,0.2997200344797164
7699-45-8,Zinc bromide,2,1267,,,,-1.9061673437175979,-2.0728632243140783,-1.7417771654506122,0.3310860588634661
3018-12-0,Dichloroacetonitrile,1,1267,,,,-2.0422601969898224,-2.2533481610789856,-1.8441089273010367,0.4092392337779489
877-43-0,"2,6-Dimethylquinoline",6,1267,0.5905178176380667,1.0143575153895672,0.25767623988344396,-0.8334753611419817,-0.9614083513908644,-0.7124615276708082,0.24894682372005628
591-54-8,4-Aminopyrimidine,1,1267,,,,-1.7231329184693966,-1.9630986987003098,-1.4841457540183685,0.4789529446819414
53042-79-8,"Hexadeca-7,11-dien-1-yl acetate (Z,E)-",1,1267,,,,-2.594945372644271,-2.7926042946161465,-2.405225279401961,0.3873790152141856
315-18-4,Mexacarbate,6,1267,-3.0059976216834476,-1.2093089438969205,1.0923091564788419,-1.9839418573412089,-2.1051959495438344,-1.8670347700772443,0.2381611794665901
135158-54-2,Acibenzolar-S-methyl,1,1267,,,,-1.8534350617311046,-2.009344724500572,-1.7119310684290565,0.2974136560715155
13472-45-2,Sodium tungstate,2,1267,,,,-1.1228738744046574,-1.2956893430522927,-0.9362893264952233,0.3594000165570693
119-64-2,Tetralin,1,1267,,,,-1.822504582833468,-2.013920514480303,-1.6399454468711328,0.3739750676091702
51-05-8,Procaine hydrochloride,1,1267,,,,-3.948520699396804,-4.26288919870421,-3.6371093593532384,0.6257798393509715
78-59-1,Isophorone,4,1267,,,,-0.16364054069343983,-0.2937398107062748,-0.030159190248453142,0.26358062045782166
121-75-5,Malathion,94,1267,-2.716599144582715,-0.5973196037283371,1.2884304755932556,-2.8323388036261172,-2.9932864177727483,-2.6903843301378383,0.30290208763491
23103-98-2,Pirimicarb,5,1267,-2.8274283530199593,0.6644331838019928,2.122901077400835,-1.3081039504502712,-1.4699364191636488,-1.1556419568742433,0.3142944622894055
52-68-6,Trichlorfon,35,1267,-2.272361500461424,0.2681457999326127,1.544518769796279,-2.6653854268082235,-2.8239571560258785,-2.51428031906723,0.30967683695864867
485-31-4,Binapacryl,1,1267,,,,-3.1804501384437867,-3.318021602027381,-3.0522951248990444,0.26572647712833675
1306-19-0,Cadmium oxide,1,1267,,,,-1.4229928517305175,-1.5667481191058044,-1.265963097399292,0.30078502170651245
57213-69-1,Triclopyr triethylamine salt,9,1267,1.5818386369625435,2.486491996046207,0.5499901901668439,-0.17750726417957263,-0.3355235400272864,-0.035683116972338,0.2998404230549484
111-87-5,1-Octanol,6,1267,0.2993616283750522,0.8058007943534148,0.3078931509042438,-0.8917541765522069,-1.0155945291836952,-0.7735973392553924,0.24199718992830277
31218-83-4,Propetamphos,2,1267,,,,-2.3659078155840065,-2.5142868962621696,-2.2243040953926263,0.2899828008695433
4403-90-1,D&C Green 5,1,1267,,,,-2.495851538882377,-2.7092540668913863,-2.3121966124268183,0.39705745446456797
51892-26-3,"2,4-Dichlorodiphenyl ether",1,1267,,,,-2.2970164577254018,-2.456073261242241,-2.1370123130939844,0.3190609481482567
115-20-8,"2,2,2-Trichloroethanol",4,1267,,,,0.053126426045045194,-0.07524659057463197,0.1871722352532654,0.2624188258278974
55290-64-7,Dimethipin,1,1267,,,,-1.6134387020451881,-1.7956544231618061,-1.435783760810097,0.35987066235170917
10045-94-0,Mercuric nitrate,2,1267,,,,-3.735295268473855,-3.9385605367675685,-3.530201713308438,0.40835882345913044
148788-55-0,Didecyl dimethyl ammonium carbonate,1,1267,,,,-4.300718986323196,-4.5311360017407445,-4.094308236598272,0.4368277651424721
5902-51-2,Terbacil,2,1267,,,,-0.6882721959003932,-0.8325588167626773,-0.5474019213842828,0.2851568953783945
104206-82-8,Mesotrione,1,1267,,,,-1.3157005182314112,-1.4987659544380039,-1.1312897888712723,0.36747616556673157
10025-65-7,Platinium dichloride,1,1267,,,,-3.760653187366196,-4.056903450371225,-3.4640301155139945,0.5928733348572304
2492-26-4,Sodium 2-mercaptobenzothiolate,4,1267,,,,-1.4495938548952276,-1.579281814763401,-1.3170286892518022,0.26225312551159874
91-94-1,"3,3'-Dichlorobenzidine",1,1267,,,,-1.919060943606056,-2.071939669752216,-1.7846670126735693,0.2872726570786466
7632-04-4,Sodium peroxoborate,1,1267,,,,-2.0424975029453414,-2.291996696759665,-1.780377205765138,0.5116194909945273
586-76-5,4-Bromobenzoic acid,1,1267,,,,-2.0557422597372397,-2.242012170853572,-1.8790126130730953,0.36299955778047677
10196-04-0,Ammonium sulfite,1,1267,,,,-1.037532079759095,-1.199486472045661,-0.8675701969356095,0.3319162751100515
76674-21-0,Flutriafol,1,1267,,,,-1.4070086882213784,-1.5791747485799454,-1.2577432942241045,0.321431454355841
139-13-9,Nitrilotriacetic acid,2,1267,,,,-0.36115500398736755,-0.5164108425773608,-0.19565074237638969,0.3207601002009711
2631-40-5,Isoprocarb,3,1267,,,,-1.600377811090886,-1.7351500587229352,-1.4632966153480855,0.2718534433748496
87-17-2,Salicylanilide,1,1267,,,,-3.430150516344011,-3.5961933824007843,-3.283160160734285,0.3130332216664993
13464-38-5,Trisodium arsenate,1,1267,,,,-1.932632100428806,-2.14303044750082,-1.744122272772575,0.398908174728245
5234-68-4,Carboxin,1,1267,,,,-1.3491510291655744,-1.4928988136015946,-1.2105157672191031,0.28238304638249145
100-10-7,4-Dimethylaminobenzaldehyde,1,1267,,,,-1.2105670215425446,-1.371132832988279,-1.0501785780225328,0.32095425496574626
773-64-8,"Benzenesulfonyl chloride, 2,4,6-trimethyl-",1,1267,,,,-3.5897743474711854,-3.8927870285597352,-3.2905847483250046,0.6022022802347307
100-66-3,Anisole,1,1267,,,,-1.0248683894263126,-1.1881701532226823,-0.8612043293212089,0.32696582390147333
56-37-1,Benzyltriethylammonium chloride,1,1267,,,,-2.385071496326603,-2.643041192757785,-2.1388393319317704,0.5042018608260146
75-09-2,Dichloromethane,10,1267,1.7499478307862173,2.2793213079276162,0.32183622206100204,-0.1794026139268329,-0.33217639226851126,-0.03404598659726899,0.29813040567124227
96-09-3,Styrene oxide,1,1267,,,,-1.1848868369867802,-1.3408833078128315,-1.0353691076913631,0.30551420012146835
2058-94-8,Perfluoroundecanoic acid,2,1267,,,,-2.8583005280821245,-3.0995297995268607,-2.6459067226419792,0.45362307688488146
1745-81-9,2-Allylphenol,3,1267,,,,-0.9994647711326079,-1.1290825851191217,-0.8701138389432708,0.258968746175851
5267-27-6,"Benzenamine, 4,6-dinitro-3-methyl- (9CI)",1,1267,,,,-2.0463529141600034,-2.2147440592101955,-1.872614040010913,0.34213001919928243
121451-02-3,Noviflumuron,1,1267,,,,-5.721896668393239,-6.016646003693322,-5.4375370214810195,0.5791089822123023
107-13-1,Acrylonitrile,14,1267,0.6886437356595501,1.1146719825099622,0.2590067832601016,-1.0671425511918322,-1.216220684159302,-0.9205409477786712,0.2956797363806307
7292-16-2,Propaphos,1,1267,,,,-2.8676412615865803,-3.062675634839141,-2.6751309689784075,0.38754466586073333
128-04-1,Sodium dimethyldithiocarbamate,1,1267,,,,-1.8362107187302956,-1.981813037130352,-1.6792664555544772,0.3025465815758748
78-94-4,Methyl vinyl ketone,1,1267,,,,-2.6481523406383234,-2.9019063490684482,-2.4049114821847732,0.496994866883675
22134-07-2,"2,4,6-Trichlorophenyl isothiocyanate",1,1267,,,,-3.957540653981818,-4.228575430081614,-3.691006817015509,0.5375686130661053
85-70-1,Butylphthalyl butylglycolate,1,1267,,,,-1.9387036914123597,-2.1102751300324685,-1.789957021170437,0.3203181088620315
7783-90-6,Silver chloride,3,1267,,,,-2.2185546161162013,-2.3457321577413026,-2.0867479620625295,0.25898419567877307
2395-96-2,9-Methoxyanthracene,1,1267,,,,-2.7945288115619658,-3.0028935769128964,-2.5863516273540967,0.41654194955879964
591-35-5,"3,5-Dichlorophenol",3,1267,,,,-1.529676933346416,-1.6527592376230131,-1.4191500787982203,0.23360915882479283
15920-93-1,beta-N-Methylamino-L-alanine,1,1267,,,,-1.7725180266893834,-1.9515813027326763,-1.5978516158844358,0.35372968684824047
2312-76-7,"Sodium 4,6-dinitro-2-methylphenolate",3,1267,,,,-2.607857198906199,-2.762617102219649,-2.4581446189014784,0.30447248331817045
634-90-2,"1,2,3,5-Tetrachlorobenzene",5,1267,-0.912117416870311,0.2544027542339225,0.7091939075857043,-1.8016645076551485,-1.9369764231927193,-1.663984079516388,0.2729923436763313
102-71-6,Triethanolamine,2,1267,,,,0.30702131536137145,0.1558046823647429,0.4650070766663062,0.30920239430156327
55723-99-4,(3-Chloro-1-propynyl)cyclohexane,1,1267,,,,-2.6459576278113497,-2.8790943906306214,-2.4212951642756266,0.4577992263549948
27774-13-6,Vanadyl sulfate,1,1267,,,,-1.3899295655486703,-1.5453493125318147,-1.240765143490685,0.3045841690411297
139-40-2,Propazine,2,1267,,,,-2.2632991001069795,-2.4442566975832722,-2.0776729208601386,0.3665837767231337
91-66-7,"N,N-Diethylaniline",3,1267,,,,-1.3778422562577195,-1.529077574681241,-1.2373179703125234,0.2917596043687176
58-27-5,Menadione,2,1267,,,,-2.3597376947097324,-2.514134252831432,-2.2016560093424338,0.31247824348899833
1135-99-5,"Stannane, dichlorodiphenyl-",1,1267,,,,-3.3913741968521656,-3.6274727788844903,-3.1591274923461747,0.46834528653831553
142-92-7,Hexyl acetate,1,1267,,,,-1.7100335296723985,-1.8730942055687905,-1.5561685748735676,0.31692563069522284
123-86-4,Butyl acetate,3,1267,,,,-0.6745071734595576,-0.8159619383985699,-0.5359878851984998,0.27997405320007007
14938-35-3,4-Pentylphenol,2,1267,,,,-1.8832399662007295,-2.0210468454519477,-1.7412328671021702,0.2798139783497775
335104-84-2,Tembotrione,1,1267,,,,-2.739126085376303,-2.9409808142158425,-2.551557949580897,0.3894228646349456
127-65-1,Chloramine-T,2,1267,,,,-1.4793693264917445,-1.6217116839118826,-1.347817801258842,0.2738938826530406
64359-81-5,"4,5-Dichloro-2-octyl-3(2H)-isothiazolone",3,1267,,,,-3.654353512121101,-3.8147277951331606,-3.5024441748901216,0.312283620243039
79-06-1,Acrylamide,8,1267,1.843270602987022,2.160191909526125,0.19267447348885144,-0.01144023386648746,-0.14597929798998677,0.12740858430846502,0.2733878822984518
10476-85-4,Strontium chloride,6,1267,1.687487239792684,2.0867374502542604,0.2427268930923271,-0.2125101645216823,-0.36874915465902436,-0.05427276422009682,0.31447639043892756
50540-61-9,"Phenol, 4-bromo-2,5-dichloro-, sodium salt",2,1267,,,,-2.424756161729067,-2.5831663832148513,-2.2734344561594306,0.30973192705542063
98-00-0,Furfuryl alcohol,1,1267,,,,-0.9830595078795918,-1.1669461193745858,-0.7901912013404045,0.37675491803418126
142459-58-3,Flufenacet,1,1267,,,,-2.209587034494284,-2.3779106853233922,-2.0422918437027247,0.3356188416206676
3547-04-4,"Benzene, 1,1'-ethylidenebis(4-chloro-",1,1267,,,,-4.671665066050207,-4.965665098023632,-4.368673741421073,0.5969913566025591
545-06-2,Trichloroacetonitrile,1,1267,,,,-3.5167790511499373,-3.8141880427348163,-3.246398293450758,0.5677897492840582
39515-40-7,Cyphenothrin,3,1267,,,,-4.230804394350515,-4.382086117775683,-4.089343472938306,0.2927426448373769
2698-41-1,(2-Chlorobenzylidene)propanedinitrile,3,1267,,,,-1.6876077657455275,-1.838184341039372,-1.5471481739114858,0.29103616712788605
13464-37-4,Trisodium arsenite,6,1267,-0.21344253806273195,0.7878466711851172,0.6087406154817626,-2.038939571110002,-2.231458578490717,-1.8506668501165526,0.3807917283741644
54965-21-8,Albendazole,1,1267,,,,-2.630532209934051,-2.7814734492952518,-2.4734916428794964,0.30798180641575534
7542-37-2,Paromomycin,1,1267,,,,-2.1638876688106805,-2.4149277391685264,-1.9136635634848047,0.5012641756837217
26628-22-8,Sodium azide,4,1267,,,,-1.595469840751182,-1.7477325919649205,-1.4552521210373035,0.292480470927617
475-20-7,Longifolene,1,1267,,,,-2.29398341879418,-2.4624227326355697,-2.1288577123011434,0.33356502033442625
2179-57-9,Diallyl disulfide,1,1267,,,,-2.701728431345548,-2.9551650542490395,-2.479974153562845,0.4751909006861945
762-75-4,tert-Butyl formate,1,1267,,,,-1.9238819070479218,-2.1750823454565444,-1.6855334346706161,0.4895489107859283
101-27-9,Barban,7,1267,-0.7456622642122194,-0.005524780761479791,0.4499716396178609,-2.0086340929522595,-2.1468378084496873,-1.8785807134517967,0.26825709499789063
804-63-7,Quinine sulfate (2:1),1,1267,,,,-2.6445184808831312,-2.8615885049802805,-2.452419490293584,0.40916901468669664
20816-12-0,Osmium tetroxide,1,1267,,,,-4.994383481399339,-5.36086425690371,-4.619282666469793,0.7415815904339169
7775-09-9,Sodium chlorate,5,1267,1.0800940434742927,2.833505193558561,1.0659982878440029,0.4834296529292806,0.3224550694659077,0.650804100935791,0.3283490314698833
544-40-1,Dibutyl sulfide,2,1267,,,,-1.8169461608643287,-1.9797120191885151,-1.6558565088695563,0.3238555103189589
7775-19-1,Sodium metaborate,1,1267,,,,-1.0245482868386688,-1.196609836341851,-0.8492249159409948,0.3473849204008561
94361-06-5,Cyproconazole,1,1267,,,,-1.5581913040621358,-1.7217341800682673,-1.399964215814357,0.32176996425391025
55179-31-2,Bitertanol,1,1267,,,,-2.3090353348191823,-2.4799369286441704,-2.143798640447707,0.3361382881964632
140-56-7,Fenaminosulf,2,1267,,,,-0.9323611656860173,-1.0872848042750194,-0.7873794002718995,0.29990540400311994
623-12-1,"Benzene, 1-chloro-4-methoxy-",1,1267,,,,-1.5085733743980119,-1.673659237533837,-1.3477176703505933,0.32594156718324374
90982-32-4,Chlorimuron-ethyl,1,1267,,,,-2.8769048756161517,-3.0797367934972297,-2.6803551899541906,0.3993816035430391
3064-70-8,Bis(trichloromethyl)sulfone,1,1267,,,,-2.8963581962318647,-3.0779381839425373,-2.712790728752533,0.36514745519000424
79-01-6,Trichloroethylene,14,1267,1.0071478091655794,1.4702514001306368,0.28154699201007993,-0.4098193974792829,-0.5361980866733633,-0.28449865581336353,0.2516994308599998
62-55-5,Thioacetamide,1,1267,,,,-1.2767456271461888,-1.486829421628095,-1.0776258897459121,0.40920353188218295
103-23-1,Di(2-ethylhexyl) adipate,1,1267,,,,-3.5055548083010963,-3.7556845308211955,-3.2791856064090736,0.4764989244121218
1126-46-1,Methyl p-chlorobenzoate,1,1267,,,,-1.3331734373074497,-1.4728490261897988,-1.1928925805254096,0.27995644566438926
35367-38-5,Diflubenzuron,6,1267,-4.461365604952894,-2.5043334057665168,1.189791095766672,-3.0394054481883774,-3.2605503275271737,-2.8491782598993494,0.4113720676278243
111-69-3,Hexanedinitrile,3,1267,,,,0.08569558867162952,-0.06292800537292223,0.23441289115822492,0.29734089653114715
2869-34-3,Tridecylamine,2,1267,,,,-3.10572833360641,-3.284847680175131,-2.947441497901125,0.33740618227400576
69409-94-5,Fluvalinate,5,1267,-3.7082730408770086,-2.5342588225918345,0.7137499647680263,-4.775629244398623,-4.921345246328274,-4.630637364261601,0.2907078820666724
123-08-0,p-Hydroxybenzaldehyde,2,1267,,,,-1.1626715338377296,-1.3225995720477886,-1.0067572086385055,0.31584236340928307
7718-54-9,Nickel(II) chloride,24,1267,-0.37186979370677387,1.0980766504392079,0.893663983262961,-1.351942848677377,-1.493502817895747,-1.2070791515936263,0.2864236663021207
10028-15-6,Ozone,2,1267,,,,-2.9091276239671755,-3.056125645713652,-2.75541954309028,0.30070610262337194
53716-50-0,Oxfendazole,1,1267,,,,-2.159299327069392,-2.3241042992528316,-2.009985006302207,0.31411929295062446
67375-30-8,alpha-Cypermethrin,7,1267,-4.226936199718874,-2.906979704069102,0.8024765693565958,-4.935292018706626,-5.154805602078098,-4.733336782347462,0.4214688197306362
100-61-8,N-Methylaniline,3,1267,,,,-1.3820967017387233,-1.5370861153037207,-1.2230245737951988,0.31406154150852195
100-17-4,p-Nitroanisole,1,1267,,,,-1.5241647888917509,-1.6967605504765308,-1.353267323053842,0.34349322742268895
240494-70-6,Metofluthrin,1,1267,,,,-4.931013313283759,-5.187387581988868,-4.676193576515739,0.5111940054731292
500-99-2,"Phenol, 3,5-dimethoxy-",2,1267,,,,-1.3447195137482415,-1.5066237025073241,-1.1927533694493313,0.31387033305799283
637-07-0,Clofibrate,1,1267,,,,-1.9149449441719848,-2.0872271278429744,-1.757431929954599,0.3297951978883753
107-59-5,"Acetic acid, chloro-, 1,1-dimethylethyl ester",1,1267,,,,-3.1388620417742708,-3.4151056944356246,-2.892249230183053,0.5228564642525715
127-00-4,1-Chloro-2-propanol,1,1267,,,,-1.427881011636984,-1.640576009593507,-1.2165672705713972,0.42400873902210967
962-58-3,Diazoxon,2,1267,,,,-3.4804101647189367,-3.672069010824625,-3.2935081981134786,0.37856081271114617
736994-63-1,Cyantraniliprole,2,1267,,,,-2.70005513856386,-2.9063128950802977,-2.5217524914896026,0.3845604035906951
544-77-4,1-iodohexadecane,1,1267,,,,-3.2136703580067723,-3.407010111983477,-3.0296022808224667,0.37740783116101007
29420-49-3,PFBS-K,5,1267,2.594921353902092,3.176902020030067,0.35381912201306454,0.22253814288402207,0.06168840394890385,0.3760767806284911,0.31438837667958724
14064-10-9,Diethyl chloromalonate,1,1267,,,,-2.328076664893982,-2.5039319757463883,-2.1577942496085476,0.34613772613784066
95-93-2,"1,2,4,5-Tetramethylbenzene",2,1267,,,,-1.723567503638328,-1.9019540611225398,-1.5535613209157786,0.34839274020676125
67233-85-6,Sodium 2-methoxy-5-nitrophenolate,1,1267,,,,-1.3887804254096707,-1.5695217148251956,-1.2018450690809825,0.3676766457442131
89-98-5,2-Chlorobenzaldehyde,3,1267,,,,-1.4064053168254067,-1.5493015734627698,-1.2688491599808007,0.28045241348196903
101-55-3,p-Bromodiphenyl ether,4,1267,,,,-2.2004841098633916,-2.332073280687587,-2.0660526588259756,0.26602062186161124
1303-96-4,Borax,2,1267,,,,-1.3908920129370856,-1.6540670480476096,-1.1599136026730845,0.4941534453745251
55-43-6,N-(2-Chloroethyl)dibenzylamine hydrochloride,1,1267,,,,-3.328444083830895,-3.5723721826227917,-3.1020950778053487,0.470277104817443
91-15-6,"1,2-Benzenedicarbonitrile",1,1267,,,,-1.759545269984229,-1.9507221789690674,-1.5735715749407742,0.37715060402829326
112-05-0,Nonanoic acid,1,1267,,,,-1.3346260381279476,-1.516681479049196,-1.1532519805247747,0.3634294985244213
30388-01-3,2-Hydroxypropyl methanethiosulfonate,1,1267,,,,-1.16381500790854,-1.308764786688693,-1.0034860989097087,0.30527868777898415
110-56-5,"1,4-Dichlorobutane",1,1267,,,,-1.1809190893916763,-1.3494415226339078,-1.016684872316979,0.3327566503169288
137-29-1,Copper dimethyldithiocarbamate,2,1267,,,,-2.741678215550051,-2.9077020058107004,-2.5845756096720405,0.3231263961386599
584-79-2,Allethrin,6,1267,-2.3306912749951665,-1.4462321403545915,0.5377129734515087,-2.9100926177178255,-3.029501068385309,-2.8074087022994245,0.22209236608588467
86-40-8,"3,6-Diamino-10-methylacridinium chloride",7,1267,0.9130953132046675,1.1506915449922468,0.14444825235175102,-1.3669735454723937,-1.5159800226764815,-1.2304138208029767,0.2855662018735048
56392-17-7,Metoprolol tartrate,2,1267,,,,-2.9928884030585863,-3.2671807427165573,-2.746306734274328,0.5208740084422292
110-00-9,Furan,1,1267,,,,-1.0697567725621295,-1.257088653247514,-0.8857040813468479,0.3713845719006662
85-41-6,Phthalimide,3,1267,,,,-1.0365117844074274,-1.183006299857442,-0.8824284012785231,0.3005778985789189
10605-21-7,Carbendazim,9,1267,-2.066139866231636,-0.6601315483747718,0.8547923625658544,-2.06258516577677,-2.1915163772821975,-1.939469517348741,0.25204685993345644
78-86-4,2-Chlorobutane,1,1267,,,,-1.8873739544477286,-2.123090659374245,-1.6568527401992776,0.46623791917496726
64-17-5,Ethanol,10,1267,1.2436909634669233,3.0898179758890403,1.122365529778889,0.7879461668987795,0.6002532782954713,0.9662150409732397,0.3659617626777685
2050-76-2,"1-Naphthalenol, 2,4-dichloro-",1,1267,,,,-3.2773792075228636,-3.520964176020532,-3.048658040318429,0.472306135702103
845-52-3,"2,4-Bis((3-methoxypropyl)amino)-6(methylthio)-s-triazine",1,1267,,,,-2.4254460039017953,-2.603625803562377,-2.2582758901367743,0.34534991342560284
306-67-2,Spermine tetrahydrochloride,3,1267,,,,-0.8671025277774798,-1.0317945419489178,-0.7181747206124597,0.31361982133645816
149-30-4,2-Mercaptobenzothiazole,6,1267,-0.6498883914048854,0.19057091002781432,0.5109629742498025,-1.4396473862830925,-1.5601956484430264,-1.3149379643765386,0.24525768406648774
563-12-2,Ethion,14,1267,-3.6629035479540617,-1.4272460177615363,1.3591832692955375,-3.263678183305712,-3.409201818519563,-3.1269591375994783,0.28224268092008487
71-00-1,Histidine,1,1267,,,,-2.4025375431212845,-2.6837161007292427,-2.143613965319207,0.5401021354100357
80-46-6,4-(2-Methylbutan-2-yl)phenol,1,1267,,,,-1.688607065371722,-1.8236342026238481,-1.5433984880460279,0.28023571457782026
1596-84-5,Daminozide,1,1267,,,,-0.716429797353064,-0.8691414267539239,-0.560139124953334,0.30900230180058996
82-44-0,1-Chloroanthraquinone,1,1267,,,,-2.846864096662619,-3.0890503460244108,-2.628897688305109,0.4601526577193016
7440-36-0,Antimony,2,1267,,,,-1.2884077061746508,-1.4380795928504821,-1.124719004527725,0.31336058832275704
7778-80-5,Potassium sulfate,2,1267,,,,0.08484243822012383,-0.08278875959924614,0.24371443652301986,0.32650319612226597
65733-16-6,S-Methoprene,2,1267,,,,-2.46679951204733,-2.6707638209098112,-2.2838943874466096,0.3868694334632017
25812-30-0,Gemfibrozil,4,1267,,,,-0.7368727073398332,-0.881252867502409,-0.6022844898250419,0.27896837767736715
79-08-3,Bromoacetic acid,1,1267,,,,-1.569273258821681,-1.7299847958669758,-1.3955760151661472,0.3344087807008287
16941-12-1,Chloroplatinic acid,1,1267,,,,-2.5456881107679363,-2.7640132724420177,-2.3365657436575495,0.4274475287844681
140-49-8,4'-(Chloroacetyl)acetanilide,1,1267,,,,-2.7967767556221457,-3.017623335699466,-2.585763244741507,0.43186009095795885
123-88-6,Methoxyethyl mercury chloride,3,1267,,,,-2.2195458039478355,-2.358008609316384,-2.0903474178532147,0.26766119146316925
7789-00-6,Potassium chromate(VI),26,1267,-0.8893220477526298,1.005304806585209,1.151851340018193,-1.4574953304640936,-1.6083336101360488,-1.3079922397673511,0.3003413703686977
52918-63-5,Deltamethrin,26,1267,-5.637626266659359,-3.0132565362726393,1.595503507051053,-5.656697946819598,-5.823217611245496,-5.482698579927341,0.34051903131815475
96-45-7,Ethylene thiourea,1,1267,,,,-1.1245701954127671,-1.3302544631861872,-0.9138706831827837,0.4163837800034035
142-71-2,Cupric acetate,1,1267,,,,-2.271271266111258,-2.420304688801068,-2.130893469621684,0.28941121917938384
103-72-0,Phenyl isothiocyanate,2,1267,,,,-2.6581841771112056,-2.8770062750920053,-2.4601944091521006,0.4168118659399047
5259-88-1,Oxycarboxin,1,1267,,,,-1.4428924015128064,-1.6067421155592145,-1.2864342079856375,0.3203079075735771
87392-12-9,S-Metolachlor,3,1267,,,,-1.2597177028054207,-1.402354209949495,-1.121145709619215,0.28120850033028
52-51-7,Bronopol,1,1267,,,,-1.5084962350809286,-1.6555700095265435,-1.358834776349326,0.2967352331772175
85100-77-2,1-Butyl-3-methylimidazolium bromide,1,1267,,,,-2.598197360163918,-2.8315940038491165,-2.3818777058670086,0.4497162979821079
107-82-4,"Butane, 1-bromo-3-methyl-",1,1267,,,,-2.583510149380997,-2.8399206715707166,-2.337773467464755,0.5021472041059618
91-57-6,2-Methylnaphthalene,3,1267,,,,-1.4766751264667461,-1.607428952602244,-1.3516371908364304,0.25579176176581364
12122-67-7,Zineb,4,1267,,,,-1.7165309100580275,-1.8803541309441965,-1.5572418944152495,0.32311223652894694
105-53-3,Diethyl propanedioate,1,1267,,,,-1.1119999270984913,-1.2540154210075467,-0.9660467706748352,0.28796865033271146
106-68-3,3-Octanone,2,1267,,,,-1.270078000215784,-1.443481765416383,-1.099082677794591,0.34439908762179194
1121-37-5,Dicyclopropylketone,1,1267,,,,-2.8186491869474857,-3.108578823886076,-2.51827895012129,0.5902998737647858
846-70-8,C.I. Acid Yellow 1,1,1267,,,,-1.5021194233028834,-1.7247630285662734,-1.2992598071562458,0.4255032214100276
17904-27-7,(+)-Juvabione,1,1267,,,,-2.691764812895511,-2.8801402626649675,-2.5105441096469177,0.3695961530180498
55512-33-9,Pyridate,1,1267,,,,-2.7592565662159982,-2.9729762775764565,-2.571035762795247,0.4019405147812094
206-44-0,Fluoranthene,7,1267,-2.5537471374448577,-0.5172960015254292,1.238074380936699,-3.047241004799498,-3.190429856941037,-2.902283499884068,0.2881463570569691
4549-44-4,N-Ethyl-N-butylnitrosamine,1,1267,,,,-2.2728806979270355,-2.507906492246625,-2.0427898150327954,0.46511667721382954
6217-54-5,Docosahexaenoic acid,1,1267,,,,-4.3712254572016125,-4.663725294244342,-4.09677440826375,0.5669508859805923
10102-18-8,Sodium selenite,18,1267,-1.0903085251646463,0.5138609824417357,0.9752658116938383,-1.4180691583152012,-1.5503310718837056,-1.2785539898363967,0.2717770820473089
110-62-3,Pentanal,1,1267,,,,-1.0260080293220173,-1.1848923878905782,-0.8631094676089583,0.3217829202816198
2425-10-7,Xylylcarb,3,1267,,,,-1.8447494469010184,-1.9869641562032276,-1.6942185590575285,0.29274559714569914
3766-81-2,Fenobucarb,9,1267,-1.7542731628134904,-0.02949800382889678,1.048588841416391,-2.282090629697638,-2.4056570747046795,-2.162480399890649,0.2431766748140305
613-45-6,"2,4-Dimethoxybenzaldehyde",1,1267,,,,-1.5738346646706178,-1.7400970019466842,-1.403370957046065,0.3367260449006191
1037-50-9,Sodium sulfadimethoxine,1,1267,,,,-1.4892273874631006,-1.6649329520800158,-1.311128887842347,0.35380406423766875
31972-43-7,Fenamiphos sulfoxide,1,1267,,,,-3.064587719927669,-3.23042073479911,-2.9007455324705607,0.3296752023285494
75-85-4,2-Methyl-2-butanol,1,1267,,,,-0.44825662904768293,-0.6312189318324275,-0.2584450690769662,0.3727738627554613
59-40-5,Sulfaquinoxaline,1,1267,,,,-3.728106440887255,-4.03693306358322,-3.4418270152547743,0.5951060483284456
1600-27-7,Mercury(II) acetate,2,1267,,,,-2.931167682061151,-3.070727395009449,-2.793663205359083,0.27706418965036583
13755-29-8,Sodium tetrafluoroborate,1,1267,,,,-1.826448560230825,-2.083703151461938,-1.56878957557345,0.514913575888488
26040-51-7,Bis(2-ethylhexyl) tetrabromophthalate,1,1267,,,,-5.181981205372888,-5.448025040981426,-4.922125472074514,0.5258995689069117
56-35-9,Bis(tributyltin)oxide,21,1267,-2.4946182618281925,-1.7237232022282531,0.46867091817081336,-4.0551593373380594,-4.223593719390297,-3.9065084095475733,0.31708530984272354
15905-86-9,"Nitric acid, uranium salt",1,1267,,,,-2.401775313052889,-2.611791263852177,-2.1974312813301884,0.4143599825219888
1929-77-7,Vernolate,8,1267,-0.49355863277627177,0.4812165410188898,0.5926212264867503,-1.4918922987003687,-1.621067876305962,-1.3643830018437109,0.2566848744622512
124-48-1,Chlorodibromomethane,1,1267,,,,-1.294975740682331,-1.4607521615976877,-1.143653162735278,0.3170989988624098
82-68-8,Pentachloronitrobenzene,1,1267,,,,-2.325834472486254,-2.4688098173108206,-2.1861388486286795,0.28267096868214114
77-58-7,Dibutyltin dilaurate,2,1267,,,,-3.83858642698049,-4.074675875236351,-3.632925932403553,0.4417499428327978
95-68-1,"2,4-Dimethylaniline",2,1267,,,,-1.1417432993990682,-1.3197013858006674,-0.9841350405704301,0.3355663452302373
143-16-8,Dihexylamine,3,1267,,,,-2.0541951038686532,-2.1947651166367805,-1.9190285844607484,0.2757365321760321
74-90-8,Hydrogen cyanide,1,1267,,,,-2.990418076923924,-3.1399277688841676,-2.821599131552624,0.3183286373315437
700-58-3,2-Adamantanone,1,1267,,,,-2.0654674477900086,-2.269297164468949,-1.8569928398555635,0.4123043246133855
7757-83-7,Sodium sulfite,1,1267,,,,-0.4706374424024014,-0.6486958194167908,-0.30292240662087644,0.34577341279591434
256412-89-2,Metamifop,1,1267,,,,-3.5617043035677556,-3.7574585545293497,-3.3853551448013492,0.3721034097280005
97-02-9,"2,4-Dinitroaniline",1,1267,,,,-1.4117550097804443,-1.5682413803295816,-1.253080744374021,0.31516063595556054
1067-33-0,Dibutyltin diacetate,1,1267,,,,-2.5051076811576642,-2.6646541612184724,-2.341851592557714,0.3228025686607583
74222-97-2,Sulfometuron-methyl,4,1267,,,,-2.339172746142066,-2.6194470630610565,-2.0785649315078274,0.5408821315532291
1653-40-3,6-Methyl-1-heptanol,1,1267,,,,-1.6901718348874781,-1.86789849940434,-1.5169934576723436,0.3509050417319963
70124-77-5,Flucythrinate,5,1267,-3.6963906771265997,-2.660333166473973,0.6298782418547647,-4.889402041084194,-5.022140340191536,-4.767993829130129,0.25414651106140695
1655-45-4,"Disodium naphthalene-2,6-disulphonate",1,1267,,,,-2.969382042822164,-3.2937948853520522,-2.627763756964676,0.6660311283873761
14324-55-1,Zinc diethyldithiocarbamate,1,1267,,,,-2.94752378391546,-3.12449281872451,-2.7777219162877893,0.3467709024367207
61718-82-9,Fluvoxamine maleate,2,1267,,,,-3.122406248528591,-3.3538077298915914,-2.917087036340248,0.43672069355134324
140-88-5,Ethyl acrylate,1,1267,,,,-1.447768377760836,-1.5919436077226012,-1.2970654158898873,0.2948781918327139
55-38-9,Fenthion,45,1267,-2.862389425624737,-0.6434306282288792,1.3490311606075345,-2.988258692452326,-3.1094861870206634,-2.8731201678976785,0.23636601912298483
174501-65-6,1-Butyl-3-methylimidazolium tetrafluoroborate,1,1267,,,,-2.622867380505149,-2.8438811035497924,-2.417517657063105,0.42636344648668745
50471-44-8,Vinclozolin,2,1267,,,,-1.604392306733925,-1.7591744602026467,-1.452207937579042,0.3069665226236047
513-36-0,"Propane, 1-chloro-2-methyl-",1,1267,,,,-5.581115406782219,-6.117707778343985,-5.069066717876127,1.0486410604678582
525-66-6,Propranolol,4,1267,,,,-1.2654439222731821,-1.4087375844707193,-1.126284546146351,0.2824530383243682
123-82-0,2-Aminoheptane,1,1267,,,,-2.1854391229372396,-2.4192922109335244,-1.9573013478011958,0.4619908631323286
1014-69-3,Desmetryn,3,1267,,,,-1.436937521946992,-1.5960042343319074,-1.2857292757221463,0.31027495860976106
62732-91-6,Debacarb,1,1267,,,,-1.277041944348857,-1.4702259103936905,-1.0943654422941262,0.3758604680995643
107-22-2,Glyoxal,1,1267,,,,-0.439525925160973,-0.6181179877835355,-0.2682824735710888,0.34983551421244674
25637-99-4,"Hexabromocyclododecane, mixed isomers",1,1267,,,,-1.7738384243897625,-1.9573746745473752,-1.6070661440040763,0.3503085305432989
4719-04-4,"1,3,5-Triazine-1,3,5(2H,4H,6H)-triethanol",1,1267,,,,-0.9779349443842409,-1.1307772226741049,-0.8220660836656195,0.30871113900848535
6651-36-1,"Silane, (1-cyclohexen-1-yloxy)trimethyl-",1,1267,,,,-2.4355836523496324,-2.6740522939644324,-2.2215823475312213,0.45246994643321115
616-45-5,2-Pyrrolidinone,1,1267,,,,-1.455842125361975,-1.6422451943592626,-1.2603876435114647,0.38185755084779793
5959-52-4,"2-Naphthalenecarboxylic acid, 3-amino-",1,1267,,,,-2.115228872842157,-2.3259612684523074,-1.91463381884375,0.4113274496085575
10380-28-6,Copper-8-hydroxyquinoline (1:2),2,1267,,,,-2.80588490648641,-2.958793903162998,-2.6661543955717226,0.29263950759127555
59417-73-1,"Phosphorothioic acid, O,O-dimethyl O-(3-(hydroxymethyl)-4-nitrophenyl) ester",1,1267,,,,-3.1510386278261207,-3.3989747949661098,-2.9269488241200885,0.47202597084602127
15165-67-0,Dichlorprop-P,1,1267,,,,-2.3970014710916625,-2.6384241640734984,-2.187333425208585,0.45109073886491347
6062-26-6,MCPB-sodium,2,1267,,,,-1.2135439458289203,-1.3672674688131774,-1.05263537847223,0.3146320903409474
7786-81-4,Nickel sulfate,25,1267,0.6652557500201224,1.7044555275298177,0.6317886044582095,-0.9295592557010945,-1.0805871810645968,-0.7730243229506394,0.30756285811395745
108-39-4,m-Cresol,3,1267,,,,-0.9350428332121667,-1.0825167521183499,-0.798963396001309,0.2835533561170409
21725-46-2,Cyanazine,4,1267,,,,-1.4623040365302007,-1.592107825456275,-1.331439982303235,0.26066784315304004
2439-10-3,Dodine,2,1267,,,,-2.495907711837508,-2.661410067804867,-2.3413793647725116,0.3200307030323555
144171-61-9,(+-)-Indoxacarb,1,1267,,,,-3.614077148711097,-3.8202896244800173,-3.4231278564507512,0.39716176802926606
102851-06-9,tau-Fluvalinate,1,1267,,,,-4.980354373264841,-5.123067644190431,-4.84631324253887,0.2767544016515604
5064-31-3,"Glycine, N,N-bis(carboxymethyl)-, trisodium salt",1,1267,,,,-0.3387375105473319,-0.5447080547921949,-0.15588401539805802,0.38882403939413684
117-80-6,Dichlone,15,1267,-1.9361767363890934,-0.9827274695261465,0.5796559956705958,-2.688260032676351,-2.808506301460782,-2.5776738666752106,0.23083243478557147
2224-44-4,4-(2-Nitrobutyl)morpholine,1,1267,,,,-2.1049540529120083,-2.2751100276833425,-1.9459697175184945,0.329140310164848
97-23-4,Dichlorophen,3,1267,,,,-2.5308543803470256,-2.670856787780191,-2.388628862998083,0.282227924782108
140-57-8,Aramite,4,1267,,,,-2.513701031743954,-2.6453691055984465,-2.37759936127404,0.2677697443244065
2655-14-3,XMC,1,1267,,,,-1.9364467112724568,-2.137947322657795,-1.7555943547750583,0.38235296788273687
657-24-9,Metformin,1,1267,,,,-1.2485298423649316,-1.4372262821959303,-1.0671353016023386,0.3700909805935917
24934-91-6,Chlormephos,1,1267,,,,-2.328075133642396,-2.484378834727243,-2.1729865533164534,0.31139228141078945
77-06-5,Gibberellic acid,1,1267,,,,-2.5359891575902638,-2.759559144469572,-2.328111356411972,0.4314477880576
712-48-1,Diphenylchlorarsine,1,1267,,,,-2.680832423227194,-2.8433443323516197,-2.5202408089898793,0.3231035233617403
2255-17-6,Fenitrooxone,1,1267,,,,-2.513468966729249,-2.6472761433635297,-2.3818714167400032,0.26540472662352643
137-42-8,Metam-sodium,2,1267,,,,-2.167715226927357,-2.3596735399791595,-1.9652060759813885,0.394467463997771
22726-00-7,3-Bromobenzamide,1,1267,,,,-1.048684748420634,-1.2001771545925048,-0.8990898123524727,0.3010873422400322
7440-38-2,Arsenic,4,1267,,,,-1.3306379910696942,-1.4762489313396372,-1.186137945270733,0.2901109860689042
83-88-5,Riboflavin,1,1267,,,,-2.3753678146760606,-2.5980696744812435,-2.1469770828797383,0.45109259160150517
8065-75-6,Aerozine-50,1,1267,,,,-1.4189183784050412,-1.5701880520334237,-1.2734631306739628,0.29672492135946094
66441-23-4,Fenoxaprop-ethyl,1,1267,,,,-2.1624785458357847,-2.3145791583164264,-2.030202906439135,0.28437625187729143
88-75-5,2-Nitrophenol,6,1267,-0.6636959347712883,0.45355745716546775,0.6792418326045481,-1.2940861240595525,-1.4409232609337574,-1.1407492184973256,0.30017404243643186
78-48-8,Tribufos,5,1267,-3.1166317772367655,-0.5082370582264091,1.5857913897449247,-2.3607930760641604,-2.501140268274573,-2.2249489300457963,0.27619133822877684
98967-40-9,Flumetsulam,1,1267,,,,-1.6856603707343591,-1.8690585678154301,-1.5221677784250827,0.34689078939034745
1468-37-7,Dimexano,1,1267,,,,-2.805283494833862,-3.0067463027722763,-2.600418523436801,0.40632777933547537
13909-73-4,"2',3',4'-Trimethoxyacetophenone",1,1267,,,,-1.141641917629051,-1.3001783488828675,-0.98118556269512,0.3189927861877475
21145-77-7,"6-Acetyl-1,1,2,4,4,7-hexamethyltetralin",1,1267,,,,-2.483070404032409,-2.643178196493861,-2.3423879002036387,0.30079029629022225
123-54-6,"2,4-Pentanedione",9,1267,1.5855242210142857,1.8572488902872573,0.16519686908346895,-0.0024752309646638437,-0.13603612819386393,0.12164830127851778,0.2576844294723817
123-91-1,"1,4-Dioxane",5,1267,0.5206316373280298,2.955879125064522,1.4805253475653724,0.2984463316694971,0.13276977150663602,0.4779982297549514,0.3452284582483154
99-30-9,Dicloran,2,1267,,,,-1.759665687409052,-1.9118411908111732,-1.613330652444047,0.29851053836712627
142-82-5,Heptane,2,1267,,,,-0.3151021638132627,-0.478928351184456,-0.1511369093492456,0.32779144183521036
27176-93-8,2-[2-(2-Nonylphenoxy)ethoxy]ethan-1-ol,1,1267,,,,-3.0192575444907686,-3.2136333076372,-2.8403304033952437,0.3733029042419562
68-04-2,Trisodium citrate,1,1267,,,,-0.8624430548853157,-1.1001162760685417,-0.6372117242125365,0.4629045518560052
1918-00-9,Dicamba,5,1267,0.6185510967911028,2.039551357384262,0.8639068165760152,-0.5902942856734543,-0.7282507498874269,-0.4488767938481579,0.279373956039269
1134-23-2,Cycloate,2,1267,,,,-1.4793420332796672,-1.6166457275972526,-1.342133640484013,0.2745120871132396
3648-20-2,Diundecyl phthalate,1,1267,,,,-3.108206040934806,-3.328803935390268,-2.9159978335252195,0.4128061018650486
109-99-9,Tetrahydrofuran,1,1267,,,,-0.5223675369963239,-0.7219735580144113,-0.3034565122957952,0.41851704571861614
4044-65-9,Bitoscanate,1,1267,,,,-2.8015211454132105,-3.00480186511554,-2.601723689854741,0.40307817526079903
94-74-6,MCPA,6,1267,-3.778343057163603,-0.4375921912557768,2.031032312643821,-1.2651415863003264,-1.446494588315421,-1.1016399581961693,0.34485463011925166
50-00-0,Formaldehyde,28,1267,0.6786608107129654,1.6429618814077271,0.586253423948714,-0.8270578985179016,-1.012428146280353,-0.6412051308893915,0.3712230153909616
96489-71-3,Pyridaben,1,1267,,,,-3.969906435293116,-4.1050512056211454,-3.8408420454381376,0.2642091601830079
107-03-9,1-Propanethiol,1,1267,,,,-3.790323783529722,-4.142587842326208,-3.456977035217703,0.6856108071085045
51200-87-4,"4,4-Dimethyloxazolidine",1,1267,,,,-0.789999620952839,-0.9515552105286511,-0.6158657597698807,0.33568945075877044
78-99-9,"1,1-Dichloropropane",1,1267,,,,-0.9463579000340555,-1.111392373590946,-0.7822391843101256,0.32915318928082027
131-79-3,C.I. Solvent Yellow 6,1,1267,,,,-3.0789358912669345,-3.2688500301760626,-2.9013645144964926,0.36748551567957
13390-47-1,"Benzenesulfonic acid, 2,2'-thiobis[5-[(4-ethoxyphenyl)azo]-, disodium salt",1,1267,,,,-2.2334552936926277,-2.4116770423120437,-2.0532457344887574,0.35843130782328636
51235-04-2,Hexazinone,14,1267,-1.1461541198853624,1.3666391058093625,1.5276698087427194,-1.4221585771990382,-1.5627587469645396,-1.2773231171134907,0.285435629851049
858956-08-8,Aminocyclopyrachlor,1,1267,,,,-1.8917047820527366,-2.0881131911502724,-1.7006618733018604,0.387451317848412
24448-09-7,N-Methylperfluorooctanesulfonamidoethanol,1,1267,,,,-5.339623308866815,-5.724810443260195,-4.971449084756113,0.7533613585040824
57-67-0,Sulfaguanidine,1,1267,,,,-2.199736307909708,-2.406432305778029,-1.9885579315997974,0.41787437417823137
16182-04-0,Ethyl isothiocyanatoformate,1,1267,,,,-2.3940660651452097,-2.6380199171106695,-2.1544404918291225,0.48357942528154707
123-38-6,Propanal,2,1267,,,,-0.9832779210520266,-1.1567878704971386,-0.8059203428390893,0.3508675276580493
4410-99-5,Phenethyl mercaptan,1,1267,,,,-2.297678678854954,-2.5072162231222483,-2.0985947458648817,0.40862147725736664
14315-14-1,5-Methylbenzo[b]thiophene,1,1267,,,,-2.699727452087222,-2.9539343948317973,-2.4703593523927223,0.483575042439075
68-12-2,"N,N-Dimethylformamide",5,1267,3.2538099743260167,3.6646219146350547,0.24975592574180958,0.6609980781999383,0.4966176233669394,0.8400005053173446,0.3433828819504052
81-64-1,"1,4-Dihydroxyanthracene-9,10-dione",2,1267,,,,-2.5467752098948893,-2.7348891834543165,-2.3664837707853086,0.36840541266900795
123-66-0,Ethyl hexanoate,1,1267,,,,-1.8630564657704172,-2.0476471890111005,-1.6868944426516375,0.3607527463594631
104-54-1,3-Phenyl-2-propen-1-ol,1,1267,,,,-1.8445398054023232,-2.0539331339837332,-1.6375708234446475,0.4163623105390857
110-99-6,Diglycolic acid,1,1267,,,,-1.4072495973116808,-1.5949371117624267,-1.2283093589181031,0.3666277528443236
547-32-0,Sulfadiazine sodium,1,1267,,,,-2.6369667786719644,-2.8736389352576657,-2.4206235210463065,0.45301541421135916
463-40-1,Linolenic acid,1,1267,,,,-3.209516508274484,-3.43298839625852,-2.9983976282304354,0.4345907680280847
107-85-7,"1-Butanamine, 3-methyl-",1,1267,,,,-2.631638864376354,-2.9083482964716714,-2.330687880407163,0.5776604160645085
2764-72-9,Diquat,5,1267,-0.40060796997751047,0.820569716590889,0.7424233175274673,-1.5524922612054253,-1.6932115275038668,-1.425232057115231,0.2679794703886358
95-50-1,"1,2-Dichlorobenzene",13,1267,-0.33806154231541174,0.64734384675283,0.5990839384867123,-1.0345814945966323,-1.169603026891018,-0.9078310935429569,0.26177193334806115
80-06-8,Chlorfenethol,3,1267,,,,-2.1661052351075623,-2.306946872467465,-2.031181202836893,0.2757656696305717
290-87-9,"1,3,5-Triazine",1,1267,,,,-1.7221192075970104,-1.9584658654745002,-1.499344493367207,0.4591213721072931
50-28-2,17beta-Estradiol,3,1267,,,,-3.5104538518278074,-3.748500919510258,-3.296048097148139,0.4524528223621189
2570-26-5,Pentadecylamine,2,1267,,,,-3.3878618269159446,-3.5632168698356605,-3.221713178587717,0.34150369124794366
13181-17-4,Bromofenoxim,4,1267,,,,-3.1249693952958544,-3.287044647904827,-2.9714495398026544,0.3155951081021726
92-48-8,6-Methyl coumarin,2,1267,,,,-1.2964006171268068,-1.4762002967048735,-1.1394276466175823,0.3367726500872912
7287-19-6,Prometryn,8,1267,-1.0809603131396213,0.328128713609783,0.8566653005842056,-1.979265430155341,-2.1187285418975104,-1.8550990653713073,0.26362947652620305
297-97-2,Thionazin,1,1267,,,,-2.2855561083134943,-2.445870354811659,-2.1422350776801053,0.3036352771315536
112-38-9,10-Undecenoic acid,1,1267,,,,-3.0070935412090987,-3.252432402487598,-2.772858839831055,0.47957356265654294
6382-06-5,Pentyl 2-hydroxypropanoate,1,1267,,,,-2.8356304490217816,-3.120719588657276,-2.5775328770847965,0.5431867115724796
634-67-3,"2,3,4-Trichloroaniline",2,1267,,,,-1.7379566761365468,-1.8751180698497834,-1.6087817314386794,0.26633633841110393
57157-80-9,Adogen 283,3,1267,,,,-2.9147617932425343,-3.089645941129361,-2.752253478049161,0.3373924630801999
7789-09-5,Ammonium dichromate,1,1267,,,,-1.4845336643175648,-1.6667826694611936,-1.3072942633148261,0.35948840614636746
121-14-2,"2,4-Dinitrotoluene",6,1267,-0.7493541850948403,0.6539904605519183,0.8531729648477473,-1.1449330812818808,-1.273037542013086,-1.0238377004632297,0.2491998415498562
143390-89-0,Kresoxim-methyl,3,1267,,,,-2.619860796890883,-2.7664537628671697,-2.4793974030287464,0.28705635983842326
3296-50-2,trans-Octahydro-1H-indene,1,1267,,,,-2.0716560961542143,-2.2644421943625836,-1.8766591499088152,0.38778304445376843
91-17-8,Decalin,1,1267,,,,-2.103550469154893,-2.3013231085429102,-1.9127106699730048,0.38861243856990546
57369-32-1,Pyroquilon,4,1267,,,,-1.166318377468605,-1.3138150267820405,-1.014750580942777,0.2990644458392635
71561-11-0,Pyrazoxyfen,3,1267,,,,-2.8049869379089767,-2.991504921724517,-2.630393804367106,0.3611111173574111
58-14-0,Pyrimethamine,4,1267,,,,-1.7025875373399382,-1.858065855543133,-1.5553140068618025,0.30275184868133054
2104-64-5,EPN,13,1267,-3.1579219117348347,-0.8950206005980412,1.375746312047713,-3.2909962269071746,-3.416866383887753,-3.1658914366058024,0.25097494728195047
123-01-3,Dodecylbenzene,1,1267,,,,-3.2925321484174748,-3.549188185802413,-3.0525980301548223,0.4965901556475907
101-54-2,"N-Phenyl-1,4-benzenediamine",1,1267,,,,-2.596634476987632,-2.7983650377625096,-2.4030915909100736,0.39527344685243593
7632-00-0,Sodium nitrite,45,1267,0.23133905066467975,1.414429726149841,0.7192680589323134,-0.8428031302895505,-0.9925205458357842,-0.676808843857543,0.31571170197824117
4151-50-2,Sulfluramid,1,1267,,,,-3.334054987188006,-3.5643870696875433,-3.1315204398399743,0.43286662984756896
7696-12-0,Tetramethrin,4,1267,,,,-3.1073590595365967,-3.2462381048107005,-2.981241103865368,0.2649970009453324
74-89-5,Methylamine,3,1267,,,,-0.3688685771354573,-0.5622153943059722,-0.1606371872062311,0.4015782070997411
7758-89-6,Copper(I) chloride,2,1267,,,,-2.0188712386758345,-2.1417072422731027,-1.8972236631777668,0.2444835790953359
13532-18-8,Methyl 3-(methylthio)propionate,1,1267,,,,-2.5472238285191104,-2.8058271910249624,-2.304083699102376,0.5017434919225865
57-13-6,Urea,8,1267,0.8145261888824304,3.075789949171521,1.374750751822249,-1.013619362528106,-1.2609326027893732,-0.7669872741956139,0.4939453285937594
102-81-8,2-(Dibutylamino)ethanol,2,1267,,,,-1.4212639766385076,-1.61046817791345,-1.238655482149461,0.3718126957639889
95-65-8,"3,4-Dimethylphenol",1,1267,,,,-1.1614546098198395,-1.3117065350324404,-1.0138614181406642,0.2978451168917762
149-31-5,"2-Methyl-1,3-pentanediol",1,1267,,,,0.5995296864952805,0.43029515485448944,0.757036447295633,0.3267412924411436
79-20-9,Methyl acetate,1,1267,,,,-0.4315189919366953,-0.6014679621326852,-0.2593874952541768,0.34208046687850835
63333-35-7,Bromethalin,1,1267,,,,-4.3460816686806005,-4.565845637706106,-4.147181987067438,0.41866365063866784
2467-02-9,Bisphenol F,1,1267,,,,-2.1901879903041985,-2.391581202251782,-2.005662262328807,0.38591893992297477
80-56-8,alpha-Pinene,1,1267,,,,-1.4701384449356318,-1.6430193935030908,-1.306750518214233,0.33626887528885785
108-70-3,"1,3,5-Trichlorobenzene",1,1267,,,,-2.197356605764118,-2.3838356544245958,-2.0291786105035077,0.3546570439210881
58-89-9,Lindane,66,1267,-2.6327176117527804,-1.115983778060168,0.9221086963851525,-3.081913308623495,-3.211901014734624,-2.9635644399786885,0.2483365747559354
96182-53-5,Tebupirimfos,1,1267,,,,-3.798654147716184,-3.9785610427381615,-3.6337732087339365,0.34478783400422497
7722-84-1,Hydrogen peroxide,1,1267,,,,-2.295225910347556,-2.512551241451471,-2.081661239176306,0.43089000227516516
1918-18-9,Swep,4,1267,,,,-2.125734276266231,-2.2867416877169084,-1.9612139897123118,0.3255276980045967
3691-35-8,Chlorophacinone,1,1267,,,,-2.5478742891578183,-2.7119525910459283,-2.4030370080544525,0.3089155829914758
131929-60-7,Spinosyn A,1,1267,,,,-4.773070760053844,-5.059964241896878,-4.498009955669993,0.5619542862268858
4264-83-9,"Phosphoric acid, mono(4-nitrophenyl) ester, disodium salt",1,1267,,,,-2.243789960718063,-2.518505629696908,-1.9702699843367406,0.5482356453601676
118-74-1,Hexachlorobenzene,2,1267,,,,-2.0626503647425727,-2.2323334253163183,-1.9133933733574782,0.3189400519588401
62-38-4,Phenylmercuric acetate,8,1267,-2.2942832890148743,-1.1747197043127482,0.6806463300792879,-3.3150230095282103,-3.437240929514802,-3.190554834612197,0.2466860949026053
124-22-1,1-Dodecanamine,2,1267,,,,-2.933172053816488,-3.1101720165810818,-2.761151678418383,0.3490203381626986
139-08-2,Tetradecyldimethylbenzylammonium chloride,1,1267,,,,-4.163661727337255,-4.4171266495631425,-3.912483192683723,0.5046434568794194
1934-21-0,FD&C Yellow 5,1,1267,,,,-1.2916567991438317,-1.570644267536604,-1.0252138705816172,0.5454303969549867
7783-28-0,Diammonium hydrogen phosphate,1,1267,,,,-1.1547166370195863,-1.312754625499724,-0.9979541820938588,0.3148004434058652
58138-08-2,Tridiphane,1,1267,,,,-2.552916018993684,-2.7152128521038454,-2.401414290631111,0.3137985614727343
191-24-2,"Benzo(g,h,i)perylene",1,1267,,,,-5.282860398778173,-5.579953501341267,-4.980243233431986,0.5997102679092805
141-78-6,Ethyl acetate,12,1267,1.8973805395028103,2.6056838089273153,0.43061781171207014,0.4786466134463021,0.3369495832469905,0.6160347869305208,0.27908520368353035
77182-82-2,Glufosinate-ammonium,1,1267,,,,-1.0482441448145403,-1.2030983777197106,-0.8958939149018952,0.30720446281781544
13684-63-4,Phenmedipham,2,1267,,,,-1.8855750977362145,-2.049141456830565,-1.734289181672944,0.31485227515762104
109-52-4,Pentanoic acid,3,1267,,,,-0.7450566453353422,-0.9057075908438836,-0.5879691549490795,0.3177384358948041
518-75-2,Citrinin,2,1267,,,,-6.849489835009142,-7.384624033538502,-6.377665416440646,1.0069586170978564
205-43-6,"Benzo[b]naphtho[1,2-d]thiophene",1,1267,,,,-3.494352667545321,-3.7333256688143117,-3.278262956274521,0.4550627125397906
138-86-3,Limonene,3,1267,,,,-0.9761761034518937,-1.1215146066044452,-0.824231764175487,0.2972828424289582
15862-07-4,"2,4,5-Trichlorobiphenyl",1,1267,,,,-3.682073940783185,-3.931649878354912,-3.452921894291717,0.47872798406319506
473-55-2,Pinane,1,1267,,,,-2.2071130608740033,-2.415793965555451,-2.001395934472263,0.41439803108318785
7440-47-3,Chromium,21,1267,-1.4921947496037027,0.5377029012880333,1.2340901449412818,-1.4187839115583194,-1.563900537890118,-1.2670664875803161,0.2968340503098019
108-93-0,Cyclohexanol,1,1267,,,,0.03768391069676319,-0.12594277527982609,0.1973438595355186,0.3232866348153447
1918-13-4,Chlorthiamid,1,1267,,,,-1.875154311889538,-2.0587783083858398,-1.6967022168040022,0.3620760915818375
87-65-0,"2,6-Dichlorophenol",2,1267,,,,-1.3804406663518556,-1.5065346801280792,-1.2526381688649564,0.25389651126312285
536-90-3,3-Methoxyaniline,1,1267,,,,-2.43905710356215,-2.63865993484888,-2.2380159885748037,0.4006439462740765
148-79-8,Thiabendazole,3,1267,,,,-1.411701726013538,-1.5512034909135806,-1.278740562705387,0.2724629282081936
71-36-3,1-Butanol,4,1267,,,,0.49004209277858646,0.3454546115709125,0.6378143145502082,0.2923597029792957
2465-27-2,Auramine hydrochloride,1,1267,,,,-2.6299279027729856,-2.811702142941308,-2.469010941007254,0.3426912019340542
99129-21-2,Clethodim,3,1267,,,,-0.9858440460874145,-1.1385682825051777,-0.8347243677172932,0.30384391478788453
4726-14-1,Nitralin,1,1267,,,,-2.541901890800971,-2.7511476826143593,-2.3522440719462434,0.39890361066811586
7761-88-8,Silver nitrate,23,1267,-3.8679695749599077,-1.9773796191591617,1.1493970799728328,-3.390053344549968,-3.528819584990741,-3.2622370340778044,0.2665825509129367
150-19-6,3-Methoxyphenol,1,1267,,,,-0.887180707505606,-1.0396065072861223,-0.7305941351974905,0.30901237208863175
52645-53-1,Permethrin,36,1267,-3.5421338469876273,-2.024669265221145,0.9225529596690679,-4.1729245037436495,-4.316137379536877,-4.031657478686748,0.28447990085012886
143-50-0,Kepone,17,1267,-1.8628353159421427,-1.0126576602882558,0.5168713140935118,-2.755649968028838,-2.8921932826229053,-2.619894075722367,0.2722992069005383
93-99-2,Phenyl benzoate,1,1267,,,,-2.8087905847217263,-3.0405009573459854,-2.5873706382082835,0.45313031913770185
65277-42-1,Ketoconazole,1,1267,,,,-3.192405628577278,-3.418514735937891,-2.9978547811211556,0.42065995481673557
143545-90-8,Cylindrospermopsin,1,1267,,,,-2.07307148358739,-2.2323489303555544,-1.9290455698293354,0.303303360526219
1689-83-4,Ioxynil,1,1267,,,,-2.627267731776638,-2.8056668400149767,-2.4606078474376547,0.345058992577322
95-72-7,"Benzene, 2-chloro-1,4-dimethyl-",1,1267,,,,-2.283884718597829,-2.495965478575221,-2.0895516566781382,0.40641382189708297
99-87-6,p-Cymene,2,1267,,,,-0.8875099709755735,-1.0266311345769596,-0.7404039342562123,0.28622720032074733
29450-45-1,MCPA-2-ethylhexyl,1,1267,,,,-2.6199316973919298,-2.795457426479381,-2.45488508065025,0.340572345829131
527-60-6,"2,4,6-Trimethylphenol",2,1267,,,,-1.284868933652292,-1.432245804788017,-1.1435255522554264,0.2887202525325907
576-24-9,"2,3-Dichlorophenol",2,1267,,,,-1.5998705186505224,-1.7393365442269608,-1.4682244939829943,0.27111205024396656
10222-01-2,"2,2-Dibromo-3-nitrilopropionamide",2,1267,,,,-1.7685232130569808,-1.9101026501503042,-1.637236981374212,0.2728656687760922
75-99-0,Dalapon,7,1267,0.2596915453587427,2.0445868504082267,1.0851392949520746,-0.2744827753707998,-0.42336731042797426,-0.12421845282157525,0.29914885760639903
106-47-8,4-Chloroaniline,8,1267,-0.491306146110436,0.8211394989577798,0.7979102964320703,-1.2640093327761344,-1.38971101947038,-1.1273969006928402,0.26231411877753974
55-81-2,"Benzeneethanamine, 4-methoxy-",1,1267,,,,-1.9430989340561868,-2.159105964192182,-1.7291958913832168,0.4299100728089651
122-42-9,Propham,5,1267,0.5396541598575189,1.1289397159411136,0.35826017976794733,-0.8309678697416903,-0.9660114764129388,-0.6943856510650033,0.27162582534793556
540-72-7,Sodium thiocyanate,1,1267,,,,-0.7193354753724345,-0.8788352533038347,-0.5556868359847811,0.32314841731905364
95-48-7,o-Cresol,12,1267,0.7620705313231657,1.1538370524711639,0.238177133046232,-0.6535698088407449,-0.7920448618456096,-0.5348037783252868,0.2572410835203228
90-15-3,1-Naphthol,8,1267,-0.4577222821238228,0.5337071761599664,0.6027463125222138,-1.2906337518156725,-1.4099508642401937,-1.1801179526794645,0.22983291156072916
131-52-2,Sodium pentachlorophenate,33,1267,-1.482084226488383,-0.5958560135224777,0.5387884967055802,-2.3683984841825882,-2.4795545626659385,-2.259321998415387,0.22023256425055138
25606-41-1,Propamocarb hydrochloride,1,1267,,,,-0.8458292222934608,-1.0022551908682578,-0.6664898392206475,0.33576535164761023
319-85-7,beta-Hexachlorocyclohexane,3,1267,,,,-2.2049146063736753,-2.342503782036016,-2.062967486058429,0.2795362959775871
7307-55-3,Undecylamine,2,1267,,,,-2.5860036275332523,-2.7625189220798703,-2.4195629117464836,0.34295601033338663
66-99-9,2-Naphthalenecarboxaldehyde,1,1267,,,,-2.455501214125101,-2.680310127279732,-2.2243636094659016,0.45594651781383044
142-96-1,Butyl ether,2,1267,,,,-0.6322700811128256,-0.7915541467941827,-0.48718510726973197,0.3043690395244507
25057-89-0,Bentazone,3,1267,,,,-1.498196882137949,-1.695250367201035,-1.2960553997877071,0.39919496741332794
64628-44-0,Triflumuron,1,1267,,,,-4.1181176143417755,-4.344452187817107,-3.8898042995118387,0.4546478883052685
375-22-4,Heptafluorobutyric acid,3,1267,,,,-0.9205310385865273,-1.1140390683124541,-0.7360611808438512,0.37797788746860295
18402-10-3,(Decyloxy)trimethylsilane,1,1267,,,,-3.1256159506466865,-3.371273734358759,-2.9065916958665983,0.46468203849216083
83-30-7,"Benzoic acid, 2,4,6-trihydroxy-",2,1267,,,,-1.8374561346934253,-2.0026777811958985,-1.6653442585377216,0.33733352265817684
124-20-9,Spermidine,1,1267,,,,-1.9853800909276529,-2.201107547978348,-1.768330110273554,0.43277743770479393
7758-29-4,Pentasodium triphosphate,2,1267,,,,-1.7423702673190173,-1.9802684091013703,-1.5091340764849344,0.4711343326164359
907204-31-3,Fluxapyroxad,1,1267,,,,-2.714429128392215,-2.9251485331625267,-2.523556469818,0.40159206334452646
67-64-1,Acetone,19,1267,0.6297994555138331,3.3175920295957804,1.634061858174839,0.47343756647090196,0.28670175099527534,0.6653792676573859,0.3786775166621105
95-01-2,"2,4-Dihydroxybenzaldehyde",1,1267,,,,-1.595750559291233,-1.7667438243751137,-1.4223981667530217,0.344345657622092
89-61-2,"1,4-Dichloro-2-nitrobenzene",3,1267,,,,-2.129522402310404,-2.2988295412261186,-1.9711965186705638,0.3276330225555548
99-86-5,alpha-Terpinene,2,1267,,,,-1.6528740084611484,-1.8032662272469504,-1.511877033546925,0.2913891937000255
62476-59-9,Acifluorfen-sodium,1,1267,,,,-0.9941595927723412,-1.1571604192561482,-0.829837975853684,0.3273224434024642
88-73-3,1-Chloro-2-nitrobenzene,3,1267,,,,-1.0823900051416022,-1.2315581288169135,-0.9387260075887494,0.29283212122816416
26172-55-4,5-Chloro-2-methyl-3(2H)-isothiazolone,2,1267,,,,-2.0582733796509007,-2.1920623310158773,-1.9190631170560375,0.27299921395983984
111-76-2,2-Butoxyethanol,2,1267,,,,0.07638296529249056,-0.07435685305077173,0.23219072953316483,0.30654758258393655
115-09-3,Methylmercuric(II) chloride,12,1267,-2.1022302074426906,-1.2335756477214768,0.5281044741538217,-3.2590415479086072,-3.3899478820052704,-3.140446527552749,0.24950135445252153
10112-91-1,Mercury chloride (Hg2Cl2),3,1267,,,,-3.4178791582798618,-3.618043282471477,-3.225889193420399,0.3921540890510782
780-69-8,Triethoxy(phenyl)silane,2,1267,,,,-1.2753725445010942,-1.4253493968966233,-1.13296118738192,0.29238820951470323
154592-20-8,Copper Pyrithione,1,1267,,,,-2.9763166040267235,-3.1053880829588603,-2.8497525337125165,0.2556355492463438
7775-11-3,Sodium chromate,9,1267,-1.19302734551131,0.6037882610831271,1.0923863237147773,-1.4190363890214062,-1.578146018139653,-1.2759772420655733,0.30216877607407966
813-19-4,Hexabutyldistannane,1,1267,,,,-4.727207375283256,-4.969731562597956,-4.497051088995515,0.47268047360244125
605-69-6,"1-Naphthalenol, 2,4-dinitro-",1,1267,,,,-2.588405013332758,-2.7672622389509165,-2.4111566677221106,0.35610557122880593
766-51-8,o-Chloroanisole,1,1267,,,,-1.6415072351152733,-1.8044780736578616,-1.4743500037838264,0.3301280698740352
59669-26-0,Thiodicarb,2,1267,,,,-2.3557212462491335,-2.4894472288554432,-2.2132445100460774,0.27620271880936587
92-24-0,Naphthacene,1,1267,,,,-3.9035641231081337,-4.140412243261433,-3.6788300405825325,0.46158220267890027
98-69-1,4-Ethylbenzenesulfonic acid,1,1267,,,,-2.6586945273604536,-2.912953398144906,-2.406960981308311,0.505992416836595
99-99-0,4-Nitrotoluene,2,1267,,,,-1.1733318313504757,-1.3226088769327433,-1.0253658211679584,0.29724305576478494
77-99-6,"2-Ethyl-2-(hydroxymethyl)-1,3-propanediol",2,1267,,,,-0.39053401081900296,-0.5946324119242398,-0.17632445907778344,0.41830795284645633
598-70-9,"2,2-Dibromoacetamide",1,1267,,,,-1.3289097242736996,-1.4936434632942925,-1.1721419457364128,0.3215015175578797
103-33-3,Azobenzene,3,1267,,,,-2.267926870770827,-2.4211938072058374,-2.123940318234286,0.29725348897155124
3868-61-9,Endosulfan lactone,4,1267,,,,-2.283625690232265,-2.4711708806208765,-2.1161450497472725,0.35502583087360406
126-33-0,Sulfolane,2,1267,,,,-0.2807874389440124,-0.43681408493086415,-0.13148858921890078,0.3053254957119634
2039-46-5,MCPA dimethylamine salt,4,1267,,,,-2.0880063904081423,-2.3072975983334953,-1.8945374385345215,0.41276015979897385
10377-48-7,Lithium sulfate,1,1267,,,,-1.0807496841888553,-1.2655622148040389,-0.894911033077357,0.3706511817266819
109-77-3,Propanedinitrile,4,1267,,,,-1.7213288987625819,-1.8599185858911285,-1.5808606883193435,0.279057897571785
1420-04-8,Clonitralid,26,1267,-1.816379546436378,-1.0016688541388563,0.49530893141384524,-2.3739251679140376,-2.5046648185675084,-2.255690340162735,0.2489744784047736
40487-42-1,Pendimethalin,4,1267,,,,-2.1174621356057033,-2.2747101332580315,-1.9749012491158653,0.2998088841421662
821-95-4,1-Undecene,2,1267,,,,-1.2671038164182318,-1.414352011285505,-1.1278242777501524,0.28652773353535266
43222-48-6,Difenzoquat metilsulfate,1,1267,,,,-1.6087329609091243,-1.7960120658318912,-1.426572248841083,0.3694398169908082
547-64-8,Methyl 2-hydroxypropanoate,1,1267,,,,-1.1306180418020126,-1.322607767332146,-0.9252728074707037,0.3973349598614422
1563-66-2,Carbofuran,33,1267,-2.067351755876831,-0.5040524958564964,0.9504184654519752,-2.554737301473013,-2.673646867353542,-2.4412638405049947,0.2323830268485474
73-40-5,Guanine,1,1267,,,,-1.6568032246803206,-1.8719860211866217,-1.4564097658089405,0.41557625537768117
6988-21-2,Dioxacarb,3,1267,,,,-1.7245830452484574,-1.9002675579740496,-1.5645806315678101,0.3356869264062394
111-27-3,1-Hexanol,1,1267,,,,-0.5533036284973667,-0.7040579626490157,-0.39990462019282536,0.3041533424561903
82-46-2,"9,10-Anthracenedione, 1,5-dichloro-",1,1267,,,,-3.2960372796650494,-3.5379494762516535,-3.062797099631992,0.47515237661966125
69-05-6,Quinacrine dihydrochloride,6,1267,1.2381866984324543,1.8428927708588654,0.36763518803016954,-1.552731133853668,-1.734126960570937,-1.3803451798996103,0.3537817806713268
2032-65-7,Methiocarb,6,1267,-2.0210607836236383,-0.3946716600296851,0.9887743790359382,-2.222306014887548,-2.3461140186304874,-2.09610481808128,0.2500092005492074
7778-39-4,Arsenic acid,1,1267,,,,-0.9185162720185248,-1.0586237094098048,-0.7693194734135765,0.28930423599622823
50-71-5,Alloxan,1,1267,,,,-2.446153598821879,-2.7425923702379884,-2.1565807227473335,0.5860116474906549
41859-67-0,Bezafibrate,2,1267,,,,-1.7708835807285244,-1.9513413775791375,-1.5956018814741024,0.3557394961050351
330-55-2,Linuron,3,1267,,,,-2.1937103461008824,-2.3274992898733244,-2.06844252071598,0.25905676915734466
53404-31-2,Dichlorprop butoxyethyl ester,7,1267,-0.4279152523352831,-0.16092353504629342,0.16231943858969683,-2.1449725691807897,-2.2907003178235894,-2.00618576573508,0.2845145520885093
29122-68-7,Atenolol,2,1267,,,,-1.5160198944561434,-1.7158134379026768,-1.3116419219190754,0.40417151598360146
108-21-4,Isopropyl acetate,2,1267,,,,-0.692224596369184,-0.8549753590979484,-0.525294802245152,0.3296805568527964
70630-17-0,Metalaxyl-M,1,1267,,,,-1.1097113477290197,-1.2831149880247852,-0.9427031006879621,0.34041188733682304
100-41-4,Ethylbenzene,14,1267,0.24762326129698342,1.246411186229297,0.607219942593579,-0.8150979026963145,-0.9448855784063603,-0.6858647102358042,0.25902086817055614
34123-59-6,Isoproturon,2,1267,,,,-2.0613777840147405,-2.2032536415157105,-1.9371608792255353,0.2660927622901752
4199-10-4,(S)-Propranolol hydrochloride,2,1267,,,,-3.5696928834804407,-3.7631445347982315,-3.362213910657038,0.4009306241411936
94-25-7,Butyl 4-aminobenzoate,1,1267,,,,-2.5556055009364442,-2.7653087593632155,-2.3413605243483326,0.4239482350148829
105-60-2,Caprolactam,1,1267,,,,-1.4997644835836224,-1.7315669999211143,-1.2663429215408435,0.4652240783802708
141-03-7,Dibutyl butanedioate,1,1267,,,,-2.0705555955039525,-2.2319329461614967,-1.901179809404328,0.3307531367571688
115550-35-1,Marbofloxacin,1,1267,,,,-2.2941360735525866,-2.5138744097772396,-2.090014039882866,0.4238603698943737
119-65-3,Isoquinoline,1,1267,,,,-1.4163518648265156,-1.5849493746144752,-1.2433491074813945,0.34160026713308067
3567-25-7,Sulcofuron-sodium,1,1267,,,,-2.0949871218618643,-2.2707053181737025,-1.9284541704723432,0.3422511477013592
60-33-3,Linoleic acid,1,1267,,,,-3.23199333576078,-3.4572046047695983,-3.0220724092187936,0.43513219555080473
6283-86-9,"Propanoic acid, 2-hydroxy-, 2-ethylhexyl ester",2,1267,,,,-2.0180116040056646,-2.2320654395912,-1.8291041643257504,0.40296127526544945
7747-35-5,"5-Ethyl-1-aza-3,7-dioxabicyclo[3.3.0]octane",1,1267,,,,-0.9925961628919471,-1.164356307661506,-0.8143206737625718,0.3500356338989342
15773-35-0,Copper pentachlorophenate,1,1267,,,,-3.884249488295775,-4.0869829764516785,-3.704533307925009,0.3824496685266694
503-87-7,"4-Imidazolidinone, 2-thioxo-",1,1267,,,,-2.034275082108898,-2.2709827893820527,-1.8093845631262726,0.46159822625578006
45298-90-6,Perfluorooctanesulfonate,4,1267,,,,-1.5596399294588843,-1.7313480391824305,-1.400339152519896,0.3310088866625345
1930-72-9,"Benzonitrile, 4-chloro-3,5-dinitro-",1,1267,,,,-2.7336756399235833,-2.958804876555019,-2.522459646107956,0.43634523044706297
64-00-6,m-Cumenyl methylcarbamate,2,1267,,,,-2.55798649238755,-2.702381625230003,-2.4151519163207005,0.28722970890930233
77501-63-4,Lactofen,1,1267,,,,-2.5929154989091643,-2.7813754044452663,-2.4225404091809386,0.3588349952643277
53112-28-0,Pyrimethanil,1,1267,,,,-1.3773644725857355,-1.5234020922105762,-1.2333997363417384,0.2900023558688378
592-76-7,1-Heptene,1,1267,,,,-2.136816553907953,-2.403479920093696,-1.9053045048515649,0.49817541524213094
111-68-2,Heptylamine,3,1267,,,,-1.041396259979598,-1.1839091913753974,-0.8973999685382845,0.2865092228371129
99-62-7,"1,3-Diisopropylbenzene",1,1267,,,,-1.6534911683632518,-1.7964882369297088,-1.50494832316496,0.29153991376474875
178928-70-6,Prothioconazole,1,1267,,,,-1.9829489934900275,-2.13621021785172,-1.8314291965731067,0.3047810212786133
1482-15-1,"3,4-Dimethyl-1-pentyn-3-ol",1,1267,,,,-0.7975852776086496,-0.9659676046010609,-0.6345752025011263,0.3313924020999346
25954-13-6,Fosamine ammonium,1,1267,,,,-0.03862260554033231,-0.1873497621317826,0.11971477471815718,0.3070645368499398
275-51-4,Azulene,1,1267,,,,-1.601175907427896,-1.7703656098139502,-1.4366079306572683,0.33375767915668186
594-27-4,Tetramethyltin,1,1267,,,,-2.076740314833468,-2.2709745638132572,-1.8913381061115544,0.37963645770170285
1120-01-0,Sodium hexyldecyl sulfate,2,1267,,,,-2.57924057998112,-2.734110344926353,-2.4365225611895163,0.2975877837368368
102-97-6,"Benzenemethanamine, N-(1-methylethyl)-",2,1267,,,,-1.9712103610060345,-2.1712791778983096,-1.7709255445655072,0.4003536333328024
1241-94-7,2-Ethylhexyl diphenyl phosphate,1,1267,,,,-3.1466396606386002,-3.327429707159077,-2.983752827738469,0.3436768794206082
110-60-1,Putrescine,1,1267,,,,-1.8087781971985253,-2.0558991579196255,-1.5602122411080463,0.49568691681157917
77732-09-3,Oxadixyl,1,1267,,,,-2.1541510854210113,-2.3759718750263925,-1.9390334391692465,0.436938435857146
150-68-5,Monuron,5,1267,0.8860563341531189,1.4960985507189961,0.3708793333158239,-1.2859673333620334,-1.4312134833370151,-1.13670479345487,0.2945086898821452
116255-48-2,Bromuconazole,1,1267,,,,-2.3411424642017202,-2.512467932435421,-2.181746469553189,0.3307214628822317
4180-23-8,(E)-Anethole,2,1267,,,,-1.4178046951465726,-1.5638882083844672,-1.265855275649565,0.2980329327349023
101-79-1,4-Chloro-4'-aminodiphenyl ether,1,1267,,,,-2.8056364260254583,-3.0092160032195845,-2.6091847708649145,0.40003123235467
7783-20-2,Ammonium sulfate,8,1267,0.8256505933239309,2.2267887556066137,0.8518315182120577,-0.02758931216834526,-0.1751779708383052,0.11450111185541421,0.2896790826937194
375-95-1,PFNA,2,1267,,,,-1.347575632006366,-1.526341558013935,-1.1891324231885738,0.3372091348253612
3689-24-5,Sulfotepp,1,1267,,,,-4.196562241541036,-4.425259605861557,-3.971704144384162,0.4535554614773951
243973-20-8,Pinoxaden,1,1267,,,,-1.7051099745067388,-1.87423381573452,-1.5592023353296085,0.31503148040491147
3096-70-6,"3,5-Dimethyl-4-aminophenol",1,1267,,,,-2.076662689760341,-2.221515390122514,-1.924666298792079,0.2968490913304349
3572-06-3,4-(4-(Acetyloxy)phenyl)-2-butanone,2,1267,,,,-1.3336313385952496,-1.474291745006884,-1.1810599314392751,0.29323181356760886
15950-66-0,"2,3,4-Trichlorophenol",1,1267,,,,-1.9061491727304098,-2.0521512951523326,-1.7576382673076312,0.29451302784470146
108-90-7,Chlorobenzene,13,1267,0.23951090119923957,1.1765904876989965,0.5697039366575827,-0.8785689850782403,-1.0079293430285545,-0.7429552918237192,0.2649740512048353
132-66-1,Naptalam,1,1267,,,,-2.3118146029821274,-2.5440028862368798,-2.095421046323285,0.44858183991359457
41814-78-2,"2,7,8,9-Tricyclazole",3,1267,,,,-1.6979334793651137,-1.8410986311064583,-1.5486283070025408,0.2924703241039175
91-64-5,Coumarin,2,1267,,,,-1.115789237034385,-1.2531690421092858,-0.9748201178297059,0.2783489242795799
96-13-9,"2,3-Dibromopropanol",2,1267,,,,-0.6532914714257069,-0.804213905148731,-0.5018832367270165,0.3023306684217145
2941-78-8,2-Amino-5-methylbenzoic acid,1,1267,,,,-3.7032509823380493,-4.0146879196210135,-3.416447518078072,0.5982404015429417
23031-36-9,Prallethrin,1,1267,,,,-3.696730021150646,-3.880300509149734,-3.5187858478455616,0.3615146613041724
367-25-9,"2,4-Difluoroaniline",1,1267,,,,-1.823958435875232,-2.0143378154751064,-1.6364603441563645,0.37787747131874183
80844-07-1,Etofenprox,5,1267,-3.2248715865973656,-0.7554353895417917,1.5013106069701534,-3.925587715742337,-4.092922838375388,-3.768421417811809,0.3245014205635792
106-50-3,"1,4-Benzenediamine",1,1267,,,,-1.571179499624734,-1.7545933997774568,-1.3944891007208673,0.36010429905658947
124-03-8,Ethylhexadecyldimethylammonium bromide,1,1267,,,,-4.067763612740559,-4.3350599108203225,-3.8187411770581883,0.5163187337621342
1663-39-4,tert-Butyl acrylate,1,1267,,,,-2.201003200055515,-2.428748955803551,-1.9866444293453127,0.4421045264582384
100-14-1,4-Nitrobenzyl chloride,1,1267,,,,-1.436943156818789,-1.5833595490937065,-1.2978211259941899,0.2855384230995166
16423-68-0,FD&C Red 3,1,1267,,,,-1.4537076178942796,-1.6414231287646197,-1.2644937090812707,0.37692941968334903
7783-36-0,"Sulfuric acid, dimercury(1+) salt",1,1267,,,,-2.5100703474039907,-2.7044440078515666,-2.330288804047121,0.3741552038044458
36001-88-4,Amiprofos-methyl,1,1267,,,,-3.2695542007841976,-3.509216224806098,-3.0441038896080728,0.4651123351980253
279-23-2,Bicyclo[2.2.1]heptane,1,1267,,,,-2.421218870964399,-2.66773236722639,-2.1854061540402947,0.4823262131860955
72-14-0,Sulfathiazole,2,1267,,,,-0.7688418771605479,-0.9219635295020282,-0.6314922938515296,0.2904712356504986
17700-09-3,"2,3,4-Trichloronitrobenzene",1,1267,,,,-3.748091580481055,-4.0244422875293,-3.5084240117671235,0.516018275762177
10031-82-0,p-Ethoxybenzaldehyde,1,1267,,,,-1.2666915916785424,-1.4184991540110135,-1.1030947671758509,0.3154043868351626
469-61-4,alpha-Cedrene,1,1267,,,,-3.1492532363374757,-3.3594180441270916,-2.9366084905406775,0.42280955358641403
619-15-8,"2,5-Dinitrotoluene",1,1267,,,,-2.0610891170637777,-2.2284542554547926,-1.896297739786224,0.33215651566856863
4316-42-1,1-Butylimidazole,1,1267,,,,-1.6214824245475117,-1.8139460720121336,-1.4499020365265567,0.36404403548557696
18172-67-3,(-)-beta-Pinene,2,1267,,,,-2.110978914638028,-2.257358696017678,-1.9546883545537856,0.3026703414638925
31972-44-8,Fenamiphos sulfone,1,1267,,,,-3.527615614590487,-3.710814037573819,-3.3390371890647894,0.37177684850902937
127-68-4,Sodium 3-nitrobenzenesulfonate,1,1267,,,,-0.7129537875448896,-0.9146485209696394,-0.5159483484391607,0.39870017253047874
87-68-3,"Hexachloro-1,3-butadiene",4,1267,,,,-2.2461194523469614,-2.3974917476740893,-2.1036764096088576,0.29381533806523175
94125-34-5,Prosulfuron,1,1267,,,,-3.991872751183304,-4.266066870149871,-3.7396762597187205,0.5263906104311502
58-63-9,Inosine,1,1267,,,,-4.622709984786233,-5.04877701401191,-4.185286154496849,0.8634908595150614
13067-93-1,Cyanofenphos,3,1267,,,,-2.7328640217030937,-2.912562951088087,-2.568152932547558,0.344410018540529
3344-12-5,Isomalathion (metabolite of malathion),1,1267,,,,-4.099389387504849,-4.33313907246293,-3.865844531909635,0.4672945405532949
105-37-3,Ethyl propionate,10,1267,1.3811088345230889,1.8473632507469777,0.28346255775234674,-0.29281059814993987,-0.43274029461208285,-0.15321754449100158,0.2795227501210813
74223-64-6,Metsulfuron-methyl,1,1267,,,,-1.9227955604086586,-2.095400230015435,-1.759871122583877,0.33552910743155784
13194-48-4,Ethoprop,2,1267,,,,-2.5432599353691794,-2.70023954419613,-2.384733089816654,0.31550645437947633
120-82-1,"1,2,4-Trichlorobenzene",8,1267,-0.5025173725984535,-0.05537247260306864,0.27184479680669893,-1.673742875307994,-1.810042990876878,-1.5423901567877563,0.26765283408912177
152-16-9,Schradan,4,1267,,,,-0.8963910642349047,-1.0543413219769513,-0.7438722159657469,0.31046910601120437
10325-94-7,Cadmium dinitrate,22,1267,-2.1383225721184984,-0.3911646941277237,1.0621965683529602,-2.078857550706076,-2.2089011269903454,-1.9476575702371264,0.261243556753219
110-91-8,Morpholine,1,1267,,,,-0.31964265851090556,-0.4827015576460155,-0.1711463952797154,0.3115551623663001
7773-06-0,Ammonium sulfamate,4,1267,,,,0.11302370708232626,-0.04311125516102303,0.2685021006636309,0.31161335582465394
2623-87-2,4-Bromobutyric acid,1,1267,,,,-3.5680237187609443,-3.9133699657110435,-3.257740564732594,0.6556294009784494
87-89-8,myo-Inositol,1,1267,,,,-2.546170979431203,-2.8440139111366545,-2.251700791213596,0.5923131199230585
1327-53-3,Arsenic oxide (As2O3),14,1267,0.5152460877410359,1.0699811554361385,0.3372549743062752,-1.3375943541203603,-1.4667591807086247,-1.2215637883431723,0.2451953923654524
1610-18-0,Prometon,7,1267,-0.13953205467058805,1.0547212860985689,0.7260544775540628,-1.1783460811340492,-1.3155538516151768,-1.042370715512012,0.2731831361031647
500008-45-7,Chlorantraniliprole,2,1267,,,,-3.398886482343643,-3.5871089085636263,-3.2329131959639374,0.35419571259968885
1314-13-2,Zinc oxide,2,1267,,,,-1.6931474409004696,-1.8426755946020612,-1.5368465658876462,0.305829028714415
80-73-9,"N,N'-Dimethylimidazolidinone",1,1267,,,,-3.596256998978681,-3.9749963268138493,-3.2530163311938907,0.7219799956199586
1313-82-2,Disodium sulfide,13,1267,-1.332063666473315,0.47028612566294553,1.0957508696239961,-1.3707451204000243,-1.5075694973018443,-1.2371352966086224,0.2704342006932219
302-17-0,Chloral hydrate,2,1267,,,,-1.02153559588958,-1.208561494344869,-0.8362511900413037,0.3723103043035654
7697-37-2,Nitric acid,3,1267,,,,-0.8826107522871491,-1.0467794694827899,-0.6984170322989981,0.3483624371837918
103-54-8,3-Phenylprop-2-en-1-yl acetate,1,1267,,,,-2.41819639272416,-2.6259424581696833,-2.217838368068524,0.4081040901011592
118-79-6,"2,4,6-Tribromophenol",2,1267,,,,-1.996130650628476,-2.1457393255500694,-1.8453627997229296,0.3003765258271398
94005-98-8,"4-(4-Chloro-2-methylphenoxy)butyric acid, compound with dimethylamine (1:1)",2,1267,,,,-1.7031280899052454,-1.8572633457030805,-1.5504380900025907,0.3068252557004898
163515-14-8,Dimethenamid-P,1,1267,,,,-1.670981972789298,-1.8456278511238757,-1.5189094969696157,0.32671835415426
2310-17-0,Phosalone,7,1267,-1.3916321109573484,-0.3160653180136816,0.6538981799475332,-2.4880957564919024,-2.6161899186405386,-2.361380333495301,0.25480958514523744
108-85-0,Bromocyclohexane,4,1267,,,,-1.293796598882158,-1.4394270174789483,-1.1618045117145692,0.2776225057643791
2642-71-9,Azinphos-ethyl,5,1267,-3.07740003132172,-2.484570831532886,0.3604145621684085,-3.673251344709021,-3.8074080776826147,-3.5433242534020573,0.26408382428055743
37262-61-6,"Propionic acid, phenethyl ester mixed with eugenol (7:3)",2,1267,,,,-1.8126385089523822,-1.975395509179477,-1.6533584518129967,0.32203705736648036
70343-06-5,"Benzenamine, 2,6-dinitro-3-methyl- (9CI)",1,1267,,,,-1.6595705952351938,-1.8291039462989476,-1.483708302155055,0.34539564414389257
24151-93-7,Piperophos,4,1267,,,,-2.1336649304669724,-2.299756913115328,-1.9823693669393876,0.31738754617594056
62-76-0,Sodium oxalate,1,1267,,,,-0.3033678366754651,-0.4862038314520275,-0.12499619248676402,0.3612076389652635
96-41-3,Cyclopentanol,1,1267,,,,-0.5492872737914074,-0.7270834660360056,-0.3514205490779517,0.37566291695805387
129630-19-9,Pyraflufen-ethyl,1,1267,,,,-3.2182539980875413,-3.400889479455018,-3.0507452379837985,0.3501442414712197
79559-97-0,Sertraline hydrochloride,4,1267,,,,-3.737569028364782,-3.889005548351137,-3.614397190437655,0.27460835791348215
7173-51-5,Didecyldimethylammonium chloride,10,1267,-1.639707855278957,-0.6736859799757957,0.5872995988667759,-2.672000162815382,-2.80774286771925,-2.5306337057713937,0.2771091619478563
1138-52-9,"3,5-Di-tert-butylphenol",1,1267,,,,-2.261909449602049,-2.4336130996067924,-2.0880647906116243,0.3455483089951681
10102-44-0,Nitrogen dioxide,2,1267,,,,-0.8165682269175116,-0.9751343924225601,-0.6561914425830031,0.31894294983955696
330-54-1,Diuron,28,1267,-1.621633588866304,0.1094624041087324,1.052431635624261,-2.1867411175836375,-2.338887386218219,-2.0493914430369835,0.2894959431812354
60-00-4,Ethylenediaminetetraacetic acid,2,1267,,,,-0.8694997295212875,-1.0166250826547536,-0.7104490543071871,0.3061760283475665
577-11-7,Docusate sodium,2,1267,,,,-2.291152253089753,-2.4850639060604682,-2.0997501410330255,0.38531376502744275
2303-16-4,Diallate,1,1267,,,,-2.54495972525119,-2.7311115466510922,-2.35142999675909,0.3796815498920023
110-65-6,"2-Butyne-1,4-diol",1,1267,,,,-0.9102789621122285,-1.0797836539251986,-0.7399879322631197,0.33979572166207894
960003-90-1,"S-[(2S)-Butan-2-yl] O-ethyl (S)-(2-oxo-1,3-thiazolidin-3-yl)phosphonothioate",1,1267,,,,-3.2484130474311295,-3.479398758539341,-3.0480960203966485,0.4313027381426924
59729-33-8,Citalopram,1,1267,,,,-2.5335474727674345,-2.7327045358689475,-2.358311042640492,0.3743934932284554
127967-03-7,"(S)-7-(3-Amino-1-pyrrolidinyl)-1-cyclopropyl-6-fluoro-1,4-dihydro-4-oxo-1,8-naphthyridine-3-carboxylic acid",1,1267,,,,-3.7632694657536323,-4.047979245716163,-3.489157707665996,0.5588215380501667
77-73-6,Dicyclopentadiene,9,1267,0.23301253894046792,0.9374480367652319,0.4282663735437333,-1.2941147885611508,-1.4200996000125936,-1.1668280495440189,0.25327155046857475
618-62-2,"Benzene, 1,3-dichloro-5-nitro-",1,1267,,,,-2.5160064315551685,-2.721437959665813,-2.3180146781913096,0.40342328147450335
79-57-2,Oxytetracycline,5,1267,0.1682463285225939,1.7309620601726405,0.9500637053926443,-1.1596694220485875,-1.3408184630741184,-1.0061548686112332,0.3346635944628853
1762-95-4,"Thiocyanic acid, ammonium salt",1,1267,,,,-0.8916181157955727,-1.0722112967432105,-0.7022313271305777,0.3699799696126328
108-18-9,Diisopropylamine,5,1267,2.3404639651253625,2.7736756473395845,0.2633740018661265,-0.006384811506676025,-0.1550588209643348,0.13824241971144613,0.2933012406757809
88-30-2,3-Trifluoromethyl-4-nitrophenol,6,1267,-0.33788224054239924,0.5174260385552834,0.5199905116681341,-1.2739379377408233,-1.3936397892422256,-1.1587837426200551,0.23485604662217052
76703-62-3,gamma-Cyhalothrin,6,1267,-6.775859125423778,-3.770488282200849,1.8271357365658132,-5.636657006268756,-5.786363531823097,-5.494164644344804,0.2921988874782935
427-51-0,Cyproterone acetate,2,1267,,,,-2.662583986060725,-2.8570095295441,-2.4824895355955494,0.3745199939485504
1694-09-3,Benzyl Violet 4B,1,1267,,,,-3.5455825404292236,-3.8284856971573347,-3.276058566348556,0.5524271308087787
13463-67-7,Titanium dioxide,5,1267,0.536262303469782,1.6162085354757205,0.6565606898453825,-0.9660895657797149,-1.14162846791244,-0.7940051130247643,0.3476233548876757
2212-59-1,"2,4-D-N-oleyl-1,3-propylenediamine salt",1,1267,,,,-3.1884805128748317,-3.387264275086595,-3.0147564178378485,0.37250785724874635
569-64-2,Malachite green,14,1267,-2.748625831286781,-0.3762125435541557,1.4423248663953105,-2.490193265516031,-2.6303553938914854,-2.364981322764332,0.2653740711271535
51580-86-0,Sodium dichloro-s-triazinetrione dihydrate,1,1267,,,,-2.527658800630686,-2.7003333002821592,-2.3660432420247557,0.33429005825740354
1740-19-8,Dehydroabietic acid,2,1267,,,,-1.770755009051023,-1.9153133776965623,-1.6377933742758826,0.27752000342067973
95-03-4,"Benzenamine, 5-chloro-2-methoxy-",1,1267,,,,-2.6467432601192145,-2.893914337170262,-2.4148524465030325,0.4790618906672295
107-10-8,Propylamine,2,1267,,,,-0.5165086123926103,-0.7009157851851899,-0.32403931715375045,0.3768764680314395
7647-15-6,Sodium bromide,8,1267,3.693117707720246,3.9842148259658137,0.1769744817872208,0.7998120170339937,0.6285199237871623,0.9748081290997008,0.34628820531253857
86479-06-3,Hexaflumuron,1,1267,,,,-5.064002066426396,-5.333497684459975,-4.7910065253575445,0.5424911591024308
301-12-2,Oxydemeton-methyl,4,1267,,,,-1.6586478019041735,-1.8009134248503282,-1.523603625815134,0.27730979903519426
134-32-7,1-Naphthylamine,1,1267,,,,-1.9220842803972218,-2.112367401121767,-1.7438239205467536,0.3685434805750132
17372-87-1,Eosin,1,1267,,,,-1.2632424282623216,-1.4597808279473872,-1.0565284986635244,0.4032523292838628
88-85-7,Dinoseb,9,1267,-1.5757110767031675,-0.5510091309049551,0.6229745486213063,-2.185565617646038,-2.311939965247125,-2.0690121791074647,0.24292778613966037
119-93-7,"3,3'-Dimethylbenzidine",1,1267,,,,-1.9988505874003848,-2.1713683818163783,-1.836540419337026,0.3348279624793522
2702-72-9,"2,4-D sodium salt",8,1267,1.865615122510755,2.772640930996534,0.5514325369892252,-0.3647353704418615,-0.5171785643285106,-0.20543975018155747,0.31173881414695315
542-76-7,3-Chloropropionitrile,1,1267,,,,-1.6556576136313246,-1.8774911370440388,-1.4228916989220992,0.4545994381219396
627-00-9,4-Chlorobutyric acid,1,1267,,,,-2.764149263851484,-3.0525838350667973,-2.4744646220250095,0.5781192130417878
112-18-5,"N,N-Dimethyldodecan-1-amine",1,1267,,,,-3.446711636355156,-3.6939896783189945,-3.2297961918710505,0.464193486447944
22515-51-1,Triethylplumbyl 2-methylprop-2-enoate,1,1267,,,,-3.58553868971572,-3.827918455859615,-3.342040599964898,0.48587785589471677
122-88-3,4-Chlorophenoxyacetic acid,1,1267,,,,-1.74871497153033,-1.9454509566648812,-1.5633158521266821,0.3821351045381991
575-41-7,"1,3-Dimethylnaphthalene",1,1267,,,,-2.1293916316375237,-2.3191616458194235,-1.9552641921889806,0.3638974536304429
59756-60-4,Fluridone,11,1267,-0.8099402881115777,0.5163567208495171,0.8063313277420422,-1.0788419551051813,-1.2116370596452244,-0.9455193849051293,0.26611767474009507
7758-11-4,Dipotassium monohydrogen phosphate,1,1267,,,,-0.5490318196984771,-0.7345631815469689,-0.3738825196058921,0.3606806619410768
4680-78-8,FD&C Green No. 1,1,1267,,,,-4.148326375167997,-4.472036636345139,-3.8563010889837206,0.6157355473614188
2300-66-5,Dicamba-dimethylammonium,2,1267,,,,-1.3278620102124454,-1.5101622654970686,-1.1531811722465333,0.3569810932505353
618-87-1,"3,5-Dinitroaniline",1,1267,,,,-1.147520320406588,-1.2906626948602282,-1.01111509715035,0.27954759770987825
106-44-5,p-Cresol,8,1267,0.5665582973737935,0.9717274090039315,0.2463253294951645,-0.8355189071747529,-0.9686156761695182,-0.7109929556507237,0.2576227205187944
632-99-5,C.I. Basic Violet 14,1,1267,,,,-2.7971680947037285,-2.9875499708266395,-2.6186846421980183,0.3688653286286212
90-13-1,1-Chloronaphthalene,4,1267,,,,-1.7392535477307804,-1.8637908487485983,-1.6193962069508845,0.24439464179771386
1002-62-6,Sodium decanoate,1,1267,,,,-1.5744440249460843,-1.7700770095142118,-1.392148640318181,0.3779283691960307
822-87-7,2-Chlorocyclohexanone,1,1267,,,,-2.0354775654599786,-2.2548340154465087,-1.8269015812753893,0.4279324341711195
13863-41-7,Bromine chloride,10,1267,-1.1038168087024534,-0.5697912703098617,0.3246644744811368,-1.7614579865427726,-1.8728473426805623,-1.652234459983594,0.22061288269696822
141-28-6,Diethyl hexanedioate,1,1267,,,,-1.5124436882565389,-1.6701291492435268,-1.3545201155761815,0.3156090336673454
101043-37-2,Microcystin LR,1,1267,,,,-3.5711186149289604,-3.7730520639259635,-3.3753939830086876,0.39765808091727584
616-73-9,"2,4-Dinitro-5-methylphenol",1,1267,,,,-4.656389467961665,-5.031955170012806,-4.294069781841013,0.7378853881717928
95-64-7,"3,4-Dimethylaniline",2,1267,,,,-1.638703687542074,-1.819478002748548,-1.4629159148720974,0.3565620878764506
33245-39-5,Fluchloralin,1,1267,,,,-3.053293167149998,-3.2020141869959278,-2.9158246129139807,0.2861895740819471
309-00-2,Aldrin,44,1267,-3.2054481398156636,-1.3822996905713367,1.1083955553074354,-3.3312369176602257,-3.4758669446518375,-3.1928576986418555,0.283009246009982
1464-42-2,Selenomethionine,1,1267,,,,-2.5383629326938095,-2.706374101043231,-2.3715434893184426,0.33483061172478834
1336-21-6,Ammonium hydroxide,4,1267,,,,-1.3787581521675056,-1.5454139217360956,-1.210538088343585,0.3348758333925106
67-66-3,Chloroform,14,1267,0.8268142283855244,1.7944083047040358,0.5882554292151965,-0.020874890345810693,-0.15456743538850815,0.10741849738644678,0.2619859327749549
22204-53-1,Naproxen,2,1267,,,,-1.3930667153372278,-1.562052781354326,-1.2230500295142557,0.3390027518400702
80-05-7,Bisphenol A,10,1267,-0.7560677726013982,0.48863366993924995,0.7567247456830212,-1.0498637345884885,-1.1714909237673563,-0.9329299973709333,0.238560926396423
7631-90-5,Sodium bisulfite,3,1267,,,,-0.6544625354472641,-0.8081543338765512,-0.503532583924068,0.30462174995248326
6408-78-2,Acid Blue 25,1,1267,,,,-2.027680149628744,-2.202157627792812,-1.8589726754975,0.3431849522953121
55283-68-6,Ethalfluralin,2,1267,,,,-2.7940257686694565,-2.947946258366986,-2.6478830914803293,0.3000631668866567
307-55-1,Perfluorododecanoic acid,2,1267,,,,-2.375111258496973,-2.5763157777238623,-2.1940147226871476,0.38230105503671474
125225-28-7,Ipconazole,1,1267,,,,-2.6525803086395805,-2.8410037023489667,-2.472548434042452,0.36845526830651476
91-40-7,N-Phenylanthranilic acid,1,1267,,,,-2.403414077399731,-2.614022583321393,-2.1980914679810764,0.41593111534031646
1455-18-1,3-Methylbenzo[b]thiophene,1,1267,,,,-3.0364543066328835,-3.283806892681908,-2.778264686011943,0.5055422066699653
375-01-9,"1-Butanol, 2,2,3,3,4,4,4-heptafluoro-",1,1267,,,,-2.700870498460138,-2.968490137780671,-2.455809864861926,0.512680272918745
151-56-4,Ethyleneimine,1,1267,,,,-2.2337344993520443,-2.492474039204709,-1.9839717051359247,0.5085023340687842
82633-79-2,"2-Methyl-5,6-dihydro-2H-cyclopenta[d][1,2]thiazol-3(4H)-one",1,1267,,,,-1.9190681847455444,-2.091474669942991,-1.758049513665788,0.33342515627720304
882-09-7,Clofibric acid,2,1267,,,,-0.6639579160066014,-0.8124050116180106,-0.5129637978166673,0.29944121380134325
5221-53-4,Dimethirimol,1,1267,,,,-1.7011785622615117,-1.888912700448097,-1.518450689184027,0.37046201126406997
15307-79-6,Diclofenac sodium,3,1267,,,,-0.8252637683415036,-0.9742848614542026,-0.6844856673452434,0.28979919410895916
622-45-7,Cyclohexyl acetate,1,1267,,,,-1.2661071785060645,-1.438664299983827,-1.0952741073026697,0.34339019268115734
16606-02-3,"2,4',5-Trichlorobiphenyl",1,1267,,,,-3.905265880842846,-4.170139357219196,-3.6624956344879953,0.507643722731201
19329-89-6,Isopentyl lactate,1,1267,,,,-2.1191417393285823,-2.350713692723784,-1.9016956385654782,0.44901805415830576
2253-73-8,Isopropyl isothiocyanate,1,1267,,,,-2.3229571707270824,-2.562499370759634,-2.1059273946398744,0.4565719761197595
71-41-0,1-Pentanol,4,1267,,,,0.17485786599015152,0.028243178705405714,0.31835769404800335,0.29011451534259763
123-42-2,Diacetone alcohol,1,1267,,,,-0.20708676283731586,-0.3868214879991472,-0.03141203868375387,0.3554094493153933
110-95-2,"N,N,N',N'-Tetramethyl-1,3-propanediamine",2,1267,,,,-1.2644898644924143,-1.4444018410296426,-1.0910196061774813,0.35338223485216136
96-22-0,3-Pentanone,1,1267,,,,-0.524384769207574,-0.7143621111185847,-0.3336279002221698,0.3807342108964149
19984-57-7,"1-(Tricyclo[3.3.1.1~3,7~]decan-1-yl)pyridin-1-ium bromide",1,1267,,,,-2.5277364907190947,-2.7660766370406877,-2.2932935057563157,0.472783131284372
62-53-3,Aniline,15,1267,-0.8945775038441985,1.0537743318308217,1.1845138094664647,-0.7886219327978448,-0.9276652639960243,-0.6561259974197465,0.2715392665762778
79277-27-3,Thifensulfuron-methyl,1,1267,,,,-2.44561637391347,-2.6302893422539646,-2.2613281686898583,0.3689611735641063
143-33-9,Sodium cyanide,9,1267,-1.2583227523218903,-0.7513219520216713,0.3082346003272525,-2.3191009756530248,-2.4496366879375966,-2.182128448006325,0.2675082399312716
144-62-7,Oxalic acid,1,1267,,,,-1.79888438636,-2.042411872655586,-1.5642727617051673,0.4781391109504187
7440-43-9,Cadmium,39,1267,-1.5703301886826426,-0.16271916373797032,0.8557667392894409,-2.2055828502082564,-2.3356945072589754,-2.07279467503544,0.2628998322235354
1305-62-0,Calcium hydroxide,2,1267,,,,-0.2835453283318965,-0.449216857142792,-0.12680676048659809,0.3224100966561939
173584-44-6,Indoxacarb,2,1267,,,,-2.513201776073143,-2.6832011137093827,-2.3557313906280477,0.32746972308133504
100-42-5,Styrene,9,1267,0.1415682160131766,1.1517117254473865,0.6141236477718583,-0.8914773947400869,-1.0272500281139734,-0.7489710769871274,0.278278951126846
10025-82-8,Indium trichloride,1,1267,,,,-1.561206541675194,-1.7572181627849681,-1.3668754896889186,0.39034267309604953
72-48-0,Alizarin,2,1267,,,,-2.106469497526036,-2.272062181173005,-1.9473476195067927,0.3247145616662124
557-31-3,"1-Propene, 3-ethoxy-",1,1267,,,,-1.8446413262747052,-2.0543334237739,-1.6219295952332347,0.4324038285406655
103-69-5,N-Ethylaniline,2,1267,,,,-1.7077581311893497,-1.867194867765826,-1.549337390019042,0.3178574777467842
13721-39-6,Sodium orthovanadate,1,1267,,,,-1.6511608410539171,-1.831291987094595,-1.4795115963108558,0.3517803907837391
56-12-2,4-Aminobutanoic acid,1,1267,,,,-1.7785398307534956,-2.0115578267047485,-1.554025346002373,0.4575324807023755
72-56-0,"p,p'-Ethyl-DDD",2,1267,,,,-3.586369169866938,-3.7548541428186804,-3.4215778233379655,0.3332763194807149
632-22-4,Tetramethylurea,1,1267,,,,-1.7997972226751044,-2.0563332775967558,-1.554531426465582,0.5018018511311737
1570-65-6,"4,6-Dichloro-o-cresol",1,1267,,,,-1.9750577298503318,-2.134787912361308,-1.8200258265207419,0.3147620858405662
107-15-3,Ethylenediamine,4,1267,,,,-0.396138375352149,-0.5577670968972611,-0.2290075577986591,0.328759539098602
1263-89-4,Paromomycin sulfate,2,1267,,,,-1.0202566338195895,-1.240279660828871,-0.7966234324761747,0.44365622835269636
508-32-7,"1,7,7-Trimethyltricyclo[2.2.1.02,6]heptane",1,1267,,,,-2.368790427937501,-2.5899645157854057,-2.164316521758256,0.4256479940271496
79241-46-6,Fluazifop-P-butyl,1,1267,,,,-2.117380923189221,-2.308856231600676,-1.9463718477678187,0.3624843838328573
54910-89-3,(+/-) -Fluoxetine,2,1267,,,,-2.8604797476058184,-3.0755947011904357,-2.6736380186636106,0.40195668252682504
645-08-9,Isovanillic acid,1,1267,,,,-1.4988865502328972,-1.7075075041600787,-1.3033817158167222,0.40412578834335644
506-32-1,Arachidonic acid,1,1267,,,,-3.048552728680469,-3.256530870705203,-2.867717669146939,0.38881320155826415
4104-14-7,Phosacetim,1,1267,,,,-2.7456974676692942,-2.919124675221741,-2.592857464961063,0.32626721026067784
554-84-7,3-Nitrophenol,3,1267,,,,-1.7760558685833199,-1.9350307990653168,-1.613051902971178,0.32197889609413877
1031-07-8,Endosulfan sulfate,7,1267,-2.974526893794021,-1.3002059001918294,1.0179148868737535,-3.7061244993356435,-3.862879105727635,-3.5569136619602326,0.3059654437674024
94-26-8,Butylparaben,2,1267,,,,-2.222458818248823,-2.4076810798540387,-2.0400136056198366,0.3676674742342021
35597-43-4,Bilanafos,1,1267,,,,-1.99916782016868,-2.1946373908215673,-1.8159817785695938,0.37865561225197353
56425-91-3,Flurprimidol,1,1267,,,,-1.6943723730904965,-1.8549567657999808,-1.5463292876516885,0.3086274781482923
3351-05-1,Acid Blue 113,1,1267,,,,-2.793229738752523,-2.9903057825631447,-2.6168047213402508,0.37350106122289395
95-82-9,"2,5-Dichloroaniline",2,1267,,,,-1.8434717606322033,-2.0188580722903278,-1.6799678235680235,0.3388902487223042
622-78-6,Benzyl isothiocyanate,1,1267,,,,-3.5648664148404974,-3.8420434824643435,-3.3007258058146833,0.5413176766496601
79-00-5,"1,1,2-Trichloroethane",7,1267,1.4976459183938626,1.680892251990991,0.11140586043315737,-0.24275978255598193,-0.36783547796227567,-0.12143270955725728,0.2464027684050184
6834-92-0,Sodium metasilicate,2,1267,,,,-0.6621926681671146,-0.8476255338139009,-0.47793422265873503,0.3696913111551659
504-24-5,4-Aminopyridine,1,1267,,,,-1.5132638648643402,-1.6489788189989583,-1.3797349233092857,0.26924389568967255
4684-94-0,6-Chloro-2-picolinic acid,1,1267,,,,-1.2161619389808291,-1.3485867702141516,-1.067937510773442,0.28064925944070973
532-02-5,Sodium 2-naphthalenesulfonate,1,1267,,,,-3.497127655379618,-3.8365425513680838,-3.174787764329975,0.6617547870381086
2687-12-9,"Benzene, (3-chloro-1-propenyl)-",1,1267,,,,-2.4175241712641578,-2.643648543821099,-2.198344350542257,0.44530419327884196
79-10-7,Acrylic acid,1,1267,,,,-0.9161794350122986,-1.1143697120592002,-0.7338417733726722,0.380527938686528
22781-23-3,Bendiocarb,2,1267,,,,-2.3965220549245054,-2.5210016719156045,-2.2658630337264536,0.25513863818915095
143-27-1,Hexadecylamine,2,1267,,,,-3.8478576808602307,-4.055566731085358,-3.653835977668871,0.4017307534164871
144-21-8,Disodium methanearsonate,1,1267,,,,-0.7873333415803709,-0.9715017109946315,-0.6069952124054249,0.3645064985892066
623-25-6,"alpha,alpha'-Dichloro-p-xylene",1,1267,,,,-3.2181418786958567,-3.426551778516577,-3.028940820462696,0.3976109580538809
78-00-2,Tetraethyl lead,4,1267,,,,-3.233888169763276,-3.388583963431949,-3.0795795002387574,0.30900446319319164
56634-95-8,Bromoxynil heptanoate,1,1267,,,,-3.940667313949219,-4.162451518500497,-3.732916997122467,0.4295345213780295
27355-22-2,Fthalide,2,1267,,,,-2.0806299981989094,-2.280580336962948,-1.894611259155012,0.3859690778079359
122-39-4,Diphenylamine,3,1267,,,,-1.6757792951711619,-1.8094767795855886,-1.542204073190474,0.2672727063951146
111-40-0,Diethylenetriamine,2,1267,,,,-0.4283749903799292,-0.5987556462339836,-0.26244638369829243,0.33630926253569116
39145-47-6,p-Chlorophenyl-o-nitrophenyl ether,1,1267,,,,-2.26029086550336,-2.432693497270588,-2.1086080849968085,0.3240854122737793
103-85-5,1-Phenyl-2-thiourea,1,1267,,,,-2.263301971244233,-2.4864578791492846,-2.044325506947791,0.4421323722014936
110-17-8,Fumaric acid,2,1267,,,,-1.395515446209646,-1.613978497320088,-1.1743541574770473,0.4396243398430406
335-76-2,PFDA,4,1267,,,,-1.5453819864671212,-1.7348106894257806,-1.3756538968431005,0.3591567925826802
37529-30-9,4-Decylaniline,2,1267,,,,-3.415695565240399,-3.6034635551117047,-3.2423127845092576,0.36115077060244705
15120-17-9,Sodium metaarsenate,1,1267,,,,-1.572954529161957,-1.768699933171134,-1.384434910361609,0.384265022809525
6361-21-3,2-Chloro-5-nitrobenzaldehyde,1,1267,,,,-1.4840950930542207,-1.625118063692532,-1.3409584577697693,0.2841596059227627
99-76-3,Methylparaben,2,1267,,,,-1.016931835718287,-1.1628312085786683,-0.8717258435170183,0.29110536506164997
121-32-4,3-Ethoxy-4-hydroxybenzaldehyde,1,1267,,,,-1.3059238620062115,-1.466759312574765,-1.14222183461757,0.324537477957195
134-20-3,Methyl 2-aminobenzoate,5,1267,0.8050399662845175,1.1083528973825494,0.18440116866823214,-0.8814984082225825,-1.0123772048902977,-0.7530106803332264,0.2593665245570713
542-85-8,"Ethane, isothiocyanato-",1,1267,,,,-2.6685136337410063,-2.934911862251902,-2.4224803064521496,0.5124315557997523
75-29-6,2-Chloropropane,1,1267,,,,-1.1188596942303841,-1.3222277761636891,-0.9172049627193067,0.4050228134443824
19932-84-4,"6-Chloro-2,3-dihydrobenzoxazol-2-one",1,1267,,,,-2.236707872947149,-2.4501811041793276,-2.030151017020508,0.4200300871588194
92-69-3,4-Phenylphenol,1,1267,,,,-2.6326192479352626,-2.8633640865494145,-2.4196260732109525,0.4437380133384621
105-67-9,"2,4-Dimethylphenol",8,1267,0.3563573099895616,0.8527226054399211,0.3017686724929497,-0.7763681710042618,-0.8923432419080329,-0.6668525676021769,0.225490674305856
90-04-0,2-Anisidine,1,1267,,,,-1.609853658770864,-1.785135571666899,-1.42934447620012,0.3557910954667791
156-59-2,"(Z)-1,2-Dichloroethylene",1,1267,,,,-1.5654914197683434,-1.7681028812237665,-1.360806666035573,0.40729621518819337
174630-05-8,Reversin 205,1,1267,,,,-3.839518198147657,-4.094076107417874,-3.594624307127794,0.4994518002900801
7786-34-7,Mevinphos,18,1267,-3.264435202313924,-1.384395043908375,1.1429832585711377,-2.8234669105384933,-2.9642582753458604,-2.7008516886615794,0.26340658668428096
10049-04-4,Chlorine dioxide,5,1267,0.351332382418887,2.5550336565560414,1.3397552451043528,-0.7284602643312219,-0.9198909887852129,-0.5381524521968803,0.38173853658833257
109-74-0,Butanenitrile,1,1267,,,,-1.1505600981972053,-1.3699146434503975,-0.9303455381674836,0.43956910528291393
333-43-7,O-Ethyl S-(4-methylphenyl) ethylphosphonodithioate,1,1267,,,,-3.6665955046170158,-3.8892000961232185,-3.460031953532504,0.42916814259071456
299-86-5,Crufomate,6,1267,1.2439240532796416,1.33493171310486,0.05532872854704374,-1.4796988232625483,-1.6210528874893666,-1.3350600218685895,0.2859928656207771
573-58-0,C.I. Direct Red 28,1,1267,,,,-1.7305557301580836,-1.9508898098209946,-1.5266545443405537,0.4242352654804409
1629-58-9,Ethyl vinyl ketone,1,1267,,,,-3.2790195470675605,-3.5804127667940215,-2.985023027658732,0.5953897391352894
2533-82-6,"Arsine, methylthioxo-",3,1267,,,,-1.996409961432689,-2.1771619997423275,-1.829827556823106,0.34733444291922155
60-57-1,Dieldrin,48,1267,-2.9045577277919965,-1.822752383663716,0.6576909497614503,-3.3306456936940982,-3.455136594941622,-3.214692939997243,0.24044365494437914
95-77-2,"3,4-Dichlorophenol",2,1267,,,,-2.165420927624711,-2.3596125309630462,-1.984582659818501,0.3750298711445452
50375-10-5,"2,3,6-Trichloroanisole",1,1267,,,,-2.7018446086038668,-2.911711549080677,-2.5157994992043418,0.3959120498763351
542-18-7,Chlorocyclohexane,1,1267,,,,-1.830764279493165,-2.0273470236688182,-1.6398260375284006,0.38752098614041763
34014-18-1,Tebuthiuron,3,1267,,,,-1.4353181063735918,-1.6114105654810067,-1.2728151774568937,0.33859538802411304
464-49-3,D-Camphor,1,1267,,,,-1.1417706488994013,-1.3069568217061365,-0.9791503541004272,0.3278064676057093
2439-00-1,"2,3,6-Trichlorophenylacetic acid sodium salt",5,1267,0.40669293849933347,0.8152734437816495,0.2483993095723466,-1.248941075232163,-1.3825670448147123,-1.1074174076559695,0.27514963715874274
57-12-5,Cyanide,2,1267,,,,-2.8652167927854024,-3.0343626522089076,-2.7012989862190633,0.33306366598984427
456-22-4,"Benzoic acid, 4-fluoro-",1,1267,,,,-1.4669409366137862,-1.6530741869575019,-1.2773517948953734,0.37572239206212843
95-53-4,2-Methylaniline,3,1267,,,,-1.3280662264662908,-1.497638779407321,-1.1488950679927858,0.3487437114145351
57055-39-7,Dichlorodehydroabietic acid,1,1267,,,,-2.5596343294499304,-2.721787442571396,-2.4043453510569934,0.3174420915144025
119-33-5,4-Methyl-2-nitrophenol,1,1267,,,,-0.9577279418844435,-1.1041230806349243,-0.8109160482296537,0.2932070324052706
65-45-2,Salicylamide,1,1267,,,,-1.1496507869933767,-1.330885810571865,-0.9650631669972246,0.36582264357464045
110-02-1,Thiophene,1,1267,,,,-2.598857258326409,-2.881560286603049,-2.3171345579446756,0.5644257286583736
14089-43-1,Potassium asulam,1,1267,,,,-1.2035413250767268,-1.3943308922340603,-1.0179770089107358,0.3763538833233244
141-82-2,Propanedioic acid,1,1267,,,,-1.2348429363086288,-1.4350821119457122,-1.0397581760188739,0.39532393592683834
140-66-9,"4-(1,1,3,3-Tetramethylbutyl)phenol",5,1267,-1.6734732929601908,-0.8639510351597675,0.4921545872144077,-2.240683867283897,-2.3786443129943686,-2.118829709860082,0.2598146031342865
78-96-6,1-Amino-2-propanol,1,1267,,,,-0.5207984257889142,-0.7041311839776389,-0.3471393291569593,0.3569918548206796
7778-54-3,Calcium hypochlorite,15,1267,-1.4484347839551532,-0.7931270012844618,0.39839884347959953,-2.029800966852842,-2.136239400813745,-1.9299265395762,0.2063128612375451
76578-14-8,Quizalofop-ethyl,1,1267,,,,-2.178517211477998,-2.338477258117804,-2.0346020745688045,0.30387518354899967
2758-42-1,"Dimethylamine 4-(2,4-dichlorophenoxy)butyrate",3,1267,,,,-1.5209074106165605,-1.6666349648609715,-1.3745581762868582,0.29207678857411334
31121-93-4,Ibuprofen sodium,1,1267,,,,-0.9242884734750303,-1.0887192018140932,-0.7624982710133248,0.3262209308007684
14507-19-8,Lanthanum hydroxide (La(OH)3),1,1267,,,,-1.7244508878835285,-1.91325428710203,-1.539298123776772,0.37395616332525794
2782-91-4,"1,1,3,3-Tetramethyl-2-thiourea",1,1267,,,,-1.5840602651134184,-1.8283408278433633,-1.3568916617083928,0.47144916613497045
121-05-1,"1,2-Ethanediamine, N,N-bis(1-methylethyl)-",1,1267,,,,-5.340469509572449,-5.8073132526111815,-4.880298223560585,0.9270150290505965
74610-55-2,Tylosin tartrate,1,1267,,,,-3.435199252179027,-3.7062635022097035,-3.182152854562265,0.5241106476474386
3400-09-7,Chlorimide,1,1267,,,,-2.2414458224333647,-2.3984732025806066,-2.085054843658822,0.3134183589217847
138-22-7,Butyl lactate,1,1267,,,,-1.0268531626020336,-1.19795435318414,-0.8615302006025316,0.3364241525816083
23184-66-9,Butachlor,19,1267,-1.3158533734159887,-0.16364819227781205,0.7004910116370917,-2.058313063121871,-2.2059718264042565,-1.920048532520853,0.28592329388340354
299-85-4,Zytron,2,1267,,,,-3.4644754144859298,-3.6655330100425503,-3.2492796966945483,0.416253313348002
95-80-7,"2,4-Diaminotoluene",2,1267,,,,-1.0866549253067461,-1.2649532113281072,-0.8998957991130148,0.36505741221509247
135590-91-9,Mefenpyr-diethyl,1,1267,,,,-2.3022584327068865,-2.4923334384250233,-2.1259912856511334,0.36634215277388993
97-50-7,"5-Chloro-2,4-dimethoxyaniline",1,1267,,,,-2.0952523238973955,-2.2805457736368706,-1.9140934846973754,0.3664522889394952
99685-96-8,Fullerene C60,1,1267,,,,-4.737866197973231,-5.028410666858521,-4.478743382480725,0.5496672843777963
1582-09-8,Trifluralin,22,1267,-2.0109240773986583,-0.3408929794372969,1.0153068155107223,-2.401524057958219,-2.54905310579899,-2.2834377941689272,0.2656153116300626
2051-61-8,3-Chlorobiphenyl,1,1267,,,,-1.9301148965268131,-2.079749989278875,-1.781745602569548,0.29800438670932694
26530-20-1,Octhilinone,1,1267,,,,-2.636471461831232,-2.747362229298072,-2.517700319114453,0.2296619101836188
86-87-3,1-Naphthaleneacetic acid,1,1267,,,,-1.2494376286208144,-1.4274071179528236,-1.0893903933061695,0.3380167246466541
17439-94-0,"Endothall, diammonium salt",1,1267,,,,-0.892433069443247,-1.036340456956049,-0.7424944644806222,0.29384599247542686
540-88-5,tert-Butyl acetate,1,1267,,,,-0.6875990130720743,-0.8588285393364724,-0.5153181068773232,0.34351043245914925
78-87-5,"1,2-Dichloropropane",5,1267,0.9577113863584529,1.4989833871397624,0.32907001079754944,-0.3497248021295179,-0.4778621820671996,-0.212247539590847,0.2656146424763526
89-60-1,"Benzene, 1-chloro-4-methyl-2-nitro-",1,1267,,,,-1.783416462586394,-1.959869636754605,-1.611816980943011,0.34805265581159395
75-31-0,Isopropylamine,2,1267,,,,-0.3566063797189213,-0.5321672550136554,-0.1769678121156056,0.3551994428980497
42399-41-7,Diltiazem,2,1267,,,,-2.148600219756207,-2.3179857577433047,-1.974652922513851,0.3433328352294538
15299-99-7,Napropamide,2,1267,,,,-1.0919667187617583,-1.2429440598999846,-0.9578822223211769,0.28506183757880765
112-80-1,Oleic acid,2,1267,,,,-1.7654783399314478,-1.9502348581994344,-1.592495391083769,0.3577394671156655
1024-57-3,Heptachlor epoxide,2,1267,,,,-4.02072629938575,-4.204726805646702,-3.849254615493099,0.3554721901536033
135-01-3,o-Diethylbenzene,1,1267,,,,-2.062333117572712,-2.267633460386585,-1.861049245115863,0.40658421527072197
75-87-6,Chloral,1,1267,,,,-1.477847738653261,-1.670182849557326,-1.2930184845491683,0.37716436500815775
69-53-4,Ampicillin,1,1267,,,,-3.2649516491271964,-3.483388410296687,-3.0435141309194806,0.43987427937720636
7647-14-5,Sodium chloride,16,1267,2.5667038805214473,3.4140528773180696,0.51515161161609,0.9644767521945057,0.8063442516885839,1.1217360337994298,0.31539178211084584
7803-55-6,Ammonium trioxovanadate,1,1267,,,,-1.1877219327205406,-1.315649753719847,-1.0400544173323798,0.27559533638746725
118-41-2,"Benzoic acid, 3,4,5-trimethoxy-",1,1267,,,,-3.592200020989594,-3.9285313076181447,-3.2986383836372384,0.6298929239809063
439-14-5,Diazepam,1,1267,,,,-1.4126948861309812,-1.5588323080482127,-1.282487439554352,0.27634486849386075
15545-48-9,Chlorotoluron,1,1267,,,,-2.0619380222785426,-2.2361014409002755,-1.8951233460024364,0.34097809489783915
616-72-8,"m-Xylene, 4,6-dinitro-",1,1267,,,,-1.7222353956617005,-1.8928886312157283,-1.5592173380425554,0.3336712931731729
753-89-9,"1-Chloro-2,2-dimethylpropane",1,1267,,,,-2.0555118723196317,-2.2852814614598644,-1.8326609890682901,0.4526204723915743
4080-31-3,N-(3-Chloroallyl)hexaminium chloride,3,1267,,,,-1.3766695798234156,-1.548224512444996,-1.213713387206224,0.334511125238772
294-62-2,Cyclododecane,1,1267,,,,-2.3498489229646538,-2.5589031317716664,-2.1477359917389176,0.4111671400327488
1007-28-9,Deisopropylatrazine,1,1267,,,,-2.3742025437893783,-2.613242430410394,-2.1569163164617793,0.4563261139486148
60-54-8,Tetracycline,1,1267,,,,-1.37285870557646,-1.5271002385188024,-1.2282427605625208,0.2988574779562816
23422-53-9,Formetanate hydrochloride,1,1267,,,,-1.980864594054911,-2.148130408161566,-1.8213081581966488,0.32682224996491716
150-78-7,Hydroquinone dimethyl ether,1,1267,,,,-1.4255266939267608,-1.6085055102890626,-1.2397953109540432,0.3687101993350195
69327-76-0,Buprofezin,3,1267,,,,-2.424660790305591,-2.593962804170817,-2.261699316200135,0.33226348797068184
529-20-4,2-Tolualdehyde,1,1267,,,,-1.1330482156990342,-1.2888239198916835,-0.9669913326348593,0.3218325872568243
7212-44-4,Nerolidol,1,1267,,,,-2.412720131651001,-2.5903038786815116,-2.2427608357403637,0.3475430429411479
2122-70-5,Ethyl 1-naphthaleneacetate,1,1267,,,,-1.6381088196783433,-1.8074213021914323,-1.4773439727520297,0.3300773294394026
107-20-0,Chloroacetaldehyde,1,1267,,,,-1.9195646393711512,-2.100596790366697,-1.720505771118768,0.380091019247929
10361-37-2,Barium chloride,6,1267,1.1197109526275084,2.303962228998452,0.7199736541699475,-0.44069556356365214,-0.6017803342453965,-0.279102502174514,0.32267783207088246
68-35-9,Sulfadiazine,1,1267,,,,-1.657003399343622,-1.831137053250932,-1.4974293470343096,0.33370770621662227
183675-82-3,Penthiopyrad,1,1267,,,,-2.3624186641702565,-2.52385422601395,-2.2109925927967464,0.3128616332172034
101-81-5,Diphenylmethane,1,1267,,,,-2.710911189009548,-2.938044008938879,-2.50877601771589,0.42926799122298887
58-36-6,"10,10'-Oxybisphenoxarsine",2,1267,,,,-2.830079692107777,-3.008515909994862,-2.6643985183045937,0.34411739169026845
111-86-4,1-Octanamine,2,1267,,,,-1.991618571899954,-2.1630377418145335,-1.823885136137309,0.3391526056772245
2961-68-4,Bromoxynil potassium salt (1:1),1,1267,,,,-2.0181054776185157,-2.2074805826696156,-1.83514154339469,0.3723390392749255
1646-88-4,Aldoxycarb,2,1267,,,,-1.3209576927003126,-1.4654997759823243,-1.1691046351020282,0.29639514088029606
123-11-5,4-Methoxybenzaldehyde,1,1267,,,,-5.005192837626253,-5.47675938415312,-4.574609034390964,0.9021503497621568
5437-45-6,Benzyl bromoacetate,3,1267,,,,-2.4704451107057213,-2.6102525056666783,-2.332835790933892,0.2774167147327864
98-05-5,Benzenearsonic acid,1,1267,,,,-0.6394085966248326,-0.7903111309230314,-0.4733565897445916,0.3169545411784398
6369-97-7,"2,4,5-T dimethylamine salt",2,1267,,,,-1.1292097563560808,-1.309217675822269,-0.9587381253568943,0.3504795504653746
10004-44-1,Hymexazol,1,1267,,,,-2.3575598210572735,-2.614388384519024,-2.130901030362028,0.48348735415699595
20056-92-2,"7-Dodecen-1-ol,(7Z)-",2,1267,,,,-1.750122218133603,-1.8972858255586682,-1.6006204425200503,0.2966653830386179
7705-08-0,Ferric chloride,9,1267,0.2567733011728348,1.3471098921846933,0.6628775795890476,-0.8790939691529114,-1.0322836104340969,-0.7330936011688152,0.2991900092652817
1137-12-8,(+)-Longicyclene,1,1267,,,,-3.468359431372815,-3.720588375491112,-3.240260390252515,0.4803279852385973
6051-87-2,"5,6-Benzoflavone",1,1267,,,,-3.9257155664439063,-4.2013604366926245,-3.6578718896026436,0.5434885470899808
7757-79-1,Potassium nitrate,5,1267,1.9568744597768264,2.365569265707779,0.2484687994325772,0.10410440560571205,-0.04243942099996784,0.2595766412805294,0.3020160622804972
7782-50-5,Chlorine,7,1267,-1.8518163176568878,-0.756880129807899,0.6656739359102208,-2.343971282291488,-2.458399079394514,-2.226573239771203,0.23182583962331105
3383-96-8,Temephos,15,1267,-3.051723961514324,-0.16732145365306697,1.7535922106376909,-3.1523517131055216,-3.319085329840499,-2.9817333838838374,0.33735194595666185
2439-35-2,2-(Dimethylamino)ethyl acrylate,2,1267,,,,-1.0428198624000944,-1.2172545281828782,-0.8726212982882819,0.3446332298945962
615-65-6,2-Chloro-4-methylaniline,1,1267,,,,-2.059557939828405,-2.2554948087193303,-1.8699460507619605,0.38554875795736976
590-17-0,Bromoacetonitrile,1,1267,,,,-3.4782867445394547,-3.7880027558272276,-3.1899874367122236,0.5980153191150039
812-70-4,"2H,2H,3H,3H-Perfluorodecanoic acid",1,1267,,,,-2.732660745678829,-2.939441263421755,-2.543229957568347,0.396211305853408
7646-79-9,Cobalt chloride,9,1267,-0.3357682660734156,1.123871583891887,0.887398018917075,-1.0540021113500415,-1.1949064036827224,-0.919211482485651,0.2756949211970714
7784-46-5,Sodium arsenite,15,1267,-0.028082741732957883,0.9688609157603992,0.606098707604193,-1.0940816781039184,-1.2116552760327575,-0.956179213497235,0.25547606253552246
29232-93-7,Pirimiphos-methyl,9,1267,-3.8165977665846094,-0.7149271481807528,1.8856818427986257,-3.311455634379225,-3.487905385140278,-3.1543070129419255,0.3335983721983524
2961-62-8,Ioxynil sodium,1,1267,,,,-2.437670783277533,-2.64468868702273,-2.243173296269034,0.40151539075369636
22248-41-5,Pyrenophorol,1,1267,,,,-2.9822165770495364,-3.23032596360978,-2.7548721454501712,0.47545381815960885
59-87-0,Nitrofurazone,3,1267,,,,-0.9662874065517211,-1.111818659751878,-0.8288182195048195,0.2830004402470585
110-83-8,Cyclohexene,5,1267,0.12082789835613328,1.1585795035064532,0.6309081781785414,-1.058321849880528,-1.2183927904130065,-0.904399577074117,0.3139932133388895
1310-73-2,Sodium hydroxide,5,1267,1.373079410264577,1.767099817944312,0.23954739876155534,-0.7987059763341835,-0.976624671033144,-0.6314594991339749,0.34516517189916907
631-64-1,Dibromoacetic acid,2,1267,,,,-0.21265185509933104,-0.34669501747049014,-0.07294897988365147,0.2737460375868387
107-12-0,Propionitrile,1,1267,,,,-0.8818397920262188,-1.0956688683801925,-0.6676321902825976,0.42803667809759494
114-07-8,Erythromycin,5,1267,-0.6359443305049342,1.1802900009853419,1.1041920701822177,-1.887828633956659,-2.073122470193388,-1.7153335090004873,0.3577889611929006
64700-56-7,Triclopyr-butotyl,8,1267,-0.5938999085402416,-0.16692988813473852,0.25957934092703294,-2.1011433101069796,-2.2368220076524534,-1.9659775347924846,0.2708444728599688
505-23-7,"1,3-Dithiane",1,1267,,,,-2.582796534877593,-2.854199791455095,-2.3122813680641285,0.5419184233909666
107-64-2,Dimethyldioctadecylammonium chloride,2,1267,,,,-2.321442092919179,-2.53770794851368,-2.128566055722838,0.4091418927908421
685-91-6,Diethylacetamide,1,1267,,,,-1.6390471169492118,-1.8806269254434762,-1.412740782151973,0.46788614329150313
513-48-4,2-Iodobutane,1,1267,,,,-2.217035823171212,-2.427066059531405,-2.021791086945647,0.40527497258575806
10108-64-2,Cadmium chloride,135,1267,-1.6977538343881087,0.06171021061306882,1.0696781866615819,-2.2976030247477675,-2.453049002094499,-2.1540012251758873,0.2990477769186115
106-49-0,4-Methylaniline,3,1267,,,,-1.3465462772767332,-1.4962903898324207,-1.1727641196245235,0.32352627020789715
7785-87-7,Manganese sulfate (1:1),7,1267,-1.039885383701941,1.2159195698700682,1.3714320329845135,-0.41562378809675515,-0.5503407687512673,-0.2756182087699614,0.27472255998130585
2016-42-4,Tetradecylamine,2,1267,,,,-3.2588586782139095,-3.4333476773674056,-3.086866818869168,0.3464808584982375
615-36-1,"Benzenamine, 2-bromo-",3,1267,,,,-1.3934902198294434,-1.5414839670874232,-1.253164675587806,0.2883192914996171
35400-43-2,Sulprofos,6,1267,-2.3647472052385803,0.2595321910619035,1.5954485878261715,-2.6358962749954493,-2.8064540445491106,-2.4682555981034078,0.33819844644570285
98-82-8,Cumene,3,1267,,,,-1.1983668912295433,-1.3353554190815127,-1.051958397516038,0.28339702156547464
1214-39-7,N-Benzyladenine,2,1267,,,,-1.6814662414269868,-1.8611568302144288,-1.5062040975054718,0.354952732708957
302-95-4,Sodium deoxycholate,1,1267,,,,-1.5302070423087353,-1.7051449157474057,-1.369861895673754,0.3352830200736516
51218-49-6,Pretilachlor,3,1267,,,,-3.137545127182999,-3.322904916734569,-2.954298969860714,0.36860594687385495
859-18-7,Lincomycin hydrochloride,1,1267,,,,-1.8220882149839466,-2.0355240955732894,-1.6307799040266309,0.4047441915466585
583-60-8,2-Methylcyclohexanone,1,1267,,,,-0.9247486988651434,-1.1100317714916101,-0.7396296115220646,0.3704021599695455
51481-61-9,Cimetidine,1,1267,,,,-1.873420309630094,-2.100152339284237,-1.6621154138504117,0.43803692543382544
2312-35-8,Propargite,3,1267,,,,-2.482934764920783,-2.620772389706203,-2.3424107749694114,0.27836161473679155
510-15-6,Chlorobenzilate,2,1267,,,,-2.188845959615737,-2.3353139891582093,-2.0495116854423476,0.2858023037158617
104-76-7,2-Ethyl-1-hexanol,1,1267,,,,-1.2485672807544246,-1.394378529351432,-1.0957327335088372,0.29864579584259476
75-21-8,Ethylene oxide,3,1267,,,,-0.39352224574343236,-0.5577806354734253,-0.22706162387665327,0.330719011596772
7778-50-9,Potassium dichromate,63,1267,-1.7274266121482307,0.5013629712858355,1.3550078541425261,-1.8242367022926085,-1.9827351053349302,-1.6669250771486666,0.3158100281862637
1689-82-3,p-Phenylazophenol,1,1267,,,,-2.1388884800746713,-2.2858670861102586,-1.9896232922650277,0.2962437938452309
753-73-1,Dimethyltin dichloride,1,1267,,,,-2.3773726425957182,-2.587360573778342,-2.1751803374281766,0.41218023635016543
50-31-7,"2,3,6-Trichlorobenzoic acid",2,1267,,,,-1.021911093913661,-1.2130093389737862,-0.8497180021105625,0.3632913368632237
554-00-7,"2,4-Dichloroaniline",7,1267,-0.021688181329661993,0.7571044610682239,0.47347230758841385,-1.0170406722189853,-1.1339491519134943,-0.8989858802911063,0.23496327162238806
555-89-5,Bis(p-chlorophenoxy)methane,1,1267,,,,-1.8770319516382554,-2.0419050313971385,-1.7201947044867822,0.3217103269103563
7601-89-0,Sodium perchlorate,3,1267,,,,-0.013202013702540538,-0.1726271369878958,0.1428076991719033,0.3154348361597991
95-94-3,"1,2,4,5-Tetrachlorobenzene",5,1267,-0.4969121452925169,0.2520670234532323,0.45534700259857586,-1.6068106110126323,-1.7441317220834691,-1.4751077474794143,0.2690239746040548
60-41-3,Strychnine hemisulphate salt,1,1267,,,,-3.6848571396454033,-3.9211152439178574,-3.463212165115146,0.4579030788027114
69-72-7,Salicylic acid,3,1267,,,,-0.637234573791293,-0.7961752881889252,-0.47913493874790886,0.3170403494410164
10042-84-9,Nitrilotriacetic acid sodium salt,1,1267,,,,-0.30372557237703646,-0.458717761254433,-0.14311310280618247,0.3156046584482505
7778-43-0,Disodium arsenate,10,1267,-0.6332081997661565,0.9258157139551129,0.9478192394606698,-1.8152058202930699,-1.9991118721528072,-1.63177817278962,0.36733369936318727
87-86-5,Pentachlorophenol,63,1267,-1.7763400160815515,-0.7258129424007764,0.6386751115525054,-2.281907933072252,-2.4086808218311813,-2.1714588793332585,0.23722194249792272
7439-92-1,Lead,8,1267,-0.35714010068742436,0.28330438108732353,0.38936259815515034,-1.286584627784456,-1.4197732577453661,-1.1598278090651128,0.25994544868025327
29457-72-5,Lithium perfluorooctane sulfonate,1,1267,,,,-1.8473322762489817,-2.044119905061143,-1.6645563142198576,0.37956359084128555
22936-75-0,Dimethametryn,5,1267,-1.7877579816990654,0.11754809837410862,1.158343848263518,-2.031122633617821,-2.1955290720030893,-1.8864396677123234,0.3090894042907659
1443-80-7,4'-Cyanoacetophenone,1,1267,,,,-2.3325543083750664,-2.568832951771714,-2.100300219987023,0.4685327317846908
108-46-3,Resorcinol,3,1267,,,,-0.619290893593978,-0.7594699109297791,-0.4838230937996955,0.2756468171300836
34825-93-9,3-(Bromomethyl)cyclohexene,1,1267,,,,-2.125834297315876,-2.3327009568865034,-1.9333080840943904,0.399392872792113
91-52-1,"Benzoic acid, 2,4-dimethoxy-",1,1267,,,,-2.6165524458329896,-2.8671119687706836,-2.3782900220067438,0.48882194676393986
34381-68-5,Acebutolol hydrochloride,1,1267,,,,-2.968299713657887,-3.2232081557627494,-2.7453487065503315,0.47785944921241796
75-34-3,"1,1-Dichloroethane",1,1267,,,,-2.030295956013382,-2.255429729155586,-1.8098199187537758,0.44560981040181025
2923-18-4,"Acetic acid, trifluoro-, sodium salt",1,1267,,,,-0.3373668539049288,-0.506425446975384,-0.1579930425623449,0.34843240441303913
6753-47-5,Picloram triisopropanolamine salt,1,1267,,,,-1.1715266242402134,-1.3329922625800328,-1.010349320679285,0.3226429419007477
85264-33-1,"(3,5-Dimethyl-1H-pyrazol-1-yl)methanol",1,1267,,,,-1.108636152305373,-1.278206503988984,-0.9363015584713029,0.34190494551768114
953-17-3,Methyl trithion,5,1267,-1.5861547940648635,-0.7065768036967609,0.534745448443512,-2.569340577368961,-2.69601291599495,-2.441975793301751,0.254037122693199
51630-58-1,Fenvalerate,26,1267,-4.295262950606583,-2.396964312541978,1.154083626020183,-5.025914833991668,-5.173700493815791,-4.87568244174926,0.2980180520665314
2859-67-8,3-(3-Pyridyl)-1-propanol,1,1267,,,,-1.3820862806421945,-1.5676528507560523,-1.1945241790298855,0.3731286717261668
79983-71-4,Hexaconazole,1,1267,,,,-1.727972080397692,-1.87018025799721,-1.5989496325031791,0.2712306254940309
88-74-4,2-Nitroaniline,2,1267,,,,-1.1570752625307263,-1.3082423400530727,-1.003029586568259,0.3052127534848137
7790-98-9,Ammonium perchlorate,1,1267,,,,-1.029071195092222,-1.233488744053599,-0.8290035509979099,0.4044851930556892
56108-12-4,p-(tert-Butyl)benzamide,1,1267,,,,-1.272517694058132,-1.4287909378929202,-1.1069267147395914,0.32186422315332885
616-09-1,"Propanoic acid,2-hydroxy-,propylester",1,1267,,,,-1.8638061906178316,-2.107026549118536,-1.624725059097892,0.4823014900206437
482-89-3,Indigo,1,1267,,,,-2.519303519086858,-2.729546894546116,-2.319622187818171,0.4099247067279448
112-12-9,2-Undecanone,1,1267,,,,-1.954553249755061,-2.1023099214615053,-1.7968730683889906,0.30543685307251467
3218-02-8,Cyclohexanemethylamine,2,1267,,,,-1.2896435681397824,-1.4588299263779059,-1.1215544765424734,0.33727544983543245
81-04-9,"1,5-Naphthalenedisulfonic acid",1,1267,,,,-4.901324987654604,-5.3069317566436425,-4.529980667486212,0.7769510891574303
141-97-9,Ethyl acetoacetate,1,1267,,,,-1.4954503432506137,-1.6967692600471695,-1.2913825347227965,0.40538672532437303
111-30-8,Glutaraldehyde,2,1267,,,,-0.9903566320669575,-1.1349039183489662,-0.8437057076401867,0.2911982107087795
85-34-7,Chlorfenac,4,1267,,,,-1.3365834721036554,-1.4757109538093554,-1.19530991801366,0.2804010357956954
7758-95-4,Lead(II) chloride,9,1267,-1.5302757913296312,0.3598954168858838,1.149142499517545,-1.85783911553351,-2.013996465977423,-1.6867825112072725,0.3272139547701505
524-42-5,"1,2-Naphthoquinone",1,1267,,,,-4.47163116417004,-4.8366309373176515,-4.125727493852937,0.7109034434647148
56-38-2,Parathion,39,1267,-3.0137820743324637,-0.9479032673964457,1.2559651345784864,-3.4417075695622334,-3.578422882937823,-3.308571343723667,0.26985153921415606
93-15-2,Methyleugenol,2,1267,,,,-1.4455974727115062,-1.6022051884887192,-1.3021798418671644,0.3000253466215548
92-83-1,9H-Xanthene,1,1267,,,,-2.346067323144207,-2.5633782492750763,-2.148107607196516,0.4152706420785601
65954-19-0,(Z)-4-Tridecen-1-yl acetate,1,1267,,,,-2.519768179211084,-2.706170320249395,-2.343704504390146,0.3624658158592493
117-81-7,Di(2-ethylhexyl) phthalate,4,1267,,,,-2.207192049648424,-2.417991885172011,-2.0136517687964397,0.4043401163755713
36362-09-1,2-(Decylthio)ethanamine hydrochloride,2,1267,,,,-2.972967134147159,-3.1155907212542133,-2.8275865437707854,0.2880041774834279
61-73-4,Methylene blue,13,1267,-0.4077104092922117,1.1434603145978208,0.9430448390504693,-1.397977121163159,-1.5462052778611295,-1.2655038355092885,0.280701442351841
108-95-2,Phenol,59,1267,0.6154314825950306,1.2496070691202545,0.38555138045966303,-0.5302570382049778,-0.6529358636342513,-0.40857340346602966,0.2443624601682216
85-00-7,Diquat dibromide,20,1267,-0.6050993155972381,0.9888348682727898,0.9690431767014931,-1.7173220124358932,-1.8825102386902848,-1.5593141878458725,0.3231960508444123
90-12-0,1-Methylnaphthalene,2,1267,,,,-1.5795785243324039,-1.7140819204377593,-1.4393709996643633,0.274710920773396
127-20-8,Dalapon-sodium,4,1267,,,,-0.2319650786327132,-0.3826804090807071,-0.08797575672584458,0.29470465235486254
25311-71-1,Isofenphos,1,1267,,,,-2.8146552272849124,-2.9676137910651845,-2.6760752406253863,0.29153855043979826
6190-65-4,Deethylatrazine,1,1267,,,,-1.061717135098012,-1.2087873295097158,-0.9242495206486113,0.28453780886110447
94-09-7,Benzocaine,2,1267,,,,-0.44739653423855097,-0.5641083852284982,-0.33518473811160776,0.2289236471168904
836-30-6,4-Nitro-N-phenylaniline,2,1267,,,,-2.0410515916315006,-2.2269389061872706,-1.8728053589028335,0.35413354728443713
107-92-6,Butanoic acid,3,1267,,,,-0.5454314265423701,-0.7078572033745957,-0.37414873094547446,0.3337084724291212
607-00-1,"N,N-Diphenylformamide",1,1267,,,,-1.6810902233531446,-1.859178635285396,-1.5046619343392436,0.3545167009461525
29245-51-0,"4,6-dinitro-2,1-benzoxazole",1,1267,,,,-2.8390136348950623,-3.0363577406754763,-2.636749750802886,0.39960798987259016
1912-24-9,Atrazine,54,1267,-1.4950725979814214,0.4252022975520917,1.1674442418882576,-1.5869162972942634,-1.7116016707423716,-1.465416397262083,0.2461852734802885
114-26-1,Propoxur,10,1267,-2.6880654803991524,-0.6012199860074414,1.2687119754597336,-2.192219968640885,-2.308362301863131,-2.0677968445387176,0.2405654573244136
19381-50-1,Acid green No. 1,1,1267,,,,-2.0801565608736463,-2.3271513895853637,-1.8339357286589604,0.49321566092640334
12125-01-8,Ammonium fluoride,2,1267,,,,-0.45170137006948163,-0.6269211209730948,-0.26303293901280644,0.3638881819602884
147-24-0,Diphenhydramine hydrochloride,2,1267,,,,-4.6328014413284215,-4.8737797671496645,-4.379376632673975,0.4944031344756894
610-02-6,"2,3,4-Trihydroxybenzoic acid",2,1267,,,,-1.4008489435941995,-1.5572266419915883,-1.2477623160487747,0.3094643259428136
112-27-6,Triethylene glycol,2,1267,,,,-0.22945864535177718,-0.4372633538141241,-0.032020861381413586,0.40524249243271054
298-04-4,Disulfoton,10,1267,-1.8447693132871459,-0.11618279131523626,1.0509059855834255,-2.498096056838237,-2.62980871643223,-2.3678839467439374,0.2619247696882927
761-65-9,"N,N-Dibutylformamide",1,1267,,,,-2.099756780800546,-2.324410428298065,-1.8731609701640344,0.4512494581340305
110-96-3,Diisobutylamine,2,1267,,,,-1.3967773195825663,-1.5724531962063752,-1.2335761424368337,0.3388770537695416
60207-90-1,Propiconazole,5,1267,-0.4028674712666308,0.3344942439603058,0.4482840923623963,-1.908442548357808,-2.0592307451654555,-1.7566318930179055,0.30259885214755
108-69-0,"3,5-Dimethylaniline",1,1267,,,,-1.870082497899805,-2.0631330136693915,-1.6815262042358714,0.3816068094335201
1122-82-3,"Cyclohexane, isothiocyanato-",1,1267,,,,-2.5991977306430254,-2.8386083097396746,-2.3831368414988607,0.45547146824081386
14062-34-1,3-Aminobenzoyl hydrazine,1,1267,,,,-1.7152713711251186,-1.9029881299654605,-1.535191328127383,0.3677968018380775
60-29-7,Diethyl ether,1,1267,,,,-1.124472450918815,-1.3566406917956,-0.8958907717325385,0.4607499200630615
15263-52-2,Cartap hydrochloride,2,1267,,,,-2.360610614530691,-2.5092836986466414,-2.2144148602310603,0.2948688384155811
98-04-4,Phenyltrimethylammonium iodide,1,1267,,,,-2.15221809125914,-2.39386639826204,-1.915660326309637,0.47820607195240283
129909-90-6,Amicarbazone,1,1267,,,,-2.0659844157535496,-2.245198092961975,-1.8800892226292938,0.365108870332681
1918-02-1,Picloram,4,1267,,,,-0.7941616180683261,-0.9234404105748938,-0.6715204641160547,0.2519199464588391
100-00-5,1-Chloro-4-nitrobenzene,3,1267,,,,-1.202056868869167,-1.3489232983244845,-1.065401670530105,0.2835216277943795
117704-25-3,Doramectin,1,1267,,,,-6.954853671163075,-7.259632991799002,-6.631054087835339,0.6285789039636631
79917-90-1,1-Butyl-3-methylimidazolium chloride,1,1267,,,,-1.6969975153565633,-1.8912966511327671,-1.5067549474645399,0.38454170366822726
500-85-6,"2,5-Cyclohexadien-1-one, 4-[(4-hydroxyphenyl)imino]-",1,1267,,,,-2.636609613563834,-2.831974146756141,-2.4606911185895424,0.3712830281665984
131-17-9,Diallyl phthalate,2,1267,,,,-2.057972139457914,-2.205368613192568,-1.9128752826862183,0.2924933305063495
79902-63-9,Simvastatin,1,1267,,,,-3.1600621570694276,-3.3922278242551687,-2.9127962865659702,0.47943153768919844
86-50-0,Azinphos-methyl,28,1267,-4.014142567422226,-2.008672136275586,1.2192394498126404,-3.909139240893361,-4.0480937648666915,-3.7803259112018957,0.26776785366479583
13463-41-7,Zinc pyrithione,5,1267,-1.7032639947337038,-0.7325968901235881,0.5901236977597355,-2.688098292158328,-2.833191140763035,-2.5552612350758634,0.27792990568717135
100-56-1,Phenylmercuric chloride,3,1267,,,,-3.847089122186256,-4.087510913581079,-3.6155105322521295,0.4720003813289497
57-55-6,"1,2-Propylene glycol",2,1267,,,,0.1768976158584319,-0.020815428620719226,0.37368113331083286,0.3944965619315521
112-02-7,Hexadecyl trimethyl ammonium chloride,3,1267,,,,-3.1365410205810766,-3.340453038345511,-2.9559673781075175,0.38448566023799335
37529-27-4,p-Heptylaniline,1,1267,,,,-2.5236792944772417,-2.728896497829129,-2.334426025972901,0.39447047185622797
123-33-1,Maleic hydrazide,4,1267,,,,-0.6068147235567983,-0.7554563915025599,-0.4533625634705708,0.30209382803198914
101-21-3,Chlorpropham,3,1267,,,,-1.3862433086409225,-1.5224069260712718,-1.2490517507203989,0.27335517535087295
144-49-0,Fluoroacetic acid,2,1267,,,,-2.2921377019024542,-2.5617917938488466,-2.0381318883605406,0.523659905488306
65-85-0,Benzoic acid,4,1267,,,,-0.3198949892421382,-0.4671610316484859,-0.17154818263947,0.29561284900901585
504-63-2,"1,3-Propanediol",1,1267,,,,-0.7114796920464534,-0.9252347300266022,-0.49758048494127444,0.42765424508532773
26159-34-2,Naproxen sodium,1,1267,,,,-1.2725919144229392,-1.4476965963181039,-1.1002777434281363,0.34741885288996754
161050-58-4,Methoxyfenozide,1,1267,,,,-2.67544205333962,-2.8832515557230938,-2.4919504469636324,0.39130110875946134
541-28-6,"Butane, 1-iodo-3-methyl-",1,1267,,,,-1.8940828649684094,-2.093664034056693,-1.7044194514762638,0.38924458258042915
3759-92-0,Furaltadone hydrochloride,1,1267,,,,-1.9736562582557575,-2.186634277917459,-1.7812531946724868,0.40538108324497224
81-88-9,Rhodamine B,9,1267,0.8506758353443442,1.7855556774036745,0.5683665869965653,-1.3466212825095436,-1.5174957200323065,-1.1715943414890913,0.34590137854321523
619-24-9,"Benzonitrile, 3-nitro-",1,1267,,,,-1.422343240379257,-1.605445495071588,-1.249048317033283,0.35639717803830506
1639-66-3,Dioctyl sodium sulfosuccinate,1,1267,,,,-2.4200061532977557,-2.626397427419536,-2.2181808927666813,0.4082165346528548
21609-90-5,Leptophos,3,1267,,,,-2.886888555083485,-3.050053157291624,-2.731668206245157,0.3183849510464669
4685-14-7,Paraquat,17,1267,-0.06465765718633276,0.6991294238631244,0.4643495740499654,-2.3732575843012427,-2.549221718836465,-2.2058166517136506,0.3434050671228146
534-13-4,"N,N'-Dimethylthiourea",1,1267,,,,-1.9579152649603642,-2.183785602045566,-1.7290562658692594,0.45472933617630673
534-52-1,"2-Methyl-4,6-dinitrophenol",6,1267,-1.3546180231164617,0.026136489013336327,0.8394391388423121,-1.8579763527416504,-1.98409075399802,-1.7480351888361336,0.2360555651618863
121-87-9,2-Chloro-4-nitroaniline,2,1267,,,,-1.3221251161647425,-1.462021433690045,-1.1799901388494056,0.2820312948406394
33213-65-9,Endosulfan II,6,1267,-2.990659296864988,-1.420465576839316,0.9546099995145627,-3.6250200072255576,-3.7722191827767166,-3.496603908749961,0.2756152740267557
60348-60-9,"2,2',4,4',5-Pentabromodiphenyl ether",2,1267,,,,-4.355912918679158,-4.577709270631181,-4.139077665554508,0.4386316050766732
33820-53-0,Isopropalin,1,1267,,,,-2.765877860946535,-2.9302738590398603,-2.613005113409451,0.3172687456304093
8066-08-8,Gusathion MS,1,1267,,,,-3.3686880590789254,-3.551008257464466,-3.1951163238849887,0.35589193357947746
104-94-9,4-Methoxyaniline,2,1267,,,,-1.7191514956354268,-1.9015538400354568,-1.5497704287276857,0.35178341130777113
95-81-8,"Benzenamine, 2-chloro-5-methyl-",1,1267,,,,-2.8534681874716115,-3.0964592151659094,-2.63180966581216,0.46464954935374925
120-32-1,Clorophene,1,1267,,,,-2.6066112368025993,-2.786846486902972,-2.431726452410898,0.35512003449207397
2437-29-8,Malachite green oxalate,1,1267,,,,-4.028689424584113,-4.201776471952433,-3.864735396669303,0.3370410752831301
957-51-7,Diphenamid,5,1267,1.4025746228104166,1.6241714492714454,0.13472130457694917,-0.7095247181697377,-0.860715367386233,-0.572912227662926,0.28780313972330696
3813-05-6,Benazolin,1,1267,,,,-1.8116006941274894,-2.0055135967695734,-1.6273377370718514,0.37817585969772205
1344-00-9,Sodium aluminosilicate,1,1267,,,,0.006002090830930951,-0.19013499284913,0.2022789573177239,0.3924139501668539
7699-43-6,Zirconium oxychloride,1,1267,,,,-1.1877027156887672,-1.3742874672974905,-1.0100753933280524,0.3642120739694381
4559-79-9,"N,N,N',N'-Tetramethylbut-2-enylenediamine",2,1267,,,,-1.3569544100203261,-1.5402190547230323,-1.1803300256239353,0.35988902909909704
26259-45-0,Secbumeton,3,1267,,,,-1.5556675541889573,-1.7080004946557412,-1.4046631175833348,0.3033373770724064
36082-50-5,"5-Bromo-2,4-dichloropyrimidine",1,1267,,,,-2.8724837085929114,-3.098847448407531,-2.6626276045580592,0.43621984384947154
126-22-7,Butonate,1,1267,,,,-3.101648619495582,-3.3072480249089398,-2.912684356820057,0.39456366808888266
99-92-3,4-Aminoacetophenone,1,1267,,,,-2.6668509121594983,-2.9114001121231468,-2.4327880497782584,0.4786120623448884
122-03-2,4-Isopropylbenzaldehyde,1,1267,,,,-1.513895565480012,-1.670447298476134,-1.3660018965435547,0.3044454019325793
40716-66-3,trans-Nerolidol,1,1267,,,,-3.0888290972699934,-3.3250239430966344,-2.863411945988853,0.4616119971077812
741-58-2,Bensulide,5,1267,-0.738239914065377,-0.20135435630705706,0.3264032427939312,-2.1222296759030104,-2.2593649411751167,-1.9883697071862911,0.2709952339888255
37764-25-3,Dichlormid,1,1267,,,,-1.8488107334375474,-2.067996608034046,-1.6513770624896758,0.4166195455443704
4658-28-0,Aziprotryne,1,1267,,,,-1.9974504177260746,-2.1918685713813133,-1.8168928857128528,0.3749756856684605
14484-64-1,Ferbam,9,1267,-1.661971831859117,-0.46180303903497955,0.7296508170447348,-2.621346258560066,-2.766125568301993,-2.4843354556460433,0.2817901126559499
118134-30-8,Spiroxamine,1,1267,,,,-3.2531661816945077,-3.4496145826939295,-3.075088499051368,0.3745260836425617
97-74-5,Tetramethylthiuram monosulfide,1,1267,,,,-1.9552241016853833,-2.1207182351980784,-1.79462179239959,0.3260964427984885
91296-87-6,Sarafloxacin hydrochloride,1,1267,,,,-2.3582312731645434,-2.5533664473584476,-2.18214104480209,0.3712254025563575
66841-25-6,Tralomethrin,5,1267,-3.700444961185696,-2.8951542631947143,0.4895819815186143,-4.860025375372832,-5.0430892077378795,-4.68947732135631,0.3536118863815698
120-72-9,Indole,1,1267,,,,-2.2130461195960542,-2.442157567841107,-2.0149545220968355,0.4272030457442715
12002-03-8,Copper acetoarsenite,1,1267,,,,-3.2750862825799865,-3.515481704868263,-3.0444014171749822,0.4710802876932809
119168-77-3,Tebufenpyrad,1,1267,,,,-3.358104917121315,-3.53852512761894,-3.19655231412035,0.34197281349859
55-56-1,Chlorhexidine,1,1267,,,,-3.8030160151760377,-4.033124778880131,-3.5875764831866968,0.44554829569343424
5137-55-3,Methyltrioctylammonium chloride,5,1267,-1.881012253365883,-1.070040877161651,0.4930355886482522,-3.312453661701671,-3.427952332248408,-3.194504022002938,0.23344831024546986
75-74-1,Tetramethyl lead,3,1267,,,,-2.890287475698066,-3.1180960365779975,-2.672432125262474,0.44566391131552363
108-10-1,4-Methyl-2-pentanone,2,1267,,,,0.11918842160300647,-0.03765464876717995,0.27679754943707485,0.3144521982042548
1656-48-0,"3,3'-Oxydipropionitrile",3,1267,,,,0.25040721103165686,0.09742842208701526,0.40615724611989334,0.3087288240328781
56070-16-7,Terbufos sulfone,1,1267,,,,-3.511912037242112,-3.657635855813722,-3.381405429830622,0.2762304259830999
100-01-6,4-Nitroaniline,5,1267,1.1429243701217946,1.3979963753411102,0.15507276820251734,-0.7343597783080986,-0.8727346832322102,-0.6063119765681461,0.2664227066640641
2581-34-2,4-Nitro-m-cresol,1,1267,,,,-1.5575636044420045,-1.722180877262576,-1.4013397433128312,0.3208411339497448
328-50-7,alpha-Ketoglutaric acid,1,1267,,,,-2.375308938908306,-2.6246259205861655,-2.1145425144046897,0.5100834061814759
79617-96-2,Sertraline,2,1267,,,,-2.782460125209052,-2.9328996974390167,-2.646631130175489,0.2862685672635279
62-13-5,Adrenone hydrochloride,1,1267,,,,-2.720421861012439,-2.958577332290257,-2.491795750241399,0.4667815820488581
137-20-2,Sodium N-methyl-N-oleoyltaurate,1,1267,,,,-3.0305422218868916,-3.274266827248364,-2.815377443893291,0.4588893833550731
132-64-9,Dibenzofuran,1,1267,,,,-1.5919057120372941,-1.7338953439691114,-1.459969194505625,0.27392614946348637
95-74-9,3-Chloro-4-methylaniline,1,1267,,,,-1.5987660233662595,-1.7435176329805873,-1.4628682486084172,0.28064938437217
319-86-8,delta-Hexachlorocyclohexane,3,1267,,,,-2.309746267713223,-2.4437948651801653,-2.1763245575316046,0.2674703076485607
95617-09-7,Fenoxaprop,1,1267,,,,-2.500478514353945,-2.6552691434991504,-2.3570574185355055,0.2982117249636449
20762-60-1,Potassium azide,4,1267,,,,-1.3251432646539265,-1.4574713618836734,-1.1852880100591443,0.27218335182452913
98-33-9,"Benzenesulfonic acid, 4-amino-3-methyl-",1,1267,,,,-1.2915328805144286,-1.4695870259957087,-1.1088180967754517,0.36076892922025694
126833-17-8,Fenhexamid,2,1267,,,,-1.8020105355451768,-1.962571035759024,-1.6633092012505255,0.2992618345084985
92-51-3,Dicyclohexyl,1,1267,,,,-2.9806510282346705,-3.2014999116437126,-2.760694699363177,0.4408052122805355
111-31-9,1-Hexanethiol,2,1267,,,,-2.601610330912311,-2.7687641490378394,-2.434563213353714,0.33420093568412534
141517-21-7,Trifloxystrobin,2,1267,,,,-3.4233879739727673,-3.581188481918609,-3.2770021206145197,0.3041863613040894
3352-87-2,"N,N-Diethyldodecanamide",1,1267,,,,-3.105454809413666,-3.3210757269257285,-2.9110521566827576,0.41002357024297087
13287-49-5,"Thiocyanic acid, (4-nitrophenyl)methyl ester",1,1267,,,,-3.559803111970952,-3.8422775345366813,-3.295631074732288,0.5466464598043932
121-33-5,4-Hydroxy-3-methoxybenzaldehyde,1,1267,,,,-0.7399762150669045,-0.8792707020838757,-0.6098025097045268,0.26946819237934894
6266-23-5,1-(Carboxymethyl)pyridinium chloride,1,1267,,,,-1.5912244979417836,-1.8112804943287868,-1.3682870367746218,0.44299345755416497
2235-25-8,Ethylmercuric phosphate,2,1267,,,,-2.821138941997705,-3.0101849101524314,-2.6528429664275204,0.357341943724911
96-18-4,"1,2,3-Trichloropropane",3,1267,,,,-1.5441140145614967,-1.690891237203395,-1.3903154507161295,0.3005757864872656
70161-44-3,"N-(Hydroxymethyl)glycine, monosodium salt",1,1267,,,,-1.0099769117574682,-1.1802662789312972,-0.832844561177324,0.34742171775397324
933-78-8,"2,3,5-Trichlorophenol",1,1267,,,,-2.2659305854069496,-2.440181184325207,-2.1023326269060094,0.3378485574191976
683-72-7,"2,2-Dichloroacetamide",1,1267,,,,-1.432177468908407,-1.6391643688625959,-1.2270542559437438,0.412110112918852
2916-14-5,Allyl chloroacetate,1,1267,,,,-2.7428073898513485,-3.0046188594147165,-2.5087123047399897,0.4959065546747268
5436-43-1,"2,2'4,4'-Tetrabromodiphenyl ether",2,1267,,,,-3.348753745493651,-3.550908135824684,-3.1634535369377637,0.38745459888692046
94-18-8,Benzylparaben,1,1267,,,,-2.1993881820108463,-2.388655520510521,-2.029097004534401,0.3595585159761199
110-80-5,2-Ethoxyethanol,1,1267,,,,-1.4291720154545144,-1.6785507574979017,-1.190334630034266,0.48821612746363563
65-22-5,Pyridoxal hydrochloride,1,1267,,,,-2.7074016626239246,-2.963590779640522,-2.4502828169851645,0.5133079626553574
558-17-8,"Propane, 2-iodo-2-methyl-",1,1267,,,,-2.963998839631865,-3.199004246650995,-2.741237993640776,0.45776625301021934
97-59-6,Allantoin,1,1267,,,,-4.596913583593949,-5.074225594476193,-4.171109971285051,0.9031156231911419
834-12-8,Ametryn,13,1267,-0.0896708237607694,0.8826005774703968,0.5910990408509161,-2.0496647187564108,-2.189571300997528,-1.9184308605208746,0.27114044047665353
95-84-1,2-Amino-4-methylphenol,2,1267,,,,-1.659637285249087,-1.8146566821699177,-1.4986838275957304,0.31597285457418733
50-73-7,"2,3,5-Trichlorobenzoic acid",1,1267,,,,-1.410902937661701,-1.5880582291788634,-1.2446504755468197,0.3434077536320437
74051-80-2,Sethoxydim,6,1267,-0.20287047236582667,0.3778408803504394,0.3530474342525789,-2.085355795013988,-2.253498655383515,-1.926059907418143,0.327438747965372
872-85-5,4-Pyridinecarboxaldehyde,1,1267,,,,-1.257319941699059,-1.4354687339735548,-1.0932891742243607,0.3421795597491941
106-20-7,"2,2'-Diethylhexylamine",1,1267,,,,-3.434990161349928,-3.6875519259958875,-3.1843439433901946,0.503207982605693
55635-13-7,Alloxydim-sodium,5,1267,1.964096820487455,2.267317681988363,0.18434519432764923,-1.027180885172108,-1.2137550244337958,-0.8454118037073682,0.36834322072642756
603-85-0,2-Amino-3-nitrophenol,1,1267,,,,-3.1361908321828595,-3.4081025108622236,-2.8937509871658587,0.5143515236963649
108-05-4,Vinyl acetate,6,1267,1.0587302071601183,1.323105484908303,0.16072875629558037,-0.6230957556368857,-0.7587978891497693,-0.4952432022522075,0.2635546868975618
107-11-9,Allylamine,11,1267,0.46558721075647314,1.4108926096150634,0.5747048754791596,-0.8249005745073362,-0.9669426963247657,-0.6758912924098218,0.2910514039149439
2540-82-1,Formothion,1,1267,,,,-1.5144126363785724,-1.669591492826798,-1.3622636861405426,0.3073278066862555
108-91-8,Cyclohexylamine,1,1267,,,,-0.6519261084063901,-0.8042282839612621,-0.491189902372721,0.31303838158854114
121-82-4,Cyclonite,5,1267,0.585280984284731,0.7759886916596972,0.11594205359684116,-1.3895422248901608,-1.5255865729224212,-1.2657759973711253,0.25981057555129583
23525-22-6,"Arsinous cyanide, diphenyl-",1,1267,,,,-2.6371673149561525,-2.793699496874812,-2.4846128607857256,0.3090866360890865
1861-32-1,Chlorthal-dimethyl,2,1267,,,,-1.1188190169845025,-1.2694882429334067,-0.9655378390062757,0.303950403927131
10202-92-3,"2,4-Dinitro-m-toluidine",1,1267,,,,-1.7514292694208242,-1.9330755573189253,-1.5797552528387064,0.3533203044802189
2688-84-8,o-Phenoxyaniline,1,1267,,,,-2.971585545480454,-3.2358009533497256,-2.7390425295974583,0.4967584237522673
18854-01-8,Isoxathion,2,1267,,,,-3.9346442056924333,-4.155603488262121,-3.716906674516653,0.43869681374546765
16022-69-8,"2,3,4,5,6-Pentachlorobenzenemethanol",3,1267,,,,-2.519509908792352,-2.6902962059031856,-2.3573766176758255,0.3329195882273601
7681-52-9,Sodium hypochlorite,9,1267,-1.9753419884517813,-0.5088925475705359,0.8915379562369468,-2.3041487456719683,-2.4397948268630256,-2.1766725038294554,0.2631223230335702
3481-20-7,"2,3,5,6-Tetrachloroaniline",2,1267,,,,-2.698697326756379,-2.854343894280563,-2.5444179132411118,0.30992598103945124
3309-68-0,"Phosphorodithioic acid, O,O-diethyl S-((propylthio)methyl) ester",3,1267,,,,-3.4252385837378387,-3.564097824969413,-3.293469233261258,0.27062859170815523
115-29-7,Endosulfan,79,1267,-4.084875557506873,-2.340915325230798,1.060252537794675,-4.241178237748411,-4.373926159824878,-4.121424456386826,0.25250170343805145
100-63-0,Phenylhydrazine,1,1267,,,,-1.5815427395234178,-1.7679213420993507,-1.4015181949853674,0.36640314711398325
120-80-9,Catechol,1,1267,,,,-1.2581085678920974,-1.4020212058037502,-1.1158138776319197,0.2862073281718305
79-31-2,2-Methylpropanoic acid,1,1267,,,,-0.9255912327004916,-1.093562456734681,-0.7480699307287991,0.345492526005882
21564-17-0,2-(Thiocyanomethylthio)benzothiazole,5,1267,-2.277822502937005,-1.519782605853598,0.46085553429355147,-2.6734240131151448,-2.8087714335439125,-2.555191866808558,0.2535795667353544
98-16-8,3-(Trifluoromethyl)aniline,1,1267,,,,-2.2070385148006926,-2.4073416250307558,-2.0096473010632834,0.3976943239674724
80-00-2,4-Chlorophenyl phenyl sulfone,3,1267,,,,-1.5819925910105197,-1.7306136078911287,-1.4253096826153429,0.30530392527578587
122-14-5,Fenitrothion,38,1267,-2.6336385213482076,-0.6308545252438134,1.2176062132752201,-3.008736958144479,-3.125310158048153,-2.881731753021781,0.24357840502637185
34375-28-5,2-(Hydroxymethylamino)ethanol,1,1267,,,,-1.3826551296515266,-1.5858423673810143,-1.1865286283029683,0.3993137390780459
626-17-5,"1,3-Benzenedicarbonitrile",1,1267,,,,-1.889809680537974,-2.0742988479198137,-1.6917697045930333,0.38252914332678034
116-06-3,Aldicarb,13,1267,-1.5909017655643423,-0.19434034117612659,0.849049059141247,-2.0780829311854077,-2.1986489024676406,-1.960809502792298,0.2378393996753425
87-63-8,6-Chloro-2-methylaniline,1,1267,,,,-3.129298202616809,-3.4001971022162314,-2.8826922782516506,0.5175048239645808
454-89-7,"alpha,alpha,alpha-Trifluoro-m-tolualdehyde",1,1267,,,,-2.0908098307158145,-2.235329465937838,-1.9408509066424096,0.29447855929542865
75-01-4,Vinyl chloride,1,1267,,,,-1.4987952708632473,-1.7410156275923665,-1.273659269397469,0.4673563581948974
1910-42-5,Paraquat dichloride,25,1267,-2.140558609431394,0.44597933736426526,1.5725034157534605,-1.9650430754383281,-2.1331069288242293,-1.8051290026676414,0.32797792615658783
148-53-8,2-Hydroxy-3-methoxybenzaldehyde,1,1267,,,,-1.603533410679148,-1.7389501274467882,-1.4569287333187162,0.28202139412807203
67-43-6,Pentetic acid,1,1267,,,,-1.6369279041338176,-1.8385470308257645,-1.4429622392779577,0.3955847915478068
2439-01-2,Chinomethionate,1,1267,,,,-2.851817448425159,-2.9996952366290426,-2.7050350578578444,0.2946601787711982
10297-05-9,"Butane, 1-chloro-4-iodo-",1,1267,,,,-2.67012341858576,-2.904899786720367,-2.4437994712071025,0.46110031551326447
626-43-7,"3,5-Dichloroaniline",2,1267,,,,-1.5767625952765116,-1.7105615895131356,-1.436887022604485,0.27367456690865066
56348-39-1,"4,9-Dithiadodecane",1,1267,,,,-1.9645072526445375,-2.120436429153656,-1.8179502585026208,0.3024861706510351
13138-45-9,Nickel bis(nitrate),10,1267,-0.28178586433770847,1.035765941529777,0.8010146217748265,-1.0942322948587027,-1.2287191008927505,-0.9646102923867366,0.2641088085060139
631-61-8,Ammonium acetate,2,1267,,,,-0.8031251653391419,-0.9739608660323882,-0.6264731147595737,0.3474877512728145
81-77-6,Vat Blue 4,1,1267,,,,-2.550570697254849,-2.758116411323766,-2.360764911219491,0.3973515001042749
578-46-1,5-Methyl-2-nitroaniline,1,1267,,,,-1.434022731971039,-1.6036841739039709,-1.2733111524543141,0.33037302144965675
106-41-2,4-Bromophenol,1,1267,,,,-2.3877475059547866,-2.6106994806098567,-2.169730792497513,0.4409686881123438
78-79-5,Isoprene,4,1267,,,,-0.4843814344253644,-0.6160683147157244,-0.33877969121524204,0.2772886235004824
67-03-8,Thiamine hydrochloride,1,1267,,,,-4.4935709198957525,-4.905061300003486,-4.110124758923309,0.794936541080177
142-87-0,Sodium decyl sulfate,1,1267,,,,-2.162627994431205,-2.3818575497612153,-1.947897376677842,0.4339601730833733
115-90-2,Fensulfothion,2,1267,,,,-2.698879004096369,-2.847332919997928,-2.560423457233934,0.28690946276399387
1071-83-6,Glyphosate,17,1267,-0.8360781179411856,1.0737564950993792,1.161097000819581,-0.9613205026643823,-1.108893695072391,-0.8186747240954025,0.29021897097698857
83-79-4,Rotenone,13,1267,-2.357599605158871,-1.3024795517152528,0.6414674449781586,-3.2290833081250634,-3.3724707553006485,-3.087020767665072,0.2854499876355767
7487-94-7,Mercuric chloride,86,1267,-2.340582664121613,-0.9624506725893243,0.8378447595282271,-2.8573945288027502,-2.9769050653108082,-2.7417409893284233,0.23516407598238498
7758-98-7,Copper sulfate,189,1267,-2.1408078156702652,-0.46216443854967176,1.0205427094639086,-2.4203719131250554,-2.562316664573988,-2.285223016049079,0.2770936485249087
73231-34-2,Florfenicol,3,1267,,,,-1.5079696155596407,-1.6845933917178444,-1.3412487426317314,0.34334464908611295
481-39-0,Juglone,9,1267,-1.7827036825656901,-1.449559654150214,0.20253718808579713,-2.959169722242451,-3.0715375374296237,-2.8470964500917706,0.22444108733785306
50-29-3,"p,p'-DDT",71,1267,-3.465279278944855,-2.01037288837351,0.8845202799399415,-3.881578753468725,-4.017523865668477,-3.741530204909242,0.27599366075923504
142-28-9,"1,3-Dichloropropane",6,1267,1.0934585197727715,1.718613690004804,0.3800673567475289,-0.2337867269142695,-0.35986234241423076,-0.09802030524684625,0.2618420371673845
133-67-5,Trichlormethiazide,1,1267,,,,-3.588626027538342,-3.888887164891438,-3.287743776822096,0.601143388069342
7646-85-7,Zinc chloride,42,1267,-1.349091382511484,0.30421536979920516,1.0051391353131423,-1.8126647842740409,-1.9502777407276954,-1.6621925349623965,0.28808520576529895
122-66-7,"1,2-Diphenylhydrazine",1,1267,,,,-1.8885851083687037,-2.033216212084408,-1.742685431564197,0.2905307805202111
2207-01-4,"(Z)-1,2-Dimethylcyclohexane",1,1267,,,,-1.795576498467455,-1.9853661498854136,-1.615891632047179,0.3694745178382346
7784-25-0,Ammonium aluminum sulfate,2,1267,,,,-1.2183298315872235,-1.384808046540719,-1.0595640794289658,0.3252439671117533
973-21-7,Dinobuton,2,1267,,,,-3.3218669570455606,-3.471538140514464,-3.187658522419022,0.2838796180954417
3209-22-1,"2,3-Dichloronitrobenzene",2,1267,,,,-1.7015587286541138,-1.8698813224187927,-1.548717112847404,0.3211642095713887
4376-18-5,Monomethyl phthalate,1,1267,,,,-1.4283193146967699,-1.6486794885637381,-1.22460280710376,0.4240766814599781
1122-62-9,2-Acetylpyridine,1,1267,,,,-2.7324881948013804,-3.020768093634365,-2.4520072231074175,0.5687608705269476
65271-80-9,Mitoxantrone,1,1267,,,,-2.177553296976961,-2.3527004633092052,-2.019846398569825,0.3328540647393803
77-92-9,Citric acid,2,1267,,,,-1.1889189008849113,-1.358448250787148,-1.0092579051662893,0.3491903456208587
144-55-8,Sodium bicarbonate,6,1267,2.582940328972409,3.11100662427287,0.32104151193025277,0.5198923012396846,0.36361868343307385,0.6864993069648196,0.3228806235317458
7681-57-4,Sodium metabisulfite,1,1267,,,,-1.670256075211701,-1.8638998942494902,-1.4937086692839527,0.37019122496553747
110-82-7,Cyclohexane,7,1267,0.7085706825242859,2.1393107881452735,0.8698282219024452,-0.3718530526356645,-0.5270771983354482,-0.22334863735477845,0.30372856098066975
7440-48-4,Cobalt,1,1267,,,,-1.9026273704299779,-2.132623633934976,-1.6802624131367094,0.45236122079826635
52315-07-8,Cypermethrin,35,1267,-5.06818774992615,-2.378841849477867,1.6350062135514412,-5.137999743535199,-5.289225226425384,-4.989020141811325,0.3002050846140589
42835-25-6,Flumequine,3,1267,,,,-1.2352969495471573,-1.3796966013569432,-1.0896916456701498,0.2900049556867934
16721-80-5,Sodium sulfide,1,1267,,,,-0.9994876403499645,-1.188559638902509,-0.8118581475763944,0.37670149132611463
7631-86-9,Silica,2,1267,,,,-0.14729109758752854,-0.3127170534817248,0.01899961284591073,0.3317166663276355
608-93-5,Pentachlorobenzene,7,1267,-0.8978794013836564,0.18712896705589624,0.6596382502742677,-2.17464357301411,-2.318657218140941,-2.0387890369830153,0.27986818115792556
88-72-2,2-Nitrotoluene,4,1267,,,,-0.8905355786919656,-1.0201750819913429,-0.7616991165536031,0.25847596543773976
112-24-3,Triethylenetetramine,2,1267,,,,-1.3082186858857587,-1.4758904021211943,-1.1310899995069326,0.3448004026142617
610-39-9,"3,4-Dinitrotoluene",1,1267,,,,-2.0839165642428443,-2.2573676071547997,-1.923415345702489,0.3339522614523107
132-27-4,Sodium 2-phenylphenate,1,1267,,,,-1.8824951549321614,-2.0624060345390456,-1.701800941205214,0.3606050933338316
149-91-7,Gallic acid,2,1267,,,,-1.3601868788410836,-1.5182594608763194,-1.199372302594091,0.31888715828222836
2491-38-5,2-Bromo-4-hydroxyacetophenone,2,1267,,,,-1.79208429060886,-1.934156394045625,-1.6549031441437316,0.2792532499018934
87820-88-0,Tralkoxydim,1,1267,,,,-2.657011130879045,-2.8741836915892898,-2.4637013616303043,0.4104823299589855
29878-31-7,4-Methyl-1H-benzotriazole,1,1267,,,,-1.6770443801186596,-1.888638287508825,-1.4702381000164844,0.41840018749234065
1516-32-1,"Thiourea, butyl-",1,1267,,,,-2.0864050286850038,-2.3080062360243874,-1.8839450696639215,0.42406116636046587
129-00-0,Pyrene,3,1267,,,,-2.812239025648969,-2.9354356893580107,-2.678079311683971,0.25735637767403974
26225-79-6,Ethofumesate,3,1267,,,,-1.2568788108875644,-1.41947717855538,-1.117263820458643,0.302213358096737
33904-03-9,"2,4-Dimethoxyphenyl isothiocyanate",1,1267,,,,-2.881255011007827,-3.120175326516654,-2.6650918219564175,0.4550835045602364
7700-17-6,Crotoxyphos,1,1267,,,,-2.5363731960406612,-2.6814887534434315,-2.4073979653653717,0.27409078807805987
5289-74-7,20-Hydroxyecdysone,2,1267,,,,-2.8874439540059504,-3.078014384868932,-2.709648004838881,0.36836638003005095
507-36-8,"Butane, 2-bromo-2-methyl-",1,1267,,,,-2.695166261026673,-2.972904439152478,-2.441060355710092,0.5318440834423863
112281-77-3,Tetraconazole,1,1267,,,,-1.944507492125275,-2.1104470827279718,-1.796037519928985,0.3144095627989867
57-74-9,Chlordane,18,1267,-2.484537820860419,-1.1867050790747586,0.7890262820473751,-3.05656603077199,-3.1969407899955655,-2.9352565593359374,0.2616842306596281
630-20-6,"1,1,1,2-Tetrachloroethane",2,1267,,,,-1.1277270921528901,-1.2705750901953434,-0.9879682844416336,0.2826068057537098
88-89-1,Picric acid,9,1267,1.2496994440060343,1.8992927708773546,0.3949247010357141,-0.191119069052296,-0.33207670315304055,-0.07146405087494247,0.2606126522780981
15263-53-3,Cartap,7,1267,-1.8928482874049664,-0.8040336245596265,0.6619523129625337,-2.6143740396988386,-2.753182951067905,-2.4762427990441704,0.2769401520237347
27519-02-4,(Z)-9-Tricosene,1,1267,,,,-3.719114036028087,-3.9327942059702745,-3.509274274430778,0.4235199315394964
107-07-3,2-Chloroethanol,9,1267,1.1703324410137013,1.9295093299958512,0.46154677628622065,-0.34914050909076744,-0.4923834092369466,-0.20051424688951805,0.29186916234742855
100646-51-3,Quizalofop-P-ethyl,1,1267,,,,-3.0783100988120444,-3.2838077901725815,-2.883545488497493,0.4002623016750886
99-10-5,"Benzoic acid, 3,5-dihydroxy-",2,1267,,,,-0.7761065163561497,-0.9460908110713528,-0.6023568014685704,0.34373400960278244
3923-52-2,"1,1-Diphenyl-2-propyn-1-ol",1,1267,,,,-1.5460210222390622,-1.697519438911331,-1.3848880379569637,0.31263140095436737
122836-35-5,Sulfentrazone,1,1267,,,,-2.239039461424572,-2.440974833406734,-2.043291536971808,0.39768329643492617
2016-57-1,1-Decanamine,3,1267,,,,-2.0558834158982755,-2.1969478823551953,-1.9170868226170708,0.2798610597381246
3810-74-0,Streptomycin sulfate (2:3),1,1267,,,,-2.3807377515182298,-2.672613378678965,-2.088817227476825,0.5837961512021401
23135-22-0,Oxamyl,1,1267,,,,-1.444920947544301,-1.5665537430415064,-1.3251717955113937,0.24138194753011266
578-54-1,2-Ethylaniline,1,1267,,,,-1.2853872523585474,-1.4486874947840453,-1.1249560144242583,0.32373148035978705
76-06-2,Chloropicrin,3,1267,,,,-2.640164789908372,-2.774894093683157,-2.501854532791304,0.2730395608918528
127-08-2,Potassium acetate,2,1267,,,,-0.13900905656582008,-0.31164415135369433,0.02667620300952262,0.33832035436321695
78-04-6,Dibutyltin maleate,1,1267,,,,-2.9742755975720625,-3.219126950104959,-2.7443100460140255,0.47481690409093336
51481-10-8,Deoxynivalenol,1,1267,,,,-2.7402263340840856,-2.9395844029707776,-2.553272127594698,0.3863122753760795
72-20-8,Endrin,57,1267,-4.304127279253212,-2.768948656223805,0.9333223320756296,-4.938200270993683,-5.088956914151828,-4.784129905312501,0.304827008839327
1303-33-9,Arsenic(III) sulfide,1,1267,,,,-1.3539815006764164,-1.5504489306546716,-1.1756484692830904,0.3748004613715812
15972-60-8,Alachlor,15,1267,-1.5880573375613234,-0.0010412542031435971,0.9648372702314628,-2.096925314873543,-2.244367553212901,-1.9506366209186632,0.29373093229423763
3369-52-6,Endosulfan ether,4,1267,,,,-2.5042663040408177,-2.6799150066062296,-2.3386375948583735,0.3412774117478561
143-10-2,1-Decanethiol,1,1267,,,,-2.5959204916852716,-2.8129219185695944,-2.393748189794968,0.4191737287746262
291-64-5,Cycloheptane,1,1267,,,,-1.4797582892461425,-1.6906259090739184,-1.272275238531246,0.4183506705426725
98-95-3,Nitrobenzene,10,1267,0.2532740212543192,1.2365140545162991,0.5977674956307756,-0.5302074164701926,-0.6597407623880676,-0.40142366506182886,0.2583170973262387
298-46-4,Carbamazepine,6,1267,1.1138270904009695,1.6516649573902076,0.32698220569696046,-0.7318548340483267,-0.8603367669502152,-0.6025295342526062,0.25780723269760897
1820-81-1,5-Chlorouracil,1,1267,,,,-1.9276198441608061,-2.1467564470803646,-1.719860787869448,0.42689565921091654
137-41-7,Potassium N-methyldithiocarbamate,1,1267,,,,-1.1902867804635582,-1.3457470591966343,-1.0334656253978602,0.31228143379877404
99-06-9,3-Hydroxybenzoic acid,2,1267,,,,-1.063563699405065,-1.2487510252947907,-0.8686482384209643,0.38010278687382637
609-19-8,"3,4,5-Trichlorophenol",2,1267,,,,-2.1621081094268124,-2.328363692558737,-2.0038912589902287,0.3244724335685083
96-12-8,"1,2-Dibromo-3-chloropropane",2,1267,,,,-1.3271709410266996,-1.4750868912629653,-1.1737954543443776,0.30129143691858773
108-40-7,"Benzenethiol, 3-methyl-",1,1267,,,,-3.608649766342843,-3.8782994498950494,-3.331060802669748,0.5472386472253015
3861-41-4,Bromoxynil butyrate,1,1267,,,,-3.3905909501965024,-3.5770231213117567,-3.2270716962203956,0.3499514250913611
118-52-5,"1,3-Dichloro-5,5-dimethylhydantoin",1,1267,,,,-1.8530440805283919,-2.0036189745731976,-1.7098151137670097,0.2938038608061879
7245-02-5,3-Methoxyflavone,1,1267,,,,-1.8753404317642224,-2.0284445216247926,-1.7315392342563694,0.29690528736842325
10124-43-3,Cobalt sulfate,2,1267,,,,-1.1762575093005214,-1.2953997286113321,-1.0470041422347314,0.24839558637660075
10265-92-6,Methamidophos,7,1267,-5.318404423880094,-0.6576088713116697,2.8335624983279617,-3.2196487526522217,-3.3773517190395035,-3.056809662701153,0.32054205633835053
153233-91-1,Etoxazole,1,1267,,,,-3.892016259503151,-4.091866264846832,-3.699766540153831,0.39209972469300114
136-85-6,5-Methyl-1H-benzotriazole,1,1267,,,,-1.812602160173411,-2.0348376110459965,-1.6127107174887192,0.4221268935572773
137-26-8,Thiram,7,1267,-3.2465650622549207,-0.7470965485085761,1.519568959080445,-2.682419828093977,-2.8236721418476787,-2.5491623082682806,0.27450983357939807
1698-60-8,Chloridazon,1,1267,,,,-1.776387637580338,-1.93779480881224,-1.610173163298372,0.3276216455138681
7722-64-7,Potassium permanganate,9,1267,-0.3189947828219667,0.4262005692723998,0.45304660541466624,-1.6455427336201183,-1.7624780848146506,-1.5288243766909757,0.23365370812367492
63821-86-3,"Acetic acid, (4-chloro-2-methylphenoxy)-, sodium salt, mixt. with 6-chloro-N,N'-diethyl-1,3,5-triazine-2,4-diamine and N-(1,1-dimethylethyl)-N'-ethyl-6-(methylthio)-1,3,5-triazine-2,4-diamine",3,1267,,,,-2.714867820793952,-2.938660434300368,-2.5104891008119616,0.4281713334884065
623-05-2,4-Hydroxybenzenemethanol,1,1267,,,,-1.3953440110122006,-1.579124418669322,-1.2090247211239524,0.37009969754536964
120928-09-8,Fenazaquin,1,1267,,,,-3.815409931348657,-4.040382373534676,-3.593596526230431,0.4467858473042452
50-32-8,Benzo(a)pyrene,3,1267,,,,-3.6430563668740326,-3.8425676571765877,-3.4744411455393736,0.3681265116372141
40596-69-8,Methoprene,5,1267,-0.9549249577849802,-0.4071027009478785,0.3330522837174397,-2.022772134716816,-2.17319133506409,-1.8656792829144455,0.3075120521496444
43121-43-3,Triadimefon,3,1267,,,,-1.290153241023795,-1.4305679697372726,-1.1458901379800601,0.2846778317572125
90-02-8,Salicylaldehyde,12,1267,-0.026234636446278548,0.521475936736041,0.33298438487650206,-1.3275077666069435,-1.4433318904321035,-1.2018840833000521,0.24144780713205138
25366-23-8,Thiazafluron [BSI:ISO],1,1267,,,,-1.7804587312078286,-1.9696108682520783,-1.5984369542107786,0.37117391404129974
148-01-6,Zoalene,2,1267,,,,-1.5501072199598964,-1.748974259027245,-1.3678234157621156,0.3811508432651294
39905-57-2,4-Hexyloxyaniline,2,1267,,,,-2.020438275961488,-2.17381631565959,-1.8716819352022156,0.3021343804573744
2545-59-7,"2,4,5-T-butotyl",3,1267,,,,-2.2629707686426084,-2.412805940442598,-2.1174636035505974,0.29534233689200073
4412-91-3,3-Furanmethanol,1,1267,,,,-0.6705419136257325,-0.8427657825934157,-0.4922666308535138,0.3504991517399019
591-49-1,"Cyclohexene, 1-methyl-",1,1267,,,,-2.3703272608918686,-2.6406349180187894,-2.120395702561726,0.5202392154570634
131-11-3,Dimethyl phthalate,8,1267,1.2875867102336718,1.6496118103358075,0.22009563293063542,-0.16952099430596257,-0.2888191240865505,-0.05250004266428986,0.23631908142226066
2051-60-7,2-Chlorobiphenyl,1,1267,,,,-1.9840395080979525,-2.1282412466864846,-1.8374560754474818,0.2907851712390028
104653-34-1,Difethialone,1,1267,,,,-4.415088490123235,-4.625034033274505,-4.225475786194424,0.3995582470800816
462-94-2,Cadaverine,1,1267,,,,-2.0044562162831845,-2.241376683609704,-1.7606996119683083,0.48067707164139595
115-32-2,Dicofol,12,1267,-1.0148048983009854,-0.23846140453467282,0.4719833309454815,-2.2838609299064525,-2.408640820749572,-2.1494381597898156,0.2592026609597564
97886-45-8,Dithiopyr,2,1267,,,,-2.3892400383559274,-2.546266078153424,-2.247737379107805,0.29852869904561885
66230-04-4,Esfenvalerate,8,1267,-4.4627369654349005,-3.4630164405891106,0.6077869230824173,-5.061099262245281,-5.193214813482526,-4.9427627892184685,0.25045202426405755
28300-74-5,Antimony potassium tartrate trihydrate,4,1267,,,,-2.6431688779769473,-2.9063712324268978,-2.4004109688314275,0.5059602635954703
621-77-2,Tripentylamine,2,1267,,,,-2.168986525990444,-2.3441549886156996,-1.9970156609342593,0.3471393276814403
2040-96-2,Propylcyclopentane,1,1267,,,,-2.191227469364613,-2.4139002881281666,-1.9843126293453344,0.4295876587828322
10453-86-8,Resmethrin,2,1267,,,,-4.221092692607682,-4.344047353131061,-4.104785650738418,0.23926170239264266
123-07-9,4-Ethylphenol,1,1267,,,,-1.37093414637296,-1.5275699478412093,-1.2110707805990821,0.3164991672421271
7757-82-6,Sodium sulfate anyhdrous,8,1267,2.856847039675063,3.6873195204367994,0.5048914183938127,0.707018084407451,0.5451958865980283,0.8727362768427233,0.32754039024469495
12124-97-9,Ammonium bromide,1,1267,,,,-2.818010052659976,-2.989480354904921,-2.6426130851278367,0.34686726977708426
57960-19-7,Acequinocyl,1,1267,,,,-4.170731092359251,-4.415935518009255,-3.926075072122466,0.489860445886789
51707-55-2,Thidiazuron,1,1267,,,,-1.6599758822743682,-1.8169731526704211,-1.5083386602799862,0.30863449239043494
2164-17-2,Fluometuron,8,1267,0.11011567122193155,1.3057227403352778,0.7268774859494653,-1.4127331117361401,-1.5565277373864097,-1.2718616329849532,0.28466610440145645
121-34-6,Vanillic acid,2,1267,,,,-0.7009284888328564,-0.8530949482075355,-0.5427653656510276,0.3103295825565079
7704-67-8,Erythromycin thiocyanate,1,1267,,,,-3.0408643333915037,-3.289605094998365,-2.8023984492546243,0.48720664574374073
79-11-8,Chloroacetic acid,3,1267,,,,-1.6402403642530177,-1.82103053385749,-1.4587812865576884,0.36224924729980157
149-57-5,2-Ethylhexanoic acid,1,1267,,,,-3.1988815088881983,-3.516274900232266,-2.9256774673726462,0.59059743285962
7446-70-0,Aluminum chloride,6,1267,0.0942462298647917,1.072431674024451,0.594694523653513,-1.3970718624122331,-1.5592482046161484,-1.2519570399191864,0.30729116469696205
79-34-5,"1,1,2,2-Tetrachloroethane",7,1267,0.738516722920729,1.0423219918343718,0.1847004888068413,-0.7424795882614799,-0.8689431676831371,-0.620801429480515,0.2481417382026221
631-67-4,"Ethanethioamide, N,N-dimethyl-",1,1267,,,,-2.210586117423959,-2.462717818851171,-1.9782418105765796,0.48447600827459136
51-03-6,Piperonyl butoxide,4,1267,,,,-1.4391158527983987,-1.5719085610365224,-1.3140672533583375,0.2578413076781849
35554-44-0,Imazalil,1,1267,,,,-2.212373807091706,-2.378876966458697,-2.0597561870299534,0.3191207794287436
333-41-5,Diazinon,61,1267,-2.7699824665414594,-0.6247071688945058,1.304234773536019,-2.9322854666066713,-3.067061558575816,-2.7922633248058775,0.2747982337699386
7803-57-8,Hydrazine hydrate,1,1267,,,,-2.7331856639256595,-3.002503269767335,-2.460038626515163,0.5424646432521723
541-09-3,Uranyl acetate,1,1267,,,,-2.0735146783314073,-2.2573194091920463,-1.8955518375775346,0.3617675716145117
83657-22-1,Uniconazole,3,1267,,,,-2.0932163865092632,-2.288366978048334,-1.904955169124926,0.3834118089234082
614-00-6,Nitrosomethylaniline,1,1267,,,,-2.3135340901411356,-2.5403238110085145,-2.100329644731777,0.43999416627673726
12125-02-9,Ammonium chloride,45,1267,-0.023811189985947,1.305223584934975,0.8079957712614945,-0.5800346235930675,-0.7327130780483836,-0.42297606809863814,0.30973700994974546
7620-46-4,"Acridine, 9-isothiocyanato-",1,1267,,,,-3.00889515240096,-3.236227033285629,-2.7962766809380515,0.4399503523475774
136-40-3,Phenazopyridine hydrochloride,1,1267,,,,-2.8171264626842367,-3.0322311480038757,-2.6240115140407183,0.4082196339631574
131-70-4,Monobutyl phthalate,1,1267,,,,-1.5424236265318176,-1.728230722940377,-1.3762355345718753,0.35199518836850174
38641-94-0,Glyphosate-isopropylamine,33,1267,-0.1287501014980299,1.2271801144574224,0.8243470383857173,-1.1630081381248742,-1.3173171368285455,-1.0210258340649974,0.2962913027635481
87-59-2,"2,3-Dimethylaniline",2,1267,,,,-1.2738439205220913,-1.4392552487903005,-1.1089540770870108,0.33030117170328976
117-18-0,"2,3,5,6-Tetrachloronitrobenzene",1,1267,,,,-2.281109722613003,-2.4276830775515834,-2.1389439750979964,0.288739102453587
3073-66-3,"1,1,3-Trimethylcyclohexane",1,1267,,,,-2.3918280115502366,-2.602178885257704,-2.1823731259820005,0.4198057592757034
123-19-3,4-Heptanone,1,1267,,,,-2.335180030018054,-2.5900725121645616,-2.091324157875479,0.4987483542890825
62-23-7,4-Nitrobenzoic acid,1,1267,,,,-2.438203427648198,-2.6748441960117804,-2.2184585087749045,0.4563856872368759
108-43-0,3-Chlorophenol,1,1267,,,,-1.398635442555701,-1.5507497392792822,-1.2555870735651693,0.29516266571411287
112226-61-6,Halofenozide,1,1267,,,,-3.108728471172639,-3.332269063913103,-2.896447078655776,0.43582198525732707
2691-41-0,Cyclotetramethylenetetranitramine,1,1267,,,,-1.817775781247353,-1.9988411744078942,-1.644809519516921,0.3540316548909732
2437-25-4,Dodecanenitrile,1,1267,,,,-2.41055956799448,-2.580069904187126,-2.2488368596486508,0.33123304453847524
109-69-3,1-Chlorobutane,3,1267,,,,-0.926258239759702,-1.1240658071180767,-0.7288062962004077,0.395259510917669
52316-55-9,Lignasan BLP,1,1267,,,,-3.1937614866963875,-3.4677348972906867,-2.9322984747000835,0.5354364225906032
1008-80-6,"2,3-Dimethyldecahydronaphthalene",1,1267,,,,-3.5974622948619874,-3.857830530480775,-3.3410507433461962,0.516779787134579
117-10-2,Danthron,2,1267,,,,-2.4451017404955633,-2.63895306667001,-2.2654249418904686,0.3735281247795412
602-01-7,"2,3-Dinitrotoluene",5,1267,-0.42782188676660826,0.08260336534084486,0.31031651919901315,-1.4804173964134253,-1.5992670910777982,-1.3606514480866545,0.23861564299114368
563-80-4,3-Methyl-2-butanone,1,1267,,,,-0.7041533989625304,-0.8992198800628809,-0.5173736529727949,0.381846227090086
2905-69-3,"Methyl 2,5-dichlorobenzoate",1,1267,,,,-1.6077598681870562,-1.7709216782407962,-1.4545142183681363,0.31640745987265984
3244-90-4,Aspon,1,1267,,,,-3.513490340744001,-3.7015399609420605,-3.3462024932954004,0.3553374676466601
7723-14-0,Phosphorus,7,1267,-2.320651107784783,-1.5843542357110192,0.4476367136925105,-3.370371875829132,-3.521752343469958,-3.2165314539857683,0.3052208894841897
51218-45-2,Metolachlor,7,1267,-1.5477335150038678,0.19830151765880852,1.0615139268645626,-1.5283368998428681,-1.6797601990681517,-1.392726557676663,0.2870336413914887
99-50-3,"3,4-Dihydroxybenzoic acid",2,1267,,,,-1.3486654238669407,-1.544678994378032,-1.1527666211184329,0.39191237325959905
95-47-6,ortho-Xylene,5,1267,0.5437865351629755,1.3139803660114742,0.46824460136064205,-0.9010986206016505,-1.0323435383026347,-0.7721481800088281,0.2601953582938066
2032-59-9,Aminocarb,5,1267,-2.3031180968941842,-1.0306038017072399,0.7736337594642921,-2.255033919347259,-2.414763070713166,-2.094587418051279,0.3201756526618871
31430-15-6,Flubendazole,1,1267,,,,-2.6084715889536954,-2.767076390738136,-2.4607693736108103,0.30630701712732566
20856-57-9,Chloraniformethane,1,1267,,,,-2.514097678959895,-2.7005637743570627,-2.34405306479904,0.35651070955802266
5465-65-6,4'-Chloro-3'-nitroacetophenone,1,1267,,,,-1.7628228822604695,-1.9305830742812364,-1.6059509874869067,0.32463208679432976
112-34-5,2-(2-Butoxyethoxy)ethanol,1,1267,,,,-0.2545526978724594,-0.4176206687999764,-0.0925370339419671,0.3250836348580093
1867-73-8,(N-6)-Methyladenosine,1,1267,,,,-2.2682617605480684,-2.4894009865051436,-2.0566959507561657,0.4327050357489779
507-20-0,t-Butylchloride,1,1267,,,,-1.8288609706143037,-2.0630804673085885,-1.6170813206011183,0.4459991467074702
1746-81-2,Monolinuron,2,1267,,,,-1.4344343673003235,-1.5830268440186896,-1.2864223828782568,0.2966044611404328
105-55-5,"N,N'-Diethylthiourea",1,1267,,,,-3.0254885338049733,-3.3399056459574883,-2.7373873309801438,0.6025183149773445
4602-84-0,Farnesol,1,1267,,,,-2.42922288010384,-2.621472714475462,-2.245094244336976,0.37637847013848624
66267-77-4,B-Fenvalerate,2,1267,,,,-4.383517442047863,-4.5518240576399736,-4.2281695175478,0.323654540092174
57837-19-1,Metalaxyl,1,1267,,,,-0.8479595221817013,-0.9918556610440918,-0.6919185459449618,0.29993711509913
7681-55-2,Sodium iodate,1,1267,,,,-0.6282054607581543,-0.813771260254038,-0.45512776502219643,0.3586434952318416
91-23-6,1-Methoxy-2-nitrobenzene,1,1267,,,,-0.7195228281690647,-0.8661820254627246,-0.5669175841069523,0.29926444135577235
608-73-1,"1,2,3,4,5,6-Hexachlorocyclohexane",18,1267,-2.591549733878637,-0.6509705291469302,1.1797883853825484,-2.741224955180861,-2.885760289017571,-2.5968141002851843,0.28894618873238676
493-09-4,"1,4-Benzodioxin, 2,3-dihydro-",1,1267,,,,-2.0729864115013017,-2.2865716475294655,-1.8552794226854674,0.4312922248439981
112-70-9,1-Tridecanol,1,1267,,,,-2.484625011610526,-2.7014672517759335,-2.298240448282218,0.40322680349371565
90-05-1,2-Methoxyphenol,1,1267,,,,-2.0470922166867993,-2.2728247858955815,-1.830083436717842,0.44274134917773944
5989-27-5,D-Limonene,3,1267,,,,-1.9769955992389991,-2.1386923644261744,-1.825538539670345,0.3131538247558294
60-09-3,4-Aminoazobenzene,1,1267,,,,-2.4040063687521087,-2.591449757692344,-2.235154000853425,0.3562957568389189
59-50-7,4-Chloro-3-methylphenol,3,1267,,,,-1.2957566797858195,-1.4349613394158724,-1.1697816590628876,0.2651796803529849
935-95-5,"2,3,5,6-Tetrachlorophenol",7,1267,-0.6650171282969704,0.18280102208501411,0.5154368367435269,-1.549246085962043,-1.6816532915188764,-1.4294532921096215,0.25219999940925497
52-86-8,Haloperidol,1,1267,,,,-3.27332671251866,-3.50815307916961,-3.053026021658782,0.45512705751082816
50512-35-1,Isoprothiolane,1,1267,,,,-2.487071154159186,-2.6788196165496565,-2.2956457565534096,0.38317385999624687
56296-78-7,Fluoxetine hydrochloride,4,1267,,,,-2.6499002314148687,-2.801463484355787,-2.5110356390351125,0.29042784532067456
13366-73-9,Photodieldrin,1,1267,,,,-3.29827601716615,-3.441150386231914,-3.1678871527378716,0.27326323349404236
116-29-0,Tetradifon,2,1267,,,,-2.2471635919898354,-2.385388819814073,-2.1062534460087927,0.2791353738052802
7664-38-2,Phosphoric acid,2,1267,,,,-0.7405571732831243,-0.8902144563882852,-0.5850456455768318,0.3051688108114534
6491-02-7,3'-Chloro-3-nitrosalicylanilide,11,1267,-1.2759172571937905,-0.7645234129333262,0.3109053814157725,-2.4235532720857655,-2.546807827685821,-2.305678263130469,0.24112956455535217
548-62-9,Gentian Violet,1,1267,,,,-3.8144314829876373,-4.047643810158746,-3.6031294766536464,0.44451433350509983
59417-72-0,"Phosphorothioic acid, O,O-dimethyl O-(3-formyl-4-nitrophenyl) ester",1,1267,,,,-2.8415666303690665,-3.064254444975912,-2.6290144960980943,0.4352399488778178
97-53-0,Eugenol,3,1267,,,,-0.9648181295722663,-1.0976541543662546,-0.8252081886848934,0.27244596568136115
20354-26-1,Methazole,1,1267,,,,-1.6473763017357488,-1.7963406512516162,-1.503233567880111,0.29310708337150526
3825-26-1,"PFOA, ammonium salt",3,1267,,,,-0.46360001564312625,-0.646065116140067,-0.29291756543080455,0.35314755070926246
3380-34-5,Triclosan,5,1267,-1.4299321026150873,-0.8180537378376753,0.3719956321654291,-2.8845277344217686,-3.033939209992322,-2.7500993058560264,0.28383990413629556
61869-08-7,Paroxetine,1,1267,,,,-2.7803347427407408,-2.9842616820907235,-2.603803851795186,0.3804578302955375
108-60-1,bis(2-Chloro-1-methylethyl) ether,1,1267,,,,-2.3178861415142085,-2.556613397086008,-2.0909154451712597,0.4656979519147484
60-32-2,6-Aminocaproic acid,1,1267,,,,-2.9534210622895634,-3.2762775316801895,-2.6550659437703668,0.6212115879098228
57055-38-6,Monochlorodehydroabietic acid,1,1267,,,,-2.394706567758355,-2.554235285639944,-2.2456106055668745,0.3086246800730694
999-81-5,Chlormequat chloride,2,1267,,,,-1.0208047533906597,-1.2149519820825032,-0.8253975872046945,0.38955439487780874
7789-38-0,Sodium bromate,1,1267,,,,-0.4520059166740071,-0.6326900144135907,-0.271679547368593,0.36101046704499773
104-75-6,2-Ethylhexylamine,2,1267,,,,-1.5362170501695969,-1.6972381048669967,-1.3810930837552577,0.3161450211117389
1761-61-1,5-Bromosalicylaldehyde,1,1267,,,,-2.1385623045129645,-2.2973486166021857,-1.9711574637009754,0.32619115290121026
75-35-4,"1,1-Dichloroethylene",3,1267,,,,-0.24457761815448076,-0.39421126437006415,-0.10018912213767367,0.2940221422323905
13457-18-6,Pyrazophos,3,1267,,,,-2.221714507458461,-2.3836223636403897,-2.0721733723251305,0.31144899131525916
628-20-6,4-Chlorobutyronitrile,1,1267,,,,-1.7737779082691614,-1.9974592689290716,-1.5486327830736388,0.4488264858554327
1224510-29-5,beta-Cypermethrin,2,1267,,,,-4.226531554960449,-4.355057322537003,-4.101434817235167,0.25362250530183594
61949-76-6,(+/-)-cis-Permethrin,5,1267,-2.697965113406943,-2.1638987159153356,0.3246893150495291,-4.050206494118643,-4.193143577869788,-3.9177530547752037,0.2753905230945839
701-82-6,"Urea, (3-hydroxyphenyl)-",1,1267,,,,-1.4865953856983407,-1.6715360246176925,-1.298957597672779,0.3725784269449135
2550-26-7,Benzylacetone,1,1267,,,,-2.1545430181058904,-2.3591913022982705,-1.9426763906688829,0.4165149116293876
42576-02-3,Bifenox,3,1267,,,,-2.4965044272637327,-2.6851116824979306,-2.3196507015757843,0.3654609809221463
107-14-2,Chloroacetonitrile,1,1267,,,,-2.1715743821248945,-2.3918005497808923,-1.9621831483417775,0.42961740143911475
64-10-8,1-Phenylurea,1,1267,,,,-2.2224847308918223,-2.4543508712980797,-1.996219454144452,0.4581314171536277
67747-09-5,Prochloraz,1,1267,,,,-2.7297350591360345,-2.9308054486953683,-2.5445533985561726,0.3862520501391957
3214-47-9,"C.I. Direct Yellow 50, tetrasodium salt",2,1267,,,,-2.750508688396197,-3.049062025484298,-2.46116388292756,0.587898142556738
13548-38-4,Chromium(III) nitrate,2,1267,,,,-1.4595777214401429,-1.6303768244152443,-1.2915190340513356,0.33885779036390873
2243-27-8,Octyl cyanide,1,1267,,,,-1.5275746914280364,-1.6674784991122187,-1.3853544132447544,0.2821240858674643
72490-01-8,Fenoxycarb,2,1267,,,,-1.7796663424253554,-1.9216192608049427,-1.6475732265518512,0.2740460342530915
80-32-0,Sulfachloropyridazine,2,1267,,,,-0.8876563635943149,-1.0552687690636555,-0.7191929972298519,0.33607577183380366
33629-47-9,Butralin,1,1267,,,,-2.59915331065885,-2.773462856150755,-2.4383069296581454,0.3351559264926096
42087-80-9,Methyl 4-chloro-2-nitrobenzoate,1,1267,,,,-1.2773116485163865,-1.427433413111932,-1.1262048201506385,0.30122859296129345
70458-96-7,Norfloxacin,2,1267,,,,-1.4988867742419147,-1.6653156973827796,-1.322780395409198,0.34253530197358173
10599-90-3,Chloramine,5,1267,-0.5898221559706274,-0.20537859463818756,0.23372508959654792,-2.5663139489984887,-2.7017726718804207,-2.43123675960574,0.2705359122746809
634-66-2,"1,2,3,4-Tetrachlorobenzene",3,1267,,,,-2.242462076746524,-2.389475358157709,-2.097871634031542,0.29160372412616686
78-82-0,2-Methylpropanenitrile,1,1267,,,,-1.8221793407042266,-2.068137996340974,-1.5730935309530285,0.49504446538794533
1445-75-6,Diisopropyl methylphosphonate,7,1267,2.303550297419567,2.761641220822035,0.27849950651930105,-0.07544334126747598,-0.21244303069535528,0.05950914200039573,0.271952172695751
120-94-5,N-Methylpyrrolidine,2,1267,,,,-0.7496981348666666,-0.9460476116691315,-0.5468821676636927,0.39916544400543885
118-75-2,Chloranil,1,1267,,,,-2.9240302609958775,-3.155358161174535,-2.707631986209603,0.44772617496493217
39515-51-0,3-Phenoxybenzaldehyde,1,1267,,,,-3.3586449023510094,-3.623619834381994,-3.105862701107218,0.5177571332747757
103-11-7,2-Ethylhexyl acrylate,1,1267,,,,-1.9584502363700163,-2.1386808975551315,-1.7830351186416908,0.3556457789134406
2425-06-1,Captafol,9,1267,-2.1206079912775415,-1.232649235437012,0.5398405920691243,-2.768657227757047,-2.8995031205212887,-2.6506823324880684,0.24882078803322027
52-53-9,Verapamil,1,1267,,,,-2.4472718577048242,-2.639564953132071,-2.2782168965163185,0.36134805661575253
71-44-3,"1,4-Butanediamine, N,N'-bis(3-aminopropyl)-",1,1267,,,,-2.6066028383143642,-2.8443040884069464,-2.371159846591998,0.4731442418149485
101-83-7,Dicyclohexylamine,2,1267,,,,-1.6706584064916599,-1.8673579360346049,-1.4968406096659106,0.3705173263686943
2163-68-0,2-Hydroxyatrazine,1,1267,,,,-2.5518685726013164,-2.771476576243659,-2.321551695411644,0.44992488083201465
67-63-0,Isopropanol,6,1267,3.1228474517296996,3.6257063499878073,0.30571650268364164,1.0990356860075852,0.9433520532560825,1.2559890896930639,0.3126370364369814
120-18-3,Naphthalene-2-sulfonic acid,3,1267,,,,-0.778572261518023,-0.9250020928433624,-0.6235940756769888,0.30140801716637367
119446-68-3,Difenoconazole,1,1267,,,,-3.6365699215764256,-3.8464580170632927,-3.4452303018739476,0.4012277151893451
57-88-5,Cholesterol,1,1267,,,,-3.6752148830828606,-3.8993103878304085,-3.4570560151454885,0.44225437268491996
1317-39-1,Cuprous oxide,2,1267,,,,-2.56378691019233,-2.7071058799278185,-2.421786829657142,0.2853190502706764
497-19-8,Sodium carbonate,4,1267,,,,-0.1561301793681944,-0.3165413369530749,0.009772353069608707,0.3263136900226836
299-84-3,Fenchlorphos,9,1267,-0.7209294345769445,-0.3513914579069668,0.22466313756736478,-2.0046245118690154,-2.132527673310058,-1.8748680538271298,0.25765961948292815
93-02-7,"2,5-Dimethoxybenzaldehyde",1,1267,,,,-2.129953411547268,-2.339907687084314,-1.9175625070753581,0.42234518000895593
592-85-8,Mercuric thiocyanate,1,1267,,,,-2.9082968509938047,-3.079323023702983,-2.7438277048660065,0.3354953188369767
113-48-4,MGK-264,1,1267,,,,-2.4684163214135966,-2.643600428336139,-2.3023078762452416,0.3412925520908976
581-42-0,"2,6-Dimethylnaphthalene",1,1267,,,,-2.1301948955843164,-2.301545686234929,-1.9676403443159385,0.33390534191899035
776-35-2,"9,10-Dihydrophenanthrene",1,1267,,,,-2.610228411474362,-2.828928361653673,-2.408243136669429,0.4206852249842443
39148-24-8,Fosetyl-Al,1,1267,,,,-1.0817768855964713,-1.2383615258964205,-0.9281379117161843,0.31022361418023614
100-97-0,Methenamine,1,1267,,,,-0.6567361690343613,-0.8873680441392484,-0.4265540404891152,0.4608140036501332
144-83-2,Sulfapyridine,1,1267,,,,-2.2292486496783894,-2.436470745232833,-2.024692207186141,0.41177853804669207
98-17-9,3-(Trifluoromethyl)phenol,1,1267,,,,-1.7998587647606468,-1.9760292621395217,-1.6223555704931265,0.35367369164639517
75-15-0,Carbon disulfide,2,1267,,,,-1.1891252941258899,-1.3440421897513988,-1.0364498817906493,0.30759230796074943
39515-41-8,Fenpropathrin,4,1267,,,,-4.534762302435895,-4.702956269133646,-4.354503736210859,0.34845253292278766
80-33-1,Chlorfenson,2,1267,,,,-1.9643019388718317,-2.106616544313435,-1.8306527135615605,0.2759638307518746
99-96-7,4-Hydroxybenzoic acid,3,1267,,,,-0.5255293547648021,-0.6822845025953713,-0.3711886319768646,0.31109587061850674
93-04-9,2-Methoxynaphthalene,1,1267,,,,-2.2710544245434288,-2.4872332674064506,-2.0782725044978423,0.4089607629086083
7601-54-9,Trisodium phosphate,1,1267,,,,-1.102476284401244,-1.3132130488048575,-0.8925035116954105,0.4207095371094469
506-87-6,Ammonium carbonate,1,1267,,,,-1.049724238701196,-1.2302179822739434,-0.8782899470352117,0.35192803523873173
69806-50-4,Fluazifop-butyl,4,1267,,,,-2.176577514681572,-2.338283503606435,-2.023181589728319,0.3151019138781157
75-25-2,Bromoform,5,1267,-0.5321249253509154,0.8948536755924218,0.8675413894353996,-0.7609891752389415,-0.8960341827871525,-0.6329880924734251,0.2630460903137274
355-80-6,"1-Pentanol, 2,2,3,3,4,4,5,5-octafluoro-",2,1267,,,,-1.237175659805,-1.4136167883477544,-1.0688063176441212,0.34481047070363324
7681-49-4,Sodium fluoride,4,1267,,,,-0.017751124245497407,-0.19552028066333363,0.1548141430895139,0.3503344237528475
99-40-1,4-(Chloroacetyl)catechol,1,1267,,,,-2.2084249508771254,-2.4011259376579277,-2.015291037314709,0.38583490034321866
15687-27-1,Ibuprofen,2,1267,,,,-0.9074954240310643,-1.0550111163774298,-0.7591811944026068,0.29582992197482305
96-33-3,Methyl acrylate,1,1267,,,,-1.3900556162671411,-1.5758088979285163,-1.2050484133109758,0.3707604846175405
1314-62-1,Vanadium pentoxide,5,1267,-0.6028738155377957,0.42823879982492086,0.6268719589801754,-1.4533987528994685,-1.5809438530570876,-1.3191810502996504,0.26176280275743724
6284-83-9,"1,3,5-Trichloro-2,4-dinitrobenzene",1,1267,,,,-2.7249746659072756,-2.902745172328087,-2.562852814262848,0.33989235806523865
33693-04-8,Terbumeton,4,1267,,,,-1.6478235869937308,-1.8069507786785872,-1.496834153615928,0.31011662506265925
64-75-5,Tetracycline hydrochloride,1,1267,,,,-1.984307236264733,-2.19155477060014,-1.7913270140071635,0.4002277565929766
7440-66-6,Zinc,33,1267,-1.0817700716277934,0.4098531174058058,0.9068425084109966,-1.5698065144557012,-1.707731271314163,-1.4403911796394193,0.2673400916747437
141-66-2,Dicrotophos,8,1267,-2.3118905081645953,-0.34143200733446044,1.1979537075783024,-1.7260922766668245,-1.8550732505966765,-1.5899089206437824,0.2651643299528941
13718-26-8,Sodium vanadate,8,1267,0.5581040747210052,1.1099995370383233,0.33552861681691776,-0.9748886713358768,-1.11139054599613,-0.8432880827826684,0.26810246321346154
64-18-6,Formic acid,2,1267,,,,-0.7267511830328277,-0.9120664892486836,-0.5246522800305339,0.38741420921814973
5141-20-8,FD&C Green No. 2,1,1267,,,,-2.7684267715149153,-3.0288597720351476,-2.503493844500315,0.5253659275348324
7440-28-0,Thallium,3,1267,,,,-1.3511525392634396,-1.4876912928249488,-1.221846038658195,0.26584525416675375
1226-42-2,Anisil,1,1267,,,,-2.6035630896987487,-2.796967349076398,-2.4144979367133246,0.3824694123630734
7726-95-6,Bromine,1,1267,,,,-2.2895560537407773,-2.46720070519326,-2.115898565166231,0.35130214002702864
3522-50-7,Iron(III) citrate,1,1267,,,,-1.1298148752247972,-1.29844573436427,-0.9665018475453274,0.3319438868189425
111-91-1,Bis(2-chloroethoxy)methane,1,1267,,,,-1.90131805560846,-2.1207405286821235,-1.6909888918670783,0.42975163681504513
1129-41-5,Metolcarb,3,1267,,,,-1.4607983772739859,-1.604081897537796,-1.3173093703979557,0.28677252713984025
56-75-7,Chloramphenicol,3,1267,,,,-1.0074047290394776,-1.1597595204946933,-0.8551423617421884,0.30461715875250495
54593-83-8,Chlorethoxyfos,1,1267,,,,-4.387982906918184,-4.571567770171082,-4.200610779369191,0.3709569908018917
759-94-4,EPTC,5,1267,-0.3337053163821031,1.2608021373358012,0.9693917000220386,-0.9883210920953452,-1.110885954707312,-0.8715719196389295,0.23931403506838245
6149-03-7,Sodium 4-octylbenzenesulfonate,1,1267,,,,-3.132902005982275,-3.399021977521813,-2.8517427822838437,0.5472791952379694
827-52-1,Cyclohexylbenzene,1,1267,,,,-2.644057262802443,-2.855733958018442,-2.4397517299233322,0.41598222809511
10028-22-5,Ferric sulfate,3,1267,,,,-1.0151005813901286,-1.1798700032686191,-0.845568304751592,0.3343016985170272
20427-59-2,Copper(II) hydroxide,1,1267,,,,-0.7150459414468311,-0.8705189335706307,-0.5488310909048715,0.3216878426657592
731-27-1,Tolylfluanid,1,1267,,,,-3.34673526805242,-3.5320198979601103,-3.1573799977717028,0.37463990018840754
938-55-6,"N(6),N(6)-Dimethyladenine",1,1267,,,,-2.4327522568319626,-2.6716879244589085,-2.1994040882819763,0.47228383617693215
33813-20-6,ETEM [BSI],4,1267,,,,-2.466879105014402,-2.624000979943443,-2.3206148940512725,0.3033860858921704
58306-30-2,Febantel,1,1267,,,,-3.2726848356269493,-3.460927023481122,-3.102800996729042,0.3581260267520796
104-88-1,4-Chlorobenzaldehyde,2,1267,,,,-1.6821040318312734,-1.81831483983912,-1.5277867475811957,0.2905280922579243
96-05-9,Allyl methacrylate,1,1267,,,,-2.15546233980566,-2.3656788169250826,-1.962052058245142,0.4036267586799407
2211-99-6,"Benzenesulfonic acid, 4-(1-methylundecyl)-, sodium salt",1,1267,,,,-2.6133271923845713,-2.8000946919868492,-2.4386075538239824,0.3614871381628668
2257-09-2,Phenethyl isothiocyanate,1,1267,,,,-2.9052183500658737,-3.1477611735526425,-2.6889543249981314,0.45880684855451115
109-57-9,Allylthiourea,1,1267,,,,-0.8235544725412253,-0.996148717505151,-0.6418015159554252,0.35434720154972577
283594-90-1,Spiromesifen,1,1267,,,,-3.059224208147272,-3.253087610502866,-2.8876422724228763,0.3654453380799896
88-06-2,"2,4,6-Trichlorophenol",10,1267,-0.6048339304314397,0.0775237310750547,0.41484400212021155,-1.639831231199932,-1.7641708016381394,-1.519453163341773,0.2447176382963665
112143-82-5,Triazamate,1,1267,,,,-2.6298850454986,-2.797028876680036,-2.464356092755449,0.3326727839245871
960003-91-2,"S-[(2R)-Butan-2-yl] O-ethyl (R)-(2-oxo-1,3-thiazolidin-3-yl)phosphonothioate",1,1267,,,,-3.2609571295908557,-3.500754279236717,-3.045440697983095,0.455313581253622
81-61-8,Quinalizarin,1,1267,,,,-2.8163212480019117,-3.0197280113222815,-2.6150418800244593,0.40468613129782227
114247-06-2,(+)-(S)-Fluoxetine hydrochloride,2,1267,,,,-3.251759987644835,-3.473894957596145,-3.0522465280621787,0.4216484295339664
83-42-1,1-Chloro-2-methyl-3-nitrobenzene,2,1267,,,,-1.60172286070536,-1.7534072337178044,-1.4494373198748154,0.303969913842989
7722-88-5,Tetrasodium pyrophosphate,3,1267,,,,-1.1449977358728611,-1.3698441593314417,-0.9344469629134369,0.4353971964180048
95-95-4,"2,4,5-Trichlorophenol",10,1267,-0.5699757279812359,-0.023708254499683425,0.33210704255429085,-1.5603195647841872,-1.6741142670301958,-1.4518541965969314,0.22226007043326446
634-91-3,"3,4,5-Trichloroaniline",1,1267,,,,-2.2847626410179434,-2.472605515849612,-2.0996050518805958,0.3730004639690163
2893-78-9,Sodium dichloroisocyanurate,2,1267,,,,-2.0521583779520114,-2.19291256009061,-1.9188851339144581,0.27402742617615194
2426-08-6,Butyl glycidyl ether,2,1267,,,,-1.2181819176396669,-1.3708316958550706,-1.0716631817036444,0.2991685141514262
7487-88-9,Magnesium sulfate,5,1267,2.4664480272767246,3.2250195356380233,0.461178731001867,0.604864313174246,0.43582829986879634,0.7620583547864445,0.3262300549176481
54739-18-3,Fluvoxamine,1,1267,,,,-2.8682561975271446,-3.0640178490181804,-2.6772627524520165,0.3867550965661639
104-51-8,Butylbenzene,1,1267,,,,-1.6043809991144302,-1.7354226052256072,-1.462713113675177,0.2727094915504302
7664-93-9,Sulfuric acid,6,1267,1.3267132838088633,1.7161743688388917,0.23677552740777616,-0.8924464828821055,-1.0424167668176545,-0.7394175957571476,0.3029991710605069
112-30-1,1-Decanol,3,1267,,,,-1.6622053908828955,-1.8022739195382633,-1.522363400284673,0.27991051925359023
76738-62-0,Paclobutrazol,3,1267,,,,-1.2592829526544134,-1.4126454989618014,-1.1162020214767072,0.29644347748509414
77-47-4,Hexachlorocyclopentadiene,6,1267,-2.155178284878652,-0.5195247569353639,0.9944067369537093,-2.893481470457253,-3.028368317426679,-2.7473300116937525,0.28103830573292665
10124-36-4,Cadmium sulfate (1:1),21,1267,-1.8743417584320146,-0.24853662588918887,0.9884193376866299,-2.500074954916946,-2.652412788981288,-2.344195776942785,0.30821701203850305
122-34-9,Simazine,21,1267,-1.1470074388661606,0.7895632449757941,1.1773513777217626,-1.4316522994604886,-1.5835057387801128,-1.277781345584842,0.3057243931952709
137-30-4,Ziram,9,1267,-2.136171013118822,-0.7633443648140346,0.8346193398674308,-2.838893034953544,-2.978831194839938,-2.710647386551032,0.2681838082889061
126-73-8,Tributyl phosphate,6,1267,0.08143923930292296,0.60836455337039,0.32034784459457105,-1.3567865775294554,-1.491016963386513,-1.220217094088384,0.2707998692981288
1836-75-5,Nitrofen,12,1267,-1.0828257836230741,-0.2291412493213962,0.5190033449261219,-2.0268505746956276,-2.1526594951244293,-1.8973423454771297,0.2553171496472997
55-06-1,"3,3',5-Triiodo-l-thyronine sodium salt",1,1267,,,,-4.287067382683913,-4.5668999142760525,-4.023857063963099,0.5430428503129532
175013-18-0,Pyraclostrobin,1,1267,,,,-3.280677400383332,-3.4260418674286126,-3.140732564806402,0.28530930262221066
89-59-8,"Benzene, 4-chloro-1-methyl-2-nitro-",3,1267,,,,-1.4258634347105166,-1.568690843399698,-1.284797808448451,0.28389303495124696
112-52-7,1-Chlorododecane,1,1267,,,,-4.142628123910436,-4.418094036772157,-3.8739288744560674,0.5441651623160895
13408-56-5,Ponasterone A,1,1267,,,,-3.594264856603436,-3.824136352581274,-3.3806454825730574,0.44349087000821674
121-19-7,4-Hydroxy-3-nitrophenylarsonic acid,1,1267,,,,-2.353281743655873,-2.5805672376030775,-2.130890844283902,0.44967639331917564
3055-95-6,Pentaethylene glycol monododecyl ether,1,1267,,,,-3.645110031570818,-3.8784847713613058,-3.42362338713092,0.4548613842303859
603-83-8,2-Methyl-3-nitroaniline,1,1267,,,,-1.2670722466608995,-1.4325991327880772,-1.112392694176737,0.3202064386113401
78-92-2,2-Butanol,3,1267,,,,0.40043214017473183,0.23793056698236428,0.5719799579047349,0.3340493909223706
131-09-9,2-Chloroanthraquinone,1,1267,,,,-2.6595573730943016,-2.88134214823936,-2.467475630468415,0.41386651777094485
619-80-7,4-Nitrobenzamide,1,1267,,,,-1.5947195511994527,-1.785314534582703,-1.3989015392086237,0.38641299537407936
260-94-6,Acridine,2,1267,,,,-1.600848739994841,-1.728411879037446,-1.4775744447420784,0.25083743429536765
124-04-9,Hexanedioic acid,1,1267,,,,-0.7137620572266827,-0.8681233604816814,-0.5577616073045993,0.31036175317708203
69500-29-4,Bis(o-isopropylphenyl) phenyl phosphate,1,1267,,,,-4.081989598941547,-4.33276133354256,-3.8453251435032607,0.4874361900392996
94-75-7,"2,4-Dichlorophenoxyacetic acid",32,1267,-1.0080781881159007,1.030536313074215,1.2393896136329337,-0.9482357898827758,-1.0868730182059547,-0.7967175131878437,0.29015550501811105
542-75-6,"1,3-Dichloropropene",6,1267,-0.13192391686872385,0.29789739414070715,0.26131280252945677,-1.3070579820043249,-1.4393650060243348,-1.1873785803855135,0.25198642563882134
15118-60-2,4-(P-aminophenyl)butyric acid,1,1267,,,,-2.9401537775961106,-3.212885322652842,-2.672476759556432,0.5404085630964102
26644-46-2,Triforine,2,1267,,,,-1.675230872316234,-1.8500634000067526,-1.5122954637061201,0.3377679363006325
13360-45-7,Chlorbromuron,7,1267,-0.9405681358617797,0.5938091736268978,0.9328351680340401,-1.894254356154597,-2.035747771505771,-1.7545584898848612,0.28118928162090984
81777-89-1,Clomazone,1,1267,,,,-1.5543058713575697,-1.7021629649214367,-1.4097766546490433,0.29238631027239337
75-65-0,tert-Butyl alcohol,2,1267,,,,-0.4323189851375915,-0.6271973905946024,-0.22558010079022095,0.4016172898043815
61-82-5,Amitrole,10,1267,1.1394717819966624,2.236478594272292,0.6669327861767201,-0.2379162316813234,-0.3745745529590688,-0.08693406559568688,0.2876404873633819
75-60-5,Dimethylarsinic acid,2,1267,,,,-1.2795545513010151,-1.4425707541284047,-1.1196855519581264,0.3228852021702784
98886-44-3,Fosthiazate,1,1267,,,,-1.9716749180020559,-2.154304144071108,-1.7979337810688982,0.3563703630022099
57-68-1,Sulfamethazine,2,1267,,,,-0.7662228693540174,-0.92333264440863,-0.6238177782545756,0.2995148661540544
14816-18-3,Phoxim,1,1267,,,,-2.9026098171891337,-3.0515669950167985,-2.7602579483336247,0.2913090466831738
124-58-3,Methylarsonic acid,1,1267,,,,-2.0352456613098,-2.250297803325952,-1.828322436309344,0.4219753670166082
108-44-1,3-Methylaniline,1,1267,,,,-2.8349868539591343,-3.0842021497528864,-2.5856947603942926,0.49850738935859384
99-97-8,"N,N,4-Trimethylaniline",1,1267,,,,-1.312826171062489,-1.4782283115072412,-1.1533473595832278,0.32488095192401345
78-93-3,Methyl ethyl ketone,4,1267,,,,0.5928854774998641,0.4301910449195265,0.7600241571293128,0.32983311220978634
111-44-4,Bis(2-chloroethyl) ether,2,1267,,,,-0.8236084402773716,-0.994899417722312,-0.6492138630901163,0.34568555463219575
86-73-7,Fluorene,3,1267,,,,-1.8321206291670205,-1.9720755688480878,-1.6995658924105672,0.27250967643752055
70225-14-8,"1-Octanesulfonic acid, 1,1,2,2,3,3,4,4,5,5,6,6,7,7,8,8,8-heptadecafluoro-, compd. with 2,2'-iminobis[ethanol] (1:1)",1,1267,,,,-2.5999518862544164,-2.827912688246297,-2.3764018777364773,0.45151081050981956
400852-66-6,Mesosulfuron,1,1267,,,,-3.0085453256043584,-3.2115733934325204,-2.824837866644195,0.38673552678832523
2008-41-5,Butylate,3,1267,,,,-1.4499372071631642,-1.6006480181126594,-1.3141612705532901,0.2864867475593693
1982-47-4,Chloroxuron,4,1267,,,,-2.071925920717935,-2.236744855398054,-1.9060395371714323,0.33070531822662175
80-11-5,"Benzenesulfonamide, N,4-dimethyl-N-nitroso-",1,1267,,,,-2.28510320748204,-2.490714619482459,-2.0915995470718425,0.3991150724106167
13410-01-0,Sodium selenate,14,1267,-0.7110865631045562,0.7013964917916875,0.8587287231837775,-1.3304265687165069,-1.4930996820610687,-1.173393864454051,0.3197058176070178
7447-40-7,Potassium chloride,20,1267,1.0539827145600968,2.3532469160449607,0.7898965477511121,0.5715128981976828,0.4260753561179206,0.7226535058061552,0.2965781496882346
141-43-5,Ethanolamine,3,1267,,,,-0.1739737937887164,-0.321470856388881,-0.011599497723724516,0.30987135866515647
1929-73-3,"2,4-D-Butotyl",17,1267,-0.4154708711217704,0.13498780252614162,0.3346551113293389,-1.6326769545437456,-1.7700243611432873,-1.505298454699009,0.2647259064442784
108-67-8,"1,3,5-Trimethylbenzene",3,1267,,,,-1.0888563871134214,-1.2326996024814225,-0.9554644857408705,0.277235116740552
5015-75-8,"Benzenesulfonic acid, 4-bromo-, sodium salt",1,1267,,,,-0.9657541948426548,-1.1518873735287285,-0.7890223892304886,0.3628649842982399
91-65-6,"N,N-Diethylcyclohexylamine",2,1267,,,,-1.3488272835783346,-1.5188348244314258,-1.1950214543027213,0.3238133701287045
8068-17-5,Bronate,1,1267,,,,-3.0687111462291656,-3.2212081816286764,-2.918155517406407,0.3030526642222693
2569-01-9,"2,4-D, triethanolamine salt (1:1)",2,1267,,,,-1.0039730177128092,-1.1673339362106527,-0.8493870517222093,0.31794688448844344
7446-08-4,Selenium dioxide,6,1267,0.2617244335510893,0.9815584424446596,0.43762800354928305,-1.138197463569091,-1.2678456169343177,-1.0082612994285962,0.25958431750572153
841-06-5,Methoprotryne,4,1267,,,,-1.546402839240875,-1.688521690963406,-1.3992667440223958,0.28925494694101017
6515-38-4,"3,5,6-Trichloro-2-pyridinol",7,1267,-2.736199493035738,-0.4269254153297573,1.4039389522981,-2.601663690029582,-2.745312565500348,-2.471153328750148,0.27415923675019993
1191-50-0,Sodium myristyl sulfate,2,1267,,,,-2.107433308688168,-2.2604808332505297,-1.9534175985333282,0.30706323471720154
688-73-3,Tributyltin,1,1267,,,,-8.362867361605819,-8.908653730628332,-7.835083435734519,1.0735702948938135
937-20-2,"2,4'-Dichloroacetophenone",1,1267,,,,-1.7284885906580132,-1.8908107962775953,-1.5635630152489124,0.3272477810286829
3653-48-3,MCPA-sodium,1,1267,,,,-0.423360704640691,-0.5790047892725803,-0.2783722694498916,0.3006325198226887
120-83-2,"2,4-Dichlorophenol",11,1267,-1.2314751032678977,0.2817483822305607,0.9199745562181273,-1.4180507395566044,-1.5484277494299556,-1.284558230319467,0.2638695191104887
1114-71-2,Pebulate,5,1267,0.5613834315985989,0.7113073905540606,0.09114729511423253,-1.3628860096329434,-1.5077881658315944,-1.2337972478346746,0.27399091799691977
1918-16-7,Propachlor,1,1267,,,,-1.9450224693863998,-2.0838880915494458,-1.8123451728684175,0.2715429186810283
133-07-3,Folpet,5,1267,-1.0923340633990335,-0.3066497192109121,0.47766216477528606,-2.3503223283631938,-2.4881914458766903,-2.2259679075364636,0.2622235383402267
4376-20-9,MEHP,1,1267,,,,-2.0952071208643037,-2.2822448676105087,-1.9245529346097574,0.3576919330007513
81334-34-1,Imazapyr,1,1267,,,,-2.0266761261889084,-2.1831323731028034,-1.8750791330470713,0.3080532400557321
75-05-8,Acetonitrile,5,1267,2.6773385872660653,3.2747403994203466,0.3631945130956665,0.5474938614690972,0.3777476242853498,0.7198194014646038,0.34207177717925397
109-46-6,"N,N'-Dibutylthiourea",1,1267,,,,-1.8819699816645432,-2.0749059468628785,-1.6951152559215537,0.3797906909413249
99-51-4,"1,2-Dimethyl-4-nitrobenzene",1,1267,,,,-1.9029049364395414,-2.104321977818718,-1.7155372213445088,0.3887847564742093
6876-23-9,"1,trans-2-Dimethylcyclohexane",1,1267,,,,-2.198330144488133,-2.428744958636261,-1.9945206744070387,0.4342242842292223
619-72-7,"Benzonitrile, 4-nitro-",1,1267,,,,-1.5348802427657622,-1.721406859151497,-1.3582520919357026,0.3631547672157944
2835-99-6,4-Amino-m-cresol,1,1267,,,,-4.043128869385832,-4.375594867070498,-3.7338209740957824,0.6417738929747152
303-07-1,"2,6-Resorcylic acid",2,1267,,,,-1.5990220544313418,-1.782564220084999,-1.4150512017808472,0.36751301830415173
1314-87-0,Lead(II) sulfide,1,1267,,,,-0.4250084124425821,-0.6008813382518087,-0.24764706523253807,0.3532342730192706
1313-84-4,Sodium sulfide nonahydrate,1,1267,,,,-2.8378909982430707,-3.044642015060568,-2.622110379275467,0.4225316357851008
7664-41-7,Ammonia,12,1267,-0.31577471524344847,1.0713312503515358,0.8433005483690417,-1.1029906155993427,-1.3072972456040048,-0.8991825409939047,0.40811470461010013
55285-14-8,Carbosulfan,6,1267,-1.2679306998370021,-0.7035877891693928,0.34309612808134615,-2.7955406217515346,-2.9435311923655316,-2.662103102290551,0.2814280900749808
68157-60-8,Forchlorfenuron,1,1267,,,,-2.159237540377277,-2.346151013151196,-1.9791076374256855,0.3670433757255105
67-45-8,Furazolidone,1,1267,,,,-2.522906732808496,-2.704407012041635,-2.3462089394564822,0.3581980725851528
129558-76-5,Tolfenpyrad,1,1267,,,,-4.260714148506575,-4.431912403919494,-4.104825221907418,0.3270871820120762
307-24-4,PFHxA,1,1267,,,,-1.6407474180572459,-1.863595583866242,-1.4438466622979895,0.4197489215682524
112410-23-8,Tebufenozide,2,1267,,,,-2.436379502633348,-2.5985193044981103,-2.2841912746810227,0.31432802981708763
127-79-7,Sulfamerazine,1,1267,,,,-2.2670576263715736,-2.5051970297945143,-2.045543152204627,0.4596538775898873
119-32-4,4-Methyl-3-nitroaniline,1,1267,,,,-1.1720652675394403,-1.3226634461174587,-1.0217487310402344,0.3009147150772242
32426-11-2,Octyl decyl dimethyl ammonium chloride,1,1267,,,,-4.209718497658832,-4.487531597001602,-3.9403164757784808,0.5472151212231209
2539-17-5,"3,4,5,6-Tetrachloroguaiacol",1,1267,,,,-2.467219350654385,-2.631785791393463,-2.312000684869303,0.31978510652416015
470-90-6,Chlorfenvinphos,10,1267,-2.900556622826604,-1.0713711302193771,1.112065817064458,-3.3332923883205643,-3.504117034505886,-3.17338467415113,0.33073236035475606
129-44-2,"9,10-Anthracenedione, 1,5-diamino-",1,1267,,,,-3.092086880737792,-3.332647907169213,-2.868125983003551,0.4645219241656622
107-95-9,beta-Alanine,1,1267,,,,-2.191718683739289,-2.458962815184331,-1.9310228277405022,0.5279399874438286
107-87-9,2-Pentanone,1,1267,,,,-1.4555481296257353,-1.6849179053762071,-1.225903383384781,0.4590145219914261
1014-70-6,Simetryn,6,1267,0.611144252908491,1.144015436119859,0.323962676362259,-1.8739744956784399,-2.0058160680463772,-1.7415017224676737,0.2643143455787036
133-32-4,Indole-3-butyric acid,1,1267,,,,-2.2371490028788714,-2.4473796775455647,-2.0377746861258927,0.409604991419672
60-51-5,Dimethoate,21,1267,-2.2972242971559886,0.1780421608575982,1.504855153951406,-1.9818989975723271,-2.1328642899133436,-1.8355420120229016,0.2973222778904421
552-89-6,2-Nitrobenzaldehyde,1,1267,,,,-1.1522899388511858,-1.2947818821250525,-1.0080175456837663,0.2867643364412862
1317-36-8,Lead monoxide,1,1267,,,,-0.7496420943477253,-0.9371326699496113,-0.5584541123178829,0.3786785576317284
27854-31-5,"Decanoic acid, 3,3,4,4,5,5,6,6,7,7,8,8,9,9,10,10,10-heptadecafluoro-",1,1267,,,,-2.664019492847672,-2.836625618614632,-2.4860739291294283,0.3505516894852039
115-86-6,Triphenyl phosphate,6,1267,-0.5560948524882209,-0.048190626580788216,0.30878384409728216,-2.180879661276281,-2.3194153698831275,-2.0448341733777107,0.2745811965054168
302-01-2,Hydrazine,6,1267,-1.6936644290003406,-0.5168871137015342,0.7154298084746991,-2.0976395033004955,-2.2436148278685737,-1.9407344727303288,0.30288035513824485
97553-90-7,"Methanol, (((1-methyl-2-(5-methyl-3-oxazolidinyl)ethoxy)methoxy)methoxy)-",1,1267,,,,-1.5836141028529898,-1.7869076141883862,-1.3858479588829187,0.4010596553054675
1317-38-0,Cupric oxide,3,1267,,,,-1.4595998661258165,-1.6559807808169698,-1.270841343445148,0.38513943737182177
350-46-9,1-Fluoro-4-nitrobenzene,1,1267,,,,-1.51445549181335,-1.686727241590708,-1.348763295735124,0.33796394585558387
79-94-7,"3,3',5,5'-Tetrabromobisphenol A",5,1267,-1.3216965852636893,-0.5487955393804208,0.4698904712364847,-2.76653551125414,-2.952750426765247,-2.601535953534518,0.35121447323072896
110-12-3,5-Methyl-2-hexanone,1,1267,,,,-0.9076870777698285,-1.0889988558337993,-0.738486770208358,0.35051208562544134
2593-15-9,Etridiazole,1,1267,,,,-1.7460921884669516,-1.894908990580802,-1.597728700974754,0.29718028960604803
81741-28-8,Tributyltetradecylphosphonium chloride,1,1267,,,,-3.425766433852756,-3.607717600019977,-3.267464715707948,0.34025288431202894
118-61-6,Ethyl salicylate,2,1267,,,,-1.1059487650417488,-1.2380248038965738,-0.9711283579131097,0.26689644598346407
41198-08-7,Profenofos,11,1267,-4.0208316376829485,-1.567563035205958,1.491481407390524,-3.482123649562125,-3.6167274555599884,-3.3478001162584974,0.26892733930149104
13389-42-9,(2E)-2-Octene,4,1267,,,,-1.2282970668696591,-1.3615583087953358,-1.0914514856707738,0.270106823124562
25875-51-8,Robenidine,4,1267,,,,-3.2270356149299175,-3.4011443631029405,-3.069392359650224,0.3317520034527166
617-51-6,Isopropyl lactate,1,1267,,,,-1.772596146296234,-2.000878638607025,-1.5463750751326393,0.4545035634743859
50-63-5,Chloroquine bis(phosphate),2,1267,,,,-1.7630624148785947,-1.9279961669710282,-1.5995649653994033,0.32843120157162486
107-05-1,Allyl chloride,5,1267,1.0880611480552695,1.418936353251888,0.20115784150949265,-0.9231120983262247,-1.0745550688360561,-0.7764447426943257,0.2981103261417304
107-49-3,Tetraethyl pyrophosphate,7,1267,-1.1727467931008853,0.0018854872912837165,0.7141257198485197,-2.3927718620505054,-2.5210766986604742,-2.263712463985892,0.25736423467458236
95-75-0,"3,4-Dichlorotoluene",1,1267,,,,-2.004366389462939,-2.1683840837487973,-1.8433945044902733,0.324989579258524
618-85-9,"3,5-Dinitrotoluene",1,1267,,,,-1.3691640876911588,-1.5327524356367246,-1.2090355377282849,0.3237168979084397
94-13-3,Propylparaben,2,1267,,,,-1.5435498748970466,-1.7135634292159527,-1.3878287951179573,0.3257346340979954
56715-13-0,R-(+)-Atenolol,1,1267,,,,-2.95277022734759,-3.247875499497934,-2.6904029328066006,0.5574725666913336
59-06-3,Ethopabate,2,1267,,,,-1.8692575831750546,-2.0609575396173643,-1.6801582916381699,0.3807992479791944
99-61-6,3-Nitrobenzaldehyde,1,1267,,,,-1.7346468803800124,-1.8947499785278803,-1.569302304966094,0.3254476735617864
1121-60-4,2-Pyridinecarboxaldehyde,1,1267,,,,-1.3671486849047658,-1.5495594830610369,-1.181850481232331,0.3677090018287059
3337-71-1,Asulam,1,1267,,,,-1.8283206661367069,-2.015094987368544,-1.6483375651707406,0.3667574221978036
149979-41-9,Tepraloxydim,1,1267,,,,-1.9683640910147568,-2.149681265987739,-1.7984609330016241,0.351220332986115
225789-38-8,Aluminum diethylphosphinate,1,1267,,,,-3.1369175595599064,-3.3870519925038036,-2.912656164517514,0.47439582798628965
543-82-8,2-Amino-6-methylheptane,1,1267,,,,-3.0362644316569884,-3.3177917000289425,-2.759827278938649,0.5579644210902934
138261-41-3,Imidacloprid,18,1267,-2.223691915213484,-0.025718062659887717,1.3362732200233898,-2.459389467735727,-2.620812930624582,-2.2963134756025285,0.3244994550220537
7775-27-1,Sodium persulfate,5,1267,1.7193904154797002,2.4855594599210002,0.4657977049674001,-0.7334835646207634,-0.9242832879809054,-0.5529246708808783,0.37135861710002716
29587-92-6,"cis-1,2-Epoxycyclododecane",1,1267,,,,-2.6087201209141613,-2.8628999499291132,-2.378364401748846,0.4845355481802671
74-11-3,4-Chlorobenzoic acid,1,1267,,,,-1.710842718342172,-1.8837625185231874,-1.5386181502320295,0.3451443682911579
327-98-0,Trichloronat,2,1267,,,,-2.702935934874022,-2.861306230647769,-2.549656807703181,0.31164942294458786
7647-01-0,Hydrochloric acid,3,1267,,,,-0.8410069937606586,-1.024646673241766,-0.6478690459541494,0.37677762728761666
108-87-2,Methylcyclohexane,1,1267,,,,-0.6699114385907885,-0.8127496964811146,-0.5344905409834124,0.2782591554977022
55406-53-6,3-Iodo-2-propynyl-N-butylcarbamate,4,1267,,,,-2.161747647434156,-2.2988188099997484,-2.038848842533164,0.2599699674665845
530-57-4,Syringic acid,2,1267,,,,-1.1854565904915897,-1.367183436759494,-1.0127514560187612,0.3544319807407328
25319-82-8,"S-Ethyl (2,4-dichlorophenoxy)ethanethioate",1,1267,,,,-3.5490748418252265,-3.815137960406666,-3.315495819372566,0.4996421410341001
361377-29-9,Fluoxastrobin,4,1267,,,,-2.589750413693425,-2.75815148812542,-2.4475024013500635,0.3106490867753564
141-53-7,Sodium formate,1,1267,,,,0.051112874462185265,-0.13258635023654186,0.23421775527235777,0.36680410550889964
7681-82-5,Sodium iodide,1,1267,,,,-0.6391053877416679,-0.8035924025735034,-0.46358167440734055,0.34001072816616285
1689-84-5,Bromoxynil,1,1267,,,,-1.0291545774698587,-1.1746941885115965,-0.8979370501949782,0.2767571383166183
118-55-8,Phenyl salicylate,2,1267,,,,-2.057043263320312,-2.1969180723988817,-1.9115899997326817,0.28532807266619997
79-09-4,Propionic acid,2,1267,,,,-0.4214205045006527,-0.5791607141928217,-0.26308178238125973,0.31607893181156194
115-96-8,Tris(2-chloroethyl) phosphate,1,1267,,,,-1.0300291208117125,-1.1917971753233436,-0.8745989664373275,0.31719820888601613
10025-73-7,Chromium chloride (CrCl3),8,1267,0.3019897013125179,1.6609160903084772,0.8261685822552834,-1.3160043460087034,-1.4849286853536696,-1.1457584953549051,0.33917018999876447
84-66-2,Diethyl phthalate,11,1267,0.8727596924511061,1.3095753343192358,0.265565053759654,-0.8366692507519559,-0.9743937480467083,-0.7054834389541945,0.2689103090925138
556-61-6,Methyl isothiocyanate,1,1267,,,,-2.3940233270163733,-2.5435516725111658,-2.2503561099366567,0.29319556257450907
11141-17-6,Azadirachtin,4,1267,,,,-2.6921510705065135,-2.8656487637275743,-2.530213573093495,0.3354351906340791
71-23-8,1-Propanol,11,1267,2.997875082344178,3.3876780293393938,0.2369833647250825,0.9442275449444739,0.7936567697417038,1.0927041720770918,0.29904740233538796
57057-83-7,"3,4,5-Trichloro-2-methoxyphenol",1,1267,,,,-2.244100753556535,-2.3984653409826,-2.089062832551384,0.30940250843121575
94-11-1,"2,4-D isopropyl ester",2,1267,,,,-2.1262957117345764,-2.2738180051753214,-1.98894309902501,0.2848749061503113
10187-52-7,Monosodium dichlorophene,1,1267,,,,-2.090362948286095,-2.256312241605272,-1.9274598780505912,0.32885236355468095
533-74-4,Dazomet,4,1267,,,,-1.9346475515245154,-2.084255603195726,-1.7852972142059906,0.29895838898973537
555-37-3,Neburon,2,1267,,,,-2.505313399194161,-2.6733723647432153,-2.3483462889902533,0.32502607575296194
77-75-8,3-Methyl-1-pentyn-3-ol,9,1267,2.79554319316489,2.9196226582067157,0.07543495847213524,0.3101087131351098,0.1787355707332649,0.45447196320914335,0.27573639247587844
95-76-1,"3,4-Dichloroaniline",15,1267,-0.21296472125404187,0.5791668932143605,0.4815818267893646,-1.280356240617348,-1.4085309452558927,-1.1582992871951394,0.2502316580607533
584-08-7,"Carbonic acid, dipotassium salt",3,1267,,,,-0.21828345601746135,-0.40657057030256555,-0.04148233835440565,0.36508823194815987
64-19-7,Acetic acid,9,1267,1.344742113612003,1.9780501981651137,0.38502397670901994,-0.26110737608938184,-0.4007055761130429,-0.11786490121269692,0.282840674900346
2150-47-2,"Methyl 2,4-dihydroxybenzoate",1,1267,,,,-1.156322418155008,-1.309017683406336,-1.010282191120644,0.29873549228569196
7727-21-1,Potassium persulfate,6,1267,1.7787749483985273,2.48275649505604,0.4279903908302485,-0.6851684149206076,-0.8676420767244044,-0.5081926854525382,0.35944939127186626
60-82-2,Phloretin,1,1267,,,,-2.903341242665836,-3.1498751070813427,-2.6781013917987044,0.47177371528263823
13746-66-2,Potassium ferricyanide,2,1267,,,,-1.7909512203729876,-1.9994510236928984,-1.5922854069069954,0.407165616785903
153719-23-4,Thiamethoxam,5,1267,-0.3353203445220565,1.356139293346203,1.028334442745015,-1.0027784074427832,-1.1418464702915991,-0.868820949940971,0.2730255203506281
117718-60-2,Thiazopyr,1,1267,,,,-2.148318510783055,-2.311715759224378,-1.997524600336038,0.3141911588883399
13171-21-6,Phosphamidon,26,1267,-2.154977716793745,0.23885478825812662,1.4553468258987494,-2.0726338343180637,-2.214683651826951,-1.9240463084759813,0.2906373433509697
58-22-0,Testosterone,1,1267,,,,-2.6303812315916417,-2.841397429544097,-2.4387087936919376,0.4026886358521593
59417-74-2,"Phosphoric acid, (O,O-dimethyl) O-(3-formyl-4-nitrophenyl) ester",1,1267,,,,-2.506970944518056,-2.712307713486006,-2.315434640102279,0.3968730733837269
14088-71-2,Proclonol,1,1267,,,,-2.558107963941173,-2.736396692177805,-2.3802032027378575,0.35619348943994744
95-92-1,Diethyl oxalate,1,1267,,,,-1.0841868691284016,-1.2523591726293648,-0.9068869792510825,0.3454721933782823
107-27-7,Chloroethylmercury,2,1267,,,,-2.5194214017123504,-2.667240376007185,-2.371580599831887,0.29565977617529793
99300-78-4,Venlafaxine hydrochloride,1,1267,,,,-2.8680921492723703,-3.104430037118561,-2.6565806793090543,0.44784935780950663
2675-77-6,Chloroneb,1,1267,,,,-1.7406196388016943,-1.9058640228517745,-1.5863896716678625,0.319474351183912
74261-65-7,4-Azidophenylisothiocyanate,1,1267,,,,-2.8507638422200916,-3.080959166758284,-2.6534374275698553,0.42752173918842873
73250-68-7,Mefenacet,1,1267,,,,-3.2667404323405584,-3.4889327454406884,-3.059206002340171,0.4297267431005176
825-44-5,"Benzo(b)thiophene 1,1-dioxide",1,1267,,,,-2.150154958481984,-2.3682660861131954,-1.9464706854349811,0.4217954006782143
85721-33-1,Ciprofloxacin,2,1267,,,,-1.6079153532072568,-1.7810429805480859,-1.4366902315313677,0.3443527490167182
51590-67-1,Monobutyltin oxide,1,1267,,,,-2.2045771793662796,-2.419154649369544,-1.9878070018043321,0.43134764756521204
19398-13-1,Fenoprop-butotyl,9,1267,-0.9463144420022678,0.31707156692959004,0.768084155471866,-2.0904755829386286,-2.2509842677247263,-1.9449991910893274,0.30598507663539887
1897-45-6,Chlorothalonil,20,1267,-2.043554929648637,-1.1831873656820553,0.5230663384687693,-2.702941723702665,-2.8278125966107877,-2.5919031618181703,0.2359094347926174
634-93-5,"2,4,6-Trichloroaniline",1,1267,,,,-2.754950255477712,-2.9847446389867036,-2.544785123452746,0.43995951553395773
7783-06-4,Hydrogen sulfide,7,1267,-2.5840303104519022,-1.5724764971375538,0.6149810516508603,-3.122641366230109,-3.253027546506224,-2.9778383926973593,0.2751891538088649
646-06-0,"1,3-Dioxolane",2,1267,,,,0.11941291268424414,-0.062234356925660574,0.31667702830659233,0.37891138523225293
8011-60-7,AGN-PC-0JKHRX,1,1267,,,,-4.653180919745157,-4.920762359472296,-4.410338278952011,0.5104240805202851
60-35-5,Acetamide,1,1267,,,,-0.1940888729385437,-0.40314983826833906,0.02015867337462619,0.42330851164296524
6972-05-0,"1,1-Dimethyl-2-thiourea",1,1267,,,,-1.4702742198033336,-1.6649476410092272,-1.2657216237031235,0.39922601730610374
518-47-8,Fluorescein sodium,6,1267,2.4655732647344415,3.1186891660626714,0.3970662742427102,-0.08844830875723086,-0.26036038843250575,0.09013485914650128,0.350495247579007
115-31-1,Thanite,2,1267,,,,-2.033005452664952,-2.1603666773601238,-1.9128107850357836,0.24755589232434017
43210-67-9,Fenbendazole,1,1267,,,,-2.8815975895114896,-3.049115307288498,-2.7378724669070533,0.31124284038144445
13071-11-9,Dexpropranolol hydrochloride,2,1267,,,,-3.460220232851163,-3.653004609531668,-3.2663391334743905,0.3866654760572774
311-45-5,Paraoxon,2,1267,,,,-3.3701027901255602,-3.5244704881021867,-3.2223157586343896,0.3021547294677971
118-96-7,"2,4,6-Trinitrotoluene",7,1267,0.12455413983902708,0.5106586546852842,0.234734877632761,-1.2426262724880957,-1.361828622608826,-1.1352835241189583,0.2265450984898678
98-06-6,tert-Butylbenzene,1,1267,,,,-1.7533260688899888,-1.9558098793886805,-1.56879152532973,0.38701835405895046
58-73-1,Diphenhydramine,1,1267,,,,-2.5079442706340638,-2.718165240052048,-2.310632495727823,0.40753274432422515
5567-15-7,C.I. Pigment Yellow 83,3,1267,,,,-2.698909503250725,-2.9279660037422266,-2.485469602519487,0.4424964012227397
886-50-0,Terbutryn,8,1267,-0.34487688660640137,0.8125841755581851,0.7036863604148129,-2.103847759147796,-2.25362516095437,-1.9576145912092724,0.29601056974509743
5407-98-7,Cyclobutyl phenyl ketone,1,1267,,,,-2.3701873720240645,-2.589514699986004,-2.162968378780809,0.426546321205195
82560-54-1,Benfuracarb,1,1267,,,,-3.212604474124593,-3.412480857736284,-3.0213287866617167,0.3911520710745675
825-90-1,Monosodium 4-phenolsulfonate,1,1267,,,,-0.461102353736899,-0.6446957335209189,-0.2789613074503825,0.3657344260705364
106-46-7,"1,4-Dichlorobenzene",13,1267,-0.19103530700658422,0.8249202863522413,0.617657143901473,-1.22871776804186,-1.3659151452397325,-1.1014246522598168,0.26449049297991567
123-72-8,Butyraldehyde,2,1267,,,,-0.8161124898153035,-0.9717378090720916,-0.6582146285359413,0.31352318053615036
629-03-8,"1,6-Dibromohexane",1,1267,,,,-2.5368788403992735,-2.7440013315799012,-2.3418504256511867,0.4021509059287145
4779-86-6,"1-Butanethiol, sodium salt",1,1267,,,,-1.9438695342397687,-2.13407268989939,-1.745790189462696,0.3882825004366939
3811-49-2,Dioxabenzofos,1,1267,,,,-2.2517273690126385,-2.4488877360087753,-2.0654341320966534,0.3834536039121219
6221-88-1,(Dodecyloxy)trimethylsilane,1,1267,,,,-3.909574448395941,-4.171893913866004,-3.65577858023935,0.516115333626654
35575-96-3,Azamethiphos,2,1267,,,,-3.951857237545341,-4.08452830613207,-3.8240155240881726,0.26051278204389705
93-07-2,"Benzoic acid, 3,4-dimethoxy-",1,1267,,,,-2.0444012734924466,-2.2863818598962493,-1.8193718018914886,0.4670100580047607
2527-66-4,UNII-81PV9X5Y68,1,1267,,,,-2.0305404523753134,-2.1836076610999973,-1.8800895453054443,0.303518115794553
2498-66-0,"7,12-Benz(a)anthraquinone",1,1267,,,,-5.055268212996532,-5.392890439436766,-4.723712405464577,0.6691780339721882
7005-72-3,1-Chloro-4-phenoxybenzene,1,1267,,,,-2.1980344161714327,-2.3663550397763906,-2.034584727383332,0.33177031239305865
82-43-9,"1,8-Dichloroanthraquinone",1,1267,,,,-2.996069475974557,-3.2147179273455992,-2.7864628277767247,0.42825509956887453
7785-70-8,(+)-alpha-Pinene,2,1267,,,,-2.3124946778638833,-2.465988688121286,-2.156173870683298,0.3098148174379882
950-37-8,Methidathion,9,1267,-2.439282762538705,-0.4693439962224407,1.1976377314298146,-2.9406719355041453,-3.0774597703427995,-2.8000761942434793,0.2773835760993202
103361-09-7,Flumioxazin,1,1267,,,,-2.470157674691797,-2.6585775976670107,-2.2897268890804923,0.36885070858651847
119-27-7,"2,4-Dinitroanisole",2,1267,,,,-2.0810508038103688,-2.2910819028734672,-1.8769848313492137,0.41409707152425357
98-55-5,alpha-Terpineol,2,1267,,,,-1.4272814678656314,-1.5724200098213326,-1.280731777410894,0.2916882324104386
76-01-7,Pentachloroethane,6,1267,0.1833703164393259,1.0448440859557577,0.5237388636902993,-1.0914084950255232,-1.2289241777924487,-0.9501878862931534,0.27873629149929524
13071-79-9,Terbufos,4,1267,,,,-3.5668298678702497,-3.677131677182717,-3.453264725348012,0.22386695183470495
95-51-2,2-Chloroaniline,3,1267,,,,-1.2642797117968145,-1.3899542613306317,-1.1303113891013097,0.25964287222932203
1689-99-2,Bromoxynil octanoate,2,1267,,,,-2.8145315721464854,-2.963971568225616,-2.6801409748678107,0.28383059335780514
633-96-5,C.I. Acid Orange 7,1,1267,,,,-1.4101290626806557,-1.6036293721226125,-1.2192590039407025,0.38437036818190995
2636-26-2,Cyanophos,1,1267,,,,-2.2362573703628223,-2.4433885694926594,-2.044785352625264,0.3986032168673952
174501-64-5,1-Butyl-3-methylimidazolium hexafluorophosphate,1,1267,,,,-2.614601845254567,-2.821611600572435,-2.4286502972799373,0.3929613032924979
55-63-0,Trinitroglycerin,10,1267,-0.09741942024918637,0.7987361274479319,0.5448238876780961,-1.075373713022111,-1.2030285658314395,-0.9576048470301627,0.24542371880127678
97-00-7,"1-Chloro-2,4-dinitrobenzene",1,1267,,,,-1.977367770151484,-2.1191646243769426,-1.8374675267916898,0.28169709758525285
107-19-7,Propargyl alcohol,2,1267,,,,-1.6863769042304175,-1.846290300692704,-1.5185951970815568,0.3276951036111473
591-27-5,3-Aminophenol,1,1267,,,,-1.8348205563937539,-2.0150900121078896,-1.6511316331466763,0.3639583789612133
20018-09-1,Diiodomethyl 4-methylphenyl sulfone,1,1267,,,,-3.227031368946608,-3.4398122669236235,-3.0445070564393926,0.39530521048423095
1984-59-4,"2,3-Dichloroanisole",1,1267,,,,-2.238542466358128,-2.4359449017268844,-2.0593702836315364,0.376574618095348
121-69-7,"N,N-Dimethylaniline",5,1267,0.6894034027989848,1.3198573284223785,0.3832887712883364,-0.7968256590212166,-0.937502892374432,-0.6671867081555249,0.270316184218907
107-21-1,Ethylene glycol,4,1267,,,,1.4905718148639586,1.325733120802271,1.6507098324392473,0.3249767116369764
68-22-4,Norethindrone,1,1267,,,,-3.081253867048936,-3.33351076831437,-2.8497974751324797,0.48371329318189016
102-08-9,Thiocarbanilide,1,1267,,,,-1.9764748183014715,-2.170469010148542,-1.8035506154723382,0.366918394676204
2275-14-1,Phenkapton,3,1267,,,,-2.938315195806724,-3.136223514026079,-2.757945373168869,0.3782781408572098
635-12-1,"1,4-Anthraquinone",1,1267,,,,-3.561719453105919,-3.824136955529192,-3.312834115559272,0.51130283996992
106-89-8,Epichlorohydrin,4,1267,,,,-1.0719492369330852,-1.21050840431784,-0.934898817794638,0.275609586523202
19549-98-5,"3,6-Dimethyl-1-heptyn-3-ol",1,1267,,,,-1.1974866312054928,-1.353895809068708,-1.0306401453185001,0.323255663750208
68694-11-1,Triflumizole,1,1267,,,,-2.205752924878574,-2.3593119631839063,-2.064563733847582,0.2947482293363244
93-76-5,"2,4,5-Trichlorophenoxyacetic acid",12,1267,-0.46513276226398637,0.8987662233794081,0.8291917063594333,-1.2849692071755348,-1.434762110282136,-1.1424463357019685,0.29231577458016744
86-74-8,Carbazole,1,1267,,,,-2.5316408388863363,-2.7373842007529965,-2.3422728857518402,0.39511131500115626
130-15-4,"1,4-Naphthoquinone",1,1267,,,,-5.32825552444805,-5.778124744437141,-4.91464378349205,0.8634809609450915
75-07-0,Acetaldehyde,3,1267,,,,-0.9284039100253577,-1.0990313219669108,-0.7560523557267542,0.34297896624015656
2051-62-9,4-Chlorobiphenyl,1,1267,,,,-2.1069737711731134,-2.257665619201133,-1.9563951580281285,0.3012704611730044
78-34-2,Dioxathion,18,1267,-3.0275984967052354,-1.1638005149350965,1.1331087163205222,-3.0066316602767458,-3.1754043289835585,-2.8579018731076125,0.31750245587594605
7727-73-3,Sodium sulfate [USP],1,1267,,,,-0.6328310129373205,-0.9052059850041837,-0.39077782411322165,0.514428160890962
111-70-6,1-Heptanol,10,1267,1.1513060352193445,1.5001196150851626,0.21206359894302548,-0.5289745316469623,-0.6721136127712259,-0.39154939759503277,0.2805642151761932
1982-42-9,"Acetamide, 2-(2,4-dichlorophenoxy)-",1,1267,,,,-2.372619996932837,-2.5820337036037215,-2.1914664543044067,0.39056724929931486
1333-73-9,Sodium borate,4,1267,,,,-1.0686946639663624,-1.2935064724742062,-0.8510920347382351,0.4424144377359711
19078-35-4,"4,10,11,11-Tetramethyltricyclo[5.3.1.01,5]undecane",1,1267,,,,-3.9275345682196114,-4.203785674619694,-3.6561131795647186,0.5476724950549756
87-61-6,"1,2,3-Trichlorobenzene",4,1267,,,,-1.8380858850172088,-1.9728264324184692,-1.7162334204277416,0.2565930119907276
109-60-4,Propyl acetate,2,1267,,,,-0.614001365849049,-0.7601643838977943,-0.4549921803127175,0.3051722035850768
57-06-7,Allyl isothiocyanate,2,1267,,,,-3.09535605432253,-3.325429144867005,-2.872498095257375,0.4529310496096297
81510-83-0,"2-(4,5-Dihydro-4-methyl-4-(1-methylethyl)-5-oxo-1H-imidazol-2-yl)-3-pyridinecarboxylic acid with 2-propanamine (1:1)",3,1267,,,,-1.6276388714364263,-1.804353951160232,-1.4653015917310708,0.33905235942916123
133-06-2,Captan,15,1267,-1.4330256918233357,-0.5281852815452206,0.550103909218428,-2.0480093677012343,-2.1845894342706713,-1.9286360671168516,0.25595336715381967
97-99-4,Tetrahydrofurfuryl alcohol,1,1267,,,,-1.2161937894847883,-1.4211746809773198,-1.0007565032193595,0.4204181777579603
141-90-2,Thiouracil,1,1267,,,,-2.161668296826846,-2.3900017288044344,-1.9464615452712846,0.44354018353314983
7398-69-8,Dimethyldiallylammonium chloride,2,1267,,,,-2.4682153713033506,-2.6826969552919744,-2.260718871233674,0.4219780840583005
613-12-7,2-Methylanthracene,1,1267,,,,-3.14566672873086,-3.374959054213116,-2.9274374438890676,0.44752161032404825
120-93-4,Ethylene urea,1,1267,,,,-1.0179152086566907,-1.256770404563951,-0.7824021910766881,0.4743682134872629
960003-92-3,"S-[(2R)-Butan-2-yl] O-ethyl (S)-(2-oxo-1,3-thiazolidin-3-yl)phosphonothioate",1,1267,,,,-3.1413477895030333,-3.3551457319622635,-2.928253478599406,0.4268922533628574
54135-80-7,"2,3,4-Trichloroanisole",1,1267,,,,-2.6782346487283544,-2.8769647113875743,-2.4894575388838787,0.3875071725036956
14437-17-3,Chlorfenprop-methyl,7,1267,-3.644876675842762,-2.0961342669272036,0.9415685283717042,-3.8672728537683767,-4.058624516498291,-3.6791369135875485,0.3794876029107428
598-52-7,N-Methylthiourea,1,1267,,,,-1.8174299186805385,-2.044215324795261,-1.5912054547016627,0.45300987009359805
7447-41-8,Lithium chloride,2,1267,,,,-0.8084971814137916,-0.9832488151134745,-0.6219971153271968,0.3612516997862777
149877-41-8,Bifenazate,2,1267,,,,-2.3583614483635555,-2.511142717624457,-2.2032102486887584,0.3079324689356988
136-45-8,"Dipropyl 2,5-pyridinedicarboxylate",1,1267,,,,-2.489591385231964,-2.6756293101757205,-2.3172118354620515,0.358417474713669
57-14-7,"1,1-Dimethylhydrazine",5,1267,0.4481765602758119,1.0389476078121334,0.35916329444537903,-0.9850305412480131,-1.137465367890385,-0.8376388248485523,0.29982654304183265
70887-84-2,"3,4,4,5,5,6,6,7,7,8,8,9,9,10,10,10-Hexadecafluorodec-2-enoic acid",1,1267,,,,-2.2686080653602305,-2.4554775307622987,-2.077410591988973,0.37806693877332576
93-72-1,"2-(2,4,5-Trichlorophenoxy)propionic acid",5,1267,-0.38431027244684113,0.79963374753174,0.7197868555470622,-1.4600785238482006,-1.6094654271751425,-1.3073800683339092,0.30208535884123333
112-29-8,1-Bromodecane,2,1267,,,,-2.3752603111214254,-2.540744256237678,-2.2037803345752898,0.3369639216623881
4901-51-3,"2,3,4,5-Tetrachlorophenol",2,1267,,,,-2.052010407877564,-2.189990054278208,-1.9300863145967992,0.2599037396814088
1984-65-2,"2,6-Dichloroanisole",1,1267,,,,-2.28413086178944,-2.4866176581901076,-2.0952830755915484,0.39133458259855924
298-00-0,Methyl parathion,49,1267,-2.6933835546700373,-0.1819807761110596,1.5268244769071297,-3.1506367593043745,-3.285055587785213,-3.015133376541417,0.26992221124379556
1344-57-6,Uranium oxide (UO2),1,1267,,,,-3.3651781313266493,-3.632543200220031,-3.0906279147168187,0.5419152855032121
38260-54-7,Etrimfos,2,1267,,,,-1.987489032393745,-2.1398962239676607,-1.8469030257829318,0.2929931981847289
738-70-5,Trimethoprim,2,1267,,,,-0.6734039299366266,-0.8193262853364586,-0.5316336807431568,0.2876926045933018
123-92-2,3-Methylbutyl acetate,1,1267,,,,-1.5124931669162764,-1.6894486723268,-1.3339542864706377,0.35549438585616233
112-20-9,Nonylamine,2,1267,,,,-2.056464850001012,-2.22877106950569,-1.893683489063897,0.3350875804417932
591-78-6,2-Hexanone,1,1267,,,,-1.4725754318559265,-1.6946321529414496,-1.26481472996963,0.4298174229718197
2921-88-2,Chlorpyrifos,64,1267,-4.376589888953087,-1.9269103431883021,1.48929941584222,-4.0677241307587435,-4.21378155581657,-3.9313137670146725,0.28246778880189716
59865-13-3,Cyclosporin A,1,1267,,,,-3.3689341202090697,-3.634054231390362,-3.1117125660568714,0.5223416653334905
108-42-9,3-Chloroaniline,3,1267,,,,-1.2790087170174886,-1.4344574992398,-1.1241512155536693,0.3103062836861308
81-19-6,"alpha,alpha-2,6-Tetrachlorotoluene",1,1267,,,,-2.2987871860092675,-2.46085081249939,-2.147365379787463,0.3134854327119272
3060-89-7,Metobromuron,4,1267,,,,-1.3930688414519294,-1.544880017428779,-1.2495367164980624,0.2953433009307165
606-34-8,"Benzaldehyde, 2,4,6-trinitro-",1,1267,,,,-2.5581657191506775,-2.7545620692049675,-2.3652518551071937,0.3893102140977738
95-15-8,Benzothiophene,1,1267,,,,-1.6090844316656951,-1.8015787929893483,-1.4307588499838853,0.37081994300546306
624-92-0,Methyl disulfide,1,1267,,,,-1.4199549296469365,-1.5678433880429778,-1.2781322206702694,0.2897111673727084
3251-23-8,Copper nitrate,15,1267,-1.6105702748418054,-0.40178311169102987,0.7348904141647599,-2.297447346145409,-2.4062645018719646,-2.1836887278282573,0.22257577404370732
7673-09-8,Trichloromelamine,1,1267,,,,-1.6797052223436038,-1.8211535910961243,-1.5296266112912242,0.29152697980490005
683-18-1,Dibutyltin dichloride,1,1267,,,,-3.249549714007083,-3.4795689575444486,-3.020747029950088,0.4588219275943608
6317-18-6,Methylene bis(thiocyanate),4,1267,,,,-2.194926018064445,-2.3169605717238886,-2.0617659598805234,0.2551946118433652
3252-43-5,Dibromoacetonitrile,1,1267,,,,-2.300661012837189,-2.471612182801584,-2.1375547722194583,0.3340574105821257
120116-88-3,Cyazofamid,1,1267,,,,-2.8662304272236265,-3.0342932638501536,-2.709851246698196,0.32444201715195753
3126-90-7,Dibutyl isophthlate,1,1267,,,,-2.4651916390031237,-2.6286889538306197,-2.3102499593376153,0.3184389944930044
118-44-5,"1-Naphthalenamine, N-ethyl-",2,1267,,,,-2.605190353584161,-2.8155326530931677,-2.404021645661521,0.4115110074316468
50-78-2,Aspirin,3,1267,,,,-0.425322463298818,-0.5878171438211837,-0.27343077813070066,0.314386365690483
123-05-7,2-Ethylhexanal,3,1267,,,,-1.2216093015158933,-1.3675124290202902,-1.0779454010355753,0.2895670279847149
111-13-7,2-Octanone,1,1267,,,,-0.8725779982658624,-1.0144182533107873,-0.7341842846317977,0.28023396867898953
28159-98-0,Cybutryne,4,1267,,,,-3.3362909200321753,-3.5068945316942846,-3.166113157736968,0.34078137395731645
77-09-8,Phenolphthalein,1,1267,,,,-2.1317023631359118,-2.3015084208822483,-1.9758543902038115,0.3256540306784368
529-69-1,Isoxanthopterin,1,1267,,,,-2.1101052554720017,-2.327532104373392,-1.9005024306599423,0.4270296737134496
83121-18-0,Teflubenzuron,2,1267,,,,-3.4126962972327073,-3.6019010273065457,-3.2464931678718867,0.355407859434659
2634-33-5,"1,2-Benzisothiazolin-3-one",2,1267,,,,-1.4133913057544212,-1.5594808911279572,-1.2739292884770497,0.2855516026509075
100-44-7,Benzyl chloride,3,1267,,,,-1.3476208108520327,-1.4872261225686747,-1.2126166754043544,0.27460944716432034
105-54-4,Ethyl butyrate,1,1267,,,,-1.1870404570893638,-1.3653070926031325,-1.0110239363624385,0.35428315624069406
108-38-3,m-Xylene,4,1267,,,,-1.0825560616604757,-1.2168694810191543,-0.9522189629300983,0.26465051808905593
120068-37-3,Fipronil,12,1267,-3.247499958746988,-2.2018794890355213,0.635692108147879,-3.568999632651514,-3.6998427296302063,-3.448032143626169,0.25181058600403716
67-56-1,Methanol,11,1267,1.7384858454894645,3.5877377883732846,1.1242653526023307,0.7631067840132981,0.5672373279659662,0.9577378587151486,0.39050053074918245
36335-67-8,Butamiphos,1,1267,,,,-2.445940617793279,-2.628669837284456,-2.2717305082820234,0.3569393290024325
100-09-4,"Benzoic acid, 4-methoxy-",1,1267,,,,-2.6351934796691623,-2.9146809583769784,-2.3848855003699105,0.5297954580070678
2487-90-3,Trimethoxysilane,1,1267,,,,-0.43383652124949357,-0.5894807341508387,-0.2619584304696024,0.3275223036812363
57966-95-7,Cymoxanil,1,1267,,,,-1.3704725306325494,-1.5210293914903334,-1.2226675738420383,0.29836181764829517
67306-00-7,Fenpropidin,1,1267,,,,-3.0904917041088256,-3.3064848155370874,-2.874729332474986,0.4317554830621013
4104-75-0,1-Methyl-1-phenylthiourea,1,1267,,,,-2.748445586853805,-3.0070935540470805,-2.4947102327600055,0.512383321287075
4200-95-7,Heptadecylamine,2,1267,,,,-3.1056358035619227,-3.303772664756532,-2.9208478282872874,0.3829248364692446
19750-95-9,Chlordimeform hydrochloride,1,1267,,,,-3.7894263352980797,-4.095530486237487,-3.5027029435562387,0.5928275426812482
85-01-8,Phenanthrene,7,1267,-0.7266571695388633,-0.5118729656916531,0.13057952411564147,-2.0065321975640185,-2.139814336839812,-1.8808870373795268,0.25892729946028514
1421-14-3,Propanidid,1,1267,,,,-2.7863835377730526,-3.013532601133167,-2.5807273670496427,0.4328052340835242
78246-49-8,Paroxetine hydrochloride [USP],2,1267,,,,-2.7107670666450474,-2.9033408845214006,-2.5377265041529777,0.36561438036842286
7727-54-0,Diammonium peroxydisulfate,6,1267,1.648674772317436,2.168657691745019,0.3161271683434261,-0.7446584371737724,-0.9255544569389909,-0.5722885572818224,0.3532658996571685
10141-05-6,Cobalt(II) nitrate,4,1267,,,,-1.1406708417095737,-1.2922194593023697,-0.9887171901056877,0.303502269196682
67485-29-4,Hydramethylnon,5,1267,-4.767205447342908,-2.6786907599726675,1.2697267727348103,-3.4250940665960536,-3.5770785117570663,-3.2683048612146703,0.3087736505423959
13684-56-5,Desmedipham,1,1267,,,,-2.5184247416066885,-2.70122214008416,-2.352829730207899,0.34839240987626097
107-18-6,Allyl alcohol,1,1267,,,,-1.9393176806060466,-2.0812210548517975,-1.800376589377372,0.28084446547442554
143-08-8,1-Nonanol,1,1267,,,,-1.3958315953711713,-1.541241127673502,-1.2516930573476865,0.28954807032581553
71-55-6,"1,1,1-Trichloroethane",8,1267,1.255370247328636,1.6064343796597607,0.21343183768988466,-0.43691665336997315,-0.5686095567589043,-0.3009857564780933,0.26762380028081106
500-28-7,Chlorthion,5,1267,-0.2293084029727195,0.16860821896559183,0.24191612883864883,-2.1099534051938735,-2.252710204893656,-1.9722366252109824,0.2804735796826734
75-86-5,2-Hydroxy-2-methylpropanenitrile,1,1267,,,,-2.204274120403069,-2.3881923780971013,-2.0226128863073076,0.36557949178979365
7281-04-1,Benzyldodecyldimethylammonium bromide,3,1267,,,,-2.606372861303376,-2.7693693830617514,-2.443674436869277,0.3256949461924745
88-45-9,"Benzenesulfonic acid, 2,5-diamino-",1,1267,,,,-2.494326855656393,-2.745640395291784,-2.253574014689749,0.4920663806020351
17924-92-4,Zearalenone,1,1267,,,,-2.844351724495758,-3.0568980543331694,-2.628950828526188,0.4279472258069812
14986-84-6,Hexasodium tetraphosphate,1,1267,,,,-2.5446976724930535,-2.866078738556884,-2.245315723265497,0.620763015291387
98-09-9,Benzenesulfonyl chloride,1,1267,,,,-2.1453924778772233,-2.355953031189783,-1.9463059432035041,0.409647087986279
82657-04-3,Bifenthrin,5,1267,-4.629541501908564,-2.95073053286233,1.0206445981200754,-4.8317570355769215,-4.972629572468955,-4.699326194441115,0.27330337802784044
732-11-6,Phosmet,16,1267,-2.4578474914886357,-0.7101319784427504,1.0625355863944281,-2.886349496999407,-3.0223685136352336,-2.747089192365387,0.27527932126984656
106-43-4,4-Chlorotoluene,2,1267,,,,-1.49490690226719,-1.650355965275638,-1.3508851019000998,0.2994708633755383
13171-00-1,"1-(6-tert-Butyl-1,1-dimethyl-2,3-dihydro-1H-inden-4-yl)ethanone",1,1267,,,,-2.464055874502698,-2.6597548971074034,-2.290235783263445,0.36951911384395864
95-70-5,"2-Methyl-1,4-benzenediamine",1,1267,,,,-1.6475351042699984,-1.825436356550807,-1.4668120515319485,0.35862430501885845
2008-39-1,"2,4-D, Dimethylamine salt",12,1267,1.14194052780692,2.253022338600824,0.6754897776850532,-0.4228580621342577,-0.5697149099344225,-0.27179933891703195,0.2979155710173906
874967-67-6,Sedaxane,1,1267,,,,-2.0548598991781315,-2.21738427188461,-1.9219480472052402,0.2954362246793698
98-54-4,4-tert-Butylphenol,2,1267,,,,-1.1417689852495236,-1.2678887786968778,-1.017788866409961,0.25009991228691675
107-02-8,Acrolein,13,1267,-1.6666118511483066,-0.8355852172734596,0.5052283195648534,-2.7349697022241917,-2.8608114272052547,-2.593139431318718,0.2676719958865368
101-84-8,Diphenyl oxide,4,1267,,,,-1.601575489192133,-1.7305115629299002,-1.473997253747239,0.25651430918266116
1113-02-6,Omethoate,4,1267,,,,-1.695704290367246,-1.8380436839420322,-1.5533649584979154,0.28467872544411676
35572-78-2,"2-Amino-4,6-dinitrotoluene",1,1267,,,,-1.4385945274559029,-1.5887793130472014,-1.2995530562504998,0.28922625679670166
31502-57-5,2-chloroethyl-N-cyclohexyl carbamate,1,1267,,,,-1.537782838138374,-1.707322088138866,-1.364244837381185,0.3430772507576809
127-18-4,Tetrachloroethylene,12,1267,-0.31416167243450255,0.5769684254701842,0.5417686311433578,-1.13119653313692,-1.2712503004654496,-0.9965092587503682,0.2747410417150814
131860-33-8,Azoxystrobin,3,1267,,,,-2.6505329850941686,-2.8144930371319274,-2.4977561316230408,0.31673690550888667
106-42-3,para-Xylene,2,1267,,,,-1.151090540412731,-1.2829441076016566,-1.0039175377210372,0.27902656988061936
33125-97-2,Etomidate,3,1267,,,,-2.0819683029546194,-2.199927457557692,-1.9532520513959066,0.2466754061617853
24307-26-4,Mepiquat chloride,1,1267,,,,-0.8246074129694899,-0.996185413334373,-0.6461240053573308,0.3500614079770422
123312-89-0,Pymetrozine,1,1267,,,,-1.5695184970395597,-1.7636490061287307,-1.3882866624961243,0.37536234363260634
14338-32-0,2-Chloro-1-methylpyridinium iodide,1,1267,,,,-1.4930666982595782,-1.6896377448132933,-1.3051491333188763,0.38448861149441704
78-76-2,2-Bromobutane,1,1267,,,,-2.0853587678906105,-2.325164827411504,-1.8658664512692054,0.45929837614229885
14698-29-4,Oxolinic acid,2,1267,,,,-1.550862952709909,-1.7113476988067535,-1.392170733290892,0.3191769655158616
17109-49-8,Edifenphos,3,1267,,,,-2.4531362824224807,-2.6218212001270205,-2.2943824639437076,0.3274387361833129
6452-73-9,Oxprenolol hydrochloride,1,1267,,,,-3.016993883276185,-3.2608316859479762,-2.7948482031390247,0.4659834828089515
10548-10-4,Terbufos sulfoxide,1,1267,,,,-3.3940964042568553,-3.5260039259073035,-3.256897099677674,0.26910682622962945
121-44-8,Triethylamine,1,1267,,,,-0.9658394459567218,-1.1610043208003613,-0.7722046541211586,0.38879966667920274
504-29-0,2-Aminopyridine,1,1267,,,,-1.8674956618389658,-2.061820964724221,-1.672417257229518,0.389403707494703
708-76-9,"4,6-Dimethoxy-2-hydroxybenzaldehyde",1,1267,,,,-1.8948873924981808,-2.0626759403544157,-1.7338510896173258,0.3288248507370899
134-62-3,DEET,2,1267,,,,-0.8263087945331702,-0.9790539699810453,-0.6816209717446328,0.29743299823641256
26002-80-2,Phenothrin,1,1267,,,,-4.0959583182265495,-4.240969458171718,-3.95860902780957,0.2823604303621483
73-24-5,Adenine,1,1267,,,,-2.1260760729308377,-2.358695681504359,-1.8967145667836456,0.46198111472071357
50723-80-3,Bentazone-sodium,1,1267,,,,-0.7812822641857178,-0.9604085280585668,-0.6125338729965444,0.3478746550620224
24544-04-5,"2,6-Diisopropylaniline",2,1267,,,,-1.3154665923157594,-1.4720044889986825,-1.165030083498248,0.3069744055004344
100-02-7,4-Nitrophenol,18,1267,0.20640687922929957,0.9290635870252255,0.4393440826314,-0.8883920526845437,-1.01593887961676,-0.7688419192211001,0.24709696039565998
120-47-8,Ethylparaben,2,1267,,,,-1.3820021375374636,-1.5303962658969446,-1.2339670226424222,0.29642924325452236
92-52-4,Biphenyl,2,1267,,,,-1.5150952814539032,-1.6516255585227815,-1.3758113792338322,0.27581417928894925
71-48-7,Cobalt(II) acetate,1,1267,,,,-1.4839068075977435,-1.6670372668807347,-1.294367720129479,0.37266954675125574
60168-88-9,Fenarimol,3,1267,,,,-2.144468247649971,-2.2769232288356327,-2.003287412816796,0.2736358160188366
94-82-6,"2,4-DB",3,1267,,,,-1.1660673333831384,-1.301380711744762,-1.0205677605667853,0.28081295117797667
98-01-1,Furfural,7,1267,1.0732697929429211,1.2416756920598686,0.10238351690239234,-0.5545116527242697,-0.6739198317587866,-0.43245684431429415,0.2414629874444924
1948-33-0,tert-Butylhydroquinone,3,1267,,,,-2.4491956707169766,-2.5975172128740325,-2.301766489966185,0.2957507229078473
88671-89-0,Myclobutanil,1,1267,,,,-2.0311688557878003,-2.1964460087437216,-1.8735950752019517,0.32285093354176997
3399-73-3,1-Cyclohexene-1-ethanamine,1,1267,,,,-2.2362033602018436,-2.470228332101081,-2.0105037614033687,0.4597245706977122
114369-43-6,Fenbuconazole,1,1267,,,,-2.3140870559235216,-2.4886918346328595,-2.156695514931333,0.3319963197015263
148-18-5,Sodium diethyldithiocarbamate,1,1267,,,,-1.946125375999384,-2.1261265405541807,-1.7682498778870768,0.35787666266710394
81591-81-3,Glyphosate-trimesium,2,1267,,,,-1.2955792161786617,-1.4824261807216905,-1.1016994497009258,0.3807267310207647
13710-19-5,Tolfenamic acid,1,1267,,,,-2.586327231582688,-2.787285288758451,-2.3932627510749684,0.3940225376834827
2227-17-0,Dienochlor,1,1267,,,,-3.8577597553384813,-4.0712085798258695,-3.6489217671415477,0.4222868126843218
84087-01-4,Quinclorac,1,1267,,,,-1.2793838098222454,-1.4514056441280592,-1.1164921201698639,0.3349135239581953
944-22-9,Fonofos,5,1267,-2.4707224939673855,-1.6464510819151088,0.5011214363067423,-3.34667026925493,-3.502948468122037,-3.189943933194814,0.31300453492722324
55219-65-3,Triadimenol,1,1267,,,,-1.6945713102677589,-1.8568351325484764,-1.5366062511700525,0.320228881378424
65-30-5,Nicotine sulfate,1,1267,,,,-1.9217917624882612,-2.08761679041296,-1.7660463675823785,0.32157042283058157
2372-82-9,"1,3-Propanediamine, N-(3-aminopropyl)-N-dodecyl-",1,1267,,,,-2.8109161742992175,-2.9836798238344224,-2.6451415501799893,0.3385382736544331
10043-35-3,Boric acid,7,1267,1.1889735864269353,2.2874392712340694,0.667819717699137,-0.15085304713984687,-0.29574494989364086,-0.0031493426775711254,0.29259560721606975
76-03-9,Trichloroacetic acid,2,1267,,,,-0.282802971420924,-0.4527659968002586,-0.11226885881828684,0.34049713798197173
1401-55-4,Tannic acid,5,1267,-1.668146176721762,0.18933251193246595,1.1292668588978514,-3.574138436866578,-3.816717575355097,-3.3527315874083015,0.4639859879467956
109-73-9,Butylamine,3,1267,,,,-0.4506756791936029,-0.6229674358332838,-0.29272339778697404,0.3302440380463098
32273-77-1,Octahydro-1-methylpentalene,1,1267,,,,-2.41409769027792,-2.656349880087847,-2.193744149287829,0.4626057308000182
3204-27-1,Dinoterb acetate [ISO],1,1267,,,,-3.560224072817203,-3.772622159604673,-3.358558230901476,0.4140639287031971
63-25-2,Carbaryl,94,1267,-2.171226420418289,-0.2640453151465112,1.1594837826430158,-2.303330249110917,-2.4053531378721367,-2.203595131113133,0.20175800675900346
33956-49-9,Codlelure,1,1267,,,,-2.503009741865466,-2.71359421982,-2.2917062784374598,0.42188794138254027
10102-45-1,Thallium nitrate,2,1267,,,,-1.9691547443952195,-2.0971726286110117,-1.838921260734781,0.2582513678762308
552-41-0,2'-Hydroxy-4'-methoxyacetophenone,1,1267,,,,-1.1045402222936551,-1.2553165532788217,-0.9495839705124921,0.30573258276632964
506-77-4,Cyanogen chloride,1,1267,,,,-2.490061633637878,-2.702497061852779,-2.2903149052550305,0.4121821565977486
2528-38-3,Tripentyl phosphate,1,1267,,,,-2.5453298641148385,-2.70541213632621,-2.383723203678077,0.3216889326481329
113158-40-0,Fenoxaprop-P,2,1267,,,,-3.016806702391185,-3.2208644197256,-2.8371914671857286,0.3836729525398712
35691-65-7,"1,2-Dibromo-2,4-dicyanobutane",1,1267,,,,-1.4223140476312142,-1.5699759956636805,-1.2766466233026408,0.29332937236103973
66423-09-4,Mecoprop-P-dimethylammonium,1,1267,,,,-1.8184616043897888,-2.017056596219748,-1.6414384014917285,0.3756181947280195
818-08-6,"Stannane, dibutyloxo-",1,1267,,,,-2.8433970003750204,-3.0562229377534442,-2.6448370038743243,0.4113859338791199
78-51-3,Tris(2-butoxyethyl) phosphate,1,1267,,,,-1.9345425748627452,-2.0979901108718964,-1.7840740047979227,0.3139161060739737
121-57-3,4-Aminobenzenesulfonic acid,1,1267,,,,-1.0537695619851701,-1.2063764963354717,-0.8993092909597262,0.3070672053757455
3483-12-3,Dithiothreitol,1,1267,,,,-1.729182198053227,-1.947290652033145,-1.5354693875713197,0.4118212644618253
1912-26-1,Trietazine,4,1267,,,,-2.188233877528082,-2.348922866825712,-2.0371366118466083,0.3117862549791037
609-54-1,"2,5-Dimethylbenzenesulfonic acid",1,1267,,,,-4.766438541676138,-5.192568969584794,-4.3609866039800265,0.8315823656047678
7631-99-4,Sodium nitrate,14,1267,2.321008602118292,3.0199958556521542,0.4249540762051552,0.5452465436386862,0.38023666075603957,0.7165970719631444,0.3363604112071048
30560-19-1,Acephate,10,1267,-1.548663231156986,1.1396792182121338,1.634396158612375,-0.7569101719787583,-0.9082407905585371,-0.6027100469858612,0.30553074357267596
111-47-7,Propyl sulfide,1,1267,,,,-1.7717505933793936,-1.9577755074342116,-1.5975618717980136,0.360213635636198
103-74-2,2-(Pyridin-2-yl)ethanol,1,1267,,,,-1.6343325538470401,-1.8312833686765027,-1.440459705609805,0.3908236630666977
150-13-0,4-Aminobenzoic acid,1,1267,,,,-1.109160316263541,-1.310556933966957,-0.9261514423174372,0.38440549164951976
81-81-2,Warfarin,3,1267,,,,-1.8923522012725127,-2.1041219985694077,-1.7045177454732006,0.3996042530962072
99-85-4,gamma-Terpinene,1,1267,,,,-2.1402165760585046,-2.3432433583315526,-1.9459925350354843,0.3972508232960683
2463-84-5,Dicapthon,1,1267,,,,-3.007204826294959,-3.224743016073108,-2.8056980288131164,0.4190449872599915
1836-77-7,Chlornitrofen,4,1267,,,,-2.7200608002075706,-2.8722311673659564,-2.581121470567707,0.2911096967982494
872-50-4,N-Methyl-2-pyrrolidone,1,1267,,,,-1.919573219716157,-2.151638729945282,-1.7043769482475033,0.44726178169777886
1825-21-4,Pentachloroanisole,1,1267,,,,-3.3609830584047833,-3.564449005031473,-3.162959874331387,0.40148913070008607
